player,player_id,position,team_name,player_game_count,batted_passes,declined_penalties,franchise_id,grades_pass_rush_defense,hits,hurries,pass_rush_opp,pass_rush_percent,pass_rush_win_rate,pass_rush_wins,penalties,prp,sacks,snap_counts_pass_play,snap_counts_pass_rush,total_pressures,true_pass_set_batted_passes,true_pass_set_grades_pass_rush_defense,true_pass_set_hits,true_pass_set_hurries,true_pass_set_pass_rush_opp,true_pass_set_pass_rush_percent,true_pass_set_pass_rush_win_rate,true_pass_set_pass_rush_wins,true_pass_set_prp,true_pass_set_sacks,true_pass_set_snap_counts_pass_play,true_pass_set_snap_counts_pass_rush,true_pass_set_total_pressures
Charles Woodson,330,S,OAK,11,0,0,23,82.1,0,0,11,2.9,9.1,1,0,9.1,1,417,12,1,0,87.0,0,0,9,5.6,11.1,1,11.1,1,180,10,1
John Abraham,591,ED,ARZ,1,0,0,1,47.9,0,0,20,87.0,0.0,0,0,0.0,0,23,20,0,0,49.0,0,0,14,100.0,0.0,0,0.0,0,14,14,0
Justin Smith,776,DI,SF,11,1,0,28,59.3,7,15,300,99.7,8.0,24,1,5.0,4,322,321,26,1,70.6,5,10,130,100.0,14.6,19,8.1,3,143,143,18
Ryan Pickett,799,DI,HST,8,1,0,13,48.7,0,1,99,100.0,2.0,2,0,0.5,0,103,103,1,0,48.5,0,0,20,100.0,0.0,0,0.0,0,24,24,0
Julius Peppers,1010,ED,GB,11,2,1,12,78.6,8,21,307,92.3,13.4,41,3,6.7,6,352,325,35,2,87.8,5,14,138,94.8,19.6,27,11.2,6,155,147,25
Dwight Freeney,1019,ED,SD,11,0,0,27,68.7,6,28,278,96.8,16.2,45,3,6.8,2,311,301,36,0,73.6,3,20,131,98.7,22.9,30,10.3,2,150,148,25
Larry Foote,1126,LB,ARZ,11,0,0,1,49.9,3,7,130,29.1,6.9,9,3,4.6,1,474,138,11,0,46.7,1,3,73,34.1,6.8,5,4.1,1,229,78,5
Brett Keisel,1204,DI,PIT,11,4,1,25,56.3,6,11,251,97.8,6.4,16,1,3.8,1,274,268,18,2,61.4,4,6,104,99.1,10.6,11,5.8,1,110,109,11
Ryan Clark,1229,S,WAS,11,0,0,32,36.3,0,3,18,4.8,0.0,0,1,13.9,1,420,20,4,0,29.8,0,2,9,5.7,0.0,0,11.1,0,193,11,2
James Harrison,1251,ED,PIT,8,0,0,25,76.6,13,7,120,79.3,20.0,24,2,11.7,4,164,130,24,0,69.7,6,3,52,90.5,23.1,12,14.4,3,63,57,12
Terence Newman,1321,CB,CIN,10,0,0,7,58.6,0,1,1,0.2,0.0,0,4,50.0,0,433,1,1,0,58.6,0,1,1,0.5,0.0,0,50.0,0,198,1,1
Kevin Williams,1325,DI,SEA,11,2,0,29,52.0,0,6,126,94.6,4.8,6,0,2.4,0,147,139,6,1,52.8,0,2,39,100.0,5.1,2,2.6,0,45,45,2
Terrell Suggs,1326,ED,BLT,11,1,1,3,70.4,11,18,331,89.9,14.5,48,6,6.5,7,387,348,36,0,71.0,8,9,165,94.6,17.6,29,8.2,5,186,176,22
Troy Polamalu,1332,S,PIT,9,0,0,25,81.6,1,2,23,7.1,8.7,2,6,10.9,1,340,24,4,0,90.4,1,0,9,7.9,11.1,1,16.7,1,126,10,2
Calvin Pace,1334,ED,NYJ,11,1,0,22,50.0,1,10,171,54.1,5.8,10,3,5.0,3,338,183,14,0,49.1,0,4,54,56.9,7.4,4,7.4,2,109,62,6
Charles Tillman,1351,CB,CHI,2,0,0,6,68.5,1,0,1,1.9,100.0,1,0,50.0,0,52,1,1,0,68.5,1,0,1,4.5,100.0,1,50.0,0,22,1,1
Rashean Mathis,1355,CB,DET,11,0,2,11,59.3,0,0,1,0.2,0.0,0,7,0.0,0,464,1,0,0,,0,0,0,0.0,,0,,0,224,0,0
Osi Umenyiora,1371,ED,ATL,11,0,0,2,63.2,5,20,209,98.2,13.9,29,1,7.4,3,222,218,28,0,70.8,5,16,130,97.8,19.2,25,9.6,2,137,134,23
Cory Redding,1381,DI,IND,11,0,1,14,57.5,5,16,308,98.8,8.8,27,4,4.4,3,326,322,24,0,61.2,3,10,126,100.0,12.7,16,6.7,2,136,136,15
Lance Briggs,1383,LB,CHI,8,0,0,6,55.6,1,1,32,11.8,6.3,2,0,3.1,0,280,33,2,0,62.7,1,1,11,8.5,18.2,2,9.1,0,129,11,2
Jarret Johnson,1421,ED,SD,10,1,0,27,49.6,0,5,113,63.4,3.5,4,1,3.1,1,191,121,6,0,50.0,0,0,42,83.6,2.4,1,2.4,1,55,46,1
Chris Clemons,1585,ED,JAX,11,1,4,15,54.4,4,9,314,95.9,4.8,15,7,4.6,8,344,330,21,1,52.3,1,6,158,98.2,6.3,10,5.4,5,171,168,12
Colin Cole,1589,DI,CAR,11,0,0,5,48.4,0,2,134,100.0,2.2,3,0,0.7,0,139,139,2,0,52.0,0,0,31,100.0,3.2,1,0.0,0,32,32,0
Cullen Jenkins,1637,DI,NYG,8,1,0,21,76.3,4,8,139,98.0,10.1,14,0,4.3,0,151,148,12,0,87.7,4,6,61,100.0,18.0,11,8.2,0,70,70,10
DeAngelo Hall,1729,CB,WAS,3,0,0,32,58.6,0,0,1,1.1,0.0,0,1,0.0,0,93,1,0,0,58.6,0,0,1,2.1,0.0,0,0.0,0,47,1,0
D.J. Williams,1738,LB,CHI,10,0,0,6,58.9,0,2,8,5.2,25.0,2,1,12.5,0,174,9,2,0,53.2,0,0,4,8.7,0.0,0,0.0,0,46,4,0
Vince Wilfork,1742,DI,NE,11,0,0,19,49.6,1,12,304,99.7,4.3,13,0,2.5,1,333,332,14,0,52.8,1,7,148,100.0,4.7,7,3.4,1,164,164,9
Jason Babin,1748,ED,NYJ,11,0,1,22,65.2,6,13,149,85.6,16.1,24,4,8.4,3,180,154,22,0,65.8,5,8,59,93.9,22.0,13,11.0,0,66,62,13
Karlos Dansby,1754,LB,CLV,10,0,0,8,59.7,0,4,46,11.8,8.7,4,0,10.9,3,408,48,7,0,58.8,0,3,23,14.1,8.7,2,10.9,1,177,25,4
Daryl Smith,1760,LB,BLT,11,0,0,3,70.2,2,7,45,10.8,17.8,8,1,12.2,1,443,48,10,0,71.0,1,5,28,14.5,25.0,7,14.3,1,200,29,7
Dwan Edwards,1772,DI,CAR,11,0,0,5,54.1,6,8,282,99.0,7.1,20,1,3.9,4,293,290,18,0,57.3,5,6,146,99.3,11.0,16,5.8,3,149,148,14
Randy Starks,1792,DI,MIA,10,0,0,17,66.6,0,9,169,95.7,8.9,15,0,4.4,3,188,180,12,0,71.0,0,5,61,96.9,14.8,9,7.4,2,65,63,7
Shaun Phillips,1819,ED,TEN,11,2,1,31,48.8,3,10,176,79.9,4.5,8,2,4.8,2,234,187,15,1,48.2,2,3,90,85.6,5.6,5,3.9,1,111,95,6
Will Allen,1832,S,PIT,6,0,0,25,65.0,1,0,1,1.1,100.0,1,0,50.0,0,88,1,1,0,,0,0,0,0.0,,0,,0,25,0,0
Robert Geathers,1838,ED,CIN,11,2,0,7,42.4,4,12,274,93.9,5.1,14,1,3.3,1,310,291,17,1,44.3,4,7,144,95.1,6.3,9,3.8,0,163,155,11
Jared Allen,1847,ED,CHI,10,2,1,6,64.9,15,23,340,98.6,11.2,38,1,6.5,3,359,354,41,1,65.6,12,13,175,98.4,14.9,26,8.9,3,184,181,28
Antonio Smith,1856,DI,OAK,11,0,1,23,69.3,4,26,278,99.3,13.7,38,3,5.8,1,307,305,31,0,77.7,4,17,123,100.0,20.3,25,9.3,1,137,137,22
Mike Adams,1972,S,IND,11,0,1,14,78.1,2,2,20,4.8,10.0,2,1,10.0,0,439,21,4,0,79.8,1,2,7,3.9,14.3,1,21.4,0,181,7,3
Tommy Kelly,2093,DI,ARZ,11,1,0,1,57.1,7,20,307,100.0,9.4,29,1,4.7,1,326,326,28,0,62.3,5,10,134,100.0,11.9,16,6.3,1,144,144,16
George Wilson,2210,S,TEN,11,0,0,31,38.8,0,0,31,10.5,0.0,0,1,0.0,0,324,34,0,0,39.2,0,0,19,13.8,0.0,0,0.0,0,145,20,0
Adam Jones,2223,CB,CIN,11,0,1,7,60.0,0,1,1,0.3,100.0,1,5,50.0,0,391,1,1,0,60.0,0,1,1,0.5,100.0,1,50.0,0,201,1,1
Antrel Rolle,2225,S,NYG,11,0,0,21,57.1,1,0,10,2.5,0.0,0,2,5.0,0,403,10,1,0,52.5,0,0,3,1.6,0.0,0,0.0,0,193,3,0
Carlos Rogers,2226,CB,OAK,7,0,0,23,44.9,1,0,8,3.8,12.5,1,2,6.3,0,236,9,1,0,57.9,0,0,1,1.0,0.0,0,0.0,0,97,1,0
DeMarcus Ware,2228,ED,DEN,11,0,0,10,68.7,11,21,341,97.0,15.2,52,3,7.6,10,370,359,42,0,68.2,8,15,170,98.9,20.6,35,10.9,7,186,184,30
Thomas Davis Sr.,2231,LB,CAR,10,0,0,5,73.6,4,8,57,14.2,17.5,10,1,12.3,1,415,59,13,0,75.2,1,4,18,10.1,27.8,5,13.9,0,189,19,5
Derrick Johnson,2232,LB,KC,1,0,0,16,72.3,0,1,2,9.5,50.0,1,0,25.0,0,21,2,1,0,72.3,0,1,2,13.3,50.0,1,25.0,0,15,2,1
Mike Patterson,2248,DI,NYG,11,0,0,21,53.2,0,4,119,100.0,4.2,5,0,1.7,0,129,129,4,0,65.1,0,3,36,100.0,11.1,4,4.2,0,40,40,3
Jonathan Babineaux,2276,DI,ATL,10,0,0,2,61.2,2,22,289,98.7,10.4,30,1,4.5,1,312,308,25,0,61.3,1,14,140,98.7,12.9,18,6.1,1,149,147,16
Justin Tuck,2291,ED,OAK,10,2,0,23,69.4,7,10,198,94.3,12.1,24,1,5.3,2,227,214,19,1,74.2,6,5,97,98.2,17.5,17,7.7,2,109,107,13
Chris Canty,2349,DI,BLT,7,1,0,3,53.7,0,3,108,100.0,3.7,4,1,2.3,1,118,118,4,1,52.9,0,1,45,100.0,4.4,2,3.3,1,48,48,2
Trent Cole,2363,ED,PHI,11,0,0,24,81.3,12,22,274,78.5,18.2,50,6,8.8,7,377,296,41,0,81.3,8,18,153,89.8,22.9,35,11.8,5,186,167,31
C.J. Mosley,2408,DI,DET,10,0,0,11,71.2,4,4,160,100.0,8.1,13,0,4.4,3,176,176,11,0,76.5,4,2,63,100.0,12.7,8,6.3,1,71,71,7
Kevin Vickerson,2433,DI,KC,10,1,0,16,54.9,0,3,48,98.1,8.3,4,1,3.1,0,52,51,3,0,46.9,0,2,12,100.0,16.7,2,8.3,0,13,13,2
Jay Ratliff,2441,DI,CHI,8,0,0,6,72.0,5,14,204,100.0,10.8,22,0,7.1,5,213,213,24,0,69.7,4,9,113,100.0,13.3,15,8.4,3,117,117,16
Lorenzo Alexander,2476,ED,ARZ,3,0,0,1,66.9,1,1,8,66.7,12.5,1,0,12.5,0,12,8,2,0,62.2,0,1,6,85.7,16.7,1,8.3,0,7,6,1
Chase Blackburn,2498,LB,CAR,5,0,0,5,63.7,1,0,3,13.3,0.0,0,0,16.7,0,30,4,1,0,59.1,0,0,1,16.7,0.0,0,0.0,0,6,1,0
Jim Leonhard,2694,S,CLV,11,0,0,8,59.1,1,0,8,7.0,0.0,0,0,6.3,0,129,9,1,0,45.6,0,0,7,12.1,0.0,0,0.0,0,66,8,0
Ahmad Brooks,2945,ED,SF,11,1,0,28,59.1,4,9,220,72.8,8.2,18,5,4.8,4,320,233,17,0,60.3,4,5,114,87.1,11.4,13,5.7,2,140,122,11
Mario Williams,2946,ED,BUF,11,2,0,4,76.7,5,26,314,97.1,14.3,45,1,9.1,13,344,334,44,0,72.8,2,20,155,97.6,20.0,31,11.6,7,169,165,29
A.J. Hawk,2950,LB,GB,11,0,0,12,53.3,1,10,69,17.0,13.0,9,0,9.4,1,430,73,12,0,54.8,1,8,38,22.0,18.4,7,14.5,1,186,41,10
Donte Whitner,2953,S,CLV,11,0,0,8,91.9,0,1,25,6.0,0.0,0,0,2.0,0,470,28,1,0,39.2,0,1,18,10.1,0.0,0,2.8,0,198,20,1
Haloti Ngata,2957,DI,BLT,11,4,0,3,66.6,2,13,277,99.3,7.6,21,3,3.4,2,295,293,17,0,60.3,1,9,123,99.2,11.4,14,4.9,1,131,130,11
Kamerion Wimbley,2958,ED,TEN,11,0,0,31,52.9,3,2,133,64.4,7.5,10,0,3.4,2,216,139,7,0,59.8,3,2,43,68.2,16.3,7,8.1,1,66,45,6
Brodrick Bunkley,2959,DI,NO,11,0,0,20,48.3,0,4,129,100.0,3.1,4,0,1.6,0,136,136,4,0,54.0,0,3,43,100.0,7.0,3,3.5,0,45,45,3
Chad Greenway,2962,LB,MIN,8,1,0,18,61.7,3,2,31,11.4,12.9,4,0,11.3,1,307,35,6,0,64.1,3,2,17,15.7,23.5,4,20.6,1,127,20,6
Antonio Cromartie,2964,CB,ARZ,11,0,1,1,48.9,0,1,4,1.1,0.0,0,3,12.5,0,449,5,1,0,50.3,0,1,3,1.8,0.0,0,16.7,0,218,4,1
Tamba Hali,2965,ED,KC,11,0,0,16,69.1,4,23,315,82.4,10.8,34,1,5.9,5,397,327,32,0,73.8,3,15,148,87.1,16.2,24,7.4,2,178,155,20
Manny Lawson,2967,ED,BUF,11,2,0,4,59.2,2,2,125,97.9,4.8,6,1,2.4,1,143,140,5,0,54.3,2,1,63,97.1,7.9,5,4.0,1,70,68,4
Mathias Kiwanuka,2977,ED,NYG,11,0,0,21,56.9,6,16,294,96.9,7.8,23,3,4.4,2,325,315,24,0,66.4,2,12,148,99.4,10.8,16,6.1,2,163,162,16
DeMeco Ryans,2978,LB,PHI,8,0,0,24,49.7,1,2,57,19.4,5.3,3,1,2.6,0,304,59,3,0,50.9,1,0,35,29.6,2.9,1,1.4,0,125,37,1
D'Qwell Jackson,2979,LB,IND,11,0,1,14,52.7,0,8,87,21.2,6.9,6,1,9.2,4,429,91,12,0,50.3,0,3,49,30.1,2.0,1,7.1,2,173,52,5
Danieal Manning,2987,S,HST,11,0,0,13,43.6,1,1,9,3.9,0.0,0,1,11.1,0,285,11,2,0,46.3,0,1,6,4.8,0.0,0,8.3,0,146,7,1
Roman Harper,2988,S,CAR,11,1,0,5,75.5,1,1,14,3.9,7.1,1,1,7.1,0,382,15,2,0,67.4,0,1,6,3.5,16.7,1,8.3,0,171,6,1
Bernard Pollard,2999,S,TEN,5,0,1,31,77.7,0,4,7,3.8,42.9,3,2,42.9,1,182,7,5,0,74.6,0,1,3,3.9,66.7,2,50.0,1,76,3,2
Richard Marshall,3003,CB,SD,8,0,0,27,57.3,0,0,2,1.0,0.0,0,4,0.0,0,204,2,0,0,,0,0,0,0.0,,0,,0,90,0,0
Tim Jennings,3007,CB,CHI,11,0,0,6,55.8,0,0,1,0.5,0.0,0,1,0.0,0,434,2,0,0,59.5,0,0,0,0.5,,0,,0,211,1,0
Darryl Tapp,3008,ED,DET,11,1,0,11,63.4,6,6,94,98.1,9.6,9,1,6.4,0,105,103,12,0,53.2,1,0,36,97.4,2.8,1,1.4,0,39,38,1
Frostee Rucker,3036,DI,ARZ,10,0,0,1,49.8,4,6,157,99.4,7.6,12,0,4.5,2,172,171,12,0,53.7,2,2,64,100.0,10.9,7,4.7,1,71,71,5
Jason Hatcher,3037,DI,WAS,11,1,0,32,68.8,6,25,300,100.0,12.3,37,2,7.5,7,321,321,38,1,77.6,6,18,145,100.0,18.6,27,11.7,5,159,159,29
Will Blackmon,3060,CB,JAX,8,0,0,15,58.4,0,0,9,3.6,0.0,0,2,11.1,1,250,9,1,0,62.5,0,0,6,4.3,0.0,0,16.7,1,138,6,1
Stephen Tulloch,3061,LB,DET,3,0,0,11,75.3,0,0,11,14.9,0.0,0,0,27.3,3,87,13,3,0,76.0,0,0,5,16.7,0.0,0,40.0,2,36,6,2
Domata Peko Sr.,3068,DI,CIN,11,0,0,7,50.2,1,3,245,100.0,3.3,8,2,1.2,1,259,259,5,0,50.3,0,2,87,100.0,3.4,3,1.1,0,94,94,2
Barry Cofield,3069,DI,WAS,3,0,0,32,59.9,0,3,47,100.0,6.4,3,0,5.3,1,50,50,4,0,65.1,0,2,21,100.0,9.5,2,4.8,0,23,23,2
Elvis Dumervil,3071,ED,BLT,11,0,1,3,79.9,4,18,265,87.0,15.8,42,4,9.8,15,322,280,37,0,82.2,3,13,143,91.6,21.0,30,14.7,13,166,152,29
Kyle Williams,3079,DI,BUF,10,1,1,4,67.0,9,20,283,98.7,14.1,40,2,7.2,6,308,304,35,1,69.3,6,16,144,98.1,20.1,29,9.7,3,159,156,25
Rob Ninkovich,3080,ED,NE,11,0,0,19,58.6,8,23,368,86.1,10.9,40,2,5.8,6,468,403,37,0,58.5,4,13,203,91.1,11.3,23,6.2,4,247,225,21
Parys Haralson,3085,LB,NO,11,0,1,20,56.8,3,4,108,68.5,6.5,7,4,6.0,3,168,115,10,0,53.5,0,1,42,75.4,4.8,2,6.0,2,57,43,3
Dawan Landry,3091,S,NYJ,11,0,0,22,74.5,1,1,20,5.2,5.0,1,0,15.0,2,422,22,4,0,76.0,0,1,6,5.6,0.0,0,25.0,1,143,8,2
Jeremy Mincey,3136,ED,DAL,11,0,0,9,73.2,6,26,273,96.4,13.6,37,2,7.0,3,302,291,35,0,83.2,6,16,124,95.0,21.0,26,9.7,1,140,133,23
Kedric Golston,3141,DI,WAS,8,0,0,32,52.3,0,0,33,100.0,3.0,1,0,0.0,0,36,36,0,0,58.9,0,0,11,100.0,9.1,1,0.0,0,11,11,0
Antoine Bethea,3152,S,SF,11,0,0,28,91.0,0,1,4,0.9,50.0,2,0,37.5,1,445,4,2,0,60.0,0,1,1,0.5,100.0,1,50.0,0,197,1,1
Cortland Finnegan,3160,CB,MIA,9,1,1,17,40.0,0,6,14,4.0,0.0,0,3,21.4,0,346,14,6,0,37.9,0,1,4,2.9,0.0,0,12.5,0,138,4,1
Stephen Bowen,3242,DI,WAS,4,0,0,32,47.1,0,0,35,100.0,0.0,0,0,0.0,0,37,37,0,0,50.7,0,0,11,100.0,0.0,0,0.0,0,11,11,0
Jarrett Bush,3261,CB,GB,5,0,0,12,60.0,0,1,1,4.3,100.0,1,0,50.0,0,23,1,1,0,,0,0,0,0.0,,0,,0,10,0,0
Tom Johnson,3378,DI,MIN,11,0,0,18,68.4,5,11,189,99.5,10.1,19,0,6.9,5,202,201,21,0,72.8,3,9,105,100.0,14.3,15,9.5,4,112,112,16
Tony McDaniel,3423,DI,SEA,11,0,0,29,50.1,0,3,98,100.0,2.0,2,4,1.5,0,106,106,3,0,52.9,0,2,29,100.0,3.4,1,3.4,0,32,32,2
Tramon Williams,3558,CB,GB,11,0,0,12,50.5,1,2,15,3.5,6.7,1,3,10.0,0,426,15,3,0,56.7,1,2,9,4.7,0.0,0,16.7,0,191,9,3
Brent Grimes,3589,CB,MIA,11,0,0,17,57.0,0,0,2,0.5,0.0,0,1,0.0,0,440,2,0,0,60.0,0,0,1,0.6,0.0,0,0.0,0,160,1,0
LaRon Landry,3622,S,IND,6,0,0,14,91.2,1,0,10,6.9,0.0,0,1,35.0,3,145,10,4,0,92.5,1,0,5,9.4,0.0,0,70.0,3,53,5,4
Patrick Willis,3627,LB,SF,6,0,1,28,70.9,1,4,18,10.0,11.1,2,3,13.9,0,229,23,5,0,71.0,0,4,8,10.9,12.5,1,25.0,0,101,11,4
Lawrence Timmons,3631,LB,PIT,11,0,0,25,56.6,3,1,63,16.6,7.9,5,1,6.3,2,421,70,6,0,58.6,2,0,30,23.6,10.0,3,10.0,2,148,35,4
Leon Hall,3634,CB,CIN,10,0,0,7,40.7,0,2,13,3.6,0.0,0,2,7.7,0,391,14,2,0,48.4,0,1,5,3.3,0.0,0,10.0,0,181,6,1
Michael Griffin,3635,S,TEN,11,0,0,31,62.1,0,1,18,4.6,5.6,1,4,19.4,3,438,20,4,0,77.2,0,1,9,5.3,0.0,0,27.8,2,169,9,3
Reggie Nelson,3637,S,CIN,11,0,1,7,57.2,3,7,45,9.7,4.4,2,3,15.6,2,485,47,12,0,56.7,1,4,15,7.5,6.7,1,23.3,1,228,17,6
Brandon Meriweather,3640,S,WAS,9,0,0,32,79.3,1,3,32,9.7,6.3,2,1,15.6,3,349,34,7,0,91.6,1,1,15,10.2,6.7,1,20.0,2,157,16,4
Jon Beason,3641,LB,NYG,4,0,0,21,60.6,1,0,6,8.1,0.0,0,0,8.3,0,86,7,1,0,65.7,1,0,3,11.4,0.0,0,16.7,0,35,4,1
Anthony Spencer,3642,ED,DAL,8,0,0,9,62.7,3,6,131,92.0,9.9,13,0,4.2,1,150,138,10,0,64.9,2,2,58,94.0,12.1,7,5.2,1,67,63,5
Alan Branch,3649,DI,NE,3,1,0,19,61.8,1,2,31,100.0,9.7,3,0,4.8,0,35,35,3,1,59.9,0,1,14,100.0,7.1,1,3.6,0,18,18,1
Paul Posluszny,3650,LB,JAX,7,0,0,15,69.0,1,2,24,8.5,12.5,3,0,14.6,2,295,25,5,0,79.1,1,1,13,10.7,15.4,2,23.1,2,131,14,4
Eric Weddle,3653,S,SD,11,1,0,27,76.1,1,3,26,7.0,11.5,3,1,7.7,0,430,30,4,0,72.5,0,3,12,8.3,25.0,3,12.5,0,181,15,3
Lamarr Woodley,3662,ED,OAK,6,0,0,23,59.9,3,7,116,88.4,7.8,9,0,4.3,0,146,129,10,0,51.2,1,2,52,92.1,5.8,3,2.9,0,63,58,3
David Harris,3663,LB,NYJ,11,0,0,22,52.7,2,2,79,19.3,6.3,5,1,3.8,1,424,82,5,0,52.4,1,0,32,23.1,9.4,3,1.6,0,143,33,1
Justin Durant,3664,LB,DAL,6,0,0,9,61.2,1,5,20,10.1,20.0,4,1,15.0,0,198,20,6,0,70.8,1,3,10,13.5,30.0,3,20.0,0,74,10,4
Josh Wilson,3671,CB,ATL,8,0,0,2,60.1,1,1,10,4.6,0.0,0,0,10.0,0,216,10,2,0,68.3,1,0,5,4.2,0.0,0,10.0,0,118,5,1
Usama Young,3682,S,OAK,4,0,0,23,91.2,0,1,3,2.5,33.3,1,0,50.0,1,119,3,2,0,79.6,0,0,2,3.6,0.0,0,50.0,1,55,2,1
Charles Johnson,3699,ED,CAR,11,1,0,5,66.6,6,31,334,95.6,12.9,43,2,6.7,4,366,350,41,0,68.3,4,19,168,97.2,17.9,30,8.6,3,177,172,26
Brandon Mebane,3701,DI,SEA,9,0,0,29,65.6,2,7,123,98.4,10.6,13,2,4.5,1,129,127,10,0,65.4,1,3,36,100.0,16.7,6,5.6,0,37,37,4
Ray McDonald,3713,DI,SF,11,0,0,28,56.7,3,28,348,99.2,9.2,32,1,5.0,2,375,372,33,0,62.6,2,24,159,100.0,15.1,24,8.8,1,173,173,27
Brian Robison,3718,ED,MIN,11,0,1,18,62.7,7,26,336,97.3,10.7,36,1,6.1,4,374,364,37,0,70.2,3,18,143,96.3,17.5,25,8.0,1,160,154,22
Paul Soliai,3724,DI,ATL,11,0,0,2,58.5,0,7,159,98.9,4.4,7,3,2.2,0,177,175,7,0,61.9,0,3,50,100.0,6.0,3,3.0,0,54,54,3
Dashon Goldson,3742,S,TB,9,0,1,30,75.3,0,1,2,0.7,50.0,1,1,25.0,0,282,2,1,0,58.8,0,0,1,0.8,0.0,0,0.0,0,130,1,0
Antwan Barnes,3750,ED,NYJ,5,0,0,22,41.6,1,2,19,61.3,10.5,2,1,7.9,0,31,19,3,0,40.7,1,1,11,73.3,18.2,2,9.1,0,15,11,2
Tarell Brown,3763,CB,OAK,11,0,0,23,59.4,0,0,1,0.2,0.0,0,6,0.0,0,418,1,0,0,,0,0,0,0.0,,0,,0,183,0,0
Corey Graham,3784,CB,BUF,11,0,0,4,60.0,0,0,1,0.3,0.0,0,1,0.0,0,299,1,0,0,,0,0,0,0.0,,0,,0,151,0,0
Adam Hayward,3798,LB,WAS,4,0,0,32,57.2,0,1,2,18.2,0.0,0,0,25.0,0,11,2,1,0,,0,0,0,0.0,,0,,0,2,0,0
Trumaine McBride,3837,CB,NYG,5,0,0,21,76.0,0,0,2,1.4,50.0,1,0,50.0,1,142,2,1,0,82.2,0,0,0,0.0,,1,,1,71,0,1
Alan Ball,3853,CB,JAX,7,0,2,15,58.8,0,0,1,0.3,0.0,0,3,0.0,0,306,1,0,0,,0,0,0,0.0,,0,,0,135,0,0
Craig Dahl,3920,S,SF,5,0,0,28,53.6,0,2,2,10.5,0.0,0,1,50.0,0,19,2,2,0,59.5,0,1,1,12.5,0.0,0,50.0,0,8,1,1
Mike Devito,3928,DI,KC,1,1,0,16,61.7,0,0,15,100.0,6.7,1,0,0.0,0,15,15,0,1,65.2,0,0,11,100.0,9.1,1,0.0,0,11,11,0
Jason Trusnik,4083,LB,MIA,10,0,0,17,65.1,1,4,28,16.9,10.7,3,0,8.9,0,177,30,5,0,50.0,0,2,7,13.6,0.0,0,14.3,0,59,8,2
James Ihedigbo,4147,S,DET,8,0,0,11,93.4,2,2,16,4.6,18.8,3,2,31.3,3,348,16,7,0,52.2,0,0,3,1.7,0.0,0,0.0,0,172,3,0
Chris Long,4316,ED,SL,1,0,0,26,64.0,1,1,13,100.0,15.4,2,1,7.7,0,13,13,2,0,75.8,1,1,4,100.0,50.0,2,25.0,0,4,4,2
Keith Rivers,4323,LB,BUF,7,0,0,4,53.1,0,0,6,7.1,0.0,0,0,0.0,0,113,8,0,0,56.8,0,0,2,6.7,0.0,0,0.0,0,30,2,0
Jerod Mayo,4324,LB,NE,6,0,0,19,61.4,1,5,28,16.3,14.3,4,0,14.3,1,196,32,7,0,59.7,1,5,21,25.8,19.0,4,14.3,0,93,24,6
Leodis McKelvin,4325,CB,BUF,10,0,1,4,59.5,0,0,1,0.3,0.0,0,5,0.0,0,355,1,0,0,,0,0,0,0.0,,0,,0,163,0,0
Dominique Rodgers-Cromartie,4330,CB,NYG,11,0,0,21,59.7,0,1,1,0.3,0.0,0,4,50.0,0,308,1,1,0,,0,0,0,0.0,,0,,0,151,0,0
Aqib Talib,4334,CB,DEN,11,0,0,10,57.7,0,0,1,0.2,0.0,0,3,0.0,0,476,1,0,0,57.7,0,0,1,0.4,0.0,0,0.0,0,229,1,0
Mike Jenkins,4339,CB,TB,1,0,1,30,60.0,0,0,1,6.7,0.0,0,1,0.0,0,15,1,0,0,,0,0,0,0.0,,0,,0,4,0,0
Antoine Cason,4341,CB,CAR,11,0,2,5,59.4,0,0,1,0.2,0.0,0,8,0.0,0,403,1,0,0,,0,0,0,0.0,,0,,0,182,0,0
Brandon Flowers,4349,CB,SD,9,0,0,27,62.2,1,0,1,0.3,0.0,0,0,50.0,0,317,1,1,0,62.2,1,0,1,0.7,0.0,0,50.0,0,145,1,1
Curtis Lofton,4351,LB,NO,11,0,0,20,46.1,3,6,66,17.0,4.5,3,0,6.8,0,424,72,9,0,48.0,0,3,26,14.4,7.7,2,5.8,0,194,28,3
Calais Campbell,4364,DI,ARZ,9,0,0,1,63.2,4,23,299,99.7,13.7,41,1,6.5,6,319,318,33,0,71.8,4,16,152,100.0,20.4,31,9.9,5,164,164,25
Quentin Groves,4366,ED,TEN,6,0,1,31,57.1,0,1,32,78.0,9.4,3,1,4.7,1,41,32,2,0,52.3,0,0,16,88.9,6.3,1,0.0,0,18,16,0
Jason Jones,4368,ED,DET,11,1,1,11,60.4,11,15,295,98.1,9.8,29,5,5.4,3,322,316,29,1,69.2,10,14,153,99.4,16.3,25,9.2,2,167,166,26
Kendall Langford,4380,DI,SL,11,1,0,26,62.2,3,4,150,98.1,6.7,10,0,3.0,1,160,157,8,0,61.4,2,1,40,100.0,10.0,4,6.3,1,42,42,4
Charles Godfrey,4381,S,ATL,7,0,0,2,44.5,0,0,9,6.1,0.0,0,1,0.0,0,147,9,0,0,53.9,0,0,3,4.1,0.0,0,0.0,0,73,3,0
Pat Sims,4391,DI,OAK,11,1,0,23,52.7,0,3,135,100.0,4.4,6,1,1.1,0,145,145,3,1,55.3,0,2,51,100.0,7.8,4,2.0,0,55,55,2
Andre Fluellen,4401,DI,DET,3,0,0,11,68.0,1,3,29,100.0,17.2,5,1,6.9,0,30,30,4,0,59.5,0,1,12,100.0,16.7,2,4.2,0,12,12,1
Cliff Avril,4406,ED,SEA,11,0,0,29,76.2,9,29,287,96.9,16.7,48,2,8.0,4,319,309,42,0,84.3,3,22,139,98.7,26.6,37,11.9,4,152,150,29
Philip Wheeler,4407,LB,MIA,10,0,0,17,71.3,0,5,22,18.5,27.3,6,1,11.4,0,119,22,5,0,74.8,0,4,9,23.1,33.3,3,22.2,0,39,9,4
Thomas DeCoud,4412,S,CAR,10,0,0,5,42.2,1,0,10,2.5,0.0,0,3,5.0,0,395,10,1,0,55.9,0,0,2,1.1,0.0,0,0.0,0,174,2,0
Tyvon Branch,4414,S,OAK,3,0,0,23,68.6,0,0,5,7.0,0.0,0,0,20.0,1,86,6,1,0,72.8,0,0,3,13.8,0.0,0,33.3,1,29,4,1
William Hayes,4417,ED,SL,11,0,1,26,65.7,1,27,233,99.2,12.4,29,2,7.3,3,243,241,31,0,76.3,1,18,83,98.9,24.1,20,15.1,3,87,86,22
Dwight Lowery,4427,S,ATL,11,2,0,2,57.7,0,3,20,5.2,0.0,0,0,7.5,0,439,23,3,1,62.9,0,2,8,4.6,0.0,0,12.5,0,195,9,2
Quintin Demps,4431,S,NYG,10,1,0,21,45.6,1,2,14,5.3,0.0,0,1,10.7,0,265,14,3,0,47.8,1,0,7,5.6,0.0,0,7.1,0,124,7,1
Red Bryant,4435,ED,JAX,11,0,0,15,47.9,0,2,150,96.9,2.0,3,0,2.0,2,159,154,4,0,52.9,0,0,41,100.0,4.9,2,4.9,2,41,41,2
Brandon Carr,4454,CB,DAL,11,0,5,9,84.6,0,0,1,0.2,0.0,0,5,100.0,1,416,1,1,0,84.6,0,0,1,0.5,0.0,0,100.0,1,188,1,1
Zackary Bowman,4456,CB,NYG,10,0,1,21,52.6,0,0,3,1.7,0.0,0,1,0.0,0,174,3,0,0,58.8,0,0,1,1.2,0.0,0,0.0,0,86,1,0
Orlando Scandrick,4457,CB,DAL,9,2,0,9,72.7,1,1,22,6.7,4.5,1,4,4.5,0,341,23,2,0,58.0,0,1,7,5.5,0.0,0,7.1,0,145,8,1
Letroy Guion,4466,DI,GB,11,0,1,12,57.1,3,2,165,98.9,7.9,13,2,3.3,3,176,174,8,0,64.4,3,0,54,98.3,13.0,7,8.3,3,58,57,6
Kroy Biermann,4468,ED,ATL,11,1,0,2,57.7,3,20,246,80.5,10.2,25,1,6.3,4,329,265,27,0,55.1,0,14,115,83.4,13.0,15,7.8,2,145,121,16
Erik Walden,4481,ED,IND,10,0,0,14,64.8,14,8,189,73.3,12.2,23,3,7.9,4,270,198,26,0,71.2,8,2,77,75.2,15.6,12,11.7,4,109,82,14
Trevor Scott,4483,ED,CHI,2,0,0,6,66.0,1,1,8,100.0,25.0,2,0,12.5,0,10,10,2,0,61.0,0,1,4,100.0,25.0,1,12.5,0,5,5,1
Geno Hayes,4489,LB,JAX,11,0,0,15,70.3,0,2,10,5.0,20.0,2,0,10.0,0,221,11,2,0,61.8,0,0,4,7.8,25.0,1,0.0,0,64,5,0
Nick Hayden,4495,DI,DAL,11,0,0,9,47.9,4,3,193,97.6,3.6,7,0,1.8,0,209,204,7,0,52.8,2,1,75,100.0,5.3,4,2.0,0,79,79,3
Ahtyba Rubin,4504,DI,CLV,9,1,1,8,47.7,0,3,127,96.3,3.1,4,1,2.0,1,135,130,4,1,49.1,0,1,39,97.7,2.6,1,1.3,0,43,42,1
Ryan Mundy,4508,S,CHI,11,0,1,6,47.1,0,0,5,1.6,0.0,0,1,0.0,0,379,6,0,0,55.0,0,0,2,1.1,0.0,0,0.0,0,174,2,0
Andy Studebaker,4517,ED,IND,9,0,0,14,53.3,1,1,56,69.4,5.4,3,0,1.8,0,85,59,2,0,49.0,0,0,14,65.2,0.0,0,0.0,0,23,15,0
Peyton Hillis,4541,HB,NYG,1,0,0,21,60.0,0,0,1,100.0,0.0,0,0,0.0,0,1,1,0,0,,0,0,0,,,0,,0,0,0,0
Cary Williams,4543,CB,PHI,11,0,0,24,57.9,0,0,1,0.2,0.0,0,2,0.0,0,499,1,0,0,,0,0,0,0.0,,0,,0,236,0,0
Wesley Woodyard,4583,LB,TEN,11,1,0,31,67.5,3,8,62,19.5,16.1,10,1,12.1,2,339,66,13,1,82.1,2,5,28,22.8,25.0,7,19.6,2,123,28,9
JoLonn Dunbar,4588,LB,SL,10,0,0,26,58.6,1,1,38,29.4,0.0,0,1,5.3,1,143,42,3,0,66.0,1,0,14,45.5,0.0,0,10.7,1,33,15,2
Husain Abdullah,4652,S,KC,11,0,0,16,67.8,4,0,26,6.2,3.8,1,1,7.7,0,418,26,4,0,62.9,2,0,15,8.0,6.7,1,6.7,0,188,15,2
Leger Douzable,4654,DI,NYJ,11,0,0,22,53.4,2,5,102,94.8,10.8,11,0,6.4,3,115,109,10,0,55.7,2,1,34,97.5,11.8,4,7.4,1,40,39,4
David Hawthorne,4693,LB,NO,7,0,0,20,61.4,1,2,20,9.6,10.0,2,0,7.5,0,250,24,3,0,66.0,1,2,7,9.3,14.3,1,21.4,0,108,10,3
Ropati Pitoitua,4707,DI,TEN,8,1,0,31,52.9,1,4,113,99.2,6.2,7,0,4.0,2,121,120,7,0,52.0,0,1,31,100.0,6.5,2,1.6,0,35,35,1
Danny Lansanah,4713,LB,TB,10,0,0,30,56.6,0,2,11,6.9,0.0,0,3,9.1,0,188,13,2,0,54.5,0,0,2,4.6,0.0,0,0.0,0,65,3,0
Kyle Arrington,4742,CB,NE,11,0,0,19,98.0,0,0,3,1.2,0.0,0,1,33.3,1,260,3,1,0,98.0,0,0,3,1.9,0.0,0,33.3,1,158,3,1
Wallace Gilberry,4763,ED,CIN,11,2,0,7,58.5,9,25,347,97.6,8.9,31,0,5.5,2,373,364,36,1,59.3,6,15,174,98.4,10.9,19,7.2,2,188,185,23
Jameel McClain,4788,LB,NYG,11,0,0,21,65.7,1,6,38,11.2,13.2,5,1,11.8,1,349,39,8,0,66.6,1,4,18,11.3,16.7,3,13.9,0,168,19,5
Jerrell Freeman,4888,LB,IND,8,0,0,14,51.1,1,7,57,19.4,14.0,8,0,8.8,1,314,61,9,0,59.8,1,6,29,25.6,27.6,8,15.5,1,121,31,8
Cameron Wake,4907,ED,MIA,11,0,1,17,90.9,10,27,322,92.6,16.5,53,1,8.5,9,365,338,46,0,88.2,4,17,125,97.1,21.6,27,10.8,3,136,132,24
Tyson Jackson,4926,DI,ATL,11,2,0,2,61.8,2,8,151,98.2,5.3,8,2,3.3,0,165,162,10,1,74.0,1,3,43,100.0,9.3,4,4.7,0,46,46,4
Brian Orakpo,4936,ED,WAS,7,0,0,32,63.9,6,12,179,79.6,10.6,19,0,5.6,1,240,191,19,0,63.6,3,6,79,81.1,13.9,11,7.0,1,106,86,10
Malcolm Jenkins,4937,S,PHI,11,0,0,24,41.0,0,4,14,2.8,0.0,0,0,14.3,0,502,14,4,0,46.9,0,1,7,2.9,0.0,0,7.1,0,238,7,1
Brian Cushing,4938,LB,HST,9,0,1,13,66.2,5,4,53,21.6,13.2,7,1,10.4,1,250,54,10,0,52.4,0,2,15,21.3,13.3,2,6.7,0,75,16,2
Larry English,4939,ED,TB,7,0,0,30,57.9,2,5,90,99.0,8.9,8,0,3.9,0,97,96,7,0,62.0,2,3,40,97.9,15.0,6,6.3,0,47,46,5
Robert Ayers,4941,ED,NYG,11,0,0,21,88.9,12,24,213,98.2,19.2,41,0,10.8,5,227,223,41,0,90.6,8,19,133,100.0,24.8,33,13.2,4,142,142,31
Vontae Davis,4948,CB,IND,11,0,0,14,72.1,1,0,3,0.8,0.0,0,5,16.7,0,384,3,1,0,54.2,0,0,2,1.3,0.0,0,0.0,0,155,2,0
Clay Matthews,4949,ED,GB,11,5,0,12,70.6,7,23,260,73.9,10.4,27,2,7.7,5,372,275,35,1,64.4,5,13,121,77.0,15.7,19,9.1,2,165,127,20
Ziggy Hood,4955,DI,JAX,11,0,0,15,70.5,2,12,135,100.0,9.6,13,0,5.2,0,144,144,14,0,69.1,1,4,47,100.0,12.8,6,5.3,0,51,51,5
Louis Delmas,4956,S,MIA,11,0,1,17,59.3,0,0,16,3.9,6.3,1,2,6.3,1,456,18,1,0,62.2,0,0,9,5.4,11.1,1,11.1,1,168,9,1
Patrick Chung,4957,S,NE,11,0,0,19,62.7,2,1,10,4.0,10.0,1,3,15.0,0,352,14,3,0,75.5,2,1,8,4.4,12.5,1,18.8,0,180,8,3
James Laurinaitis,4958,LB,SL,11,1,0,26,59.2,2,7,72,18.1,5.6,4,0,9.0,2,432,78,11,1,65.4,1,3,27,19.5,7.4,2,14.8,2,154,30,6
Rey Maualuga,4961,LB,CIN,7,0,0,7,49.7,0,0,12,10.7,0.0,0,0,0.0,0,112,12,0,0,53.1,0,0,4,9.3,0.0,0,0.0,0,43,4,0
Darius Butler,4964,CB,IND,9,0,2,14,60.5,2,1,8,3.1,0.0,0,3,18.8,0,262,8,3,0,68.1,1,0,4,3.5,0.0,0,12.5,0,113,4,1
Jairus Byrd,4965,S,NO,4,0,1,20,59.6,0,1,8,4.9,12.5,1,1,6.3,0,163,8,1,0,56.8,0,0,2,2.9,0.0,0,0.0,0,68,2,0
Everette Brown,4966,ED,WAS,4,0,0,32,53.7,0,2,16,85.0,12.5,2,0,6.3,0,20,17,2,0,51.4,0,0,7,80.0,0.0,0,0.0,0,10,8,0
Connor Barwin,4969,ED,PHI,11,5,1,24,79.1,6,22,249,62.3,12.4,31,2,11.2,14,430,268,42,2,81.7,2,15,144,78.0,16.7,24,14.2,12,200,156,29
Mike Mitchell,4970,S,PIT,11,0,1,25,50.9,0,2,12,3.4,8.3,1,4,8.3,0,417,14,2,0,53.5,0,1,3,2.0,0.0,0,16.7,0,150,3,1
William Moore,4978,S,ATL,4,0,0,2,69.7,0,1,4,3.3,0.0,0,1,12.5,0,120,4,1,0,73.4,0,1,3,5.0,0.0,0,16.7,0,60,3,1
Paul Kruger,4980,ED,CLV,11,2,0,8,69.4,10,17,333,89.9,12.0,40,5,6.8,9,388,349,36,0,72.5,5,9,152,93.7,13.2,20,7.9,5,175,164,19
Sherrod Martin,4982,S,JAX,5,0,0,15,69.0,1,0,3,5.0,0.0,0,1,16.7,0,60,3,1,0,,0,0,0,0.0,,0,,0,31,0,0
Sean Smith,4984,CB,KC,11,0,0,16,38.3,0,1,2,0.5,50.0,1,0,25.0,0,432,2,1,0,38.3,0,1,2,1.0,50.0,1,25.0,0,197,2,1
Sen'Derrick Marks,4985,DI,JAX,11,2,0,15,73.4,6,17,298,100.0,9.7,29,0,5.9,6,312,312,29,2,76.9,5,11,142,100.0,13.4,19,7.0,2,150,150,18
Michael Johnson,4993,ED,TB,9,0,0,30,53.1,6,11,239,97.7,8.4,20,0,4.8,3,256,250,20,0,54.2,4,10,113,98.3,14.2,16,8.0,2,120,118,16
Matt Shaughnessy,4994,ED,ARZ,4,0,0,1,53.1,0,6,84,84.3,7.1,6,0,3.6,0,108,91,6,0,55.1,0,2,34,90.7,8.8,3,2.9,0,43,39,2
Terrance Knighton,4995,DI,DEN,11,2,0,10,55.8,4,6,200,97.7,6.5,13,1,3.5,2,218,213,12,0,53.4,1,3,72,98.8,9.7,7,4.2,1,80,79,5
DeAndre Levy,4999,LB,DET,11,0,1,11,79.7,1,7,41,9.2,26.8,11,2,12.2,1,469,43,9,0,78.9,0,5,18,8.5,33.3,6,19.4,1,224,19,6
Roy Miller,5004,DI,JAX,11,1,1,15,58.1,1,5,173,100.0,4.6,8,2,2.9,2,182,182,8,1,60.0,0,2,48,100.0,8.3,4,4.2,1,51,51,3
Lardarius Webb,5011,CB,BLT,8,0,1,3,47.0,0,2,5,2.0,0.0,0,4,20.0,0,295,6,2,0,47.0,0,2,5,4.0,0.0,0,20.0,0,150,6,2
Chris Owens,5013,CB,KC,6,0,0,16,86.2,0,3,8,4.5,12.5,1,1,31.3,1,178,8,4,0,75.2,0,3,6,7.2,16.7,1,25.0,0,83,6,3
Jerraud Powers,5015,CB,ARZ,11,0,0,1,43.9,1,7,26,6.9,7.7,2,2,19.2,1,406,28,9,0,48.9,1,5,18,8.9,11.1,2,22.2,1,214,19,7
Rashad Johnson,5018,S,ARZ,11,0,0,1,90.0,0,2,5,1.1,20.0,1,0,40.0,1,472,5,3,0,73.1,0,1,4,1.8,0.0,0,37.5,1,228,4,2
Keenan Lewis,5019,CB,NO,11,0,2,20,60.0,0,0,1,0.3,0.0,0,3,0.0,0,386,1,0,0,,0,0,0,0.0,,0,,0,182,0,0
Kaluka Maiava,5027,LB,OAK,3,0,0,23,52.3,0,0,4,11.9,0.0,0,0,0.0,0,42,5,0,0,,0,0,0,0.0,,0,,0,11,0,0
Henry Melton,5028,DI,DAL,11,2,0,9,80.6,4,18,213,98.2,16.0,34,0,8.0,6,224,220,28,0,74.5,4,11,113,100.0,17.7,20,11.1,5,118,118,20
Victor Butler,5033,LB,IND,2,0,0,14,57.2,0,1,12,85.7,8.3,1,0,4.2,0,14,12,1,0,61.6,0,1,6,100.0,16.7,1,8.3,0,6,6,1
Glover Quin,5035,S,DET,11,0,0,11,60.0,0,0,1,0.2,0.0,0,1,0.0,0,467,1,0,0,,0,0,0,0.0,,0,,0,222,0,0
Sammie Lee Hill,5038,DI,TEN,10,3,0,31,52.2,1,7,199,98.6,4.5,9,0,3.0,2,211,208,10,2,57.5,1,5,75,100.0,9.3,7,6.7,2,79,79,8
Jasper Brinkley,5074,LB,MIN,11,0,1,18,73.4,0,1,9,8.5,11.1,1,1,16.7,1,118,10,2,0,56.5,0,0,2,8.7,0.0,0,0.0,0,23,2,0
Don Carey,5101,S,DET,3,0,0,11,52.7,0,0,4,26.7,0.0,0,0,0.0,0,15,4,0,0,55.0,0,0,2,28.6,0.0,0,0.0,0,7,2,0
Jarius Wynn,5106,ED,BUF,9,2,0,4,58.0,1,12,135,98.7,11.1,15,2,5.6,1,151,149,14,1,70.0,1,10,57,98.4,22.8,13,11.4,1,64,63,12
Brice McCain,5112,CB,PIT,8,0,1,25,47.6,0,1,8,3.5,0.0,0,4,6.3,0,255,9,1,0,51.3,0,1,2,2.7,0.0,0,25.0,0,113,3,1
Jason McCourty,5127,CB,TEN,11,0,1,31,43.5,0,0,6,1.4,0.0,0,2,0.0,0,426,6,0,0,54.7,0,0,2,1.2,0.0,0,0.0,0,170,2,0
Vance Walker,5134,DI,KC,11,0,0,16,51.9,0,2,69,100.0,5.8,4,0,4.3,2,72,72,4,0,57.8,0,2,28,100.0,14.3,4,10.7,2,30,30,4
Captain Munnerlyn,5140,CB,MIN,11,0,0,18,53.5,0,0,16,4.0,0.0,0,5,0.0,0,424,17,0,0,69.4,0,0,4,2.8,0.0,0,0.0,0,178,5,0
E.J. Biggers,5141,CB,WAS,10,0,0,32,44.2,0,3,12,5.5,8.3,1,1,12.5,0,238,13,3,0,47.8,0,2,5,4.7,20.0,1,20.0,0,128,6,2
Brad Jones,5142,LB,GB,5,0,0,12,51.8,0,1,15,21.3,0.0,0,3,3.3,0,75,16,1,0,51.1,0,1,8,26.7,0.0,0,6.3,0,30,8,1
Ricky Jean Francois,5168,DI,IND,11,2,0,14,53.2,2,11,261,100.0,6.5,17,1,3.3,2,273,273,15,2,57.2,1,6,108,100.0,7.4,8,4.2,1,114,114,8
Clinton McDonald,5173,DI,TB,11,0,0,30,68.4,4,11,294,100.0,6.8,20,1,3.9,4,314,314,19,0,76.9,3,6,120,100.0,10.0,12,7.1,4,130,130,13
Chris Baker,5188,DI,WAS,10,0,1,32,68.1,2,14,140,100.0,12.1,17,2,5.7,0,152,152,16,0,65.0,0,6,45,100.0,15.6,7,6.7,0,53,53,6
Desmond Bryant,5204,DI,CLV,10,1,1,8,51.9,2,14,287,99.0,7.0,20,2,3.8,3,307,304,19,1,54.6,1,7,120,99.3,8.3,10,5.0,2,134,133,10
Steve McLendon,5232,DI,PIT,8,0,0,25,60.1,0,4,106,100.0,5.7,6,1,2.8,1,115,115,5,0,64.1,0,2,20,100.0,10.0,2,5.0,0,22,22,2
Colt Anderson,5242,S,IND,5,0,0,14,53.9,0,0,2,9.5,0.0,0,0,0.0,0,21,2,0,0,58.9,0,0,1,11.1,0.0,0,0.0,0,9,1,0
Michael Bennett,5273,ED,SEA,11,0,1,29,80.9,9,36,333,99.2,17.7,59,10,7.7,3,361,358,48,0,76.7,8,22,154,100.0,24.0,37,10.4,1,165,165,31
Ashlee Palmer,5281,LB,DET,9,1,0,11,75.1,0,2,19,28.4,10.5,2,0,15.8,2,67,19,4,0,67.8,0,0,3,18.8,33.3,1,33.3,1,16,3,1
Ramon Humber,5310,LB,NO,9,1,0,20,62.2,1,1,29,18.6,3.4,1,0,6.9,1,161,30,3,0,64.5,0,1,11,16.7,9.1,1,13.6,1,66,11,2
Dan Skuta,5349,ED,SF,8,1,1,28,81.7,1,4,68,56.6,13.2,9,2,6.6,2,129,73,7,0,63.0,0,4,29,70.5,20.7,6,10.3,1,44,31,5
Reggie Walker,5351,LB,SD,5,0,0,27,51.4,4,4,56,72.1,14.3,8,2,8.9,1,86,62,9,0,58.8,3,1,18,92.0,22.2,4,16.7,1,25,23,5
Marcus Benard,5359,ED,ARZ,5,0,0,1,63.8,1,1,29,73.2,13.8,4,0,6.9,1,41,30,3,0,64.5,0,1,19,86.4,21.1,4,7.9,1,22,19,2
C.J. Spillman,5370,S,DAL,3,0,0,9,54.8,0,0,2,13.3,0.0,0,1,0.0,0,15,2,0,0,,0,0,0,0.0,,0,,0,7,0,0
Tim Jamison,5400,DI,HST,11,0,1,13,43.8,2,7,253,99.6,4.3,11,1,2.2,1,265,264,10,0,45.2,1,5,119,100.0,5.0,6,2.5,0,128,128,6
Jonathan Casillas,5422,LB,NE,5,0,0,19,60.3,1,2,14,22.6,28.6,4,0,10.7,0,62,14,3,0,53.5,0,0,4,26.7,0.0,0,0.0,0,15,4,0
Danny Gorrer,5424,CB,BLT,8,0,0,3,57.1,0,1,2,1.0,0.0,0,2,25.0,0,198,2,1,0,59.5,0,1,1,0.8,0.0,0,50.0,0,129,1,1
Josh Mauga,5491,LB,KC,11,0,0,16,60.7,3,9,54,13.6,13.0,7,1,11.1,0,404,55,12,0,70.5,2,4,22,12.5,22.7,5,13.6,0,176,22,6
Ndamukong Suh,5527,DI,DET,11,2,1,11,71.6,7,27,356,100.0,12.1,43,5,5.6,3,383,383,37,1,76.6,4,20,180,100.0,17.2,31,8.3,3,196,196,27
Gerald McCoy,5528,DI,TB,10,2,3,30,90.9,8,20,322,99.7,13.0,42,9,6.8,8,344,343,36,1,92.4,8,18,148,100.0,20.9,31,10.8,3,161,161,29
Eric Berry,5530,S,KC,6,0,0,16,67.6,1,0,5,2.3,0.0,0,0,10.0,0,222,5,1,0,60.0,1,0,1,1.0,0.0,0,50.0,0,96,1,1
Joe Haden,5532,CB,CLV,11,0,1,8,,0,0,1,0.2,0.0,0,9,0.0,0,473,1,0,0,,0,0,0,0.0,,0,,0,200,0,0
Rolando McClain,5533,LB,DAL,9,0,0,9,63.3,3,9,27,10.5,25.9,7,1,25.9,1,266,28,13,0,59.8,1,4,11,10.9,27.3,3,31.8,1,101,11,6
Tyson Alualu,5535,ED,JAX,11,0,0,15,48.2,2,5,128,100.0,4.7,6,0,2.7,0,138,138,7,0,51.8,1,4,31,100.0,12.9,4,8.1,0,35,35,5
Brandon Graham,5538,ED,PHI,11,0,0,24,75.8,2,26,138,72.7,26.8,37,1,13.8,5,198,144,33,0,83.2,1,16,71,83.5,32.4,23,17.6,4,91,76,21
Earl Thomas III,5539,S,SEA,11,1,0,29,81.4,0,0,5,1.2,0.0,0,0,0.0,0,405,5,0,1,90.5,0,0,2,1.1,0.0,0,0.0,0,174,2,0
Jason Pierre-Paul,5540,ED,NYG,11,4,0,21,57.6,5,23,346,99.5,9.8,34,2,5.2,4,367,365,32,1,58.2,2,15,161,100.0,13.0,21,6.5,2,174,174,19
Derrick Morgan,5541,ED,TEN,11,2,2,31,69.4,4,26,255,71.5,15.7,40,2,7.5,4,382,273,34,1,82.0,2,18,110,82.2,28.2,31,10.9,2,146,120,22
Kareem Jackson,5545,CB,HST,9,0,0,13,55.3,1,0,19,6.6,5.3,1,2,2.6,0,320,21,1,0,44.0,0,0,8,6.6,0.0,0,0.0,0,136,9,0
Dan Williams,5551,DI,ARZ,11,0,0,1,59.9,2,4,115,100.0,6.1,7,1,3.5,1,124,124,7,0,52.9,0,1,40,100.0,2.5,1,1.3,0,42,42,1
Devin McCourty,5552,S,NE,11,0,0,19,47.0,0,1,3,1.1,0.0,0,0,16.7,0,444,5,1,0,50.8,0,1,3,1.7,0.0,0,16.7,0,236,4,1
Jared Odrick,5553,DI,MIA,11,4,0,17,63.2,5,18,352,97.1,7.1,25,3,3.6,1,381,370,24,0,63.7,3,7,126,99.2,8.7,11,4.0,0,133,132,10
Kyle Wilson,5554,CB,NYJ,11,0,0,22,58.3,0,0,11,5.8,0.0,0,2,9.1,1,207,12,1,0,68.1,0,0,4,5.7,0.0,0,25.0,1,88,5,1
Jerry Hughes,5556,ED,BUF,11,0,2,4,67.5,8,28,317,97.4,15.5,49,9,9.1,11,343,334,47,0,68.7,5,18,155,98.8,20.0,31,13.2,9,166,164,32
Patrick Robinson,5557,CB,NO,8,0,1,20,46.6,0,1,5,2.6,0.0,0,2,10.0,0,233,6,1,0,47.3,0,1,4,4.3,0.0,0,12.5,0,115,5,1
Chris Cook,5559,CB,SF,6,0,0,28,60.0,0,0,1,2.3,0.0,0,1,0.0,0,43,1,0,0,,0,0,0,0.0,,0,,0,25,0,0
Nate Allen,5562,S,PHI,10,0,0,24,81.9,0,0,13,2.9,0.0,0,3,7.7,1,452,13,1,0,92.6,0,0,5,2.4,0.0,0,20.0,1,209,5,1
T.J. Ward,5563,S,DEN,11,0,0,10,83.7,4,2,25,5.3,16.0,4,3,16.0,1,529,28,7,0,78.2,2,1,12,5.4,16.7,2,12.5,0,261,14,3
Koa Misi,5565,LB,MIA,7,0,0,17,74.4,2,7,33,15.9,24.2,8,0,13.6,0,220,35,9,0,77.2,0,7,17,23.4,35.3,6,20.6,0,77,18,7
Lamarr Houston,5569,ED,CHI,8,1,1,6,68.6,10,15,244,100.0,10.7,26,1,5.5,1,251,251,26,0,71.3,8,9,112,100.0,17.9,20,7.6,0,117,117,17
Linval Joseph,5571,DI,MIN,11,0,1,18,59.3,2,13,237,100.0,8.4,20,3,4.9,4,258,258,19,0,68.0,1,9,83,100.0,15.7,13,9.6,3,90,90,13
Taylor Mays,5574,S,CIN,6,0,0,7,75.4,1,1,4,18.2,0.0,0,0,25.0,0,22,4,2,0,77.5,1,0,3,25.0,0.0,0,16.7,0,12,3,1
Jason Worilds,5577,ED,PIT,11,1,0,25,71.0,12,18,270,68.6,13.3,36,2,7.0,4,420,288,34,0,63.5,8,8,120,85.9,15.0,18,6.7,0,149,128,16
Carlos Dunlap,5579,ED,CIN,11,1,1,7,62.8,13,24,374,94.3,11.0,41,2,6.6,6,418,394,43,1,73.1,9,15,181,95.1,17.1,31,9.4,5,204,194,29
Mike Neal,5581,ED,GB,11,0,0,12,50.0,5,12,273,93.4,6.2,17,2,4.2,3,303,283,20,0,57.3,5,10,138,96.0,11.6,16,7.6,3,151,145,18
Brandon Spikes,5587,LB,BUF,11,0,0,4,66.1,1,2,21,12.3,19.0,4,2,11.9,1,212,26,4,0,69.5,0,1,7,13.6,28.6,2,21.4,1,66,9,2
Morgan Burnett,5596,S,GB,10,0,1,12,51.5,1,2,17,4.7,17.6,3,1,14.7,1,380,18,4,0,69.3,0,1,6,3.6,16.7,1,25.0,1,168,6,2
Alex Carrington,5597,DI,SL,8,0,0,26,56.3,0,1,71,98.7,4.2,3,0,0.7,0,75,74,1,0,49.7,0,0,23,100.0,0.0,0,0.0,0,24,24,0
Major Wright,5600,S,TB,10,0,2,30,71.2,0,0,7,2.8,14.3,1,3,14.3,1,282,8,1,0,86.2,0,0,1,0.9,100.0,1,100.0,1,113,1,1
Donald Butler,5603,LB,SD,11,0,0,27,49.5,0,3,50,15.3,2.0,1,1,5.0,1,367,56,4,0,56.2,0,2,27,22.2,3.7,1,7.4,1,144,32,3
Earl Mitchell,5605,DI,MIA,11,0,0,17,66.7,1,10,168,98.9,10.7,18,1,4.5,2,179,177,13,0,71.6,1,3,52,98.2,15.4,8,7.7,2,56,55,6
Corey Peters,5607,DI,ATL,10,0,0,2,55.2,2,9,219,97.8,7.3,16,0,3.0,1,231,226,12,0,53.6,2,5,119,98.4,7.6,9,3.8,1,123,121,8
Everson Griffen,5624,ED,MIN,11,1,2,18,67.5,8,26,348,97.4,13.2,46,7,7.2,8,389,379,42,0,74.5,7,19,154,97.6,23.4,36,12.3,6,169,165,32
Darryl Sharpton,5626,LB,CHI,3,0,0,6,68.1,2,1,18,25.0,22.2,4,0,8.3,0,72,18,3,0,63.5,1,0,10,23.3,10.0,1,5.0,0,43,10,1
Perry Riley,5627,LB,WAS,9,0,1,32,61.6,1,4,35,11.1,2.9,1,4,15.7,3,341,38,8,0,64.2,1,2,16,10.9,6.3,1,21.9,2,156,17,5
Alterraun Verner,5628,CB,TB,9,0,3,30,58.8,0,0,0,0.3,,0,5,,0,338,1,0,0,58.8,0,0,0,0.7,,0,,0,151,1,0
Corey Wootton,5633,ED,MIN,10,0,0,18,52.4,2,2,90,98.9,4.4,4,1,2.2,0,95,94,4,0,57.2,1,2,28,96.6,10.7,3,5.4,0,29,28,3
Darrell Stuckey,5634,S,SD,6,0,0,27,44.4,1,1,7,9.8,0.0,0,0,14.3,0,82,8,2,0,46.6,1,1,6,12.0,0.0,0,16.7,0,50,6,2
Walter Thurmond,5635,CB,NYG,2,0,0,21,60.0,0,0,2,4.0,0.0,0,0,0.0,0,50,2,0,0,60.0,0,0,1,4.2,0.0,0,0.0,0,24,1,0
Geno Atkins,5643,DI,CIN,11,1,0,7,69.0,3,25,331,100.0,11.2,37,1,4.5,1,345,345,29,1,75.2,2,18,168,100.0,16.7,28,6.5,1,179,179,21
Al Woods,5646,DI,TEN,11,0,0,31,56.0,0,5,75,100.0,5.3,4,0,3.3,0,78,78,5,0,56.7,0,2,20,100.0,10.0,2,5.0,0,23,23,2
O'Brien Schofield,5653,ED,SEA,11,0,0,29,58.8,4,5,131,96.6,7.6,10,0,4.2,1,149,144,10,0,67.2,3,2,46,100.0,13.0,6,7.6,1,52,52,6
Ricky Sapp,5657,ED,HST,3,0,0,13,55.9,0,1,15,93.8,6.7,1,0,3.3,0,16,15,1,0,52.2,0,0,6,100.0,0.0,0,0.0,0,6,6,0
Kendrick Lewis,5659,S,HST,11,0,0,13,50.2,0,2,14,3.1,0.0,0,0,7.1,0,459,14,2,0,46.3,0,0,5,2.7,0.0,0,0.0,0,185,5,0
Perrish Cox,5660,CB,SF,11,0,1,28,44.5,0,4,8,2.3,0.0,0,2,25.0,0,441,10,4,0,46.7,0,3,5,3.6,0.0,0,30.0,0,196,7,3
Nolan Carroll,5668,CB,PHI,11,0,0,24,58.3,1,2,19,10.4,10.5,2,1,7.9,0,183,19,3,0,69.6,1,2,12,10.3,16.7,2,12.5,0,116,12,3
Cam Thomas,5669,DI,PIT,11,0,0,25,48.6,1,6,170,100.0,5.3,9,2,2.1,0,184,184,7,0,56.4,0,3,43,100.0,11.6,5,3.5,0,47,47,3
Arthur Jones,5680,DI,IND,4,0,0,14,47.3,1,1,76,98.7,2.6,2,0,1.3,0,79,78,2,0,49.6,1,0,28,100.0,3.6,1,1.8,0,28,28,1
Reshad Jones,5686,S,MIA,7,1,0,17,95.4,1,6,16,5.5,37.5,6,0,34.4,2,292,16,9,0,91.9,0,3,8,7.5,37.5,3,31.3,1,106,8,4
Crezdon Butler,5687,CB,TB,9,0,0,30,59.4,0,0,1,1.0,0.0,0,1,0.0,0,101,1,0,0,,0,0,0,0.0,,0,,0,42,0,0
Greg Hardy,5698,ED,CAR,1,0,0,5,69.1,1,1,32,91.7,12.5,4,0,6.3,1,36,33,3,0,57.0,1,1,20,95.5,10.0,2,5.0,0,22,21,2
Arthur Moats,5701,ED,PIT,11,0,0,25,72.9,3,14,128,75.8,13.3,17,1,8.2,2,178,135,19,0,64.2,0,6,51,81.8,15.7,8,9.8,2,66,54,8
Clifton Geathers,5709,DI,WAS,6,0,0,32,50.8,1,0,38,100.0,2.6,1,0,1.3,0,39,39,1,0,58.5,1,0,8,100.0,12.5,1,6.3,0,9,9,1
Eugene Sims,5712,ED,SL,11,0,0,26,54.1,5,14,235,99.6,7.2,17,5,4.9,2,250,249,21,0,63.5,2,8,83,98.9,14.5,12,8.4,2,93,92,12
Willie Young,5736,ED,CHI,11,0,1,6,60.5,3,15,278,96.7,9.0,25,3,6.1,8,300,290,26,0,65.0,2,9,148,95.6,12.2,18,7.8,6,160,153,17
Dekoda Watson,5740,LB,DAL,5,0,0,9,60.4,1,3,13,37.8,15.4,2,0,15.4,0,37,14,4,0,57.8,0,2,8,66.7,25.0,2,12.5,0,12,8,2
Jamar Chaney,5743,LB,OAK,3,0,0,23,58.8,0,0,0,20.0,,0,0,,0,5,1,0,0,58.8,0,0,0,25.0,,0,,0,4,1,0
Phillip Adams,5747,CB,NYJ,6,0,0,22,60.0,0,0,1,0.7,0.0,0,0,0.0,0,134,1,0,0,,0,0,0,0.0,,0,,0,43,0,0
George Selvie,5749,ED,DAL,11,0,0,9,54.3,3,10,176,96.4,10.2,18,1,4.8,2,194,187,15,0,58.0,0,5,72,97.4,13.9,10,4.9,1,78,76,6
C.J. Wilson,5753,ED,OAK,11,0,0,23,62.8,0,9,111,99.2,11.7,13,0,5.9,2,119,118,11,0,70.3,0,7,45,100.0,20.0,9,10.0,1,50,50,8
Sean Lissemore,5757,DI,SD,10,0,0,27,64.1,0,5,79,100.0,12.7,10,0,4.4,1,82,82,6,0,59.0,0,0,19,100.0,10.5,2,0.0,0,22,22,0
Ricardo Mathews,5761,DI,SD,7,0,0,27,60.1,2,9,90,98.0,11.1,10,0,7.2,1,98,96,12,0,58.5,2,3,41,95.7,12.2,5,6.1,0,47,45,5
Kavell Conner,5763,LB,SD,8,0,0,27,65.9,0,2,4,6.9,25.0,1,1,50.0,1,72,5,3,0,,0,0,0,0.0,,0,,0,14,0,0
Kurt Coleman,5767,S,KC,10,0,0,16,48.2,0,1,5,3.2,0.0,0,0,10.0,0,188,6,1,0,50.8,0,1,4,3.7,0.0,0,12.5,0,109,4,1
Brandon Deaderick,5769,DI,NO,8,0,0,20,51.2,1,7,105,100.0,7.6,8,0,3.8,0,115,115,8,0,57.3,1,6,51,100.0,13.7,7,6.9,0,56,56,7
Robert McClain,5771,CB,ATL,9,0,1,2,81.0,0,2,5,2.8,40.0,2,3,40.0,1,212,6,3,0,89.8,0,1,4,3.7,50.0,2,37.5,1,109,4,2
Stevie Brown,5773,S,NYG,9,0,0,21,64.4,1,1,6,3.7,16.7,1,0,16.7,0,163,6,2,0,75.3,0,1,2,2.7,50.0,1,25.0,0,75,2,1
Rafael Bush,5779,S,NO,10,0,0,20,64.2,0,1,5,1.6,20.0,1,2,10.0,0,305,5,1,0,70.2,0,1,3,1.9,33.3,1,16.7,0,157,3,1
Sergio Brown,5803,S,IND,9,0,0,14,59.7,1,1,25,9.7,8.0,2,1,8.0,1,257,25,3,0,52.0,0,0,7,6.2,0.0,0,0.0,0,113,7,0
Dane Fletcher,5807,LB,TB,6,0,0,30,59.9,0,4,19,15.5,10.5,2,0,15.8,1,129,20,5,0,64.2,0,2,7,13.5,14.3,1,28.6,1,52,7,3
Jeromy Miles,5810,S,BLT,5,0,0,3,57.7,0,1,2,2.7,50.0,1,0,25.0,0,75,2,1,0,58.8,0,1,1,2.9,100.0,1,50.0,0,35,1,1
Vincent Rey,5811,LB,CIN,11,0,0,7,47.1,1,2,40,11.1,5.0,2,1,3.8,0,378,42,3,0,50.0,1,1,15,9.4,6.7,1,6.7,0,170,16,2
Darian Stewart,5820,S,BLT,11,0,0,3,74.9,2,0,17,4.4,11.8,2,0,5.9,0,389,17,2,0,91.3,2,0,8,4.8,25.0,2,12.5,0,168,8,2
Cassius Vaughn,5845,CB,DET,7,0,1,11,47.9,0,2,6,7.0,16.7,1,2,16.7,0,142,10,2,0,55.5,0,1,2,4.6,50.0,1,25.0,0,65,3,1
Aaron Berry,5871,CB,CLV,1,0,0,8,,0,0,1,100.0,0.0,0,0,0.0,0,1,1,0,0,,0,0,0,,,0,,0,0,0,0
Barry Church,5924,S,DAL,11,0,0,9,71.5,0,0,6,1.6,16.7,1,0,16.7,1,377,6,1,0,76.8,0,0,4,2.4,25.0,1,25.0,1,169,4,1
Josh Gordy,5990,CB,IND,9,0,2,14,60.0,0,0,2,1.4,0.0,0,2,0.0,0,143,2,0,0,,0,0,0,0.0,,0,,0,68,0,0
Anthony Levine,6013,CB,BLT,4,0,0,3,54.5,0,1,2,2.9,0.0,0,0,25.0,0,69,2,1,0,,0,0,0,0.0,,0,,0,37,0,0
Junior Galette,6018,ED,NO,11,0,1,20,82.5,10,31,299,85.2,17.4,52,2,9.2,7,372,317,48,0,89.6,6,26,152,93.6,25.0,38,14.5,6,173,162,38
Albert McClellan,6022,LB,BLT,4,0,0,3,53.0,0,2,15,53.6,13.3,2,0,6.7,0,28,15,2,0,58.3,0,1,9,52.9,22.2,2,5.6,0,17,9,1
Mitch Unrein,6031,DI,DEN,3,0,0,10,56.2,0,1,17,100.0,5.9,1,0,2.9,0,17,17,1,0,59.9,0,1,8,100.0,12.5,1,6.3,0,8,8,1
Seyi Ajirotutu,6035,WR,SD,1,0,0,27,,0,0,1,100.0,0.0,0,1,0.0,0,1,1,0,0,60.0,0,0,1,100.0,0.0,0,0.0,0,1,1,0
George Johnson,6112,ED,DET,11,0,0,11,63.3,3,15,203,94.7,10.8,22,0,6.4,4,227,215,22,0,63.2,1,9,104,95.7,16.3,17,8.7,4,115,110,14
Andrew Sendejo,6118,S,MIN,4,0,0,18,58.8,0,0,0,25.0,,0,0,,0,4,1,0,0,,0,0,0,,,0,,0,0,0,0
Von Miller,6154,ED,DEN,11,1,1,10,87.4,10,36,349,82.7,19.5,68,3,9.7,11,446,369,57,0,90.9,9,24,193,90.8,28.5,55,14.2,11,229,208,44
Marcell Dareus,6155,DI,BUF,11,1,0,4,64.0,3,16,338,100.0,10.1,34,1,5.8,10,361,361,29,0,68.4,2,14,152,100.0,17.1,26,9.9,7,163,163,23
Aldon Smith,6159,ED,SF,2,0,0,28,73.1,4,7,63,95.7,19.0,12,1,11.9,2,70,67,13,0,73.2,1,3,27,100.0,22.2,6,14.8,2,30,30,6
J.J. Watt,6163,DI,HST,11,8,0,13,91.6,29,31,427,100.0,17.1,73,3,9.4,10,445,445,70,3,86.4,15,19,166,100.0,24.1,40,12.0,3,181,181,37
Nick Fairley,6165,DI,DET,8,0,0,11,73.8,3,17,169,100.0,14.2,24,5,7.1,2,181,181,22,0,70.4,2,12,77,100.0,20.8,16,10.4,1,84,84,15
Robert Quinn,6166,ED,SL,11,3,2,26,81.5,11,23,325,99.4,14.8,48,5,7.1,6,348,346,40,1,90.0,5,16,124,100.0,24.2,30,12.5,5,134,134,26
Ryan Kerrigan,6168,ED,WAS,11,0,0,32,68.9,6,32,308,81.8,13.0,40,2,8.8,8,402,329,46,0,77.1,5,21,148,88.5,20.9,31,12.8,6,183,162,32
Corey Liuget,6170,DI,SD,11,2,0,27,64.6,9,17,293,100.0,10.2,30,3,5.8,4,314,314,30,0,72.5,5,10,116,100.0,14.7,17,9.1,3,131,131,18
Prince Amukamara,6171,CB,NYG,8,0,1,21,58.8,1,0,1,0.4,0.0,0,4,50.0,0,279,1,1,0,,0,0,0,0.0,,0,,0,129,0,0
Adrian Clayborn,6172,ED,TB,1,0,0,30,58.8,1,1,28,100.0,10.7,3,0,3.6,0,28,28,2,0,64.6,1,0,10,100.0,20.0,2,5.0,0,10,10,1
Phil Taylor Sr.,6173,DI,CLV,5,1,0,8,49.1,1,0,61,98.4,1.6,1,0,0.8,0,63,62,1,0,47.9,0,0,20,100.0,0.0,0,0.0,0,21,21,0
Cameron Jordan,6176,ED,NO,11,3,0,20,59.1,3,25,369,98.8,9.8,36,1,5.1,5,402,397,33,1,63.9,1,19,168,99.5,16.1,27,7.7,3,182,181,23
Jimmy Smith,6179,CB,BLT,8,0,1,3,83.9,0,0,0,0.3,,0,4,,0,299,1,0,0,83.9,0,0,0,0.7,,0,,0,143,1,0
Muhammad Wilkerson,6182,DI,NYJ,11,4,0,22,62.9,7,17,342,97.0,9.9,34,2,5.0,5,369,358,29,1,67.5,4,10,115,98.4,19.1,22,7.8,2,127,125,16
Cameron Heyward,6183,DI,PIT,11,0,0,25,61.5,7,25,328,98.9,11.3,37,4,6.1,4,359,355,36,0,65.0,4,14,120,100.0,18.3,22,9.2,2,128,128,20
Aaron Williams,6186,S,BUF,10,0,0,4,48.2,0,1,5,1.3,0.0,0,2,10.0,0,376,5,1,0,52.1,0,1,3,1.6,0.0,0,16.7,0,185,3,1
Jabaal Sheard,6189,ED,CLV,11,2,0,8,59.7,3,19,267,86.5,9.7,26,3,4.9,2,333,288,24,1,65.5,1,10,115,85.7,12.2,14,6.5,2,154,132,13
Akeem Ayers,6191,ED,NE,5,0,0,19,57.3,1,13,137,87.7,12.4,17,1,7.3,3,171,150,17,0,54.0,0,6,84,93.1,10.7,9,6.0,2,102,95,8
Bruce Carter,6192,LB,DAL,8,1,1,9,75.2,2,1,16,8.2,12.5,2,2,15.6,1,208,17,4,0,67.7,1,1,6,6.8,16.7,1,16.7,0,103,7,2
Jarvis Jenkins,6193,DI,WAS,11,1,0,32,51.4,1,4,164,100.0,4.9,8,3,1.5,0,176,176,5,1,52.5,0,1,55,100.0,3.6,2,0.9,0,62,62,1
Brooks Reed,6194,ED,HST,11,0,0,13,60.1,4,16,201,67.6,11.9,24,0,5.5,1,309,209,21,0,63.6,2,9,96,79.2,15.6,15,6.8,1,130,103,12
Rahim Moore,6197,S,DEN,11,0,0,10,58.0,0,0,1,0.4,0.0,0,0,0.0,0,527,2,0,0,58.0,0,0,1,0.8,0.0,0,0.0,0,260,2,0
Marcus Gilchrist,6202,S,SD,11,1,1,27,70.7,1,4,24,5.7,12.5,3,3,14.6,1,436,25,6,0,77.4,1,2,12,7.1,25.0,3,20.8,1,183,13,4
Da'Quan Bowers,6203,DI,TB,6,0,0,30,63.4,1,3,71,96.4,7.0,5,0,4.2,1,84,81,5,0,74.2,1,1,27,97.0,11.1,3,7.4,1,33,32,3
Marvin Austin,6204,DI,DEN,10,0,0,10,58.1,0,5,114,95.3,8.8,10,1,2.2,0,127,121,5,0,57.5,0,2,37,97.7,8.1,3,2.7,0,44,43,2
Stephen Paea,6205,DI,CHI,11,2,0,6,76.5,6,18,287,100.0,10.1,29,0,5.9,5,299,299,29,2,81.6,5,14,130,100.0,15.4,20,9.6,3,135,135,22
Jaiquawn Jarrett,6206,S,NYJ,11,0,1,22,59.4,1,1,11,8.0,0.0,0,1,18.2,1,137,11,3,0,81.3,1,0,7,17.5,0.0,0,21.4,1,40,7,2
Brandon Harris,6212,CB,TEN,2,0,2,31,60.0,0,0,1,2.7,0.0,0,2,0.0,0,37,1,0,0,60.0,0,0,1,4.8,0.0,0,0.0,0,21,1,0
Terrell McClain,6217,DI,DAL,8,0,0,9,51.4,1,4,99,99.1,4.0,4,0,2.5,0,110,109,5,0,52.9,1,0,42,100.0,2.4,1,1.2,0,49,49,1
Nate Irving,6219,LB,DEN,8,0,0,10,59.0,2,1,14,7.9,7.1,1,1,17.9,1,228,18,4,0,56.9,1,1,6,11.2,16.7,1,33.3,1,89,10,3
Kelvin Sheppard,6220,LB,MIA,3,0,0,17,50.7,0,0,5,21.7,0.0,0,0,0.0,0,23,5,0,0,51.7,0,0,4,33.3,0.0,0,0.0,0,12,4,0
Justin Houston,6222,ED,KC,11,2,0,16,83.7,6,39,300,73.2,19.3,58,0,12.2,14,426,312,59,0,90.6,4,25,152,83.9,30.3,46,18.8,14,192,161,43
Jurrell Casey,6229,DI,TEN,11,0,1,31,61.6,9,22,339,98.4,10.6,36,3,6.0,5,364,358,36,0,71.0,5,15,130,99.3,20.0,26,11.5,5,141,140,25
Mason Foster,6236,LB,TB,8,0,0,30,59.6,1,3,18,6.5,16.7,3,0,11.1,0,275,18,4,0,58.9,1,1,7,5.6,28.6,2,14.3,0,124,7,2
Allen Bailey,6238,DI,KC,11,1,1,16,53.7,3,11,337,99.4,7.1,24,2,3.6,5,354,352,19,1,61.6,2,8,144,98.7,11.1,16,6.3,4,156,154,14
Akeem Dent,6243,LB,HST,4,0,0,13,85.6,3,0,13,25.4,15.4,2,1,19.2,1,59,15,4,0,66.7,1,0,2,23.1,50.0,1,25.0,0,13,3,1
Chris Conte,6245,S,CHI,10,0,0,6,56.4,0,0,2,0.8,0.0,0,0,0.0,0,258,2,0,0,58.1,0,0,1,0.8,0.0,0,0.0,0,126,1,0
Kenrick Ellis,6246,DI,NYJ,9,0,0,22,55.7,0,1,49,100.0,4.1,2,0,1.0,0,54,54,1,0,52.2,0,0,11,100.0,0.0,0,0.0,0,14,14,0
Sione Fua,6249,DI,CLV,6,0,0,8,46.5,0,0,52,98.2,0.0,0,0,0.0,0,57,56,0,0,50.4,0,0,12,100.0,0.0,0,0.0,0,13,13,0
K.J. Wright,6251,LB,SEA,11,1,0,29,58.5,0,2,39,11.1,12.8,5,0,2.6,0,388,43,2,1,60.8,0,2,20,13.3,15.0,3,5.0,0,165,22,2
Da'Norris Searcy,6252,S,BUF,11,0,0,4,80.1,2,1,14,4.5,7.1,1,0,17.9,1,314,14,4,0,81.2,1,0,6,3.7,16.7,1,25.0,1,162,6,2
Sam Acho,6255,ED,ARZ,11,1,0,1,51.8,1,19,155,67.6,9.7,15,2,6.5,0,250,169,20,0,51.9,1,10,88,81.2,10.2,9,6.3,0,117,95,11
Quinton Carter,6260,S,DEN,8,0,0,10,48.7,0,1,6,3.8,0.0,0,1,8.3,0,160,6,1,0,51.4,0,0,4,4.2,0.0,0,0.0,0,96,4,0
Chimdi Chekwa,6265,CB,OAK,3,0,0,23,,0,0,1,2.6,0.0,0,2,0.0,0,38,1,0,0,,0,0,0,0.0,,0,,0,15,0,0
Casey Matthews,6268,LB,PHI,10,0,1,24,58.6,1,3,29,22.0,6.9,2,1,10.3,1,132,29,5,0,60.8,1,1,17,26.6,5.9,1,11.8,1,64,17,3
Davon House,6283,CB,GB,10,0,0,12,59.4,0,1,1,0.5,0.0,0,4,50.0,0,212,1,1,0,,0,0,0,0.0,,0,,0,99,0,0
Buster Skrine,6289,CB,CLV,11,0,1,8,67.0,0,3,12,2.8,16.7,2,6,12.5,0,472,13,3,0,70.5,0,3,9,5.0,22.2,2,16.7,0,199,10,3
Karl Klug,6294,DI,TEN,11,1,0,31,61.0,0,4,124,99.2,8.1,10,1,3.2,2,130,129,6,0,58.1,0,2,50,100.0,10.0,5,6.0,2,52,52,4
Richard Sherman,6306,CB,SEA,11,0,0,29,58.6,0,0,1,0.2,0.0,0,2,0.0,0,412,1,0,0,58.6,0,0,1,0.6,0.0,0,0.0,0,179,1,0
Chris Carter,6314,ED,IND,1,0,0,14,56.2,0,0,2,100.0,0.0,0,0,0.0,0,2,2,0,0,56.2,0,0,2,100.0,0.0,0,0.0,0,2,2,0
Chykie Brown,6316,CB,NYG,10,0,0,21,,0,1,1,0.8,100.0,1,0,50.0,0,132,1,1,0,,0,0,0,0.0,,0,,0,63,0,0
Pernell McPhee,6317,ED,BLT,11,0,0,3,84.6,14,26,238,94.4,18.5,44,0,10.1,4,268,253,44,0,90.8,11,18,137,98.6,25.5,35,13.5,4,146,144,33
Mike Mohamed,6341,LB,HST,11,1,0,13,49.6,1,5,75,29.2,5.3,4,0,4.0,0,260,76,6,0,54.2,1,5,39,33.1,10.3,4,7.7,0,121,40,6
Colin Jones,6342,CB,CAR,5,0,0,5,68.7,0,1,6,8.1,16.7,1,0,25.0,1,74,6,2,0,59.0,0,0,1,3.1,0.0,0,0.0,0,32,1,0
J.T. Thomas,6347,LB,JAX,10,0,0,15,60.8,0,2,21,11.9,9.5,2,1,4.8,0,193,23,2,0,55.1,0,1,11,16.4,9.1,1,4.5,0,73,12,1
Jerrell Powe,6351,DI,HST,11,1,0,13,47.9,0,0,88,100.0,0.0,0,0,0.0,0,93,93,0,0,47.8,0,0,25,100.0,0.0,0,0.0,0,29,29,0
Jacquian Williams,6354,LB,NYG,9,0,0,21,54.2,3,3,32,10.4,9.4,3,1,9.4,0,328,34,6,0,54.8,2,1,17,12.7,11.8,2,8.8,0,150,19,3
Cliff Matthews,6382,ED,ATL,1,0,0,2,52.9,0,0,9,100.0,0.0,0,0,0.0,0,12,12,0,0,55.1,0,0,4,100.0,0.0,0,0.0,0,4,4,0
Frank Kearse,6383,DI,WAS,10,0,0,32,52.9,0,7,130,100.0,6.9,9,0,5.0,3,137,137,10,0,56.9,0,6,64,100.0,10.9,7,7.8,2,69,69,8
Lawrence Guy,6385,DI,BLT,9,0,0,3,49.3,0,2,72,98.7,2.8,2,0,1.4,0,77,76,2,0,50.6,0,1,28,100.0,3.6,1,1.8,0,30,30,1
Andrew Gachkar,6386,LB,SD,9,0,0,27,63.1,1,3,25,15.6,16.0,4,0,8.0,0,180,28,4,0,69.2,1,2,13,18.1,23.1,3,11.5,0,72,13,3
Jimmy Wilson,6387,S,MIA,9,0,0,17,50.0,1,1,16,5.0,0.0,0,3,6.3,0,339,17,2,0,63.2,1,0,6,5.5,0.0,0,8.3,0,128,7,1
David Ausberry,6393,TE,OAK,1,0,0,23,,0,0,1,100.0,0.0,0,0,0.0,0,1,1,0,0,,0,0,0,,,0,,0,0,0,0
Malcolm Smith,6394,LB,SEA,7,1,1,29,59.0,1,1,16,13.9,18.8,3,2,6.3,0,115,16,2,0,57.7,1,0,8,16.7,12.5,1,6.3,0,48,8,1
Spencer Paysinger,6419,LB,NYG,4,0,0,21,51.8,0,0,5,21.7,0.0,0,0,0.0,0,23,5,0,0,55.4,0,0,2,13.3,0.0,0,0.0,0,15,2,0
Chris Harris Jr.,6457,CB,DEN,11,1,1,10,49.0,0,4,10,2.1,20.0,2,3,20.0,0,480,10,4,0,46.0,0,2,7,3.0,14.3,1,14.3,0,237,7,2
Ian Williams,6472,DI,SF,9,1,0,28,70.1,0,7,88,95.9,10.2,9,0,5.1,1,98,94,8,0,48.8,0,0,21,95.5,0.0,0,0.0,0,22,21,0
Jeff Tarpinian,6478,LB,HST,3,0,0,13,50.2,0,1,10,37.0,10.0,1,1,5.0,0,27,10,1,0,53.5,0,0,3,23.1,0.0,0,0.0,0,13,3,0
Sealver Siliga,6483,DI,NE,3,0,0,19,55.5,1,2,42,100.0,7.1,3,1,3.6,0,44,44,3,0,59.4,1,1,17,100.0,11.8,2,5.9,0,17,17,2
Josh Bynes,6503,LB,DET,6,0,0,11,59.7,1,0,6,8.3,0.0,0,1,8.3,0,72,6,1,0,65.3,1,0,3,7.9,0.0,0,16.7,0,38,3,1
Brandon Bair,6529,DI,PHI,11,1,0,24,52.0,0,4,84,98.9,8.3,7,1,4.8,2,91,90,6,0,52.2,0,2,31,100.0,9.7,3,6.5,1,35,35,3
Darrin Walls,6553,CB,NYJ,9,0,1,22,67.4,0,0,1,0.3,100.0,1,4,0.0,0,293,1,0,0,,0,0,0,0.0,,0,,0,99,0,0
Mario Addison,6558,ED,CAR,11,0,0,5,57.3,2,8,206,92.5,10.7,22,1,5.3,6,228,211,16,0,66.2,2,7,110,96.6,19.1,21,9.5,6,116,112,15
Cedric Thornton,6607,DI,PHI,11,2,1,24,52.7,0,7,199,100.0,4.0,8,3,1.8,0,206,206,7,2,62.3,0,4,62,100.0,8.1,5,3.2,0,65,65,4
Jeron Johnson,6621,S,SEA,4,0,0,29,,0,0,1,1.6,0.0,0,0,0.0,0,61,1,0,0,,0,0,0,0.0,,0,,0,23,0,0
Michael Morgan,6623,LB,SEA,4,0,0,29,52.7,0,0,4,25.0,0.0,0,0,0.0,0,24,6,0,0,54.7,0,0,1,16.7,0.0,0,0.0,0,12,2,0
Ron Parker,6625,S,KC,11,0,0,16,72.6,0,0,4,1.0,25.0,1,3,25.0,1,416,4,1,0,73.6,0,0,2,1.0,50.0,1,50.0,1,194,2,1
Jonathan Freeny,6633,LB,MIA,4,0,0,17,67.0,0,0,7,43.8,0.0,0,0,14.3,1,16,7,1,0,71.2,0,0,2,50.0,0.0,0,50.0,1,4,2,1
Demarcus Dobbs,6655,DI,SEA,8,0,0,29,48.9,0,1,56,98.4,3.6,2,0,0.9,0,63,62,1,0,46.6,0,0,21,96.3,0.0,0,0.0,0,27,26,0
Bryan Braman,6699,ED,PHI,2,0,0,24,60.9,0,1,7,100.0,14.3,1,0,7.1,0,7,7,1,0,66.3,0,1,3,100.0,33.3,1,16.7,0,3,3,1
Isa Abdul-Quddus,6722,S,DET,9,0,0,11,47.5,1,1,6,4.1,16.7,1,0,16.7,0,171,7,2,0,51.3,0,0,3,5.3,0.0,0,0.0,0,76,4,0
Jamari Lattimore,6754,LB,GB,7,0,0,12,63.7,0,3,10,7.4,30.0,3,0,15.0,0,148,11,3,0,74.7,0,3,5,8.5,60.0,3,30.0,0,59,5,3
Brandian Ross,6755,S,OAK,8,0,1,23,87.0,2,2,5,2.1,40.0,2,2,40.0,0,236,5,4,0,63.5,1,0,1,0.9,0.0,0,50.0,0,114,1,1
Mark Herzlich,6767,LB,NYG,7,0,0,21,52.9,0,0,3,8.1,0.0,0,1,0.0,0,74,6,0,0,54.1,0,0,1,14.3,0.0,0,0.0,0,28,4,0
James Dockery,6814,CB,CAR,5,0,0,5,68.7,0,1,3,6.0,33.3,1,0,16.7,0,67,4,1,0,71.1,0,1,2,8.6,50.0,1,25.0,0,35,3,1
Corbin Bryant,6825,DI,BUF,11,1,1,4,53.1,1,2,130,100.0,5.4,7,1,2.7,2,141,141,5,1,59.2,1,2,75,100.0,9.3,7,4.7,2,79,79,5
Thomas Keiser,6852,ED,ARZ,3,1,0,1,60.3,0,4,44,84.5,9.1,4,0,4.5,0,58,49,4,1,66.7,0,4,26,85.7,15.4,4,7.7,0,35,30,4
Sterling Moore,6871,CB,DAL,11,0,0,9,55.5,0,1,10,3.6,10.0,1,1,5.0,0,309,11,1,0,71.1,0,0,3,2.1,33.3,1,0.0,0,145,3,0
Michael Wilhoite,6989,LB,SF,11,0,1,28,49.5,2,2,29,8.3,13.8,4,2,6.9,0,422,35,4,0,48.4,1,2,19,12.6,15.8,3,7.9,0,182,23,3
Will Hill III,6999,S,BLT,5,0,0,3,69.6,1,0,4,2.7,0.0,0,1,12.5,0,149,4,1,0,,0,0,0,0.0,,0,,0,74,0,0
Craig Robertson,7003,LB,CLV,11,0,0,8,56.7,1,2,23,13.5,4.3,1,1,6.5,0,171,23,3,0,60.5,0,1,7,13.7,0.0,0,7.1,0,51,7,1
Morris Claiborne,7012,CB,DAL,4,0,0,9,78.1,1,0,1,1.0,0.0,0,2,50.0,0,101,1,1,0,78.1,1,0,1,1.6,0.0,0,50.0,0,64,1,1
Mark Barron,7013,S,SL,10,0,0,26,68.0,1,3,28,8.6,7.1,2,1,10.7,1,324,28,5,0,72.9,0,3,17,11.3,11.8,2,14.7,1,151,17,4
Luke Kuechly,7015,LB,CAR,11,0,1,5,61.8,1,9,36,9.2,13.9,5,3,16.7,1,446,41,11,0,70.5,1,7,17,9.4,23.5,4,23.5,0,202,19,8
Stephon Gilmore,7016,CB,BUF,10,0,1,4,60.0,0,0,1,0.3,0.0,0,7,0.0,0,386,1,0,0,,0,0,0,0.0,,0,,0,174,0,0
Dontari Poe,7017,DI,KC,11,1,0,16,57.1,1,13,358,100.0,7.0,25,0,3.6,6,372,372,20,0,61.2,0,9,153,100.0,10.5,16,5.6,4,162,162,13
Fletcher Cox,7018,DI,PHI,11,1,0,24,60.0,5,23,362,100.0,9.7,35,3,4.4,2,384,384,30,0,64.2,4,17,171,100.0,14.0,24,6.1,0,185,185,21
Michael Brockers,7020,DI,SL,11,2,0,26,57.7,2,3,201,98.2,4.0,8,1,2.2,2,218,214,7,1,62.2,1,1,56,100.0,7.1,4,3.6,1,60,60,3
Bruce Irvin,7021,LB,SEA,10,0,0,29,60.3,6,13,168,68.7,13.7,23,6,7.4,3,262,180,22,0,63.8,5,12,97,88.1,18.6,18,9.8,1,118,104,18
Quinton Coples,7022,ED,NYJ,11,0,0,22,65.2,5,16,197,82.0,12.7,25,3,7.4,4,250,205,25,0,67.0,3,6,65,87.7,20.0,13,8.5,1,81,71,10
Dre Kirkpatrick,7023,CB,CIN,8,0,0,7,59.0,0,0,0,1.3,,0,2,,0,77,1,0,0,,0,0,0,0.0,,0,,0,44,0,0
Melvin Ingram III,7024,ED,SD,4,0,0,27,67.7,2,10,98,80.9,14.3,14,1,7.1,1,131,106,13,0,50.5,1,4,43,84.5,14.0,6,5.8,0,58,49,5
Shea McClellin,7025,LB,CHI,7,0,0,6,57.0,1,4,25,23.8,16.0,4,0,14.0,1,105,25,6,0,59.2,1,1,9,36.0,22.2,2,11.1,0,25,9,2
Chandler Jones,7027,ED,NE,7,2,0,19,73.1,3,15,217,95.2,13.8,30,2,6.5,5,249,237,23,2,81.8,2,10,109,97.6,19.3,21,8.3,3,124,121,15
Dont'a Hightower,7030,LB,NE,9,2,0,19,70.5,8,14,108,28.6,21.3,23,3,14.8,5,399,114,27,1,70.5,4,9,67,34.6,20.9,14,15.7,4,211,73,17
Whitney Mercilus,7031,ED,HST,11,0,1,13,57.9,10,17,283,79.5,8.8,25,2,6.2,4,371,295,31,0,66.0,5,13,126,86.1,15.9,20,10.3,4,158,136,22
Nick Perry,7033,ED,GB,10,1,0,12,62.7,1,10,143,92.0,14.0,20,1,5.9,3,163,150,14,0,70.0,1,8,63,98.5,27.0,17,11.9,3,68,67,12
Courtney Upshaw,7039,ED,BLT,11,0,1,3,61.9,3,3,75,44.0,8.0,6,3,4.0,0,182,80,6,0,69.0,2,3,31,47.9,12.9,4,8.1,0,71,34,5
Derek Wolfe,7040,ED,DEN,11,1,0,10,53.7,3,20,332,99.2,10.2,34,0,4.4,3,362,359,26,1,60.4,2,17,164,98.9,16.5,27,7.6,3,185,183,22
Andre Branch,7042,ED,JAX,7,1,0,15,62.4,3,8,183,98.0,7.1,13,2,4.1,2,200,196,13,0,71.0,2,8,99,99.1,12.1,12,7.1,2,109,108,12
Jackrabbit Jenkins,7043,CB,SL,9,0,1,26,53.3,0,0,3,0.9,0.0,0,4,0.0,0,327,3,0,0,58.8,0,0,1,0.9,0.0,0,0.0,0,117,1,0
Mychal Kendricks,7049,LB,PHI,7,1,0,24,91.5,4,5,62,25.3,21.0,13,1,12.1,3,249,63,12,1,64.8,0,1,24,22.0,12.5,3,6.3,1,109,24,2
Bobby Wagner,7050,LB,SEA,6,0,0,29,73.7,3,3,26,11.8,19.2,5,1,15.4,1,237,28,7,0,74.3,3,2,17,16.4,23.5,4,14.7,0,110,18,5
Tavon Wilson,7051,S,NE,8,0,0,19,78.3,0,0,4,6.0,25.0,1,0,0.0,0,67,4,0,0,61.7,0,0,2,6.7,0.0,0,0.0,0,30,2,0
Kendall Reyes,7052,DI,SD,11,0,0,27,45.4,4,9,256,99.3,5.1,13,1,2.9,1,279,277,14,0,52.4,2,4,91,100.0,6.6,6,4.4,1,103,103,7
Zach Brown,7055,LB,TEN,1,0,0,31,59.7,0,0,1,50.0,0.0,0,0,0.0,0,2,1,0,0,,0,0,0,,,0,,0,0,0,0
Devon Still,7056,DI,CIN,9,0,0,7,47.0,0,1,83,100.0,1.2,1,0,0.6,0,88,88,1,0,50.2,0,1,23,100.0,4.3,1,2.2,0,25,25,1
Lavonte David,7060,LB,TB,10,0,0,30,49.8,2,4,35,10.2,8.6,3,1,8.6,0,413,42,6,0,57.8,1,2,14,9.0,14.3,2,10.7,0,188,17,3
Vinny Curry,7061,DI,PHI,11,0,0,24,67.6,2,17,208,100.0,10.1,21,2,7.5,6,227,227,25,0,67.1,1,11,131,100.0,11.5,15,7.6,4,144,144,16
Casey Hayward Jr.,7064,CB,GB,10,0,0,12,68.1,1,2,18,8.3,16.7,3,1,8.3,0,217,18,3,0,73.1,1,1,9,7.7,22.2,2,11.1,0,117,9,2
Trumaine Johnson,7067,CB,SL,4,0,0,26,60.0,0,0,1,0.6,0.0,0,2,0.0,0,154,1,0,0,60.0,0,0,1,1.7,0.0,0,0.0,0,58,1,0
Josh Robinson,7068,CB,MIN,11,0,1,18,57.7,0,0,1,0.3,0.0,0,3,0.0,0,315,1,0,0,57.7,0,0,1,0.7,0.0,0,0.0,0,153,1,0
Olivier Vernon,7074,ED,MIA,11,0,1,17,80.3,9,20,323,91.1,13.6,44,1,6.3,6,370,337,35,0,88.7,4,11,116,96.8,20.7,24,10.8,5,126,122,20
Demario Davis,7079,LB,NYJ,11,1,0,22,55.3,1,4,66,16.5,6.1,4,3,8.3,3,417,69,8,0,51.5,1,0,25,19.4,4.0,1,6.0,1,139,27,2
Tyrone Crawford,7083,DI,DAL,10,1,0,9,74.6,9,18,233,96.8,13.7,32,0,6.2,1,253,245,28,0,77.4,6,9,102,96.4,19.6,20,8.3,1,111,107,16
Sean Spence,7087,LB,PIT,10,0,0,25,53.3,2,3,34,16.3,2.9,1,0,7.4,0,227,37,5,0,51.2,1,1,13,22.4,7.7,1,7.7,0,67,15,2
John Hughes,7088,DI,CLV,4,1,0,8,58.4,0,3,77,97.7,9.1,7,0,3.2,1,87,85,4,1,65.0,0,2,31,97.2,16.1,5,3.2,0,36,35,2
Akiem Hicks,7090,DI,NO,11,0,0,20,53.7,3,14,277,100.0,7.9,22,3,3.4,1,289,289,18,0,57.6,2,8,112,100.0,10.7,12,4.5,0,116,116,10
Brandon Thompson,7093,DI,CIN,6,0,0,7,53.8,0,1,57,100.0,1.8,1,1,0.9,0,60,60,1,0,51.6,0,0,17,100.0,0.0,0,0.0,0,17,17,0
Jayron Hosley,7094,CB,NYG,6,0,0,21,66.3,0,1,5,4.8,20.0,1,0,10.0,0,105,5,1,0,70.7,0,1,3,4.6,33.3,1,16.7,0,65,3,1
Nigel Bradham,7105,LB,BUF,9,1,2,4,88.0,5,5,28,9.7,21.4,6,7,21.4,1,299,29,11,0,70.0,2,3,14,10.4,28.6,4,17.9,0,144,15,5
Alameda Ta'amu,7109,DI,ARZ,4,0,0,1,55.4,0,0,6,100.0,0.0,0,0,0.0,0,7,7,0,0,58.2,0,0,1,100.0,0.0,0,0.0,0,2,2,0
Kyle Wilber,7113,LB,DAL,11,0,0,9,58.7,1,2,17,25.8,23.5,4,0,14.7,1,66,17,4,0,56.8,0,0,11,50.0,9.1,1,9.1,1,22,11,1
Jaye Howard Jr.,7114,DI,KC,11,0,1,16,56.2,1,8,149,100.0,6.0,9,2,3.7,1,153,153,10,0,65.7,1,6,50,100.0,12.0,6,9.0,1,53,53,8
Coty Sensabaugh,7115,CB,TEN,8,0,0,31,90.0,0,1,11,5.2,9.1,1,0,13.6,1,229,12,2,0,92.5,0,1,7,6.7,14.3,1,21.4,1,104,7,2
Keenan Robinson,7119,LB,WAS,11,0,1,32,76.3,8,2,56,14.6,16.1,9,4,12.5,2,425,62,12,0,67.0,4,2,28,16.6,14.3,4,14.3,1,193,32,7
James-Michael Johnson,7120,LB,KC,11,0,0,16,64.9,0,2,9,4.9,11.1,1,0,11.1,0,183,9,2,0,70.1,0,2,6,9.4,16.7,1,16.7,0,64,6,2
Brandon Boykin,7123,CB,PHI,11,0,1,24,45.9,0,3,6,2.1,0.0,0,2,25.0,0,290,6,3,0,56.4,0,1,2,1.1,0.0,0,25.0,0,174,2,1
Ron Brooks,7124,CB,BUF,4,0,0,4,56.3,0,0,1,3.2,0.0,0,0,0.0,0,31,1,0,0,56.3,0,0,1,4.0,0.0,0,0.0,0,25,1,0
Jared Crick,7126,DI,HST,11,2,0,13,56.5,6,9,253,100.0,7.1,18,1,3.8,2,260,260,17,0,58.3,2,7,72,100.0,12.5,9,6.3,0,79,79,9
Miles Burris,7129,LB,OAK,11,0,0,23,50.2,1,3,48,13.6,8.3,4,1,4.2,0,398,54,4,0,55.3,0,2,19,12.2,10.5,2,5.3,0,164,20,2
Mike Daniels,7132,DI,GB,11,0,0,12,59.2,7,19,241,99.6,11.2,27,2,6.6,3,259,258,29,0,61.2,3,13,93,100.0,17.2,16,9.7,1,101,101,17
Tahir Whitehead,7135,LB,DET,10,0,0,11,44.3,1,1,36,11.4,0.0,0,2,2.8,0,316,36,2,0,47.5,0,1,13,8.7,0.0,0,3.8,0,149,13,1
Robert Blanton,7136,S,MIN,11,0,1,18,70.2,0,0,8,2.5,0.0,0,1,0.0,0,434,11,0,0,78.3,0,0,1,1.1,0.0,0,0.0,0,182,2,0
Tank Carder,7141,LB,CLV,2,0,0,8,59.4,0,0,2,100.0,0.0,0,0,0.0,0,2,2,0,0,,0,0,0,,,0,,0,0,0,0
Jack Crawford,7151,ED,DAL,6,0,0,9,63.3,0,5,77,97.6,9.1,7,1,5.8,2,84,82,7,0,61.5,0,3,33,100.0,12.1,4,7.6,1,36,36,4
Jonathan Massaquoi,7156,ED,ATL,11,1,0,2,72.3,5,9,103,76.5,13.6,14,0,8.7,2,149,114,16,0,75.5,3,7,49,80.3,20.4,10,14.3,2,66,53,12
George Iloka,7159,S,CIN,11,1,0,7,84.7,2,1,17,3.4,11.8,2,2,8.8,0,493,17,3,0,52.7,0,0,3,1.3,0.0,0,0.0,0,232,3,0
Asa Jackson,7161,CB,BLT,5,0,0,3,50.0,0,0,5,3.4,0.0,0,0,0.0,0,147,5,0,0,57.2,0,0,1,1.6,0.0,0,0.0,0,62,1,0
Jeremy Lane,7164,CB,SEA,3,0,0,29,49.2,0,1,8,10.1,0.0,0,1,6.3,0,79,8,1,0,52.9,0,0,3,8.6,0.0,0,0.0,0,35,3,0
Trenton Robinson,7170,S,WAS,5,0,0,32,59.0,0,0,1,1.4,0.0,0,0,0.0,0,70,1,0,0,59.0,0,0,1,3.0,0.0,0,0.0,0,33,1,0
Winston Guy,7171,S,JAX,4,0,0,15,87.8,0,0,1,0.7,100.0,1,2,100.0,1,141,1,1,0,87.8,0,0,1,1.8,100.0,1,100.0,1,55,1,1
Isaiah Frey,7173,CB,TB,8,0,0,30,45.6,0,1,7,5.4,0.0,0,1,7.1,0,147,8,1,0,52.2,0,0,2,3.8,0.0,0,0.0,0,79,3,0
Danny Trevathan,7177,LB,DEN,2,0,0,10,49.5,0,0,6,18.4,0.0,0,0,0.0,0,38,7,0,0,53.1,0,0,2,13.6,0.0,0,0.0,0,22,3,0
Christo Bilukidi,7178,DI,BLT,4,0,0,3,52.2,0,1,26,100.0,3.8,1,0,1.9,0,27,27,1,0,55.2,0,1,13,100.0,7.7,1,3.8,0,13,13,1
Emmanuel Acho,7189,LB,PHI,8,0,0,24,56.0,0,1,21,22.3,4.8,1,0,2.4,0,103,23,1,0,72.3,0,1,4,16.7,25.0,1,12.5,0,36,6,1
Billy Winn,7190,DI,CLV,8,0,0,8,50.2,0,6,149,98.1,5.4,8,0,2.7,1,159,156,7,0,52.6,0,3,63,100.0,7.9,5,4.0,1,70,70,4
Nate Ebner,7193,S,NE,5,0,0,19,53.0,0,0,2,10.0,0.0,0,0,0.0,0,30,3,0,0,53.0,0,0,2,15.8,0.0,0,0.0,0,19,3,0
Scott Solomon,7196,ED,TB,6,0,0,30,55.6,1,2,68,97.4,4.4,3,1,3.7,1,76,74,4,0,57.5,1,0,27,96.9,3.7,1,5.6,1,32,31,2
Alfonzo Dennard,7208,CB,NE,5,0,1,19,51.9,0,1,4,2.9,0.0,0,3,12.5,0,139,4,1,0,,0,0,0,0.0,,0,,0,71,0,0
Greg Scruggs,7216,ED,SEA,3,0,0,29,58.4,1,4,46,97.9,13.0,6,0,5.4,0,48,47,5,0,61.2,1,3,23,100.0,21.7,5,8.7,0,23,23,4
DeAngelo Tyson,7220,DI,BLT,9,0,0,3,47.3,2,2,114,100.0,2.6,3,0,1.8,0,119,119,4,0,48.1,0,1,50,100.0,2.0,1,1.0,0,53,53,1
Cam Johnson,7221,ED,IND,1,0,0,14,57.8,0,0,1,66.7,0.0,0,0,0.0,0,3,2,0,0,,0,0,0,0.0,,0,,0,1,0,0
Markus Kuhn,7223,DI,NYG,9,0,0,21,48.7,0,5,63,100.0,7.9,5,0,4.0,0,66,66,5,0,50.5,0,2,19,100.0,10.5,2,5.3,0,20,20,2
Antonio Allen,7224,CB,NYJ,11,0,1,22,50.0,0,0,5,1.8,0.0,0,4,0.0,0,276,5,0,0,54.3,0,0,3,2.9,0.0,0,0.0,0,103,3,0
Rodney McLeod,7271,S,SL,11,0,0,26,42.0,0,0,12,2.8,8.3,1,1,0.0,0,427,12,0,0,49.5,0,0,5,3.2,0.0,0,0.0,0,154,5,0
Michael Thomas,7279,S,MIA,7,0,0,17,50.3,0,1,5,7.9,0.0,0,0,10.0,0,63,5,1,0,50.3,0,1,5,16.1,0.0,0,10.0,0,31,5,1
Vontaze Burfict,7280,LB,CIN,5,0,1,7,53.5,3,0,16,13.0,12.5,2,4,9.4,0,138,18,3,0,48.3,2,0,8,13.8,12.5,1,12.5,0,65,9,2
Tashaun Gipson Sr.,7288,S,CLV,11,0,0,8,57.3,0,2,11,2.4,9.1,1,2,9.1,0,461,11,2,0,52.2,0,0,3,1.5,0.0,0,0.0,0,197,3,0
Steven Johnson,7298,LB,DEN,6,0,0,10,70.4,0,1,3,7.5,33.3,1,1,16.7,0,40,3,1,0,70.7,0,1,2,12.5,50.0,1,25.0,0,16,2,1
Saalim Hakim,7334,WR,NYJ,2,0,0,22,60.0,0,1,1,33.3,0.0,0,0,50.0,0,3,1,1,0,60.0,0,1,1,50.0,0.0,0,50.0,0,2,1,1
Damon Harrison Sr.,7355,DI,NYJ,11,0,0,22,54.8,2,4,144,100.0,4.2,6,1,2.1,0,152,152,6,0,66.3,1,3,32,100.0,12.5,4,6.3,0,36,36,4
Ryan Davis Sr.,7365,DI,JAX,11,2,0,15,80.7,4,7,155,98.2,13.5,21,0,8.1,7,167,164,18,1,88.3,4,7,106,99.1,18.9,20,11.8,7,115,114,18
Johnson Bademosi,7374,CB,CLV,2,0,0,8,60.0,0,0,2,100.0,0.0,0,0,0.0,0,2,2,0,0,,0,0,0,,,0,,0,0,0,0
Leonard Johnson,7385,CB,TB,11,0,0,30,48.9,0,1,17,9.3,5.9,1,3,2.9,0,193,18,1,0,56.4,0,1,8,7.7,12.5,1,6.3,0,117,9,1
Kelcie McCray,7396,S,KC,7,0,0,16,51.8,0,0,3,11.5,0.0,0,0,0.0,0,26,3,0,0,51.8,0,0,3,17.6,0.0,0,0.0,0,17,3,0
Derrick Shelby,7400,ED,MIA,10,0,0,17,56.5,2,9,177,92.3,8.5,15,1,4.8,3,195,180,14,0,59.2,1,5,75,98.7,12.0,9,6.7,2,78,77,8
Jacquies Smith,7401,ED,TB,10,2,0,30,65.3,1,14,161,98.3,11.8,19,0,7.1,4,175,172,19,2,73.4,1,11,95,100.0,16.8,16,9.5,3,102,102,15
Tony Jerod-Eddie,7432,DI,SF,11,0,0,28,48.7,0,7,111,99.2,5.4,6,1,3.2,0,119,118,7,0,48.9,0,3,43,97.9,4.7,2,3.5,0,48,47,3
Sean Richardson,7456,S,GB,7,0,0,12,41.5,0,0,7,10.6,0.0,0,0,0.0,0,66,7,0,0,60.0,0,0,1,3.3,0.0,0,0.0,0,30,1,0
Tyrunn Walker,7459,DI,NO,11,0,0,20,69.6,1,6,136,98.7,7.4,10,1,4.0,2,150,148,9,0,73.1,1,5,88,99.0,9.1,8,4.5,1,97,96,7
LaRon Byrd,7486,WR,CLV,1,0,0,8,,0,0,1,100.0,0.0,0,0,0.0,0,1,1,0,0,,0,0,0,,,0,,0,0,0,0
Emmanuel Lamur,7561,LB,CIN,10,0,0,7,52.0,2,3,61,15.0,3.3,2,1,4.1,0,421,63,5,0,57.7,2,2,23,12.3,8.7,2,8.7,0,195,24,4
Jamize Olawale,7572,FB,OAK,1,0,0,23,,0,0,1,100.0,0.0,0,0,0.0,0,1,1,0,0,,0,0,0,,,0,,0,0,0,0
Eddie Pleasant,7593,S,HST,3,0,0,13,74.1,0,1,2,13.6,50.0,1,0,25.0,0,22,3,1,0,60.0,0,0,0,7.7,,0,,0,13,1,0
Harrison Smith,7641,S,MIN,11,0,0,18,74.5,3,4,25,6.3,8.0,2,3,18.0,1,427,27,8,0,72.6,1,2,10,6.3,0.0,0,25.0,1,176,11,4
Mike Martin,7644,DI,TEN,9,0,0,31,53.2,3,9,147,100.0,8.2,12,1,4.1,0,155,155,12,0,58.8,2,5,55,100.0,12.7,7,6.4,0,58,58,7
Josh Chapman,7646,DI,IND,11,0,0,14,42.8,0,0,116,99.2,0.0,0,0,0.0,0,127,126,0,0,47.1,0,0,35,97.4,0.0,0,0.0,0,39,38,0
Malik Jackson,7647,ED,DEN,11,1,0,10,69.4,8,21,275,99.7,12.7,35,5,6.4,3,291,290,32,0,70.9,8,14,156,100.0,15.4,24,8.3,2,168,168,24
Brandon Marshall,7648,LB,DEN,11,0,0,10,71.6,3,5,34,7.1,23.5,8,2,14.7,1,504,36,9,0,71.6,2,2,20,9.1,25.0,5,15.0,1,241,22,5
Josh Norman,7649,CB,CAR,8,0,1,5,57.7,0,0,1,0.5,0.0,0,2,0.0,0,201,1,0,0,,0,0,0,0.0,,0,,0,89,0,0
Corey White,7652,CB,NO,11,0,2,20,83.0,1,2,9,2.3,0.0,0,4,27.8,1,396,9,4,0,73.5,0,0,3,1.6,0.0,0,33.3,1,190,3,1
Chandler Fenner,7721,CB,NYG,2,0,0,21,,0,0,1,33.3,0.0,0,0,0.0,0,3,1,0,0,,0,0,0,,,0,,0,0,0,0
Ishmaa'ily Kitchen,7726,DI,CLV,8,0,0,8,54.4,1,1,78,100.0,7.7,6,0,1.3,0,85,85,2,0,57.9,1,0,23,100.0,13.0,3,2.2,0,26,26,1
Cordarro Law,7727,LB,SD,3,1,0,27,62.7,0,2,36,82.2,5.6,2,0,5.6,1,45,37,3,0,64.4,0,1,21,87.5,9.5,2,7.1,1,24,21,2
Will Tukuafu,7764,FB,SEA,1,0,0,29,60.0,0,0,1,100.0,0.0,0,0,0.0,0,1,1,0,0,,0,0,0,,,0,,0,0,0,0
Dion Jordan,7785,ED,MIA,5,0,0,17,52.4,0,4,62,75.9,6.5,4,0,3.2,0,87,66,4,0,56.4,0,3,29,96.8,10.3,3,5.2,0,31,30,3
Barkevious Mingo,7787,ED,CLV,10,1,0,8,69.7,3,15,118,55.9,15.3,18,1,8.5,1,229,128,19,0,62.7,0,8,56,72.6,16.1,9,7.1,0,84,61,8
D.J. Hayden,7793,CB,OAK,5,0,0,23,60.0,0,1,1,0.6,100.0,1,2,50.0,0,165,1,1,0,,0,0,0,0.0,,0,,0,80,0,0
Sheldon Richardson,7794,DI,NYJ,11,1,2,22,67.7,9,18,304,91.7,11.5,35,6,5.8,4,348,319,31,0,66.1,5,11,102,95.7,17.6,18,9.8,2,117,112,18
Star Lotulelei,7795,DI,CAR,10,1,0,5,59.8,2,10,187,99.5,8.6,16,0,3.2,0,197,196,12,1,61.5,2,7,86,100.0,12.8,11,5.2,0,87,87,9
Kenny Vaccaro,7796,S,NO,11,0,0,20,54.9,1,8,43,10.9,7.0,3,6,12.8,1,431,47,10,0,86.6,0,4,14,7.6,21.4,3,21.4,1,197,15,5
Jarvis Jones,7798,ED,PIT,3,0,0,25,57.1,0,2,52,65.1,7.7,4,0,5.8,2,86,56,4,0,52.3,0,0,18,75.0,5.6,1,0.0,0,24,18,0
Eric Reid,7799,S,SF,11,0,0,28,74.7,1,3,5,1.4,20.0,1,4,40.0,0,442,6,4,0,68.1,0,3,2,1.5,50.0,1,75.0,0,197,3,3
Desmond Trufant,7803,CB,ATL,11,0,1,2,63.6,0,0,5,1.5,0.0,0,3,0.0,0,452,7,0,0,77.5,0,0,1,1.0,0.0,0,0.0,0,206,2,0
Sharrif Floyd,7804,DI,MIN,10,0,0,18,67.6,3,11,252,99.3,8.7,22,1,4.4,4,274,272,18,0,68.0,1,6,111,100.0,11.7,13,5.9,3,116,116,10
Bjoern Werner,7805,ED,IND,11,1,0,14,66.0,4,14,276,83.1,8.3,23,3,4.7,4,350,291,22,0,62.9,2,7,117,87.3,12.8,15,6.4,3,142,124,12
Datone Jones,7807,DI,GB,8,0,0,12,63.4,2,8,118,95.4,11.0,13,0,5.1,1,131,125,11,0,59.2,1,5,60,98.5,13.3,8,6.7,1,65,64,7
Sylvester Williams,7809,DI,DEN,11,1,0,10,62.8,2,10,176,98.9,9.7,17,0,3.4,0,187,185,12,0,58.5,0,7,66,100.0,13.6,9,5.3,0,70,70,7
Alec Ogletree,7811,LB,SL,11,4,0,26,65.1,2,7,76,18.5,10.5,8,2,8.6,2,432,80,11,0,61.0,2,3,29,20.8,20.7,6,12.1,1,154,32,6
Matt Elam,7813,S,BLT,11,0,2,3,70.3,3,3,18,6.1,11.1,2,4,22.2,1,295,18,7,0,74.1,1,2,8,7.1,12.5,1,31.3,1,113,8,4
Johnathan Cyprien,7814,S,JAX,10,0,0,15,49.5,0,0,5,1.3,0.0,0,0,0.0,0,376,5,0,0,50.8,0,0,4,2.4,0.0,0,0.0,0,170,4,0
Manti Te'o,7819,LB,SD,5,0,0,27,59.1,0,3,24,18.8,12.5,3,0,10.4,1,144,27,4,0,67.0,0,2,10,18.2,30.0,3,20.0,1,66,12,3
Tank Carradine,7821,DI,SF,3,0,0,28,57.5,0,1,11,100.0,9.1,1,0,4.5,0,12,12,1,0,53.8,0,0,3,100.0,0.0,0,0.0,0,4,4,0
Kawann Short,7825,DI,CAR,11,2,0,5,71.8,6,12,234,98.4,9.8,23,1,4.3,1,249,245,19,2,81.5,4,9,109,100.0,13.8,15,6.9,1,112,112,14
Kevin Minter,7826,LB,ARZ,11,0,0,1,71.0,0,0,10,14.6,20.0,2,0,10.0,1,89,13,1,0,69.6,0,0,3,12.5,33.3,1,0.0,0,24,3,0
Johnathan Hankins,7830,DI,NYG,11,3,0,21,74.1,4,17,205,98.7,11.7,24,0,7.1,4,224,221,25,1,72.5,1,9,68,98.7,16.2,11,8.8,1,78,77,11
Jon Bostic,7831,LB,CHI,8,0,0,6,68.9,0,3,21,9.2,19.0,4,1,7.1,0,238,22,3,0,75.4,0,3,11,8.9,36.4,4,13.6,0,135,12,3
David Amerson,7832,CB,WAS,10,0,0,32,60.0,0,0,1,0.3,0.0,0,0,0.0,0,353,1,0,0,,0,0,0,0.0,,0,,0,164,0,0
Jamie Collins Sr.,7833,LB,NE,10,0,0,19,78.4,3,11,47,12.9,19.1,9,3,14.9,0,394,51,14,0,81.5,3,7,31,16.7,22.6,7,16.1,0,203,34,10
Margus Hunt,7834,ED,CIN,10,1,0,7,52.1,0,5,90,94.9,7.8,7,0,3.9,1,99,94,6,0,56.6,0,4,42,97.7,14.3,6,7.1,1,44,43,5
Jamar Taylor,7835,CB,MIA,11,0,3,17,53.8,0,1,3,1.6,0.0,0,5,16.7,0,184,3,1,0,56.0,0,1,2,3.0,0.0,0,25.0,0,67,2,1
D.J. Swearinger Sr.,7838,S,HST,11,0,0,13,74.9,2,6,42,9.9,11.9,5,1,11.9,1,444,44,9,0,86.2,1,5,22,12.7,13.6,3,13.6,0,181,23,6
Robert Alford,7841,CB,ATL,10,0,3,2,57.7,0,0,1,0.3,0.0,0,8,0.0,0,367,1,0,0,,0,0,0,0.0,,0,,0,165,0,0
Dwayne Gratz,7845,CB,JAX,10,0,2,15,58.8,0,0,1,0.3,0.0,0,3,0.0,0,313,1,0,0,,0,0,0,0.0,,0,,0,136,0,0
Sio Moore,7847,LB,OAK,9,0,1,23,60.3,2,10,55,20.2,16.4,9,3,16.4,3,322,65,15,0,61.4,1,6,24,18.7,29.2,7,22.9,2,150,28,9
Bennie Logan,7848,DI,PHI,11,1,0,24,50.2,1,7,196,99.0,4.1,8,1,2.0,0,207,205,8,1,52.3,0,2,65,100.0,4.6,3,1.5,0,69,69,2
Tyrann Mathieu,7850,S,ARZ,10,0,0,1,71.8,3,4,22,8.9,9.1,2,1,15.9,0,259,23,7,0,41.5,0,2,13,9.3,7.7,1,7.7,0,140,13,2
Blidi Wreh-Wilson,7851,CB,TEN,9,0,1,31,72.7,0,1,2,0.6,0.0,0,9,25.0,0,346,2,1,0,66.6,0,1,1,0.7,0.0,0,50.0,0,137,1,1
T.J. McDonald,7852,S,SL,11,0,0,26,73.9,0,3,23,6.3,13.0,3,2,10.9,1,432,27,4,0,45.4,0,1,8,6.5,12.5,1,6.3,0,154,10,1
J.J. Wilcox,7861,S,DAL,11,0,1,9,67.9,1,0,5,1.2,0.0,0,3,10.0,0,402,5,1,0,72.9,1,0,3,1.7,0.0,0,16.7,0,178,3,1
Damontre Moore,7862,ED,NYG,11,0,0,21,64.8,7,9,112,96.7,17.0,19,0,9.8,3,121,117,19,0,64.3,4,8,74,98.7,20.3,15,12.2,3,78,77,15
John Jenkins,7863,DI,NO,8,1,0,20,60.7,0,7,89,100.0,7.9,7,1,3.9,0,97,97,7,0,64.6,0,4,27,100.0,14.8,4,7.4,0,30,30,4
Logan Ryan,7864,CB,NE,10,0,0,19,68.3,1,0,5,2.0,0.0,0,5,10.0,0,244,5,1,0,55.2,0,0,2,1.4,0.0,0,0.0,0,139,2,0
Shawn Williams,7865,S,CIN,4,0,0,7,60.0,0,0,1,9.1,0.0,0,0,0.0,0,11,1,0,0,,0,0,0,0.0,,0,,0,4,0,0
Jordan Hill,7868,DI,SEA,8,2,0,29,59.7,4,6,154,97.1,9.7,15,0,3.9,1,170,165,11,2,63.5,4,5,87,100.0,13.8,12,6.3,1,94,94,10
Corey Lemonier,7869,ED,SF,6,0,0,28,46.9,1,1,66,96.0,3.0,2,1,1.5,0,75,72,2,0,44.8,0,0,31,100.0,0.0,0,0.0,0,36,36,0
Kayvon Webster,7871,CB,DEN,8,0,0,10,53.6,0,0,3,3.2,0.0,0,1,0.0,0,93,3,0,0,53.6,0,0,3,5.9,0.0,0,0.0,0,51,3,0
Duron Harmon,7872,S,NE,10,0,0,19,59.5,0,0,1,0.7,0.0,0,2,0.0,0,142,1,0,0,59.5,0,0,1,1.1,0.0,0,0.0,0,89,1,0
Brandon Williams,7875,DI,BLT,11,0,0,3,55.1,2,5,164,100.0,5.5,9,0,2.7,1,175,175,8,0,55.7,2,3,65,100.0,9.2,6,5.4,1,67,67,6
Zaviar Gooden,7879,LB,TEN,6,0,0,31,53.4,0,1,12,20.6,8.3,1,0,4.2,0,63,13,1,0,62.4,0,1,5,26.3,20.0,1,10.0,0,19,5,1
Akeem Spence,7882,DI,TB,11,0,1,30,59.5,1,5,108,100.0,6.5,7,4,3.7,1,114,114,7,0,63.0,1,4,45,100.0,11.1,5,7.8,1,49,49,6
Alex Okafor,7885,ED,ARZ,8,1,0,1,59.5,4,14,189,79.3,12.7,24,0,7.9,6,256,203,24,0,61.1,2,6,102,89.3,14.7,15,8.8,5,122,109,13
Jelani Jenkins,7886,LB,MIA,11,0,0,17,68.6,1,6,40,10.1,15.0,6,0,18.8,4,426,43,11,0,76.8,1,4,18,12.3,27.8,5,30.6,3,155,19,8
Duke Williams,7887,S,BUF,11,0,0,4,79.9,1,1,9,4.1,11.1,1,4,11.1,0,266,11,2,0,90.5,1,1,5,3.8,20.0,1,20.0,0,132,5,2
Khaseem Greene,7899,LB,CHI,2,0,0,6,55.2,0,0,4,5.5,0.0,0,0,0.0,0,73,4,0,0,55.2,0,0,3,6.7,0.0,0,0.0,0,45,3,0
Gerald Hodges,7902,LB,MIN,8,0,0,18,55.9,1,1,12,9.0,8.3,1,0,8.3,0,134,12,2,0,52.4,0,0,4,6.7,0.0,0,0.0,0,60,4,0
William Gholston,7908,ED,TB,10,2,1,30,60.5,6,16,226,98.4,9.3,21,5,5.3,1,250,246,23,0,70.0,4,12,83,98.9,20.5,17,9.6,0,95,94,16
Malliciah Goodman,7909,ED,ATL,11,0,0,2,54.9,1,12,198,94.2,7.6,15,2,3.3,0,225,212,13,0,58.4,1,8,84,98.9,9.5,8,5.4,0,92,91,9
John Simon,7911,ED,HST,5,0,0,13,60.7,1,4,43,78.0,14.0,6,0,10.5,2,59,46,7,0,59.9,1,4,22,89.3,22.7,5,11.4,0,28,25,5
Devin Taylor,7914,ED,DET,11,0,0,11,49.7,1,1,71,96.4,2.8,2,1,1.4,0,83,80,2,0,53.2,0,1,23,93.5,4.3,1,2.2,0,31,29,1
Earl Wolff,7918,S,PHI,3,0,0,24,55.4,0,0,2,4.1,0.0,0,0,0.0,0,49,2,0,0,,0,0,0,0.0,,0,,0,27,0,0
Montori Hughes,7921,DI,IND,9,1,0,14,62.6,0,4,87,100.0,6.9,6,0,2.3,0,89,89,4,0,58.1,0,1,29,100.0,10.3,3,1.7,0,30,30,1
Lavar Edwards,7924,DI,DAL,4,0,0,9,53.0,0,1,25,100.0,4.0,1,0,2.0,0,27,27,1,0,59.8,0,1,8,100.0,12.5,1,6.3,0,8,8,1
Quanterus Smith,7928,ED,DEN,11,0,0,10,51.9,2,9,153,95.3,7.2,11,1,3.6,0,172,164,11,0,53.6,1,6,71,93.9,8.5,6,4.9,0,82,77,7
Steven Means,7929,ED,TB,1,0,0,30,59.2,0,0,1,100.0,0.0,0,0,0.0,0,1,1,0,0,59.2,0,0,1,100.0,0.0,0,0.0,0,1,1,0
A.J. Klein,7930,LB,CAR,10,0,0,5,56.9,0,0,12,12.9,8.3,1,0,0.0,0,101,13,0,0,54.9,0,0,3,10.7,0.0,0,0.0,0,28,3,0
Stansly Maponga,7935,ED,ATL,7,0,0,2,60.0,0,1,39,93.2,12.8,5,0,3.8,1,44,41,2,0,63.2,0,1,17,89.5,17.6,3,8.8,1,19,17,2
Quinton Dial,7939,DI,SF,8,0,0,28,63.8,1,3,38,97.7,13.2,5,1,7.9,1,43,42,5,0,59.0,0,0,7,90.0,0.0,0,0.0,0,10,9,0
Micah Hyde,7941,S,GB,11,0,0,12,58.4,0,2,15,5.2,6.7,1,2,13.3,1,330,17,3,0,76.3,0,0,4,3.5,25.0,1,25.0,1,143,5,1
Josh Boyd,7949,DI,GB,10,0,0,12,56.5,2,6,137,98.0,10.2,14,0,2.9,0,150,147,8,0,58.4,1,3,54,100.0,13.0,7,3.7,0,56,56,4
Tourek Williams,7960,ED,SD,9,0,0,27,48.1,1,3,59,86.1,5.1,3,0,3.4,0,72,62,4,0,51.4,1,2,30,88.9,6.7,2,5.0,0,36,32,3
Latavius Murray,7962,HB,OAK,1,0,0,23,,0,0,1,100.0,0.0,0,0,0.0,0,1,1,0,0,,0,0,0,,,0,,0,0,0,0
Cornelius Washington,7969,ED,CHI,4,0,0,6,66.0,1,2,19,100.0,21.1,4,0,13.2,1,21,21,4,0,65.5,1,2,8,100.0,37.5,3,18.8,0,9,9,3
Bacarri Rambo,7972,S,BUF,3,0,0,4,52.8,0,2,3,6.8,0.0,0,0,33.3,0,44,3,2,0,,0,0,0,0.0,,0,,0,23,0,0
Chris Jones,7979,DI,NE,10,0,0,19,49.7,3,6,203,100.0,7.4,15,0,2.7,1,218,218,10,0,50.6,2,4,114,100.0,8.8,10,2.6,0,122,122,6
Stacy McGee,7987,DI,OAK,10,0,0,23,52.2,0,0,46,100.0,2.2,1,1,0.0,0,49,49,0,0,58.4,0,0,12,100.0,8.3,1,0.0,0,13,13,0
Vince Williams,7988,LB,PIT,8,0,0,25,58.2,0,4,24,31.4,12.5,3,1,8.3,0,86,27,4,0,59.1,0,2,10,27.3,20.0,2,10.0,0,44,12,2
Brice Butler,7991,WR,OAK,1,0,0,23,,0,0,1,100.0,0.0,0,0,0.0,0,1,1,0,0,,0,0,0,,,0,,0,0,0,0
Armonty Bryant,7999,DI,CLV,5,0,0,8,48.7,2,1,89,99.0,6.7,6,0,3.9,2,99,98,5,0,50.6,1,1,42,98.0,9.5,4,4.8,1,51,50,3
Jordan Poyer,8000,S,CLV,4,0,0,8,60.0,0,0,2,20.0,0.0,0,0,0.0,0,10,2,0,0,,0,0,0,0.0,,0,,0,1,0,0
Michael Buchanan,8009,ED,NE,2,0,0,19,56.5,0,0,11,92.3,9.1,1,0,0.0,0,13,12,0,0,58.5,0,0,8,100.0,12.5,1,0.0,0,8,8,0
Ty Powell,8014,LB,BUF,3,0,0,4,72.1,0,0,2,11.1,0.0,0,0,50.0,1,18,2,1,0,72.8,0,0,1,9.1,0.0,0,100.0,1,11,1,1
Sam Barrington,8015,LB,GB,6,0,0,12,68.1,0,1,4,7.8,0.0,0,0,37.5,1,64,5,2,0,77.3,0,0,1,4.8,0.0,0,100.0,1,21,1,1
David Bass,8016,ED,CHI,3,0,0,6,79.8,1,1,17,94.4,17.6,3,0,11.8,1,18,17,3,0,80.9,1,0,9,90.0,22.2,2,16.7,1,10,9,2
Kemal Ishmael,8026,S,ATL,10,0,0,2,63.4,0,1,10,3.6,10.0,1,1,5.0,0,359,13,1,0,46.9,0,0,4,2.3,0.0,0,0.0,0,172,4,0
Daimion Stafford,8031,S,TEN,6,0,0,31,73.6,0,0,3,3.0,0.0,0,1,33.3,1,134,4,1,0,81.6,0,0,2,3.3,0.0,0,50.0,1,61,2,1
Brandon Magee,8064,LB,TB,3,0,0,30,58.3,0,0,1,20.0,0.0,0,0,0.0,0,5,1,0,0,,0,0,0,0.0,,0,,0,1,0,0
Josh McNary,8073,LB,IND,7,0,0,14,63.5,1,3,19,16.7,10.5,2,0,10.5,0,120,20,4,0,54.0,0,2,13,25.5,7.7,1,7.7,0,55,14,2
Ezekiel Ansah,8094,ED,DET,11,0,0,11,69.0,11,18,270,93.3,14.1,38,0,8.3,8,313,292,37,0,77.3,8,13,143,96.9,23.8,34,12.9,8,163,158,29
Jumal Rolle,8105,CB,HST,4,0,0,13,57.5,0,0,2,2.1,0.0,0,0,0.0,0,94,2,0,0,60.0,0,0,1,2.7,0.0,0,0.0,0,37,1,0
Jahleel Addae,8117,S,SD,6,0,0,27,65.3,0,0,5,3.6,0.0,0,1,20.0,1,169,6,1,0,78.3,0,0,2,2.6,0.0,0,50.0,1,78,2,1
Josh Martin,8138,ED,KC,6,0,0,16,63.1,0,1,15,77.3,13.3,2,0,3.3,0,22,17,1,0,69.4,0,1,8,76.9,25.0,2,6.3,0,13,10,1
Paul Worrilow,8141,LB,ATL,11,0,0,2,56.1,3,3,69,17.0,7.2,5,1,7.2,2,452,77,8,0,47.1,1,2,40,20.9,7.5,3,3.8,0,206,43,3
Marcus Burley,8142,CB,SEA,9,0,0,29,51.6,0,0,4,1.9,0.0,0,0,0.0,0,212,4,0,0,57.1,0,0,2,1.8,0.0,0,0.0,0,109,2,0
Lerentee McCray,8159,LB,DEN,8,0,0,10,57.2,1,2,36,64.4,8.3,3,0,4.2,0,59,38,3,0,60.3,1,1,13,73.7,7.7,1,7.7,0,19,14,2
Abry Jones,8177,DI,JAX,11,1,0,15,59.3,1,0,109,100.0,4.6,5,0,3.2,3,113,113,4,0,71.0,1,0,37,100.0,13.5,5,9.5,3,37,37,4
T.J. Barnes,8184,DI,NYJ,3,0,0,22,52.4,0,0,20,90.9,0.0,0,0,0.0,0,22,20,0,0,55.6,0,0,4,100.0,0.0,0,0.0,0,4,4,0
Benson Mayowa,8196,ED,OAK,9,1,0,23,58.1,2,7,133,96.0,9.8,13,2,3.4,0,150,144,9,0,57.9,2,4,58,95.5,12.1,7,5.2,0,66,63,6
Glenn Foster,8204,DI,NO,5,0,0,20,56.6,1,6,45,100.0,15.6,7,0,7.8,0,50,50,7,0,58.3,0,6,30,100.0,20.0,6,10.0,0,34,34,6
Justin Tuggle,8225,LB,HST,9,0,0,13,60.5,1,3,14,11.5,7.1,1,0,14.3,0,122,14,4,0,59.8,1,1,7,17.5,0.0,0,14.3,0,40,7,2
Melvin White,8248,CB,CAR,9,0,2,5,52.5,0,0,3,1.0,0.0,0,2,0.0,0,290,3,0,0,59.1,0,0,1,0.8,0.0,0,0.0,0,133,1,0
Joe Vellano,8264,DI,NE,5,0,0,19,57.4,0,2,32,100.0,9.4,3,0,6.3,1,34,34,3,0,57.6,0,0,9,100.0,11.1,1,11.1,1,11,11,1
Ray-Ray Armstrong,8271,LB,OAK,3,0,0,23,54.2,0,2,3,18.8,0.0,0,0,33.3,0,16,3,2,0,55.8,0,1,2,25.0,0.0,0,25.0,0,8,2,1
Cameron Lawrence,8293,LB,DAL,2,0,1,9,56.7,0,0,4,44.4,25.0,1,1,25.0,1,9,4,1,0,59.2,0,0,2,40.0,50.0,1,50.0,1,5,2,1
Will Compton,8308,LB,WAS,6,0,0,32,61.5,1,1,7,8.1,0.0,0,0,14.3,0,86,7,2,0,66.1,1,0,4,10.5,0.0,0,12.5,0,38,4,1
Eric Martin,8309,ED,CLV,6,0,0,8,58.8,0,2,25,96.2,8.0,2,0,4.0,0,26,25,2,0,56.6,0,1,13,100.0,7.7,1,3.8,0,13,13,1
Casey Walker,8355,DI,NE,5,0,0,19,49.3,0,3,77,100.0,5.2,4,0,3.2,1,87,87,4,0,52.2,0,1,36,100.0,5.6,2,4.2,1,39,39,2
Demontre Hurst,8359,CB,CHI,6,0,0,6,90.9,2,1,6,3.7,33.3,2,0,25.0,0,163,6,3,0,90.7,1,1,3,2.8,66.7,2,33.3,0,106,3,2
Tony Jefferson,8361,S,ARZ,11,0,0,1,80.7,2,3,25,10.2,8.0,2,1,14.0,1,265,27,6,0,62.5,1,1,15,13.2,0.0,0,13.3,1,114,15,3
Stefan Charles,8387,DI,BUF,11,0,0,4,52.4,0,4,125,100.0,5.6,7,0,3.2,2,134,134,6,0,57.6,0,4,62,100.0,9.7,6,4.8,1,64,64,5
Jeff Heath,8396,S,DAL,10,0,0,9,54.3,0,1,2,3.3,0.0,0,1,25.0,0,60,2,1,0,58.8,0,0,1,3.6,0.0,0,0.0,0,28,1,0
Jayson DiManche,8414,LB,CIN,3,0,0,7,52.7,1,0,7,25.0,14.3,1,1,7.1,0,28,7,1,0,54.2,1,0,3,37.5,33.3,1,16.7,0,8,3,1
Joplo Bartu,8455,LB,ATL,11,0,1,2,52.3,0,1,17,10.3,5.9,1,2,2.9,0,175,18,1,0,52.1,0,0,4,6.8,0.0,0,0.0,0,59,4,0
Cody Davis,8458,S,SL,4,0,0,26,58.8,0,0,0,8.3,,0,0,,0,12,1,0,0,58.8,0,0,0,25.0,,0,,0,4,1,0
Brynden Trawick,8471,S,BLT,5,0,0,3,66.9,1,0,5,17.9,20.0,1,0,10.0,0,28,5,1,0,52.5,0,0,3,20.0,0.0,0,0.0,0,15,3,0
Lowell Rose,8473,CB,MIA,2,0,0,17,,0,0,1,10.0,0.0,0,0,0.0,0,10,1,0,0,,0,0,0,,,0,,0,0,0,0
Nickell Robey-Coleman,8483,CB,BUF,11,0,0,4,52.5,1,4,25,8.0,8.0,2,1,14.0,1,314,25,6,0,56.4,1,3,11,6.4,9.1,1,18.2,0,173,11,4
Wes Horton,8484,ED,CAR,11,1,0,5,58.2,2,5,156,95.9,5.8,9,2,3.5,2,170,163,9,0,67.1,1,4,61,95.5,11.5,7,7.4,2,66,63,7
LaRoy Reynolds,8500,LB,JAX,4,0,1,15,69.1,1,1,6,11.5,50.0,3,2,16.7,0,52,6,2,0,,0,0,0,0.0,,0,,0,8,0,0
Jadeveon Clowney,8636,LB,HST,4,0,0,13,50.5,0,3,92,91.3,6.5,6,1,1.6,0,103,94,3,0,47.8,0,1,38,95.2,2.6,1,1.3,0,42,40,1
Khalil Mack,8640,ED,OAK,11,2,0,23,67.6,8,30,296,85.1,14.2,42,1,6.8,1,377,321,39,2,71.2,4,20,132,89.4,22.0,29,9.8,1,160,143,25
Justin Gilbert,8643,CB,CLV,10,0,2,8,61.8,1,0,2,1.0,0.0,0,5,25.0,0,209,2,1,0,61.8,1,0,1,1.0,0.0,0,50.0,0,105,1,1
Anthony Barr,8644,LB,MIN,11,1,0,18,77.0,5,11,98,25.7,17.3,17,1,12.2,4,428,110,20,0,84.4,3,4,44,27.8,27.3,12,17.0,4,176,49,11
Aaron Donald,8648,DI,SL,11,1,0,26,70.2,4,15,282,97.7,9.6,27,2,5.1,5,309,302,24,1,74.6,3,7,110,98.4,13.6,15,7.3,3,124,122,13
Ryan Shazier,8650,LB,PIT,5,0,0,25,53.7,0,3,12,13.6,16.7,2,0,12.5,0,118,16,3,0,65.2,0,2,4,11.6,50.0,2,25.0,0,43,5,2
C.J. Mosley,8652,LB,BLT,11,1,0,3,70.6,6,11,74,16.6,14.9,11,4,12.8,1,469,78,18,0,60.4,3,7,42,20.5,19.0,8,11.9,0,219,45,10
Calvin Pryor,8653,S,NYJ,10,0,0,22,65.2,0,1,18,6.4,11.1,2,0,8.3,1,281,18,2,0,50.4,0,0,8,7.8,0.0,0,0.0,0,103,8,0
Ha Ha Clinton-Dix,8656,S,GB,11,0,0,12,65.7,1,2,13,3.5,15.4,2,2,19.2,1,404,14,4,0,67.8,1,0,5,3.2,20.0,1,30.0,1,190,6,2
Dee Ford,8658,ED,KC,7,0,0,16,63.8,1,2,28,76.9,14.3,4,0,8.9,1,39,30,4,0,68.4,1,2,19,95.5,21.1,4,13.2,1,22,21,4
Darqueze Dennard,8659,CB,CIN,3,0,0,7,79.7,0,0,2,4.9,0.0,0,0,50.0,1,41,2,1,0,58.1,0,0,1,3.3,0.0,0,0.0,0,30,1,0
Marcus Smith,8661,LB,PHI,6,0,0,24,47.0,1,2,14,27.1,7.1,1,0,10.7,0,59,16,3,0,48.3,1,2,9,27.8,11.1,1,16.7,0,36,10,3
Deone Bucannon,8662,S,ARZ,11,0,1,1,41.7,1,2,69,19.8,7.2,5,1,5.1,2,369,73,5,0,51.7,1,1,37,19.9,10.8,4,5.4,1,201,40,3
Dominique Easley,8664,DI,NE,9,0,0,19,49.3,2,7,164,97.8,7.3,12,2,3.4,1,180,176,10,0,48.7,1,5,92,98.1,8.7,8,4.3,1,103,101,7
Jimmie Ward,8665,CB,SF,8,0,1,28,33.5,0,1,8,4.8,0.0,0,4,6.3,0,209,10,1,0,35.9,0,1,3,4.4,0.0,0,16.7,0,114,5,1
Bradley Roby,8666,CB,DEN,11,0,0,10,62.7,0,1,7,1.6,14.3,1,5,21.4,1,438,7,2,0,47.6,0,0,4,1.7,0.0,0,0.0,0,237,4,0
Demarcus Lawrence,8669,ED,DAL,3,0,0,9,61.0,1,3,51,96.4,9.8,5,0,3.9,0,56,54,4,0,66.2,1,2,22,100.0,18.2,4,6.8,0,25,25,3
Ra'Shede Hageman,8672,DI,ATL,10,0,0,2,51.8,0,2,56,100.0,3.6,2,0,1.8,0,65,65,2,0,54.5,0,1,20,100.0,5.0,1,2.5,0,23,23,1
Kyle Van Noy,8675,LB,DET,3,0,0,11,56.8,0,0,1,40.0,0.0,0,0,0.0,0,5,2,0,0,,0,0,0,,,0,,0,0,0,0
Lamarcus Joyner,8676,CB,SL,8,0,3,26,47.6,0,2,21,13.4,9.5,2,5,4.8,0,172,23,2,0,46.3,0,2,8,12.3,12.5,1,12.5,0,81,10,2
Stephon Tuitt,8681,DI,PIT,11,0,0,25,56.1,2,4,81,100.0,6.2,5,0,4.9,1,87,87,7,0,53.1,0,2,26,100.0,3.8,1,3.8,0,29,29,2
Trent Murphy,8682,ED,WAS,11,1,0,32,61.9,5,13,212,83.8,10.8,23,1,5.2,2,265,222,20,0,54.7,2,9,114,89.2,13.2,15,5.7,1,139,124,12
Timmy Jernigan,8683,DI,BLT,7,0,0,3,57.7,0,7,94,98.1,8.5,8,0,4.8,1,103,101,8,0,61.9,0,7,41,100.0,17.1,7,8.5,0,44,44,7
Jeremiah Attaochu,8685,ED,SD,6,0,0,27,90.2,0,5,60,87.8,15.0,9,1,7.5,2,74,65,7,0,93.0,0,5,33,90.2,27.3,9,13.6,2,41,37,7
Ego Ferguson,8686,DI,CHI,11,3,0,6,61.9,0,4,98,100.0,6.1,6,1,4.1,2,101,101,6,1,64.7,0,4,42,100.0,14.3,6,9.5,2,43,43,6
Kony Ealy,8695,ED,CAR,10,0,0,5,52.6,4,3,120,96.9,9.2,11,3,3.8,1,129,125,8,0,55.1,3,1,44,97.8,11.4,5,6.8,1,46,45,5
Dezmen Southward,8703,S,ATL,9,0,0,2,68.7,1,0,5,4.1,20.0,1,0,30.0,1,146,6,2,0,74.6,1,0,2,2.2,0.0,0,25.0,0,92,2,1
Christian Kirksey,8706,LB,CLV,11,0,1,8,53.0,1,3,46,16.6,8.7,4,1,8.7,2,301,50,6,0,59.1,1,1,16,14.2,18.8,3,18.8,2,134,19,4
Scott Crichton,8707,ED,MIN,2,0,0,18,58.5,1,1,10,100.0,20.0,2,0,10.0,0,10,10,2,0,60.9,1,0,6,100.0,16.7,1,8.3,0,6,6,1
Preston Brown,8708,LB,BUF,11,0,0,4,52.4,1,1,25,6.1,4.0,1,2,4.0,0,446,27,2,0,60.8,1,1,11,4.9,9.1,1,9.1,0,224,11,2
Jay Bromley,8709,DI,NYG,3,0,0,21,57.6,0,1,13,100.0,7.7,1,0,3.8,0,15,15,1,0,59.6,0,1,8,100.0,12.5,1,6.3,0,10,10,1
Chris Borland,8712,LB,SF,6,0,0,28,85.3,0,2,18,10.9,27.8,5,1,11.1,1,183,20,3,0,79.0,0,2,10,15.9,40.0,4,10.0,0,69,11,2
Terrence Brooks,8714,S,BLT,7,0,0,3,65.5,1,1,5,2.6,20.0,1,0,20.0,0,192,5,2,0,59.5,1,0,1,0.9,0.0,0,50.0,0,112,1,1
Will Sutton III,8717,DI,CHI,11,1,0,6,52.3,0,6,168,100.0,3.6,6,1,1.8,0,173,173,6,1,49.0,0,3,66,100.0,1.5,1,2.3,0,68,68,3
Kareem Martin,8719,DI,ARZ,10,1,0,1,52.7,0,3,119,97.7,5.0,6,1,2.1,1,131,128,4,0,59.4,0,3,58,100.0,8.6,5,4.3,1,66,66,4
Phillip Gaines,8722,CB,KC,6,0,1,16,48.3,1,0,4,2.6,0.0,0,1,12.5,0,151,4,1,0,49.4,1,0,3,3.3,0.0,0,16.7,0,92,3,1
Will Clarke,8723,ED,CIN,3,0,0,7,48.4,0,1,18,95.0,5.6,1,0,2.8,0,20,19,1,0,50.1,0,1,9,90.0,11.1,1,5.6,0,10,9,1
Bashaud Breeland,8737,CB,WAS,11,0,0,32,73.3,0,1,1,0.9,100.0,1,5,50.0,0,337,3,1,0,,0,0,0,0.0,,0,,0,149,0,0
Justin Ellis,8742,DI,OAK,11,1,0,23,52.4,1,9,180,99.5,5.0,9,1,2.8,0,195,194,10,1,60.0,1,5,61,100.0,8.2,5,4.9,0,66,66,6
Cassius Marsh,8743,ED,SEA,5,0,0,29,49.0,0,0,37,95.1,0.0,0,0,0.0,0,41,39,0,0,51.7,0,0,9,90.9,0.0,0,0.0,0,11,10,0
DaQuan Jones,8747,DI,TEN,4,0,0,31,53.0,0,2,22,100.0,9.1,2,0,4.5,0,22,22,2,0,57.3,0,1,10,100.0,20.0,2,5.0,0,10,10,1
Andre Williams,8748,HB,NYG,1,0,0,21,60.0,0,0,1,100.0,0.0,0,0,0.0,0,1,1,0,0,,0,0,0,,,0,,0,0,0,0
Keith McGill,8751,CB,OAK,1,0,0,23,60.0,0,0,1,14.3,0.0,0,0,0.0,0,7,1,0,0,,0,0,0,0.0,,0,,0,2,0,0
Anthony Hitchens,8754,LB,DAL,8,0,0,9,54.9,2,2,16,10.4,0.0,0,1,12.5,0,163,17,4,0,59.5,1,0,8,11.8,0.0,0,6.3,0,76,9,1
Marqueston Huff,8757,CB,TEN,7,0,0,31,75.1,0,2,7,6.5,28.6,2,0,28.6,1,123,8,3,0,81.6,0,2,5,12.0,40.0,2,40.0,1,50,6,3
Walt Aikens,8760,S,MIA,5,0,1,17,,0,0,1,4.2,0.0,0,1,0.0,0,24,1,0,0,,0,0,0,0.0,,0,,0,9,0,0
Tre Boston,8763,S,CAR,4,0,0,5,74.0,1,1,3,6.0,33.3,1,0,33.3,0,50,3,2,0,,0,0,0,0.0,,0,,0,24,0,0
Dontae Johnson,8764,CB,SF,8,0,0,28,87.0,2,0,3,2.6,33.3,1,1,33.3,0,154,4,2,0,54.1,1,0,2,2.5,0.0,0,25.0,0,80,2,1
Brock Vereen,8766,S,CHI,8,0,0,6,47.5,0,1,2,1.4,0.0,0,0,25.0,0,141,2,1,0,47.5,0,1,2,2.3,0.0,0,25.0,0,87,2,1
Kevin Pierre-Louis,8767,LB,SEA,5,0,0,29,53.6,0,4,17,27.4,5.9,1,0,11.8,0,62,17,4,0,57.8,0,2,8,28.6,0.0,0,12.5,0,28,8,2
Nevin Lawson,8768,CB,DET,2,0,0,11,52.2,0,0,4,9.8,0.0,0,0,0.0,0,41,4,0,0,,0,0,0,0.0,,0,,0,17,0,0
Prince Shembo,8774,LB,ATL,9,0,1,2,71.7,1,3,19,16.7,15.8,3,1,10.5,0,114,19,4,0,71.5,1,2,9,22.5,11.1,1,16.7,0,40,9,3
Telvin Smith Sr.,8779,LB,JAX,11,0,0,15,83.8,1,2,16,7.0,12.5,2,0,21.9,2,244,17,5,0,90.2,1,1,11,8.8,18.2,2,27.3,2,136,12,4
Bene Benwikere,8783,CB,CAR,5,1,0,5,67.5,2,3,6,4.5,0.0,0,0,41.7,0,133,6,5,0,59.5,1,1,1,1.3,0.0,0,100.0,0,75,1,2
Aaron Lynch,8785,ED,SF,11,3,0,28,69.5,4,24,228,90.8,14.9,34,2,7.9,4,272,247,32,1,71.9,1,16,122,98.6,19.7,24,10.2,4,139,137,21
Avery Williamson,8786,LB,TEN,9,1,0,31,59.9,2,5,66,28.8,9.1,6,2,11.4,4,243,70,11,1,60.9,0,3,31,38.8,12.9,4,14.5,3,85,33,6
Nat Berhe,8787,S,NYG,2,0,0,21,60.0,0,0,2,10.5,0.0,0,0,0.0,0,19,2,0,0,60.0,0,0,1,7.7,0.0,0,0.0,0,13,1,0
Jeremiah George,8789,LB,JAX,1,0,0,15,60.0,0,0,1,25.0,0.0,0,0,0.0,0,4,1,0,0,,0,0,0,,,0,,0,0,0,0
Lamin Barrow,8791,LB,DEN,4,0,0,10,57.2,0,0,9,26.5,11.1,1,0,0.0,0,34,9,0,0,58.8,0,0,7,35.0,14.3,1,0.0,0,20,7,0
Caraun Reid,8793,DI,DET,10,1,0,11,56.6,0,3,57,100.0,3.5,2,0,2.6,0,63,63,3,0,50.9,0,0,16,100.0,0.0,0,0.0,0,19,19,0
Chris Smith,8794,ED,JAX,4,0,0,15,58.2,0,1,41,100.0,7.3,3,0,6.1,2,43,43,3,0,61.4,0,1,32,100.0,9.4,3,7.8,2,34,34,3
Ed Stinson,8795,DI,ARZ,9,0,0,1,49.0,2,3,124,99.2,4.8,6,1,2.0,0,133,132,5,0,53.5,2,2,61,98.5,8.2,5,3.3,0,67,66,4
Ryan Carrethers,8800,DI,SD,6,0,0,27,51.6,0,0,31,100.0,0.0,0,0,0.0,0,34,34,0,0,51.0,0,0,11,100.0,0.0,0,0.0,0,12,12,0
Jonathan Newsome,8801,ED,IND,11,0,0,14,66.7,3,7,130,89.7,7.7,10,1,6.2,3,156,140,13,0,71.4,1,5,67,94.8,10.4,7,7.5,2,77,73,8
Vinnie Sunseri,8802,S,NO,4,0,0,20,60.0,0,0,1,12.5,0.0,0,0,0.0,0,8,1,0,0,60.0,0,0,1,33.3,0.0,0,0.0,0,3,1,0
Jordan Tripp,8806,LB,MIA,2,0,0,17,,0,0,2,33.3,0.0,0,0,0.0,0,6,2,0,0,,0,0,0,0.0,,0,,0,3,0,0
Devon Kennard,8809,LB,NYG,6,0,0,21,52.0,0,1,10,21.7,10.0,1,1,5.0,0,46,10,1,0,57.0,0,0,2,14.3,0.0,0,0.0,0,14,2,0
Jeoffrey Pagan,8812,DI,HST,10,0,0,13,49.3,0,0,41,100.0,2.4,1,0,0.0,0,43,43,0,0,49.0,0,0,15,100.0,0.0,0,0.0,0,16,16,0
E.J. Gaines,8823,CB,SL,11,0,0,26,76.3,2,0,14,3.3,7.1,1,2,7.1,0,422,14,2,0,49.9,0,0,4,2.6,0.0,0,0.0,0,152,4,0
Zach Moore,8833,DI,NE,5,0,0,19,57.2,0,4,48,96.2,14.6,7,1,6.3,1,53,51,5,0,59.8,0,4,29,96.9,24.1,7,10.3,1,32,31,5
Drew Jackson,8837,LB,IND,5,0,0,14,55.8,0,0,2,22.2,0.0,0,0,0.0,0,9,2,0,0,59.0,0,0,1,20.0,0.0,0,0.0,0,5,1,0
IK Enemkpali,8844,LB,NYJ,1,0,0,22,52.8,0,1,6,100.0,0.0,0,0,8.3,0,6,6,1,0,53.7,0,0,4,100.0,0.0,0,0.0,0,4,4,0
Dan McCullers,8849,DI,PIT,4,0,0,25,68.7,0,2,14,100.0,14.3,2,0,7.1,0,14,14,2,0,57.4,0,0,2,100.0,0.0,0,0.0,0,2,2,0
Andre Hal,8850,CB,HST,9,0,0,13,47.9,0,1,5,3.9,0.0,0,1,10.0,0,129,5,1,0,53.8,0,1,3,5.0,0.0,0,16.7,0,60,3,1
T.J. Carrie,8853,CB,OAK,8,0,1,23,72.1,1,1,3,1.4,0.0,0,2,33.3,0,221,3,2,0,72.1,1,1,3,2.8,0.0,0,33.3,0,106,3,2
Shamar Stephen,8854,DI,MIN,11,0,0,18,51.8,0,4,110,100.0,3.6,4,0,1.8,0,118,118,4,0,48.8,0,1,35,100.0,2.9,1,1.4,0,36,36,1
Beau Allen,8858,DI,PHI,11,0,0,24,58.8,2,2,95,100.0,8.4,8,1,3.2,1,99,99,5,0,62.4,1,1,37,100.0,13.5,5,5.4,1,39,39,3
Trevor Reilly,8867,ED,NYJ,7,0,0,22,58.7,0,0,12,60.0,8.3,1,0,0.0,0,20,12,0,0,69.2,0,0,2,50.0,50.0,1,0.0,0,4,2,0
Terrence Fede,8868,ED,MIA,5,0,0,17,52.6,1,0,42,97.7,4.8,2,0,3.6,1,43,42,2,0,57.2,1,0,20,95.2,10.0,2,7.5,1,21,20,2
Corey Nelson,8876,LB,DEN,5,0,0,10,49.8,0,1,7,11.1,0.0,0,0,7.1,0,63,7,1,0,50.6,0,1,6,20.0,0.0,0,8.3,0,30,6,1
Ken Bishop,8885,DI,DAL,3,0,0,9,58.0,0,3,26,93.5,7.7,2,0,5.8,0,31,29,3,0,65.7,0,3,12,100.0,16.7,2,12.5,0,14,14,3
Davon Coleman,8917,DI,DAL,2,0,0,9,56.1,0,0,23,96.2,4.3,1,0,0.0,0,26,25,0,0,51.5,0,0,15,100.0,0.0,0,0.0,0,15,15,0
Brock Coyle,8929,LB,SEA,4,0,0,29,,0,0,1,3.3,0.0,0,0,0.0,0,30,1,0,0,,0,0,0,0.0,,0,,0,7,0,0
Ethan Westbrooks,8976,DI,SL,6,0,0,26,53.7,1,3,54,100.0,7.4,4,1,3.7,0,60,60,4,0,56.3,0,1,16,100.0,6.3,1,3.1,0,19,19,1
Denico Autry,8982,ED,OAK,4,0,0,23,63.2,1,3,30,91.4,10.0,3,0,6.7,0,35,32,4,0,57.6,1,1,17,94.7,11.8,2,5.9,0,19,18,2
Josh Mauro,9003,DI,ARZ,1,1,0,1,58.3,0,1,13,100.0,7.7,1,0,3.8,0,13,13,1,0,53.6,0,1,5,100.0,20.0,1,10.0,0,5,5,1
Dan Fox,9005,LB,NYG,1,0,0,21,60.0,0,0,1,100.0,0.0,0,0,0.0,0,1,1,0,0,,0,0,0,,,0,,0,0,0,0
Kasim Edebali,9011,ED,NO,10,0,0,20,51.5,0,1,42,90.4,7.1,3,0,6.0,2,52,47,3,0,57.2,0,0,21,95.8,9.5,2,9.5,2,24,23,2
Deontae Skinner,9019,LB,NE,5,0,0,19,62.4,0,0,7,14.3,0.0,0,0,14.3,1,56,8,1,0,53.9,0,0,3,12.9,0.0,0,0.0,0,31,4,0
Christian Jones,9020,LB,CHI,5,0,0,6,58.5,0,1,23,23.5,4.3,1,1,2.2,0,98,23,1,0,56.1,0,0,14,31.8,0.0,0,0.0,0,44,14,0
Tenny Palepoi,9028,DI,SD,11,0,0,27,56.4,1,6,99,100.0,8.1,8,1,3.5,0,105,105,7,0,64.7,1,5,43,100.0,16.3,7,7.0,0,46,46,6
Chris McCain,9063,LB,MIA,6,0,1,17,62.9,0,3,26,65.0,11.5,3,1,9.6,1,40,26,4,0,48.1,0,1,15,100.0,6.7,1,3.3,0,15,15,1
Kelcy Quarles,9094,DI,IND,2,1,0,14,61.7,0,0,17,100.0,5.9,1,0,5.9,1,18,18,1,1,61.6,0,0,6,100.0,0.0,0,0.0,0,6,6,0
Henoc Muamba,9098,LB,IND,4,0,0,14,55.7,0,0,2,12.5,0.0,0,0,0.0,0,16,2,0,0,55.7,0,0,2,28.6,0.0,0,0.0,0,7,2,0
Anthony Johnson,9109,DI,MIA,4,0,0,17,50.5,2,0,43,95.7,4.7,2,0,2.3,0,46,44,2,0,53.0,2,0,24,96.2,8.3,2,4.2,0,26,25,2
Luther Robinson,9113,DI,GB,5,1,0,12,56.0,0,3,43,100.0,9.3,4,1,3.5,0,43,43,3,0,51.1,0,2,22,100.0,9.1,2,4.5,0,22,22,2
Tyler Patmon,9135,CB,DAL,5,0,0,9,55.5,0,1,2,8.7,0.0,0,0,25.0,0,23,2,1,0,55.5,0,1,2,11.8,0.0,0,25.0,0,17,2,1
Jackson Jeffcoat,9139,LB,WAS,1,0,0,32,66.9,0,1,1,100.0,0.0,0,0,50.0,0,1,1,1,0,66.9,0,1,1,100.0,0.0,0,50.0,0,1,1,1
Jason Ankrah,9142,ED,HST,1,0,0,13,50.9,0,0,8,66.7,0.0,0,0,0.0,0,12,8,0,0,51.6,0,0,5,83.3,0.0,0,0.0,0,6,5,0
DeAndre Coleman,9157,DI,MIA,1,0,0,17,51.8,0,0,15,100.0,0.0,0,0,0.0,0,15,15,0,0,53.1,0,0,10,100.0,0.0,0,0.0,0,10,10,0
Adrian Phillips,9177,S,SD,3,0,0,27,55.0,0,0,2,6.1,0.0,0,0,0.0,0,33,2,0,0,58.9,0,0,1,4.3,0.0,0,0.0,0,23,1,0
Zach Kerr,9195,DI,IND,10,1,0,14,51.7,0,4,138,100.0,4.3,6,0,3.6,3,150,150,7,0,53.8,0,3,56,100.0,8.9,5,6.3,2,62,62,5
Damien Williams,9205,HB,MIA,1,0,0,17,,0,0,2,100.0,0.0,0,0,0.0,0,2,2,0,0,,0,0,0,,,0,,0,0,0,0
Chris Davis,9242,CB,SD,6,0,0,27,50.8,0,0,5,8.1,0.0,0,0,0.0,0,62,5,0,0,52.8,0,0,3,9.7,0.0,0,0.0,0,31,3,0
Daniel Sorensen,9253,S,KC,1,0,0,16,,0,0,1,5.9,0.0,0,0,0.0,0,17,1,0,0,,0,0,0,0.0,,0,,0,11,0,0
Bojay Filimoeatu,9265,LB,OAK,2,0,0,23,56.2,0,0,5,20.8,0.0,0,0,0.0,0,24,5,0,0,59.1,0,0,1,50.0,0.0,0,0.0,0,2,1,0
Isaiah Crowell,9295,HB,CLV,1,0,0,8,,0,0,1,100.0,0.0,0,0,0.0,0,1,1,0,0,,0,0,0,,,0,,0,0,0,0
Jacobbi McDaniel,9296,DI,CLV,1,1,0,8,62.1,0,0,9,100.0,0.0,0,0,0.0,0,9,9,0,0,54.8,0,0,3,100.0,0.0,0,0.0,0,3,3,0
Keith Smith,9302,LB,DAL,2,0,0,9,58.7,0,0,1,11.1,0.0,0,0,0.0,0,9,1,0,0,,0,0,0,0.0,,0,,0,6,0,0
Mike Pennel,9316,DI,GB,8,0,0,12,55.2,2,4,76,100.0,9.2,7,0,3.9,0,79,79,6,0,54.8,2,1,31,100.0,12.9,4,4.8,0,32,32,3
Zachary Orr,9326,LB,BLT,1,0,0,3,60.0,0,0,1,25.0,0.0,0,0,0.0,0,4,1,0,0,60.0,0,0,1,50.0,0.0,0,0.0,0,2,1,0
K'Waun Williams,9332,CB,CLV,10,0,1,8,90.0,2,2,15,9.5,13.3,2,2,20.0,1,179,17,5,0,80.0,0,1,9,13.4,22.2,2,16.7,1,82,11,2
Jayrone Elliott,9336,ED,GB,3,0,0,12,60.0,0,0,16,85.0,6.3,1,0,0.0,0,20,17,0,0,61.6,0,0,12,100.0,8.3,1,0.0,0,13,13,0
L.J. McCray,9357,S,SF,2,0,0,28,60.0,0,0,1,50.0,0.0,0,0,0.0,0,2,1,0,0,,0,0,0,,,0,,0,0,0,0
T.J. Fatinikun,9412,ED,TB,5,0,0,30,59.0,0,4,45,100.0,13.3,6,0,6.7,1,49,49,5,0,63.2,0,4,25,100.0,20.0,5,8.0,0,28,28,4
