player,player_id,position,team_name,player_game_count,base_targets,declined_penalties,franchise_id,man_avg_depth_of_target,man_avoided_tackles,man_caught_percent,man_contested_catch_rate,man_contested_receptions,man_contested_targets,man_drop_rate,man_drops,man_first_downs,man_fumbles,man_grades_hands_drop,man_grades_pass_route,man_interceptions,man_longest,man_pass_block_rate,man_pass_blocks,man_pass_plays,man_receptions,man_route_rate,man_routes,man_targeted_qb_rating,man_targets,man_targets_percent,man_touchdowns,man_yards,man_yards_after_catch,man_yards_after_catch_per_reception,man_yards_per_reception,man_yprr,penalties,zone_avg_depth_of_target,zone_avoided_tackles,zone_caught_percent,zone_contested_catch_rate,zone_contested_receptions,zone_contested_targets,zone_drop_rate,zone_drops,zone_first_downs,zone_fumbles,zone_grades_hands_drop,zone_grades_pass_route,zone_interceptions,zone_longest,zone_pass_block_rate,zone_pass_blocks,zone_pass_plays,zone_receptions,zone_route_rate,zone_routes,zone_targeted_qb_rating,zone_targets,zone_targets_percent,zone_touchdowns,zone_yards,zone_yards_after_catch,zone_yards_after_catch_per_reception,zone_yards_per_reception,zone_yprr
Antonio Brown,5718,WR,PIT,9,100,0,25,12.2,8,70.0,,0,0,3.4,1,19,0,76.7,92.1,0,54,0.0,0,127,28,91.3,116,145.8,40,40.0,4,500,195,7.0,17.9,4.31,0,10.8,4,68.6,,0,0,7.9,3,19,0,62.9,76.0,1,30,0.0,0,220,35,95.5,210,86.0,51,51.0,0,427,156,4.5,12.2,2.03
Demaryius Thomas,5547,WR,DEN,8,86,0,10,9.3,3,64.7,,0,0,4.3,1,16,0,72.1,84.3,0,49,0.0,0,100,22,94.0,94,111.3,34,39.5,1,371,213,9.7,16.9,3.95,0,11.1,2,59.6,,0,0,15.2,5,15,0,39.8,73.7,1,86,0.0,0,190,28,93.7,178,100.9,47,54.7,2,495,196,7.0,17.7,2.78
Dez Bryant,5549,WR,DAL,9,84,0,9,12.8,3,59.4,,0,0,13.6,3,16,0,45.4,90.1,1,44,0.0,0,86,19,95.3,82,111.3,32,38.1,5,255,65,3.4,13.4,3.11,0,11.4,4,62.0,,0,0,6.1,2,15,0,68.8,68.0,4,68,0.0,0,194,31,95.9,186,58.8,50,59.5,1,380,127,4.1,12.3,2.04
Julio Jones,6158,WR,ATL,8,81,0,2,15.8,1,53.8,,0,0,17.6,3,10,0,49.8,75.5,0,40,0.0,0,86,14,90.7,78,99.4,26,32.1,1,247,102,7.3,17.6,3.17,0,10.8,6,70.4,,0,0,7.3,3,24,2,65.1,70.7,2,29,0.0,0,235,38,96.6,227,88.4,54,66.7,1,479,159,4.2,12.6,2.11
Jeremy Maclin,4942,WR,PHI,8,80,0,24,10.1,0,68.8,,0,0,0.0,0,7,0,79.4,69.2,0,50,0.0,0,107,11,88.8,95,140.6,16,20.0,2,160,103,9.4,14.5,1.68,0,18.1,2,54.1,,0,0,0.0,0,24,0,89.3,85.5,4,68,0.0,0,224,33,94.2,211,89.8,61,76.3,5,624,166,5.0,18.9,2.96
T.Y. Hilton,7092,WR,IND,9,79,0,14,9.6,1,77.3,,0,0,0.0,0,14,0,82.2,85.0,1,45,0.0,0,109,17,94.5,103,99.4,22,27.8,0,274,116,6.8,16.1,2.66,0,16.2,2,70.4,,0,0,7.3,3,30,1,64.5,83.0,1,49,0.0,0,239,38,94.6,226,122.1,54,68.4,3,656,120,3.2,17.3,2.9
Andre Johnson,1319,WR,HST,9,77,0,13,11.5,2,54.2,,0,0,13.3,2,9,2,34.1,60.6,1,26,0.0,0,107,13,90.7,97,73.3,24,31.2,1,170,69,5.3,13.1,1.75,0,9.4,1,72.9,,0,0,2.8,1,21,0,80.4,82.5,1,24,0.0,0,177,35,95.5,169,88.3,48,62.3,0,393,175,5.0,11.2,2.33
Emmanuel Sanders,5606,WR,DEN,8,76,0,10,10.0,0,70.0,,0,0,6.7,1,10,0,64.4,71.0,0,31,0.0,0,107,14,94.4,101,112.5,20,26.3,1,170,51,3.6,12.1,1.68,0,14.7,4,74.5,,0,0,0.0,0,22,1,89.7,82.0,0,48,0.0,0,195,35,94.4,184,112.4,47,61.8,0,544,115,3.3,15.5,2.96
Jordy Nelson,4350,WR,GB,8,76,0,12,11.2,3,60.9,,0,0,6.7,1,12,0,65.9,90.1,0,80,0.0,0,72,14,94.4,68,114.4,23,30.3,1,260,120,8.6,18.6,3.82,0,11.6,3,67.4,,0,0,6.1,2,20,0,59.0,74.7,1,66,0.0,0,206,31,92.2,190,103.4,46,60.5,2,438,145,4.7,14.1,2.31
Kelvin Benjamin,8663,WR,CAR,9,75,0,5,13.0,0,68.4,,0,0,13.3,2,9,0,52.8,67.5,0,26,0.0,0,96,13,90.6,87,110.2,19,25.3,1,153,28,2.2,11.8,1.76,0,16.5,3,50.0,,0,0,7.4,2,17,1,53.1,71.1,1,51,0.0,0,219,25,94.1,206,83.8,50,66.7,2,420,51,2.0,16.8,2.04
Vincent Jackson,2278,WR,TB,8,75,0,30,15.4,1,35.7,,0,0,16.7,2,10,0,41.8,71.7,0,33,0.0,0,91,10,91.2,83,56.5,28,37.3,0,166,32,3.2,16.6,2.0,0,14.2,4,47.6,,0,0,13.0,3,14,0,46.8,67.3,1,34,0.0,0,214,20,91.6,196,58.5,42,56.0,0,269,60,3.0,13.5,1.37
Julian Edelman,5156,WR,NE,9,75,0,19,9.7,1,52.2,,0,0,20.0,3,9,0,31.3,58.3,0,14,0.0,0,114,12,89.5,102,81.6,23,30.7,1,119,63,5.3,9.9,1.17,0,8.4,4,80.9,,0,0,7.3,3,17,1,64.8,71.8,1,44,0.4,1,227,38,93.0,211,94.4,47,62.7,0,413,138,3.6,10.9,1.96
Golden Tate,5585,WR,DET,8,75,0,11,6.7,2,63.0,,0,0,15.0,3,12,0,43.5,72.8,0,19,0.0,0,68,17,89.7,61,79.9,27,36.0,0,164,83,4.9,9.6,2.69,0,10.5,10,78.7,,0,0,2.6,1,19,1,81.5,78.5,1,73,0.0,0,232,37,95.3,221,124.1,47,62.7,2,627,297,8.0,16.9,2.84
Steve Smith,837,WR,BLT,9,74,0,3,15.0,2,61.9,,0,0,0.0,0,11,0,80.6,82.6,0,56,0.0,0,82,13,93.9,77,117.8,21,28.4,1,243,58,4.5,18.7,3.16,0,10.2,13,64.7,,0,0,5.7,2,17,1,70.8,70.7,1,80,0.0,0,219,33,92.2,202,105.9,51,68.9,3,471,224,6.8,14.3,2.33
Keenan Allen,7857,WR,SD,9,72,0,27,9.0,1,56.0,,0,0,12.5,2,11,0,64.7,68.7,1,18,0.0,0,116,14,92.2,107,67.8,25,34.7,1,134,62,4.4,9.6,1.25,0,10.4,4,71.7,,0,0,2.9,1,16,0,79.4,73.2,3,24,0.0,0,202,33,95.0,192,65.5,46,63.9,0,340,102,3.1,10.3,1.77
Rob Gronkowski,5567,TE,NE,9,71,0,19,10.9,2,64.3,,0,0,10.0,2,15,0,56.1,90.8,0,46,10.8,10,93,18,78.5,73,126.9,28,39.4,3,239,84,4.7,13.3,3.27,0,9.4,8,71.8,,0,0,6.7,2,19,0,66.8,90.6,0,27,8.8,15,171,28,84.8,145,122.9,39,54.9,2,411,172,6.1,14.7,2.83
Reggie Wayne,800,WR,IND,8,67,0,14,10.0,1,54.2,,0,0,13.3,2,10,0,48.0,65.7,0,40,0.0,0,103,13,97.1,100,93.1,24,35.8,1,184,83,6.4,14.2,1.84,0,10.0,0,68.3,,0,0,6.7,2,19,0,66.0,72.6,1,28,0.0,0,220,28,95.0,209,89.7,41,61.2,1,322,59,2.1,11.5,1.54
Allen Robinson II,8696,WR,JAX,9,67,0,15,12.9,2,44.4,,0,0,0.0,0,6,0,76.5,70.6,1,31,0.0,0,78,8,92.3,72,56.0,18,26.9,1,93,29,3.6,11.6,1.29,0,11.0,2,71.4,,0,0,2.8,1,17,0,79.9,65.4,2,54,0.0,0,223,35,96.4,215,85.0,49,73.1,1,395,108,3.1,11.3,1.84
Greg Olsen,3647,TE,CAR,9,66,0,5,7.8,0,62.5,,0,0,6.3,1,12,0,67.7,77.1,0,22,14.4,15,104,15,78.8,82,93.8,24,36.4,1,148,49,3.3,9.9,1.8,0,7.2,1,72.5,,0,0,3.3,1,19,0,77.8,78.4,2,37,13.4,32,238,29,80.7,192,106.9,40,60.6,3,386,192,6.6,13.3,2.01
Rueben Randle,7065,WR,NYG,8,66,0,21,12.1,0,47.1,,0,0,5.9,1,11,0,66.7,68.6,1,27,0.0,0,130,16,93.8,122,59.4,34,51.5,1,168,44,2.8,10.5,1.38,0,11.2,2,70.4,,0,0,0.0,0,10,0,84.5,68.9,0,21,0.0,0,172,19,94.2,162,90.8,27,40.9,0,195,35,1.8,10.3,1.2
Sammy Watkins,8639,WR,BUF,8,66,0,4,10.0,2,65.4,,0,0,15.0,3,14,0,41.6,76.6,0,61,0.0,0,101,17,94.1,95,125.3,26,39.4,2,269,117,6.9,15.8,2.83,0,17.6,2,51.4,,0,0,0.0,0,13,0,83.6,68.9,1,84,0.0,0,190,19,96.8,184,77.2,37,56.1,1,307,89,4.7,16.2,1.67
Mohamed Sanu,7084,WR,CIN,8,65,0,7,10.7,2,60.0,,0,0,25.0,4,8,0,29.3,73.2,0,76,0.0,0,78,12,83.3,65,137.3,20,30.8,2,249,114,9.5,20.8,3.83,0,10.8,4,61.4,,0,0,15.6,5,19,0,37.5,71.3,2,53,0.0,0,196,27,95.9,188,85.3,44,67.7,2,379,152,5.6,14.0,2.02
Brandon Marshall,3064,WR,CHI,8,64,0,6,15.3,0,47.4,,0,0,10.0,1,7,0,56.7,67.0,0,47,2.6,2,77,9,90.9,70,85.6,19,29.7,1,121,40,4.4,13.4,1.73,0,12.6,5,57.9,,0,0,8.3,2,14,1,62.7,62.6,3,20,0.0,0,222,22,94.1,209,53.0,38,59.4,1,244,71,3.2,11.1,1.17
Matt Forte,4358,HB,CHI,8,64,0,6,4.7,1,83.3,,0,0,0.0,0,3,0,74.6,74.4,0,24,32.0,24,75,5,62.7,47,105.6,6,9.4,0,56,50,10.0,11.2,1.19,0,0.3,13,92.6,,0,0,2.0,1,14,0,87.0,87.2,0,56,11.9,27,226,50,81.9,185,104.3,54,84.4,1,408,396,7.9,8.2,2.21
Martellus Bennett,4375,TE,CHI,8,63,0,6,9.1,3,56.3,,0,0,18.2,2,8,0,29.1,73.1,1,27,18.4,14,76,9,75.0,57,93.8,16,25.4,2,120,32,3.6,13.3,2.11,0,5.9,15,82.5,,0,0,0.0,0,16,0,79.9,86.5,2,34,9.0,20,221,33,85.1,188,91.6,40,63.5,1,359,210,6.4,10.9,1.91
Eric Decker,5611,WR,NYJ,8,63,0,22,10.0,0,61.9,,0,0,7.1,1,11,0,64.7,71.6,1,29,0.0,0,99,13,91.9,91,85.8,21,33.3,1,182,70,5.4,14.0,2.0,0,10.7,2,62.2,,0,0,8.0,2,12,0,61.3,65.2,2,24,0.0,0,162,23,98.1,159,56.5,37,58.7,0,223,73,3.2,9.7,1.4
Mike Wallace,5007,WR,MIA,8,61,0,17,11.6,2,73.3,,0,0,8.3,1,9,0,60.2,71.2,0,30,0.0,0,91,11,90.1,82,143.1,15,24.6,2,145,59,5.4,13.2,1.77,0,16.1,5,52.3,,0,0,8.0,2,14,1,50.6,68.4,1,50,0.0,0,157,23,94.3,148,81.4,44,72.1,2,318,88,3.8,13.8,2.15
DeAndre Hopkins,7808,WR,HST,9,61,0,13,12.2,0,71.4,,0,0,6.3,1,12,1,68.0,74.3,0,35,0.0,0,116,15,89.7,104,140.4,21,34.4,2,237,49,3.3,15.8,2.28,0,14.2,3,65.8,,0,0,0.0,0,18,0,86.9,81.5,3,76,0.0,0,177,25,94.9,168,80.6,38,62.3,1,436,154,6.2,17.4,2.6
Jimmy Graham,5619,TE,NO,8,60,0,20,9.6,2,50.0,,0,0,11.1,1,6,0,54.5,69.4,0,22,1.6,1,62,8,88.7,55,109.6,16,26.7,2,101,36,4.5,12.6,1.84,0,8.8,2,85.4,,0,0,0.0,0,21,1,80.5,80.8,1,27,6.8,13,191,35,89.5,171,105.4,41,68.3,1,401,145,4.1,11.5,2.35
Andrew Hawkins,6125,WR,CLV,8,60,0,8,11.1,0,59.1,,0,0,7.1,1,10,0,63.5,75.7,0,28,0.0,0,67,13,92.5,62,96.4,22,36.7,1,158,49,3.8,12.2,2.55,0,8.7,5,68.4,,0,0,7.1,2,19,0,65.2,83.6,2,65,0.0,0,150,26,96.0,144,75.1,38,63.3,0,346,164,6.3,13.3,2.4
Pierre Garcon,4519,WR,WAS,9,60,0,32,12.0,1,50.0,,0,0,0.0,0,5,0,78.0,62.0,0,70,0.0,0,118,10,90.7,107,103.1,20,33.3,2,125,97,9.7,12.5,1.17,0,10.9,5,81.1,,0,0,3.2,1,14,0,88.0,74.4,2,43,0.0,0,209,30,93.3,195,79.1,37,61.7,0,310,103,3.4,10.3,1.59
Brandon LaFell,5602,WR,NE,9,60,0,19,13.3,5,73.7,,0,0,6.7,1,11,0,64.4,80.2,0,56,1.1,1,91,14,90.1,82,153.9,19,31.7,4,232,112,8.0,16.6,2.83,0,13.4,3,56.4,,0,0,4.3,1,15,0,85.3,70.9,0,37,0.0,0,186,22,92.5,172,87.8,39,65.0,1,282,116,5.3,12.8,1.64
Roddy White,2244,WR,ATL,7,58,0,2,12.0,0,42.9,,0,0,0.0,0,5,0,74.6,67.9,1,24,0.0,0,76,6,92.1,70,65.5,14,24.1,3,60,15,2.5,10.0,0.86,0,11.2,0,65.0,,0,0,16.1,5,20,1,36.0,64.4,1,39,0.0,0,227,26,96.0,218,82.1,40,69.0,0,348,54,2.1,13.4,1.6
James Jones,3694,WR,OAK,8,58,0,23,12.4,1,56.0,,0,0,0.0,0,12,2,80.6,73.2,0,42,0.0,0,97,14,94.8,92,108.6,25,43.1,2,199,54,3.9,14.2,2.16,0,8.0,3,75.9,,0,0,4.3,1,11,1,55.0,66.2,1,30,0.0,0,157,22,94.3,148,82.7,29,50.0,0,221,87,4.0,10.0,1.49
Anquan Boldin,1369,WR,SF,8,58,0,28,10.2,1,69.2,,0,0,0.0,0,6,0,77.3,71.0,0,27,0.0,0,87,9,86.2,75,100.5,13,22.4,0,127,53,5.9,14.1,1.69,0,7.8,4,82.1,,0,0,5.9,2,20,0,69.1,72.6,1,37,0.0,0,209,32,95.7,200,105.2,39,67.2,1,381,148,4.6,11.9,1.91
Alshon Jeffery,7048,WR,CHI,8,57,0,6,12.4,1,69.2,,0,0,10.0,1,7,0,56.7,78.7,0,31,0.0,0,68,9,91.2,62,99.5,13,22.8,0,124,48,5.3,13.8,2.0,0,12.9,1,71.1,,0,0,3.6,1,16,0,76.0,65.5,0,74,0.5,1,221,27,93.2,206,116.2,38,66.7,1,421,165,6.1,15.6,2.04
Greg Jennings,2997,WR,MIN,9,56,0,18,9.1,1,61.5,,0,0,5.9,1,8,0,68.0,66.8,1,29,0.0,0,133,16,93.2,124,74.7,26,46.4,1,153,45,2.8,9.6,1.23,0,15.6,2,63.0,,0,0,10.5,2,14,0,55.6,65.7,0,38,0.0,0,214,17,94.9,203,99.6,27,48.2,0,292,67,3.9,17.2,1.44
Antonio Gates,1609,TE,SD,9,55,0,27,10.3,3,66.7,,0,0,5.9,1,14,0,66.7,87.7,0,34,1.0,1,97,16,91.8,89,134.2,24,43.6,7,213,66,4.1,13.3,2.39,0,12.4,0,72.0,,0,0,5.3,1,10,0,69.9,66.3,0,31,0.6,1,162,18,93.2,151,113.9,25,45.5,1,231,48,2.7,12.8,1.53
DeSean Jackson,4363,WR,WAS,9,55,0,32,15.4,0,68.4,,0,0,13.3,2,11,0,51.2,78.5,0,64,0.0,0,112,13,91.1,102,146.3,19,34.5,2,366,155,11.9,28.2,3.59,0,13.5,4,66.7,,0,0,8.3,2,13,0,60.3,72.0,2,81,0.0,0,188,22,94.1,177,104.6,33,60.0,2,412,134,6.1,18.7,2.33
Michael Crabtree,4933,WR,SF,8,55,0,28,9.6,1,50.0,,0,0,33.3,4,7,0,26.9,57.8,0,32,0.0,0,79,8,88.6,70,106.3,16,29.1,2,88,21,2.6,11.0,1.26,0,7.3,6,75.0,,0,0,10.0,3,12,0,54.9,62.2,1,25,0.0,0,197,27,96.4,190,84.5,36,65.5,0,272,110,4.1,10.1,1.43
Randall Cobb,6216,WR,GB,8,54,0,12,9.5,0,69.2,,0,0,0.0,0,8,0,78.0,75.0,0,22,0.0,0,72,9,94.4,68,130.4,13,24.1,3,97,23,2.6,10.8,1.43,0,8.8,6,78.8,,0,0,13.3,4,18,0,44.5,71.7,0,70,0.0,0,207,26,92.3,191,139.0,33,61.1,2,464,251,9.7,17.8,2.43
Le'Veon Bell,7829,HB,PIT,9,54,0,25,0.6,6,83.3,,0,0,0.0,0,5,0,79.0,66.5,1,30,18.0,20,111,10,73.9,82,62.8,12,22.2,0,89,86,8.6,8.9,1.09,0,0.3,10,89.5,,0,0,2.9,1,16,0,79.4,81.5,0,43,13.1,25,191,34,83.8,160,103.9,38,70.4,0,340,348,10.2,10.0,2.13
Delanie Walker,3120,TE,TEN,8,52,0,31,8.8,1,52.9,,0,0,10.0,1,6,0,56.7,64.3,3,31,6.9,6,87,9,88.5,77,55.4,17,32.7,1,119,55,6.1,13.2,1.55,0,10.9,11,75.0,,0,0,4.0,1,13,1,62.7,75.5,2,61,1.7,3,174,24,92.0,160,93.8,32,61.5,1,344,127,5.3,14.3,2.15
Larry Fitzgerald,1724,WR,ARZ,8,52,0,1,10.7,3,68.4,,0,0,0.0,0,11,0,80.0,83.6,0,80,0.0,0,96,13,87.5,84,128.7,19,36.5,1,293,154,11.8,22.5,3.49,0,9.0,6,65.5,,0,0,0.0,0,10,0,84.5,69.0,0,33,0.5,1,199,19,92.5,184,96.8,29,55.8,1,199,81,4.3,10.5,1.08
Brandin Cooks,8655,WR,NO,8,52,0,20,5.3,0,90.9,,0,0,0.0,0,4,0,78.0,63.8,1,9,0.0,0,81,10,86.4,70,85.2,11,21.2,1,69,28,2.8,6.9,0.99,0,8.7,1,80.5,,0,0,5.7,2,15,0,69.6,67.5,0,50,0.0,0,208,33,97.1,202,109.5,41,78.8,1,341,108,3.3,10.3,1.69
Allen Hurns,8931,WR,JAX,9,52,0,15,11.9,0,45.5,,0,0,16.7,1,3,0,45.8,57.5,1,20,0.0,0,75,5,93.3,70,22.9,11,21.2,0,55,8,1.6,11.0,0.79,0,12.7,4,61.5,,0,0,14.3,4,14,0,42.7,67.4,3,63,0.0,0,230,24,95.2,219,104.8,39,75.0,5,411,134,5.6,17.1,1.88
Kendall Wright,7026,WR,TEN,8,51,0,31,6.5,5,70.8,,0,0,0.0,0,6,0,82.2,73.0,0,28,0.0,0,91,17,96.7,88,97.0,24,47.1,1,127,85,5.0,7.5,1.44,0,11.1,5,64.0,,0,0,0.0,0,10,1,82.2,57.4,1,48,0.0,0,178,16,94.9,169,98.1,25,49.0,2,196,106,6.6,12.3,1.16
Mike Evans,8642,WR,TB,7,50,0,30,13.6,1,78.6,,0,0,8.3,1,10,0,61.8,81.2,0,40,0.0,0,72,11,91.7,66,142.6,14,28.0,1,180,31,2.8,16.4,2.73,0,16.6,0,58.8,,0,0,4.8,1,9,0,71.3,72.0,4,40,0.0,0,156,20,92.3,144,64.6,34,68.0,2,273,38,1.9,13.7,1.9
Cecil Shorts,6266,WR,JAX,6,50,0,15,6.5,0,50.0,,0,0,12.5,1,4,0,52.5,62.9,2,22,0.0,0,53,7,88.7,47,24.1,14,28.0,0,67,50,7.1,9.6,1.43,0,10.4,1,55.9,,0,0,0.0,0,10,1,83.6,59.9,1,23,0.0,0,163,19,96.3,157,57.8,34,68.0,0,175,71,3.7,9.2,1.11
Jason Witten,1384,TE,DAL,9,50,0,9,10.3,1,58.3,,0,0,12.5,1,6,0,52.5,61.0,1,24,23.1,21,91,7,72.5,66,47.6,12,24.0,0,91,33,4.7,13.0,1.38,0,8.7,0,73.5,,0,0,0.0,0,17,0,86.3,74.2,0,34,8.6,18,210,25,86.7,182,108.6,34,68.0,1,289,96,3.8,11.6,1.59
Markus Wheaton,7860,WR,PIT,9,49,0,25,14.5,0,50.0,,0,0,0.0,0,3,0,75.6,62.8,0,40,0.0,0,93,7,91.4,85,74.7,14,28.6,0,104,9,1.3,14.9,1.22,0,13.1,3,71.9,,0,0,8.0,2,14,0,61.5,67.9,0,47,0.0,0,183,23,96.2,176,120.8,32,65.3,2,292,66,2.9,12.7,1.66
Riley Cooper,5682,WR,PHI,8,49,0,24,12.1,0,57.1,,0,0,0.0,0,5,0,76.5,64.4,1,21,0.0,0,96,8,89.6,86,66.4,14,28.6,1,76,26,3.3,9.5,0.88,0,13.0,1,65.7,,0,0,8.0,2,9,1,62.3,55.8,2,50,0.0,0,217,23,95.9,208,63.4,35,71.4,0,255,76,3.3,11.1,1.23
Cordarrelle Patterson,7810,WR,MIN,9,48,0,18,8.3,4,50.0,,0,0,0.0,0,8,0,78.0,66.9,2,26,0.0,0,118,10,92.4,109,41.9,20,41.7,1,101,47,4.7,10.1,0.93,0,13.0,1,57.1,,0,0,5.9,1,9,0,67.7,62.9,2,28,0.0,0,179,16,94.4,169,50.7,28,58.3,0,207,101,6.3,12.9,1.22
Andre Roberts,5612,WR,WAS,9,48,0,32,10.1,1,52.4,,0,0,15.4,2,9,1,44.2,57.8,1,14,0.0,0,111,11,91.0,101,42.8,21,43.8,0,85,28,2.5,7.7,0.84,0,9.4,2,52.0,,0,0,23.5,4,10,0,29.0,60.9,4,31,1.3,2,158,13,93.0,147,48.3,25,52.1,1,175,106,8.2,13.5,1.19
Jared Cook,5012,TE,SL,8,48,0,26,9.5,0,63.6,,0,0,12.5,1,6,0,56.7,80.0,0,39,1.6,1,64,7,90.6,58,99.1,11,22.9,0,116,42,6.0,16.6,2.0,0,7.8,1,59.5,,0,0,0.0,0,12,0,84.9,67.0,2,22,5.4,9,168,22,90.5,152,54.7,37,77.1,0,227,71,3.2,10.3,1.49
Percy Harvin,4945,WR,NYJ,7,48,0,22,5.1,2,71.4,,0,0,0.0,0,3,0,79.4,70.6,0,21,0.0,0,61,10,95.1,58,80.7,14,29.2,0,64,46,4.6,6.4,1.1,0,6.4,5,78.8,,0,0,3.7,1,10,1,75.5,73.5,2,42,0.0,0,110,26,96.4,106,69.2,33,68.8,0,220,163,6.3,8.5,2.08
Larry Donnell,7638,TE,NYG,8,47,0,21,8.5,0,70.0,,0,0,0.0,0,9,0,81.7,80.4,1,17,14.2,17,120,14,80.0,96,98.8,20,42.6,3,94,27,1.9,6.7,0.98,0,8.1,0,83.3,,0,0,0.0,0,13,2,83.6,69.6,1,23,9.4,14,149,20,84.6,126,92.0,24,51.1,0,246,93,4.7,12.3,1.95
Justin Hunter,7815,WR,TEN,8,47,0,31,16.7,1,31.8,,0,0,36.4,4,6,0,27.2,59.8,0,39,0.0,0,98,7,95.9,94,48.7,22,46.8,0,106,38,5.4,15.1,1.13,0,18.9,4,50.0,,0,0,20.0,3,8,0,45.7,62.6,1,75,0.0,0,171,12,93.6,160,80.7,24,51.1,1,233,77,6.4,19.4,1.46
Jordan Matthews,8677,WR,PHI,8,47,0,24,6.1,0,57.9,,0,0,0.0,0,7,0,78.7,66.3,1,23,0.0,0,85,11,89.4,76,67.7,19,40.4,1,99,64,5.8,9.0,1.3,0,6.6,2,73.1,,0,0,9.5,2,10,0,58.3,60.1,0,30,0.0,0,171,19,95.3,163,94.4,26,55.3,0,196,106,5.6,10.3,1.2
Heath Miller,2247,TE,PIT,9,46,0,25,6.6,1,80.0,,0,0,5.9,1,12,0,69.6,84.3,0,49,19.5,25,128,16,72.7,93,142.3,20,43.5,2,203,113,7.1,12.7,2.18,0,6.7,0,73.9,,0,0,10.5,2,11,1,56.1,59.6,1,27,19.7,43,218,17,77.1,168,79.4,23,50.0,0,187,86,5.1,11.0,1.11
Jeremy Kerley,6305,WR,NYJ,9,46,0,22,12.7,0,28.6,,0,0,20.0,1,3,0,29.2,55.1,1,16,0.0,0,91,4,90.1,82,11.6,14,30.4,0,48,24,6.0,12.0,0.59,0,6.1,0,67.7,,0,0,12.5,3,9,0,48.2,61.2,1,19,0.0,0,181,21,97.8,177,80.4,31,67.4,1,183,67,3.2,8.7,1.03
Robert Woods,7822,WR,BUF,8,46,0,4,8.7,3,57.9,,0,0,0.0,0,4,0,80.0,64.6,1,35,0.0,0,97,11,93.8,91,54.1,19,41.3,0,117,54,4.9,10.6,1.29,0,9.3,2,60.0,,0,0,11.8,2,10,1,54.8,61.0,0,25,0.0,0,179,15,96.6,173,93.4,25,54.3,1,168,78,5.2,11.2,0.97
Torrey Smith,6210,WR,BLT,9,46,0,3,15.8,1,41.2,,0,0,36.4,4,6,0,27.2,60.2,1,39,0.0,0,87,7,92.0,80,82.4,17,37.0,3,126,14,2.0,18.0,1.58,0,17.7,2,51.9,,0,0,12.5,2,11,0,51.5,62.0,4,35,0.0,0,217,14,93.1,202,54.5,27,58.7,1,236,41,2.9,16.9,1.17
Doug Baldwin,6615,WR,SEA,8,46,0,29,12.8,0,60.0,,0,0,25.0,1,2,0,36.2,53.6,0,14,1.1,1,91,3,94.5,86,82.9,5,10.9,0,37,10,3.3,12.3,0.43,0,8.3,8,74.4,,0,0,6.5,2,16,0,57.2,75.8,0,49,0.0,0,175,29,94.9,166,101.3,39,84.8,0,349,157,5.4,12.0,2.1
Shane Vereen,6208,HB,NE,9,45,0,19,4.6,2,62.5,,0,0,0.0,0,6,0,79.0,69.5,0,28,12.8,12,94,10,80.9,76,77.3,16,35.6,0,89,75,7.5,8.9,1.17,0,2.7,2,69.2,,0,0,10.0,2,6,0,58.1,67.0,0,49,9.6,14,146,18,83.6,122,95.2,26,57.8,1,141,109,6.1,7.8,1.16
John Brown,8726,WR,ARZ,8,45,0,1,12.9,0,40.0,,0,0,14.3,1,4,0,52.1,61.9,0,25,0.0,0,81,6,84.0,68,53.2,15,33.3,0,64,16,2.7,10.7,0.94,0,16.2,0,64.3,,0,0,5.3,1,10,0,69.6,75.3,0,75,0.0,0,135,18,93.3,126,134.2,28,62.2,4,262,97,5.4,14.6,2.08
Michael Floyd,7019,WR,ARZ,8,45,0,1,24.8,0,41.7,,0,0,16.7,1,4,0,46.3,65.4,0,45,0.0,0,101,5,86.1,87,109.7,12,26.7,1,130,10,2.0,26.0,1.49,0,16.0,1,56.3,,0,0,14.3,3,12,2,43.5,58.0,1,63,0.5,1,194,18,92.8,180,80.5,32,71.1,1,262,48,2.7,14.6,1.46
Marques Colston,3197,WR,NO,8,45,0,20,12.4,0,50.0,,0,0,0.0,0,3,1,41.6,48.0,1,22,0.0,0,86,4,87.2,75,37.0,8,17.8,0,63,15,3.8,15.8,0.84,0,10.6,0,66.7,,0,0,14.3,4,18,0,41.6,65.8,0,57,1.0,2,204,24,95.6,195,111.0,36,80.0,1,381,148,6.2,15.9,1.95
Andre Ellington,7968,HB,ARZ,8,44,0,1,3.2,0,69.2,,0,0,18.2,2,6,0,38.7,65.5,0,81,8.5,5,59,9,76.3,45,133.8,13,29.5,1,151,130,14.4,16.8,3.36,0,1.2,4,72.4,,0,0,16.0,4,8,0,37.1,56.5,0,37,18.6,27,145,21,77.9,113,84.8,29,65.9,0,156,146,7.0,7.4,1.38
Terrance Williams,7855,WR,DAL,9,44,0,9,13.2,0,57.1,,0,0,0.0,0,5,0,76.5,66.4,0,23,0.0,0,85,8,94.1,80,117.3,14,31.8,2,94,28,3.5,11.8,1.18,0,20.1,1,63.0,,0,0,5.6,1,14,0,68.0,69.1,1,47,0.0,0,184,17,94.6,174,113.8,27,61.4,2,324,36,2.1,19.1,1.86
Andre Holmes,6489,WR,OAK,8,44,0,23,13.7,0,54.5,,0,0,0.0,0,4,0,75.6,66.9,0,30,0.0,0,71,6,93.0,66,88.4,11,25.0,0,108,17,2.8,18.0,1.64,0,13.0,0,56.7,,0,0,15.0,3,14,0,41.6,65.8,2,77,0.0,0,131,17,96.2,126,82.1,30,68.2,2,276,98,5.8,16.2,2.19
Dwayne Bowe,3639,WR,KC,7,43,0,16,7.9,2,69.6,,0,0,11.1,2,12,0,52.8,77.3,0,26,0.0,0,78,16,92.3,72,94.5,23,53.5,0,190,59,3.7,11.9,2.64,0,10.9,0,73.7,,0,0,12.5,2,13,0,49.8,67.4,0,33,0.0,0,133,14,95.5,127,108.0,19,44.2,0,203,58,4.1,14.5,1.6
Malcom Floyd,2044,WR,SD,9,43,0,27,21.3,0,73.3,,0,0,0.0,0,9,0,78.7,80.4,0,49,0.0,0,106,11,92.5,98,154.9,15,34.9,2,239,45,4.1,21.7,2.44,0,20.5,1,59.3,,0,0,0.0,0,12,0,81.7,70.7,2,49,0.0,0,195,16,94.9,185,64.7,27,62.8,0,286,31,1.9,17.9,1.55
Owen Daniels,3043,TE,BLT,8,43,0,3,9.6,0,69.2,,0,0,0.0,0,7,0,77.3,81.4,0,30,12.3,8,65,9,81.5,53,95.4,13,30.2,0,111,24,2.7,12.3,2.09,0,6.5,1,80.0,,0,0,4.8,1,12,0,70.5,77.4,2,19,12.1,19,157,20,82.2,129,67.5,25,58.1,0,205,81,4.1,10.3,1.59
Jerricho Cotchery,1829,WR,CAR,8,42,0,5,10.6,0,71.4,,0,0,0.0,0,7,0,78.7,75.5,0,47,1.3,1,77,10,88.3,68,105.4,14,33.3,0,147,53,5.3,14.7,2.16,0,11.5,3,64.3,,0,0,10.0,2,11,0,69.0,69.1,0,26,0.0,0,194,18,95.9,186,89.6,28,66.7,0,228,83,4.6,12.7,1.23
Jermaine Gresham,5546,TE,CIN,8,42,0,7,7.2,1,50.0,,0,0,25.0,1,1,0,36.2,46.1,0,19,26.0,19,73,3,63.0,46,56.3,6,14.3,0,18,8,2.7,6.0,0.39,0,3.0,7,88.2,,0,0,0.0,0,10,1,87.6,72.9,1,23,20.9,41,196,30,77.6,152,82.5,34,81.0,0,229,168,5.6,7.6,1.51
Brian Hartline,5031,WR,MIA,8,42,0,17,11.3,1,52.4,,0,0,21.4,3,9,0,29.8,63.9,1,35,0.0,0,98,11,95.9,94,67.6,21,50.0,1,130,43,3.9,11.8,1.38,0,10.0,0,70.0,,0,0,6.7,1,7,0,67.0,60.6,0,19,0.0,0,169,14,95.9,162,88.5,20,47.6,0,135,35,2.5,9.6,0.83
Julius Thomas,6281,TE,DEN,8,42,0,10,8.4,0,100.0,,0,0,0.0,0,11,0,80.6,85.2,0,18,24.3,25,103,14,71.8,74,147.6,14,33.3,5,139,32,2.3,9.9,1.88,0,9.0,0,65.2,,0,0,11.8,2,10,1,51.5,57.9,0,35,19.9,38,191,15,75.4,144,123.6,23,54.8,2,211,79,5.3,14.1,1.47
Coby Fleener,7038,TE,IND,9,42,0,14,12.1,0,58.3,,0,0,0.0,0,7,0,75.6,74.4,1,26,9.2,7,76,7,86.8,66,78.8,12,28.6,1,101,44,6.3,14.4,1.53,0,10.4,0,50.0,,0,0,18.8,3,8,0,33.5,53.7,0,32,6.2,11,178,13,90.4,161,86.2,26,61.9,1,185,59,4.5,14.2,1.15
Travis Kelce,7844,TE,KC,8,41,0,16,4.9,4,70.0,,0,0,0.0,0,5,0,76.5,81.7,0,33,5.8,3,52,7,86.5,45,106.7,10,24.4,0,111,86,12.3,15.9,2.47,0,5.5,7,81.5,,0,0,12.0,3,16,1,51.0,85.3,0,34,3.1,3,97,22,90.7,88,124.1,27,65.9,1,292,189,8.6,13.3,3.32
Eddie Royal,4356,WR,SD,9,41,0,27,15.1,0,50.0,,0,0,25.0,3,9,0,29.1,65.0,1,32,0.0,0,98,9,91.8,90,94.2,18,43.9,2,158,33,3.7,17.6,1.76,0,11.3,3,72.7,,0,0,5.9,1,6,0,66.7,68.3,0,47,0.0,0,159,16,96.9,154,133.0,22,53.7,2,211,143,8.9,13.2,1.37
Mychal Rivera,7965,TE,OAK,8,41,0,23,6.5,0,73.3,,0,0,8.3,1,4,2,60.6,52.3,1,22,9.2,8,87,11,86.2,75,59.6,15,36.6,0,87,37,3.4,7.9,1.16,0,9.5,1,63.6,,0,0,6.7,1,8,1,66.7,59.6,1,22,10.2,15,147,14,85.7,126,60.2,22,53.7,0,127,35,2.5,9.1,1.01
Ahmad Bradshaw,3866,HB,IND,9,41,0,14,-0.4,6,75.0,,0,0,25.0,2,4,0,29.7,63.6,0,22,47.8,43,90,6,50.0,45,146.9,8,19.5,1,82,80,13.3,13.7,1.82,0,-1.7,7,82.6,,0,0,9.5,2,9,0,57.1,62.9,0,22,29.0,42,145,19,65.5,95,95.8,23,56.1,0,161,195,10.3,8.5,1.69
Hakeem Nicks,4952,WR,IND,9,41,0,14,8.1,0,46.7,,0,0,36.4,4,4,0,28.4,51.5,1,16,0.0,0,102,7,93.1,95,50.1,15,36.6,1,53,16,2.3,7.6,0.56,0,12.1,1,50.0,,0,0,0.0,0,5,0,80.0,58.1,2,29,0.0,0,172,12,94.8,163,34.7,24,58.5,0,148,47,3.9,12.3,0.91
Zach Ertz,7816,TE,PHI,8,40,0,24,15.3,0,63.2,,0,0,0.0,0,11,1,63.2,82.6,0,27,11.0,8,73,12,80.8,59,94.0,19,47.5,0,179,49,4.1,14.9,3.03,0,13.3,0,65.0,,0,0,0.0,0,10,0,80.8,71.2,0,26,6.4,10,156,13,87.8,137,126.9,20,50.0,2,179,45,3.5,13.8,1.31
Victor Cruz,5827,WR,NYG,6,40,0,21,12.4,2,50.0,,0,0,27.3,3,6,0,28.8,64.0,0,61,0.0,0,87,8,92.0,80,106.8,16,40.0,1,162,99,12.4,20.3,2.03,0,10.6,5,63.6,,0,0,12.5,2,7,0,49.6,63.0,2,36,0.0,0,111,14,93.7,104,49.8,22,55.0,0,172,78,5.6,12.3,1.65
Charles Clay,6326,TE,MIA,8,40,0,17,9.4,0,28.6,,0,0,20.0,1,3,0,28.6,48.7,0,14,18.3,17,93,4,74.2,69,39.6,14,35.0,0,25,13,3.3,6.3,0.36,0,5.6,7,100.0,,0,0,0.0,0,11,0,84.5,76.5,0,25,14.2,22,155,22,81.9,127,127.1,22,55.0,1,239,115,5.2,10.9,1.88
Fred Jackson,3368,HB,BUF,7,39,0,4,-2.0,1,75.0,,0,0,0.0,0,1,1,70.5,41.0,0,6,31.3,20,64,3,65.6,42,77.1,4,10.3,0,8,19,6.3,2.7,0.19,0,-1.1,5,90.6,,0,0,0.0,0,12,1,87.3,85.0,0,28,14.7,15,102,29,84.3,86,98.2,32,82.1,0,242,278,9.6,8.3,2.81
Jarius Wright,7118,WR,MIN,9,39,0,18,13.9,2,57.9,,0,0,15.4,2,9,0,43.8,69.9,1,52,0.0,0,102,11,93.1,95,71.6,19,48.7,0,197,104,9.5,17.9,2.07,0,7.8,1,73.7,,0,0,6.7,1,5,0,65.6,58.6,0,25,0.0,0,144,14,94.4,136,88.0,19,48.7,0,112,63,4.5,8.0,0.82
Jarvis Landry,8698,WR,MIA,8,39,0,17,5.2,0,76.9,,0,0,9.1,1,8,0,60.2,77.8,1,21,0.0,0,61,10,88.5,54,109.6,13,33.3,2,112,76,7.6,11.2,2.07,0,5.9,4,76.0,,0,0,5.0,1,10,0,70.5,68.7,1,19,0.0,0,114,19,92.1,105,79.6,25,64.1,0,185,149,7.8,9.7,1.76
Niles Paul,6307,TE,WAS,9,38,0,32,7.5,3,72.7,,0,0,0.0,0,6,0,76.5,77.0,1,50,10.3,7,68,8,83.8,57,71.4,11,28.9,0,123,68,8.5,15.4,2.16,0,9.7,2,83.3,,0,0,13.0,3,10,1,36.6,68.3,0,48,8.8,11,125,20,87.2,109,118.2,24,63.2,0,297,136,6.8,14.9,2.72
Jace Amaro,8684,TE,NYJ,9,38,0,22,6.4,0,75.0,,0,0,0.0,0,5,0,77.3,67.8,0,13,3.2,2,63,9,87.3,55,113.9,12,31.6,1,62,22,2.4,6.9,1.13,0,6.0,4,88.5,,0,0,11.5,3,10,0,50.4,66.5,0,43,3.2,4,125,23,95.2,119,102.4,26,68.4,0,223,106,4.6,9.7,1.87
Justin Forsett,4547,HB,BLT,9,38,0,3,-0.9,0,57.1,,0,0,20.0,1,1,0,43.9,49.4,0,17,49.3,33,67,4,49.3,33,62.2,7,18.4,0,10,21,5.3,2.5,0.3,0,-0.6,8,87.1,,0,0,3.6,1,6,0,76.9,75.5,0,26,21.5,38,177,27,74.6,132,92.5,31,81.6,0,192,217,8.0,7.1,1.45
Dwayne Allen,7066,TE,IND,9,37,0,14,11.4,3,83.3,,0,0,0.0,0,9,0,78.0,91.1,0,41,16.2,11,68,10,79.4,54,158.3,12,32.4,4,188,84,8.4,18.8,3.48,0,8.7,0,60.0,,0,0,20.0,3,10,1,36.3,55.2,1,28,20.8,40,192,12,74.0,142,67.7,20,54.1,0,175,66,5.5,14.6,1.23
Miles Austin,3211,WR,CLV,8,37,0,8,10.9,0,58.3,,0,0,12.5,1,7,0,54.5,68.2,0,31,1.6,1,62,7,88.7,55,110.4,12,32.4,1,92,19,2.7,13.1,1.67,0,9.1,0,73.9,,0,0,5.6,1,11,0,69.0,69.9,0,25,0.0,0,137,17,95.6,131,105.5,23,62.2,0,231,103,6.1,13.6,1.76
Brian Quick,7037,WR,SL,7,37,0,26,17.7,0,69.2,,0,0,10.0,1,9,0,56.7,77.1,0,21,0.0,0,57,9,89.5,51,120.0,13,35.1,1,108,16,1.8,12.0,2.12,0,15.7,1,65.2,,0,0,6.3,1,10,0,65.9,69.3,1,51,0.0,0,136,15,96.3,131,99.7,23,62.2,1,259,59,3.9,17.3,1.98
Taylor Gabriel,9002,WR,CLV,8,37,0,8,6.0,0,0.0,,0,0,,0,0,0,,46.1,0,0,0.0,0,54,0,92.6,50,39.6,2,5.4,0,0,0,,,0.0,0,15.5,2,61.3,,0,0,5.0,1,14,0,69.9,86.2,0,70,0.0,0,115,19,94.8,109,116.0,31,83.8,1,393,168,8.8,20.7,3.61
Arian Foster,5398,HB,HST,8,36,0,13,2.4,0,68.8,,0,0,8.3,1,6,0,60.2,68.8,1,28,21.8,19,87,11,71.3,62,80.2,16,44.4,1,100,79,7.2,9.1,1.61,0,1.1,2,76.5,,0,0,0.0,0,3,0,80.0,64.1,2,56,13.4,15,112,13,84.8,95,74.3,17,47.2,1,116,109,8.4,8.9,1.22
Steve Johnson,4538,WR,SF,8,36,0,28,8.4,2,82.4,,0,0,6.7,1,13,0,65.9,92.2,1,32,0.0,0,50,14,86.0,43,112.5,17,47.2,1,207,98,7.0,14.8,4.81,0,8.5,3,70.6,,0,0,0.0,0,5,0,79.4,73.3,0,31,0.0,0,72,12,93.1,67,93.5,17,47.2,0,133,63,5.3,11.1,1.99
Jason Avant,3054,WR,CAR,9,36,0,5,5.3,0,53.8,,0,0,12.5,1,2,0,54.9,57.1,0,21,0.0,0,84,7,92.9,78,66.2,13,36.1,0,60,34,4.9,8.6,0.77,0,11.2,2,56.5,,0,0,7.1,1,7,0,63.5,64.2,0,22,0.0,0,138,13,97.1,134,87.8,23,63.9,1,133,59,4.5,10.2,0.99
Calvin Johnson,3618,WR,DET,5,36,0,11,10.2,0,100.0,,0,0,0.0,0,5,0,73.4,80.6,0,26,0.0,0,28,5,92.9,26,118.8,5,13.9,0,80,29,5.8,16.0,3.08,0,17.0,0,60.7,,0,0,15.0,3,12,0,43.5,78.3,2,67,0.0,0,117,17,95.7,112,86.6,28,77.8,2,268,64,3.8,15.8,2.39
Scott Chandler,3745,TE,BUF,8,34,0,4,10.6,0,64.3,,0,0,18.2,2,8,0,39.5,80.7,0,37,7.9,7,89,9,85.4,76,105.4,14,41.2,0,167,72,8.0,18.6,2.2,0,6.5,0,66.7,,0,0,7.7,1,5,0,61.8,54.1,1,24,5.0,7,141,12,94.3,133,59.3,18,52.9,0,107,39,3.3,8.9,0.8
Kenny Britt,4953,WR,SL,8,34,0,26,17.9,0,55.6,,0,0,0.0,0,4,0,73.4,67.9,0,43,0.0,0,61,5,93.4,57,131.7,9,26.5,1,100,20,4.0,20.0,1.75,0,17.4,1,52.0,,0,0,7.1,1,8,0,63.2,67.0,3,38,0.0,0,157,13,95.5,150,49.3,25,73.5,1,181,37,2.8,13.9,1.21
DeMarco Murray,6223,HB,DAL,9,33,0,9,-1.3,1,33.3,,0,0,66.7,2,0,0,26.4,29.0,0,5,46.7,28,60,1,50.0,30,42.4,3,9.1,0,5,8,8.0,5.0,0.17,0,-1.6,8,96.6,,0,0,0.0,0,8,1,86.9,71.8,0,34,12.8,18,141,28,82.3,116,100.6,29,87.9,0,236,286,10.2,8.4,2.03
Jermaine Kearse,7428,WR,SEA,8,33,0,29,15.9,1,23.5,,0,0,20.0,1,3,0,42.1,60.5,0,53,1.1,1,87,4,93.1,81,52.6,17,51.5,0,104,50,12.5,26.0,1.28,0,7.7,1,86.7,,0,0,0.0,0,7,0,80.0,57.2,0,29,0.6,1,170,13,93.5,159,125.8,15,45.5,1,133,67,5.2,10.2,0.84
Nate Washington,2832,WR,TEN,8,33,0,31,14.4,0,46.7,,0,0,22.2,2,3,0,32.2,55.6,0,43,0.0,0,99,7,97.0,96,71.8,15,45.5,0,111,23,3.3,15.9,1.16,0,13.6,1,55.6,,0,0,16.7,2,7,0,41.1,58.2,1,20,0.0,0,158,10,95.6,151,54.4,18,54.5,0,126,29,2.9,12.6,0.83
Davante Adams,8688,WR,GB,8,32,0,12,4.8,1,87.5,,0,0,0.0,0,5,0,75.6,67.1,0,14,0.0,0,54,7,92.6,50,135.9,8,25.0,1,57,26,3.7,8.1,1.14,0,9.3,2,72.7,,0,0,5.9,1,9,0,68.0,64.6,1,24,0.0,0,160,16,92.5,148,96.2,22,68.8,1,197,90,5.6,12.3,1.33
Wes Welker,2204,WR,DEN,6,32,0,10,6.7,0,58.3,,0,0,0.0,0,6,0,75.6,68.6,1,20,0.0,0,67,7,98.5,66,41.0,12,37.5,0,72,36,5.1,10.3,1.09,0,6.3,0,78.9,,0,0,6.3,1,7,0,67.7,60.9,2,39,0.0,0,119,15,93.3,111,75.3,19,59.4,1,140,67,4.5,9.3,1.26
Matt Asiata,6432,HB,MIN,9,32,0,18,-2.7,1,71.4,,0,0,0.0,0,4,0,74.6,69.0,0,41,25.7,18,70,5,65.7,46,153.3,7,21.9,1,92,108,21.6,18.4,2.0,0,-0.6,1,73.9,,0,0,15.0,3,1,0,43.3,45.3,2,12,27.0,30,111,17,71.2,79,46.8,23,71.9,0,107,112,6.6,6.3,1.35
Giovani Bernard,7818,HB,CIN,7,31,0,7,5.0,0,75.0,,0,0,0.0,0,2,0,70.5,65.1,0,32,31.9,15,47,3,57.4,27,116.7,4,12.9,0,50,48,16.0,16.7,1.85,0,-1.1,2,70.4,,0,0,5.0,1,4,0,70.5,59.8,1,46,15.5,20,129,19,80.6,104,65.2,27,87.1,0,129,156,8.2,6.8,1.24
Louis Murphy Jr.,5048,WR,TB,5,31,0,30,10.9,0,64.3,,0,0,10.0,1,6,1,78.7,70.6,0,31,0.0,0,64,9,89.1,57,89.3,14,45.2,0,113,25,2.8,12.6,1.98,0,12.7,0,66.7,,0,0,9.1,1,3,0,61.8,70.6,2,41,0.0,0,95,10,91.6,87,71.9,15,48.4,1,114,30,3.0,11.4,1.31
John Carlson,4352,TE,ARZ,8,30,0,1,3.5,0,66.7,,0,0,0.0,0,2,0,72.1,53.7,0,15,12.3,9,73,4,74.0,54,75.0,6,20.0,0,25,12,3.0,6.3,0.46,0,5.7,1,65.0,,0,0,18.8,3,7,0,36.0,48.0,1,32,17.6,33,187,13,77.0,144,67.1,20,66.7,0,152,81,6.2,11.7,1.06
Kenny Stills,7926,WR,NO,7,30,0,20,13.6,1,88.9,,0,0,11.1,1,6,1,54.9,69.3,0,46,0.0,0,54,8,88.9,48,155.8,9,30.0,1,152,43,5.4,19.0,3.17,0,13.6,0,75.0,,0,0,11.8,2,13,0,51.2,68.2,1,45,0.0,0,144,15,97.2,140,90.0,20,66.7,0,222,14,0.9,14.8,1.59
Reggie Bush,2947,HB,DET,6,30,0,11,-2.0,2,60.0,,0,0,40.0,2,2,0,28.0,49.2,0,28,5.0,1,20,3,90.0,18,84.6,5,16.7,0,39,51,17.0,13.0,2.17,0,1.7,3,87.0,,0,0,4.8,1,5,0,83.6,73.3,1,24,6.9,6,87,20,90.8,79,69.4,23,76.7,0,115,88,4.4,5.8,1.46
A.J. Green,6156,WR,CIN,5,29,0,7,11.6,0,87.5,,0,0,12.5,1,6,0,52.5,73.9,0,29,0.0,0,37,7,83.8,31,158.3,8,27.6,1,112,37,5.3,16.0,3.61,0,18.4,1,61.9,,0,0,0.0,0,9,1,80.0,76.8,0,77,0.0,0,83,13,97.6,81,134.2,21,72.4,2,246,52,4.0,18.9,3.04
Darren McFadden,4318,HB,OAK,8,28,0,23,1.3,1,88.9,,0,0,11.1,1,4,0,54.9,68.7,0,16,50.6,41,81,8,45.7,37,94.9,9,32.1,0,61,80,10.0,7.6,1.65,0,-0.8,3,89.5,,0,0,0.0,0,4,0,82.2,72.4,0,23,37.4,49,131,17,58.8,77,88.6,19,67.9,0,100,119,7.0,5.9,1.3
Anthony Fasano,2998,TE,KC,8,28,0,16,4.2,0,83.3,,0,0,0.0,0,4,0,74.9,58.8,0,18,25.6,22,86,5,68.6,59,132.6,6,21.4,2,38,22,4.4,7.6,0.64,0,6.3,0,63.6,,0,0,17.6,3,8,0,29.5,57.1,1,22,29.6,47,159,14,67.9,108,60.4,22,78.6,0,128,49,3.5,9.1,1.19
Jeff Cumberland,5861,TE,NYJ,9,28,0,22,11.6,0,55.6,,0,0,0.0,0,2,0,73.4,51.6,1,28,17.5,18,103,5,73.8,76,70.8,9,32.1,1,54,27,5.4,10.8,0.71,0,8.6,0,52.6,,0,0,16.7,2,5,0,41.8,45.8,0,26,17.2,34,198,10,82.3,163,67.9,19,67.9,0,100,53,5.3,10.0,0.61
Darren Sproles,2347,HB,PHI,7,28,0,24,2.0,0,80.0,,0,0,0.0,0,4,0,72.1,90.5,0,57,3.8,1,26,4,84.6,22,118.8,5,17.9,0,107,98,24.5,26.8,4.86,0,-0.5,6,68.2,,0,0,11.8,2,4,0,53.1,59.3,1,51,2.4,2,84,15,92.9,78,65.5,22,78.6,0,135,158,10.5,9.0,1.73
Jerick McKinnon,8731,HB,MIN,9,28,0,18,-1.0,0,75.0,,0,0,0.0,0,0,0,70.5,55.1,0,3,26.4,14,53,3,69.8,37,77.1,4,14.3,0,-4,7,2.3,-1.3,-0.11,0,-0.3,7,70.8,,0,0,15.0,3,6,0,45.8,68.6,1,17,22.9,25,109,17,71.6,78,62.8,24,85.7,0,110,136,8.0,6.5,1.41
Marshawn Lynch,3628,HB,SEA,8,28,0,29,-0.3,4,77.8,,0,0,0.0,0,6,0,75.6,78.8,0,21,18.5,12,65,7,80.0,52,139.1,9,32.1,3,71,77,11.0,10.1,1.37,0,-1.0,4,81.3,,0,0,7.1,1,4,0,64.7,65.3,0,39,15.4,19,123,13,78.9,97,97.9,16,57.1,0,120,143,11.0,9.2,1.24
Levine Toilolo,7915,TE,ATL,8,27,0,2,4.0,0,20.0,,0,0,66.7,2,1,0,26.5,39.0,0,6,36.8,28,76,1,57.9,44,39.6,5,18.5,0,6,5,5.0,6.0,0.14,0,7.9,0,61.9,,0,0,23.5,4,8,1,29.0,52.3,1,17,17.0,36,212,13,80.2,170,62.0,21,77.8,0,142,40,3.1,10.9,0.84
Roy Helu,6257,HB,WAS,9,27,0,32,-0.7,2,100.0,,0,0,0.0,0,5,0,75.6,77.7,0,55,37.8,31,82,7,54.9,45,118.8,7,25.9,0,149,154,22.0,21.3,3.31,0,0.5,2,95.0,,0,0,5.0,1,6,0,70.3,67.9,0,27,22.7,27,119,19,73.1,87,100.0,20,74.1,0,160,152,8.0,8.4,1.84
Bobby Rainey Jr.,7511,HB,TB,8,27,0,30,2.0,0,60.0,,0,0,25.0,1,1,0,43.3,51.8,0,34,46.4,26,56,3,48.2,27,77.9,5,18.5,0,31,45,15.0,10.3,1.15,0,1.6,12,90.5,,0,0,5.0,1,6,2,69.6,49.0,0,19,22.7,29,128,19,69.5,89,101.8,21,77.8,0,177,135,7.1,9.3,1.99
Clay Harbor,5648,TE,JAX,6,27,0,15,6.8,0,75.0,,0,0,0.0,0,1,0,72.1,53.9,0,13,27.5,14,51,3,66.7,34,81.3,4,14.8,0,16,1,0.3,5.3,0.47,0,5.5,2,82.6,,0,0,5.0,1,8,0,69.6,68.6,1,59,19.0,32,168,19,79.2,133,104.3,23,85.2,1,228,158,8.3,12.0,1.71
Pierre Thomas,4080,HB,NO,6,27,0,20,-1.0,1,100.0,,0,0,0.0,0,3,0,73.4,78.0,0,19,16.7,7,42,4,71.4,30,110.4,4,14.8,0,42,46,11.5,10.5,1.4,0,-1.0,11,95.7,,0,0,0.0,0,9,0,84.5,90.0,0,15,11.8,11,93,22,87.1,81,110.5,23,85.2,1,162,182,8.3,7.4,2.0
Jordan Cameron,6254,TE,CLV,6,26,0,8,15.1,0,57.1,,0,0,20.0,1,2,0,41.6,65.3,0,47,12.8,5,39,4,79.5,31,101.8,7,26.9,0,99,30,7.5,24.8,3.19,0,12.4,1,52.9,,0,0,0.0,0,6,0,77.3,74.0,0,51,16.2,17,105,9,80.0,84,102.8,17,65.4,1,151,43,4.8,16.8,1.8
Odell Beckham Jr.,8647,WR,NYG,4,26,0,21,14.6,1,60.0,,0,0,0.0,0,6,0,75.6,79.5,0,19,0.0,0,62,6,93.5,58,129.2,10,38.5,2,90,10,1.7,15.0,1.55,0,11.8,1,73.3,,0,0,0.0,0,7,0,60.2,68.4,0,59,0.0,0,89,11,93.3,83,109.6,15,57.7,0,167,83,7.5,15.2,2.01
Jordan Reed,7866,TE,WAS,5,26,0,32,5.1,1,91.7,,0,0,0.0,0,7,0,78.7,82.8,0,20,8.5,4,47,11,80.9,38,108.7,12,46.2,0,121,76,6.9,11.0,3.18,0,4.7,1,84.6,,0,0,8.3,1,4,0,60.6,63.1,0,22,4.8,3,62,11,88.7,55,94.2,13,50.0,0,86,29,2.6,7.8,1.56
Vernon Davis,2951,TE,SF,6,26,0,28,11.5,0,0.0,,0,0,100.0,3,0,0,25.2,33.9,0,0,5.5,3,55,0,78.2,43,39.6,4,15.4,0,0,0,,,0.0,0,9.4,0,71.4,,0,0,6.3,1,6,0,66.7,61.2,0,29,10.8,15,139,15,85.6,119,109.0,21,80.8,1,159,34,2.3,10.6,1.34
Travaris Cadet,7457,HB,NO,8,26,0,20,3.2,1,80.0,,0,0,20.0,1,4,0,42.1,60.3,0,16,13.3,4,30,4,73.3,22,138.8,5,19.2,1,39,30,7.5,9.8,1.77,0,1.5,0,90.5,,0,0,0.0,0,5,1,69.9,56.8,1,31,1.3,1,77,19,94.8,73,79.4,21,80.8,0,164,141,7.4,8.6,2.25
Trent Richardson,7009,HB,IND,8,26,0,14,-1.0,0,50.0,,0,0,0.0,0,0,0,64.7,59.5,0,10,48.3,14,29,1,51.7,15,64.6,2,7.7,0,10,13,13.0,10.0,0.67,0,-0.5,10,83.3,,0,0,16.7,4,7,0,38.7,57.3,0,24,22.6,28,124,20,73.4,91,96.5,24,92.3,0,172,184,9.2,8.6,1.89
Lamar Miller,7097,HB,MIA,8,26,0,17,-2.6,1,85.7,,0,0,0.0,0,3,0,74.6,68.0,0,20,24.2,16,66,6,69.7,46,121.1,7,26.9,1,25,44,7.3,4.2,0.54,0,1.8,2,75.0,,0,0,25.0,4,2,0,29.0,34.5,0,15,14.2,17,120,12,80.8,97,87.5,16,61.5,0,88,72,6.0,7.3,0.91
Ronnie Hillman,7069,HB,DEN,6,26,0,10,4.2,2,83.3,,0,0,0.0,0,2,0,73.4,62.6,0,15,26.1,12,46,5,67.4,31,129.9,6,23.1,1,34,30,6.0,6.8,1.1,0,1.9,1,66.7,,0,0,0.0,0,4,0,79.4,62.9,0,16,20.0,17,85,12,75.3,64,78.7,18,69.2,0,91,65,5.4,7.6,1.42
Chase Ford,7528,TE,MIN,6,25,0,18,12.0,0,50.0,,0,0,25.0,1,2,0,36.8,56.0,0,21,3.6,2,55,3,90.9,50,69.4,6,24.0,0,37,4,1.3,12.3,0.74,0,8.4,5,88.9,,0,0,5.9,1,11,0,68.0,75.2,1,20,2.3,3,129,16,89.9,116,102.5,18,72.0,1,175,49,3.1,10.9,1.51
Branden Oliver,9286,HB,SD,7,24,0,27,-3.0,2,100.0,,0,0,0.0,0,1,0,67.6,64.0,0,20,18.2,6,33,1,75.8,25,118.8,1,4.2,0,20,23,23.0,20.0,0.8,0,-2.3,8,94.7,,0,0,0.0,0,3,0,83.2,84.9,0,50,14.3,12,84,18,81.0,68,96.7,19,79.2,0,137,179,9.9,7.6,2.01
Devin Hester,3002,WR,ATL,8,24,0,2,11.6,2,60.0,,0,0,0.0,0,4,0,75.6,79.7,0,35,0.0,0,47,6,91.5,43,99.6,10,41.7,0,114,48,8.0,19.0,2.65,0,7.6,2,85.7,,0,0,0.0,0,5,0,80.0,58.2,0,36,0.0,0,128,12,96.1,123,134.8,14,58.3,1,149,93,7.8,12.4,1.21
Travis Benjamin,7100,WR,CLV,8,23,0,8,15.0,0,33.3,,0,0,50.0,2,2,0,27.3,60.4,0,31,0.0,0,16,2,100.0,16,102.8,6,26.1,1,48,0,0.0,24.0,3.0,0,21.7,1,46.7,,0,0,0.0,0,5,0,75.6,70.7,0,43,0.0,0,72,7,97.2,70,79.0,15,65.2,0,137,17,2.4,19.6,1.96
Denarius Moore,6300,WR,OAK,7,23,0,23,6.6,0,60.0,,0,0,0.0,0,1,0,70.5,55.1,0,8,0.0,0,49,3,93.9,46,64.6,5,21.7,0,13,4,1.3,4.3,0.28,0,9.6,4,50.0,,0,0,20.0,2,4,0,36.0,54.8,0,13,0.0,0,89,8,94.4,84,63.0,16,69.6,0,74,32,4.0,9.3,0.88
Eddie Lacy,7842,HB,GB,8,23,0,12,1.3,1,100.0,,0,0,0.0,0,3,0,70.5,81.2,0,67,38.1,16,42,3,57.1,24,118.8,3,13.0,0,89,85,28.3,29.7,3.71,0,-1.2,12,90.0,,0,0,0.0,0,5,0,83.2,78.6,0,21,13.5,18,133,18,79.7,106,91.7,20,87.0,0,120,140,7.8,6.7,1.13
Joique Bell,5797,HB,DET,7,23,0,11,3.5,0,100.0,,0,0,0.0,0,2,0,70.5,83.2,0,8,31.4,11,35,2,57.1,20,100.0,2,8.7,0,16,9,4.5,8.0,0.8,0,-0.4,4,61.9,,0,0,13.3,2,6,0,47.7,55.8,0,19,12.6,15,119,13,84.0,100,77.7,21,91.3,0,121,133,10.2,9.3,1.21
Preston Parker,5950,WR,NYG,7,23,0,21,9.8,2,58.3,,0,0,12.5,1,4,0,52.1,64.5,0,13,0.0,0,61,7,98.4,60,74.7,12,52.2,0,69,24,3.4,9.9,1.15,0,9.5,1,63.6,,0,0,12.5,1,4,0,54.9,59.5,0,42,0.0,0,78,7,92.3,72,98.7,11,47.8,0,115,45,6.4,16.4,1.6
Corey Fuller,7953,WR,DET,8,23,0,11,15.0,0,57.1,,0,0,0.0,0,3,0,72.1,65.0,0,16,0.0,0,47,4,89.4,42,75.3,7,30.4,0,43,21,5.3,10.8,1.02,0,16.9,0,46.2,,0,0,14.3,1,6,0,49.7,57.2,2,52,0.0,0,134,6,93.3,125,40.1,13,56.5,0,122,16,2.7,20.3,0.98
Brandon Lloyd,1436,WR,SF,7,22,0,28,19.8,0,50.0,,0,0,33.3,1,2,0,68.3,61.4,0,38,0.0,0,46,2,84.8,39,95.8,4,18.2,0,50,4,2.0,25.0,1.28,0,20.3,1,50.0,,0,0,0.0,0,7,0,77.3,74.3,1,80,0.0,0,99,9,98.0,97,88.2,18,81.8,1,212,59,6.6,23.6,2.19
Donte Moncrief,8725,WR,IND,9,22,0,14,14.7,2,70.0,,0,0,0.0,0,3,0,75.6,81.8,0,52,0.0,0,32,7,90.6,29,145.8,10,45.5,1,128,77,11.0,18.3,4.41,0,5.1,2,90.9,,0,0,9.1,1,5,0,58.5,68.0,0,22,0.0,0,68,10,95.6,65,100.8,11,50.0,0,90,36,3.6,9.0,1.38
Marcel Reece,4702,FB,OAK,7,22,0,23,9.4,0,20.0,,0,0,50.0,1,0,0,28.9,42.5,0,-1,13.3,4,30,1,76.7,23,39.6,5,22.7,0,-1,0,0.0,-1.0,-0.04,0,1.4,1,81.3,,0,0,18.8,3,5,0,33.8,58.4,0,19,9.5,7,74,13,89.2,66,91.1,16,72.7,0,94,74,5.7,7.2,1.42
Harry Douglas,4398,WR,ATL,4,22,0,2,7.9,0,42.9,,0,0,0.0,0,2,0,72.1,64.5,1,16,2.5,1,40,3,87.5,35,15.5,7,31.8,0,29,9,3.0,9.7,0.83,0,11.9,1,78.6,,0,0,8.3,1,8,0,60.6,71.4,1,23,0.0,0,80,11,97.5,78,75.9,14,63.6,0,131,34,3.1,11.9,1.68
LeSean McCoy,4976,HB,PHI,8,22,0,24,-0.8,1,100.0,,0,0,0.0,0,1,0,73.4,60.9,0,8,27.1,23,85,4,62.4,53,87.5,4,18.2,0,20,23,5.8,5.0,0.38,0,-1.4,5,94.4,,0,0,0.0,0,5,1,82.7,53.8,0,12,9.6,16,166,17,84.9,141,83.8,18,81.8,0,74,99,5.8,4.4,0.52
Brent Celek,3778,TE,PHI,8,22,0,24,7.5,0,87.5,,0,0,0.0,0,1,0,75.6,59.6,0,24,19.7,12,61,7,72.1,44,93.8,8,36.4,0,52,19,2.7,7.4,1.18,0,5.7,0,63.6,,0,0,0.0,0,3,0,76.8,47.2,0,12,21.9,32,146,7,76.0,111,69.5,11,50.0,0,38,21,3.0,5.4,0.34
Lance Kendricks,6199,TE,SL,8,22,0,26,6.0,0,100.0,,0,0,0.0,0,2,0,72.1,74.0,0,13,27.6,8,29,4,65.5,19,99.0,4,18.2,0,31,7,1.8,7.8,1.63,0,4.5,0,69.2,,0,0,0.0,0,3,0,77.3,56.7,0,22,17.1,18,105,9,79.0,83,84.1,13,59.1,0,76,33,3.7,8.4,0.92
Kenbrell Thompkins,8126,WR,OAK,6,21,0,23,13.3,1,42.9,,0,0,0.0,0,2,0,72.1,60.6,0,14,0.0,0,44,3,95.5,42,54.5,7,33.3,0,28,19,6.3,9.3,0.67,0,13.2,0,53.8,,0,0,0.0,0,4,0,75.6,62.6,0,16,0.0,0,71,7,100.0,71,67.5,13,61.9,0,64,17,2.4,9.1,0.9
Chris Johnson,4338,HB,NYJ,9,21,0,22,-3.0,0,100.0,,0,0,0.0,0,2,0,70.5,72.1,0,12,28.0,7,25,3,68.0,17,131.3,3,14.3,1,18,27,9.0,6.0,1.06,0,1.2,3,72.2,,0,0,13.3,2,5,0,47.7,50.9,1,26,17.0,16,94,13,80.9,76,59.0,18,85.7,0,86,66,5.1,6.6,1.13
Benny Cunningham,8283,HB,SL,8,21,0,26,4.0,0,100.0,,0,0,0.0,0,1,0,70.6,61.0,0,6,40.8,20,49,2,53.1,26,91.7,2,9.5,0,12,4,2.0,6.0,0.46,0,0.4,6,93.3,,0,0,0.0,0,7,0,80.6,74.6,0,17,13.3,14,105,14,83.8,88,99.4,15,71.4,0,118,116,8.3,8.4,1.34
Andrew Quarless,5677,TE,GB,8,21,0,12,3.8,0,25.0,,0,0,0.0,0,1,0,64.7,49.6,0,8,10.2,5,49,1,83.7,41,39.6,4,19.0,0,8,5,5.0,8.0,0.2,0,4.1,0,85.7,,0,0,7.7,1,5,0,63.5,62.1,0,18,11.7,14,120,12,82.5,99,100.3,14,66.7,0,113,66,5.5,9.4,1.14
Brandon Tate,5006,WR,CIN,8,21,0,7,7.0,0,66.7,,0,0,0.0,0,2,0,72.1,53.9,0,16,0.0,0,53,4,84.9,45,118.1,6,28.6,1,30,33,8.3,7.5,0.67,0,14.5,0,71.4,,0,0,0.0,0,7,0,78.7,66.8,1,50,0.8,1,118,10,95.8,113,70.2,14,66.7,0,129,26,2.6,12.9,1.14
Donnie Avery,4347,WR,KC,4,21,0,16,9.0,1,50.0,,0,0,33.3,1,2,0,30.0,62.7,0,27,0.0,0,40,2,92.5,37,91.7,4,19.0,0,46,22,11.0,23.0,1.24,0,14.3,0,68.8,,0,0,0.0,0,6,0,79.4,69.8,3,25,0.0,0,83,11,94.0,78,47.7,16,76.2,0,107,10,0.9,9.7,1.37
Austin Seferian-Jenkins,8673,TE,TB,6,21,0,30,10.3,0,50.0,,0,0,20.0,1,1,0,41.6,52.9,0,21,26.8,19,71,4,67.6,48,64.6,8,38.1,0,40,5,1.3,10.0,0.83,0,12.2,0,66.7,,0,0,0.0,0,5,1,76.5,54.0,1,30,14.4,20,139,8,79.9,111,64.9,12,57.1,0,121,35,4.4,15.1,1.09
Devonta Freeman,8738,HB,ATL,8,21,0,2,-2.5,1,100.0,,0,0,0.0,0,1,0,68.3,78.4,0,7,55.6,5,9,2,33.3,3,133.3,2,9.5,1,13,18,9.0,6.5,4.33,0,1.2,4,94.7,,0,0,5.3,1,5,0,68.7,85.5,0,19,13.0,7,54,18,87.0,47,97.4,19,90.5,0,140,115,6.4,7.8,2.98
Justin Brown,7967,WR,PIT,6,20,0,25,5.5,0,50.0,,0,0,33.3,1,2,0,36.8,50.0,0,12,0.0,0,42,2,88.1,37,58.3,4,20.0,0,14,4,2.0,7.0,0.38,0,10.8,1,57.1,,0,0,11.1,1,2,1,54.9,45.6,0,18,0.0,0,107,8,96.3,103,70.2,14,70.0,0,69,21,2.6,8.6,0.67
Jamaal Charles,4387,HB,KC,7,20,0,16,-7.0,0,100.0,,0,0,0.0,0,2,0,70.5,55.8,0,14,30.6,15,49,3,65.3,32,104.2,3,15.0,0,27,48,16.0,9.0,0.84,0,-0.9,3,83.3,,0,0,9.1,1,2,0,58.5,51.2,0,12,7.1,8,112,10,90.2,101,79.2,12,60.0,0,36,45,4.5,3.6,0.36
Dennis Pitta,5638,TE,BLT,3,20,0,3,7.8,0,80.0,,0,0,0.0,0,3,0,74.9,72.3,0,24,16.1,5,31,4,77.4,24,114.2,5,25.0,0,57,22,5.5,14.3,2.38,0,4.2,1,80.0,,0,0,7.7,1,4,0,61.8,68.0,0,10,9.6,7,73,12,89.0,65,85.6,15,75.0,0,68,39,3.3,5.7,1.05
Greg Salas,6264,WR,NYJ,7,20,0,22,11.7,1,50.0,,0,0,25.0,1,3,0,70.5,68.1,0,32,0.0,0,42,3,95.2,40,95.8,6,30.0,0,87,73,24.3,29.0,2.18,0,20.3,1,38.5,,0,0,16.7,1,3,0,46.3,60.6,1,51,0.0,0,80,5,100.0,80,27.7,13,65.0,0,80,44,8.8,16.0,1.0
Eric Ebron,8645,TE,DET,6,20,0,11,13.0,0,0.0,,0,0,,0,0,0,,47.5,0,0,3.7,1,27,0,92.6,25,39.6,2,10.0,0,0,0,,,0.0,0,11.3,1,62.5,,0,0,9.1,1,7,0,58.9,71.3,0,17,3.5,3,86,10,91.9,79,101.8,16,80.0,1,103,48,4.8,10.3,1.3
Luke Willson,7940,TE,SEA,7,19,0,29,11.6,1,40.0,,0,0,33.3,1,2,0,27.3,52.8,0,23,21.2,11,52,2,73.1,38,107.5,5,26.3,1,39,21,10.5,19.5,1.03,0,10.6,2,42.9,,0,0,25.0,2,1,0,30.5,46.2,1,19,15.8,15,95,6,78.9,75,20.5,14,73.7,0,40,35,5.8,6.7,0.53
Zac Stacy,7942,HB,SL,7,19,0,26,-1.0,0,100.0,,0,0,0.0,0,0,0,68.3,57.1,0,8,20.8,5,24,2,70.8,17,95.8,2,10.5,0,14,16,8.0,7.0,0.82,0,0.4,2,76.5,,0,0,13.3,2,9,0,49.8,65.4,1,17,11.0,8,73,13,83.6,61,71.0,17,89.5,0,121,116,8.9,9.3,1.98
Brandon Myers,5126,TE,TB,8,19,0,30,0.0,0,50.0,,0,0,0.0,0,0,0,64.7,43.4,1,3,13.9,5,36,1,80.6,29,16.7,2,10.5,0,3,0,0.0,3.0,0.1,0,6.0,0,87.5,,0,0,0.0,0,4,0,81.9,57.5,0,26,16.4,20,122,14,78.7,96,100.3,16,84.2,0,129,40,2.9,9.2,1.34
Tavon Austin,7789,WR,SL,7,19,0,26,2.3,0,75.0,,0,0,0.0,0,1,0,70.5,57.7,0,22,0.0,0,27,3,92.6,25,101.0,4,21.1,0,35,31,10.3,11.7,1.4,0,6.4,1,80.0,,0,0,7.7,1,4,0,63.2,61.7,1,28,0.0,0,82,12,93.9,77,66.4,15,78.9,0,99,42,3.5,8.3,1.29
Damaris Johnson,7530,WR,HST,9,19,0,13,4.8,1,60.0,,0,0,25.0,1,2,0,36.8,51.9,0,18,0.0,0,62,3,93.5,58,85.4,5,26.3,0,40,16,5.3,13.3,0.69,0,9.2,2,76.9,,0,0,9.1,1,7,0,58.5,66.6,0,44,0.0,0,101,10,98.0,99,142.1,13,68.4,1,157,44,4.4,15.7,1.59
Cole Beasley,7330,WR,DAL,9,19,0,9,3.7,1,83.3,,0,0,0.0,0,5,0,73.4,64.4,0,13,0.0,0,61,5,95.1,58,100.0,6,31.6,0,48,30,6.0,9.6,0.83,0,5.1,3,75.0,,0,0,0.0,0,6,0,60.6,57.7,0,12,0.0,0,117,9,95.7,112,89.2,12,63.2,0,71,31,3.4,7.9,0.63
Dexter McCluster,5561,HB,TEN,8,19,0,31,10.5,0,0.0,,0,0,,0,0,0,,49.2,0,0,7.1,2,28,0,92.9,26,39.6,2,10.5,0,0,0,,,0.0,0,1.7,5,92.9,,0,0,0.0,0,6,0,80.6,79.5,0,25,4.2,3,71,13,91.5,65,103.3,14,73.7,0,123,103,7.9,9.5,1.89
Marqise Lee,8674,WR,JAX,6,19,0,15,10.2,0,50.0,,0,0,0.0,0,3,0,70.5,70.7,1,20,0.0,0,25,3,100.0,25,31.3,6,31.6,0,39,16,5.3,13.0,1.56,0,7.5,3,69.2,,0,0,0.0,0,5,0,77.3,58.4,0,18,0.0,0,83,9,95.2,79,88.3,13,68.4,0,89,35,3.9,9.9,1.13
Austin Pettis,6230,WR,SL,5,18,0,26,9.1,0,75.0,,0,0,0.0,0,4,0,74.6,78.4,0,27,0.0,0,35,6,91.4,32,106.8,8,44.4,0,81,28,4.7,13.5,2.53,0,8.1,1,42.9,,0,0,40.0,2,2,0,28.0,49.0,0,13,0.0,0,75,3,98.7,74,52.7,7,38.9,0,25,17,5.7,8.3,0.34
Chris Ivory,6007,HB,NYJ,9,18,0,22,0.0,0,50.0,,0,0,0.0,0,0,0,70.5,54.0,0,5,17.8,8,45,3,75.6,34,56.3,6,33.3,0,11,10,3.3,3.7,0.32,0,-1.0,4,77.8,,0,0,12.5,1,3,0,41.2,49.1,0,23,21.1,16,76,7,77.6,59,102.3,9,50.0,0,77,75,10.7,11.0,1.31
Tim Wright,8392,TE,NE,9,18,0,19,6.0,0,100.0,,0,0,0.0,0,2,0,68.3,63.0,0,9,7.1,2,28,2,89.3,25,95.8,2,11.1,0,14,2,1.0,7.0,0.56,0,6.8,0,92.3,,0,0,0.0,0,8,0,79.4,74.9,0,30,0.0,0,68,12,98.5,67,142.9,13,72.2,1,158,79,6.6,13.2,2.36
Jeremy Ross,6476,WR,DET,8,18,0,11,8.5,3,75.0,,0,0,0.0,0,2,0,70.5,59.5,0,26,0.0,0,63,3,92.1,58,114.6,4,22.2,0,48,18,6.0,16.0,0.83,0,5.8,6,92.3,,0,0,0.0,0,6,1,79.4,60.7,0,59,0.0,0,187,12,97.3,182,138.5,13,72.2,1,144,83,6.9,12.0,0.79
Garrett Graham,5642,TE,HST,8,17,0,13,9.8,0,60.0,,0,0,0.0,0,3,0,70.5,61.6,0,26,19.6,18,92,3,72.8,67,88.8,5,29.4,0,44,5,1.7,14.7,0.66,0,5.4,0,75.0,,0,0,0.0,0,3,0,78.0,51.9,0,18,10.3,15,145,9,85.5,124,91.7,12,70.6,0,78,34,3.8,8.7,0.63
Mike Williams,5625,WR,BUF,7,17,0,4,15.8,0,25.0,,0,0,66.7,2,0,0,26.5,42.4,0,8,0.0,0,37,1,94.6,35,39.6,4,23.5,0,8,-2,-2.0,8.0,0.23,0,15.2,1,70.0,,0,0,0.0,0,3,0,75.6,63.7,0,80,0.0,0,78,7,100.0,78,145.8,10,58.8,1,134,38,5.4,19.1,1.72
Donald Brown,4950,HB,SD,6,17,0,27,2.3,0,50.0,,0,0,33.3,1,1,0,31.6,44.7,0,21,27.8,10,36,2,63.9,23,69.8,4,23.5,0,25,31,15.5,12.5,1.09,0,-3.2,0,92.3,,0,0,7.7,1,1,0,61.8,51.6,0,13,16.1,10,62,12,80.6,50,84.9,13,76.5,0,57,98,8.2,4.8,1.14
Martavis Bryant,8753,WR,PIT,3,17,0,25,22.3,0,50.0,,0,0,16.7,1,3,0,45.8,72.7,0,52,0.0,0,36,5,94.4,34,125.4,10,58.8,2,101,23,4.6,20.2,2.97,0,14.7,0,66.7,,0,0,20.0,1,3,0,42.1,66.6,0,19,0.0,0,22,4,90.9,20,139.6,6,35.3,2,61,9,2.3,15.3,3.05
Robert Meachem,3643,WR,NO,8,16,0,20,20.9,0,28.6,,0,0,0.0,0,2,0,68.3,63.0,1,15,0.0,0,30,2,86.7,26,3.6,7,43.8,0,27,1,0.5,13.5,1.04,0,22.0,4,33.3,,0,0,25.0,1,3,0,36.2,59.3,1,25,0.0,0,74,3,97.3,72,17.1,9,56.3,0,58,16,5.3,19.3,0.81
Kamar Aiken,6671,WR,BLT,8,16,0,3,4.0,0,100.0,,0,0,0.0,0,2,0,72.1,69.6,0,8,0.0,0,15,4,93.3,14,93.8,4,25.0,0,26,10,2.5,6.5,1.86,0,14.3,0,72.7,,0,0,0.0,0,3,0,76.5,66.8,0,22,0.0,0,48,8,93.8,45,130.5,11,68.8,1,99,19,2.4,12.4,2.2
David Nelson,5862,WR,NYJ,6,16,0,22,14.8,0,25.0,,0,0,0.0,0,1,0,68.3,55.2,0,6,0.0,0,45,1,84.4,38,39.6,4,25.0,0,6,0,0.0,6.0,0.16,0,13.2,0,58.3,,0,0,0.0,0,4,2,75.6,47.0,1,17,0.0,0,121,7,97.5,118,36.5,12,75.0,0,59,6,0.9,8.4,0.5
Kyle Rudolph,6195,TE,MIN,3,16,0,18,7.0,0,57.1,,0,0,33.3,2,2,0,28.7,48.5,0,17,4.3,2,47,4,87.2,41,113.7,7,43.8,1,41,30,7.5,10.3,1.0,0,5.3,0,66.7,,0,0,14.3,1,3,0,49.2,67.1,0,11,7.3,3,41,6,92.7,38,83.1,9,56.3,0,55,26,4.3,9.2,1.45
Danny Amendola,4717,WR,NE,9,16,0,19,6.5,0,75.0,,0,0,0.0,0,3,0,74.6,63.4,0,14,0.0,0,74,3,91.9,68,92.7,4,25.0,0,27,4,1.3,9.0,0.4,0,9.6,0,50.0,,0,0,14.3,1,3,0,52.5,53.8,2,21,0.0,0,115,6,93.0,107,51.0,12,75.0,1,55,17,2.8,9.2,0.51
Jeremy Hill,8690,HB,CIN,8,16,0,7,-0.5,1,75.0,,0,0,25.0,1,2,0,36.8,43.9,0,38,45.2,14,31,3,41.9,13,116.7,4,25.0,0,59,62,20.7,19.7,4.54,0,-0.7,5,91.7,,0,0,0.0,0,2,0,78.7,65.7,0,18,14.3,9,63,11,85.7,54,94.8,12,75.0,0,81,83,7.5,7.4,1.5
Brandon Gibson,5118,WR,MIA,6,15,0,17,6.7,1,66.7,,0,0,20.0,1,2,0,45.8,58.3,0,12,0.0,0,47,4,91.5,43,80.6,6,40.0,0,33,11,2.8,8.3,0.77,0,5.0,1,55.6,,0,0,28.6,2,3,0,29.2,55.2,0,18,0.0,0,71,5,95.8,68,74.8,9,60.0,0,57,44,8.8,11.4,0.84
Denard Robinson,7917,HB,JAX,9,15,0,15,-6.0,0,100.0,,0,0,0.0,0,0,0,64.7,55.5,0,3,43.8,14,32,1,50.0,16,79.2,1,6.7,0,3,9,9.0,3.0,0.19,0,-1.9,2,92.9,,0,0,0.0,0,3,0,80.0,65.0,1,12,27.8,27,97,13,70.1,68,53.0,14,93.3,0,54,89,6.8,4.2,0.79
Mike Brown,7698,WR,JAX,5,15,0,15,10.8,0,50.0,,0,0,0.0,0,1,0,30.0,53.6,0,17,0.0,0,32,2,96.9,31,70.8,4,26.7,0,26,3,1.5,13.0,0.84,0,10.5,0,45.5,,0,0,37.5,3,4,1,27.5,48.8,0,15,1.8,1,56,5,94.6,53,63.4,11,73.3,0,62,15,3.0,12.4,1.17
Corey Brown,8986,WR,CAR,7,15,0,5,8.0,0,80.0,,0,0,0.0,0,3,0,72.1,71.6,0,15,0.0,0,23,4,95.7,22,100.0,5,33.3,0,40,8,2.0,10.0,1.82,0,10.5,0,70.0,,0,0,0.0,0,2,0,75.6,67.1,0,18,0.0,0,40,7,90.0,36,90.8,10,66.7,0,73,13,1.9,10.4,2.03
Junior Hemingway,7222,WR,KC,8,15,0,16,13.7,1,33.3,,0,0,33.3,1,1,0,29.9,50.3,0,8,0.0,0,35,2,97.1,34,42.4,6,40.0,0,12,5,2.5,6.0,0.35,0,3.2,1,88.9,,0,0,11.1,1,7,0,54.5,62.9,0,17,0.0,0,74,8,95.9,71,106.5,9,60.0,0,86,58,7.3,10.8,1.21
Ladarius Green,7110,TE,SD,8,15,0,27,5.0,0,75.0,,0,0,0.0,0,3,0,70.5,72.7,0,27,4.2,1,24,3,79.2,19,116.7,4,26.7,0,50,49,16.3,16.7,2.63,0,8.2,1,88.9,,0,0,11.1,1,5,0,54.5,65.3,0,26,7.6,5,66,8,89.4,59,118.1,9,60.0,0,111,37,4.6,13.9,1.88
Chris Hogan,6468,WR,BUF,5,15,0,4,15.8,0,100.0,,0,0,0.0,0,3,0,72.1,78.9,0,24,0.0,0,34,4,94.1,32,118.8,4,26.7,0,72,9,2.3,18.0,2.25,0,9.3,3,77.8,,0,0,12.5,1,3,1,52.1,60.6,0,28,0.0,0,45,7,97.8,44,108.3,9,60.0,0,90,34,4.9,12.9,2.05
C.J. Spiller,5534,HB,BUF,7,15,0,4,-4.3,1,100.0,,0,0,0.0,0,3,0,73.4,87.4,0,12,14.3,3,21,4,71.4,15,146.9,4,26.7,1,39,56,14.0,9.8,2.6,0,-3.3,2,90.0,,0,0,0.0,0,2,0,77.3,71.9,0,25,16.4,9,55,9,81.8,45,95.4,10,66.7,0,69,99,11.0,7.7,1.53
Theo Riddick,7980,HB,DET,6,15,0,11,-0.3,0,100.0,,0,0,0.0,0,2,0,70.5,78.4,0,41,14.3,2,14,3,85.7,12,118.8,3,20.0,0,64,65,21.7,21.3,5.33,0,1.1,1,80.0,,0,0,11.1,1,1,0,54.9,64.8,0,15,3.4,1,29,8,96.6,28,96.3,10,66.7,0,71,65,8.1,8.9,2.54
Lance Moore,2718,WR,PIT,7,14,0,25,13.2,0,60.0,,0,0,0.0,0,2,0,70.5,61.3,0,26,0.0,0,34,3,94.1,32,123.3,5,35.7,2,38,6,2.0,12.7,1.19,0,13.8,0,55.6,,0,0,16.7,1,3,0,45.8,58.2,0,26,2.0,1,49,5,93.9,46,83.1,9,64.3,0,75,12,2.4,15.0,1.63
Antone Smith,5440,HB,ATL,8,14,0,2,-1.5,1,100.0,,0,0,0.0,0,1,0,68.3,79.8,0,74,27.3,3,11,2,63.6,7,158.3,2,14.3,1,75,78,39.0,37.5,10.71,0,-0.1,8,83.3,,0,0,0.0,0,4,0,78.0,92.1,0,54,19.0,8,42,10,78.6,33,156.3,12,85.7,2,144,150,15.0,14.4,4.36
Jonathan Stewart,4327,HB,CAR,6,14,0,5,-1.5,2,100.0,,0,0,0.0,0,1,0,68.3,64.7,0,14,33.3,13,39,2,59.0,23,104.2,2,14.3,0,18,21,10.5,9.0,0.78,0,-4.1,9,75.0,,0,0,10.0,1,3,0,58.1,61.6,0,22,22.4,24,107,9,72.9,78,87.8,12,85.7,0,67,97,10.8,7.4,0.86
Jordan Todman,6335,HB,JAX,9,14,0,15,-2.5,0,0.0,,0,0,100.0,1,0,0,28.0,34.4,0,0,38.2,13,34,0,55.9,19,39.6,2,14.3,0,0,0,,,0.0,0,1.7,0,83.3,,0,0,9.1,1,3,0,58.5,57.5,0,26,22.7,22,97,10,74.2,72,92.7,12,85.7,0,75,85,8.5,7.5,1.04
Brice Butler,7991,WR,OAK,6,14,0,23,8.8,0,100.0,,0,0,0.0,0,4,0,73.4,78.2,0,47,0.0,0,26,5,96.2,25,158.3,5,35.7,1,92,48,9.6,18.4,3.68,0,15.9,0,71.4,,0,0,16.7,1,3,0,46.3,62.8,1,55,0.0,0,47,5,95.7,45,72.0,7,50.0,0,84,16,3.2,16.8,1.87
Derek Carrier,7406,TE,SF,6,14,0,28,,0,,,0,0,,0,0,0,,49.7,0,0,18.8,3,16,0,68.8,11,0.0,0,0.0,0,0,0,,,0.0,0,10.9,2,64.3,,0,0,0.0,0,4,1,77.3,65.2,1,23,7.1,5,70,9,88.6,62,57.1,14,100.0,0,105,39,4.3,11.7,1.69
Knile Davis,7878,HB,KC,8,14,0,16,2.0,0,33.3,,0,0,66.7,2,1,0,26.4,34.5,0,12,25.0,8,32,1,68.8,22,46.5,3,21.4,0,12,13,13.0,12.0,0.55,0,-0.2,2,77.8,,0,0,12.5,1,1,0,52.1,52.8,0,11,3.6,2,56,7,92.9,52,82.4,9,64.3,0,34,43,6.1,4.9,0.65
Lance Dunbar,7332,HB,DAL,9,14,0,9,4.3,0,66.7,,0,0,0.0,0,2,0,68.3,75.5,0,40,27.8,5,18,2,72.2,13,109.7,3,21.4,0,52,44,22.0,26.0,4.0,0,2.2,3,100.0,,0,0,0.0,0,7,0,78.3,80.8,0,24,17.5,7,40,9,80.0,32,116.2,9,64.3,0,107,87,9.7,11.9,3.34
Rod Streater,7416,WR,OAK,3,13,0,23,15.7,0,50.0,,0,0,0.0,0,3,0,70.5,75.4,0,17,0.0,0,17,3,100.0,17,71.5,6,46.2,0,40,5,1.7,13.3,2.35,0,5.0,0,83.3,,0,0,16.7,1,1,0,45.8,52.7,0,9,0.0,0,42,5,95.2,40,88.9,6,46.2,0,32,10,2.0,6.4,0.8
Jacquizz Rodgers,6297,HB,ATL,8,13,0,2,4.0,0,0.0,,0,0,,0,0,0,68.3,74.6,0,0,44.2,19,43,0,46.5,20,39.6,1,7.7,0,0,0,,,0.0,0,-1.5,3,100.0,,0,0,0.0,0,3,0,79.4,69.9,0,13,25.6,20,78,11,71.8,56,94.7,11,84.6,0,74,91,8.3,6.7,1.32
Benjamin Watson,1753,TE,NO,8,13,0,20,8.4,0,60.0,,0,0,25.0,1,3,0,41.6,57.8,1,13,25.7,9,35,3,60.0,21,38.3,5,38.5,0,31,11,3.7,10.3,1.48,0,0.6,1,100.0,,0,0,0.0,0,2,0,77.3,56.3,0,12,31.1,32,103,8,66.0,68,87.5,8,61.5,0,40,35,4.4,5.0,0.59
Brandon Pettigrew,4943,TE,DET,7,13,0,11,8.0,0,0.0,,0,0,,0,0,0,,46.7,0,0,34.4,11,32,0,62.5,20,39.6,1,7.7,0,0,0,,,0.0,0,3.6,0,81.8,,0,0,10.0,1,4,0,57.0,57.4,0,13,27.0,33,122,9,70.5,86,92.4,11,84.6,0,68,33,3.7,7.6,0.79
Toby Gerhart,5576,HB,JAX,7,13,0,15,-1.0,0,100.0,,0,0,0.0,0,1,0,70.5,64.5,0,8,38.5,10,26,3,57.7,15,93.1,3,23.1,0,19,22,7.3,6.3,1.27,0,0.6,2,90.0,,0,0,10.0,1,6,0,56.7,58.9,0,26,25.6,23,90,9,71.1,64,115.0,10,76.9,0,116,136,15.1,12.9,1.81
Doug Martin,7035,HB,TB,5,13,0,30,-3.3,2,66.7,,0,0,0.0,0,1,0,70.5,75.4,0,20,46.2,18,39,2,51.3,20,88.2,3,23.1,0,22,25,12.5,11.0,1.1,0,0.7,0,70.0,,0,0,0.0,0,1,0,76.5,61.9,0,9,28.8,21,73,7,68.5,50,73.8,10,76.9,0,32,29,4.1,4.6,0.64
Jim Dray,5756,TE,CLV,8,13,0,8,12.0,0,100.0,,0,0,0.0,0,2,0,68.3,86.8,0,26,33.3,6,18,2,61.1,11,118.8,2,15.4,0,42,18,9.0,21.0,3.82,0,11.2,0,66.7,,0,0,0.0,0,5,0,74.6,82.1,0,31,30.1,22,73,6,67.1,49,102.1,9,69.2,0,96,33,5.5,16.0,1.96
Steven Jackson,1745,HB,ATL,8,13,0,2,2.0,0,100.0,,0,0,0.0,0,1,0,64.7,61.4,0,11,51.7,15,29,1,48.3,14,112.5,1,7.7,0,11,9,9.0,11.0,0.79,0,1.0,1,75.0,,0,0,0.0,0,2,0,57.0,62.8,0,10,28.2,22,78,9,69.2,54,81.6,12,92.3,0,49,40,4.4,5.4,0.91
Santonio Holmes,2970,WR,CHI,8,13,0,6,12.4,1,40.0,,0,0,0.0,0,2,0,68.3,50.6,0,13,0.0,0,50,2,94.0,47,52.9,5,38.5,0,21,12,6.0,10.5,0.45,0,7.3,0,62.5,,0,0,0.0,0,3,0,73.4,56.6,1,15,0.0,0,111,5,91.9,102,32.8,8,61.5,0,35,12,2.4,7.0,0.34
Peyton Hillis,4541,HB,NYG,4,13,0,21,0.7,0,66.7,,0,0,0.0,0,1,0,68.3,64.5,0,26,38.7,12,31,2,54.8,17,102.1,3,23.1,0,32,32,16.0,16.0,1.88,0,-1.7,1,77.8,,0,0,12.5,1,1,0,52.1,65.4,0,15,28.3,13,46,7,69.6,32,89.8,9,69.2,0,50,64,9.1,7.1,1.56
Kyle Juszczyk,7912,FB,BLT,9,13,0,3,-3.0,0,100.0,,0,0,0.0,0,1,0,64.7,61.0,0,9,7.1,1,14,1,85.7,12,143.8,1,7.7,1,9,12,12.0,9.0,0.75,0,1.7,0,72.7,,0,0,0.0,0,4,0,76.5,63.5,0,33,3.7,3,82,8,85.4,70,105.5,11,84.6,0,113,105,13.1,14.1,1.61
Rashad Jennings,5174,HB,NYG,5,13,0,21,-1.3,1,100.0,,0,0,0.0,0,1,0,72.1,66.2,0,19,36.5,19,52,4,57.7,30,104.2,4,30.8,0,36,41,10.3,9.0,1.2,0,-2.3,3,87.5,,0,0,12.5,1,2,1,52.5,33.3,0,21,30.8,16,52,7,65.4,34,104.7,8,61.5,0,73,88,12.6,10.4,2.15
Paul Richardson Jr.,8680,WR,SEA,7,13,0,29,6.3,0,100.0,,0,0,0.0,0,2,0,72.1,65.0,0,11,0.0,0,27,4,96.3,26,100.0,4,30.8,0,32,7,1.8,8.0,1.23,0,14.4,0,75.0,,0,0,0.0,0,3,0,74.6,58.7,0,11,0.0,0,78,6,93.6,73,85.4,8,61.5,0,40,6,1.0,6.7,0.55
James Starks,5716,HB,GB,8,12,0,12,5.0,0,50.0,,0,0,50.0,1,0,0,28.9,32.8,0,0,11.1,3,27,1,85.2,23,56.3,2,16.7,0,0,6,6.0,0.0,0.0,0,0.3,0,60.0,,0,0,14.3,1,2,0,52.1,53.1,0,11,14.5,9,62,6,82.3,51,65.0,10,83.3,0,31,34,5.7,5.2,0.61
Jacob Tamme,4441,TE,DEN,8,12,0,10,15.0,0,33.3,,0,0,0.0,0,1,0,64.7,57.8,0,17,4.3,1,23,1,82.6,19,53.5,3,25.0,0,17,3,3.0,17.0,0.89,0,12.2,0,66.7,,0,0,0.0,0,1,0,73.4,62.1,0,26,3.9,2,51,4,92.2,47,122.2,6,50.0,1,36,3,0.8,9.0,0.77
Ted Ginn Jr.,3625,WR,ARZ,8,12,0,1,5.0,0,25.0,,0,0,66.7,2,1,0,26.4,46.7,0,8,0.0,0,35,1,88.6,31,39.6,4,33.3,0,8,9,9.0,8.0,0.26,0,21.8,0,62.5,,0,0,16.7,1,3,0,45.8,70.5,0,27,0.0,0,35,5,97.1,34,100.0,8,66.7,0,88,16,3.2,17.6,2.59
Josh Hill,8200,TE,NO,8,12,0,20,3.0,0,100.0,,0,0,0.0,0,1,0,68.3,65.8,0,12,27.8,5,18,2,61.1,11,147.9,2,16.7,1,20,14,7.0,10.0,1.82,0,7.4,0,71.4,,0,0,0.0,0,3,0,73.4,78.2,0,37,22.0,9,41,5,73.2,30,153.3,7,58.3,1,101,52,10.4,20.2,3.37
Rhett Ellison,7128,TE,MIN,9,12,0,18,0.0,2,100.0,,0,0,0.0,0,1,0,68.3,66.2,0,22,31.5,17,54,1,63.0,34,118.8,1,8.3,0,22,22,22.0,22.0,0.65,0,4.0,0,72.7,,0,0,11.1,1,5,0,54.9,63.8,0,24,34.7,33,95,8,63.2,60,96.4,11,91.7,0,89,61,7.6,11.1,1.48
Charles Johnson,7998,WR,MIN,4,12,0,18,24.0,0,50.0,,0,0,0.0,0,1,0,64.7,65.7,0,12,0.0,0,9,1,100.0,9,68.8,2,16.7,0,12,4,4.0,12.0,1.33,0,23.4,0,50.0,,0,0,0.0,0,1,0,73.4,62.0,0,15,0.0,0,41,5,95.1,39,63.8,10,83.3,0,48,4,0.8,9.6,1.23
Brenton Bersin,7516,WR,CAR,8,12,0,5,12.3,0,66.7,,0,0,0.0,0,2,0,68.3,80.3,0,29,0.0,0,13,2,100.0,13,138.9,3,25.0,1,30,9,4.5,15.0,2.31,0,7.3,0,75.0,,0,0,14.3,1,4,0,52.1,68.4,1,21,0.0,0,42,6,92.9,39,57.8,8,66.7,0,63,25,4.2,10.5,1.62
Robert Turbin,7106,HB,SEA,8,12,0,29,4.0,0,100.0,,0,0,0.0,0,1,0,68.3,68.1,0,32,27.8,5,18,2,72.2,13,118.8,2,16.7,0,41,33,16.5,20.5,3.15,0,2.3,1,77.8,,0,0,12.5,1,4,0,52.5,66.5,0,21,8.2,4,49,7,87.8,43,96.8,9,75.0,0,65,52,7.4,9.3,1.51
Dion Sims,7888,TE,MIA,7,12,0,17,10.7,0,100.0,,0,0,0.0,0,3,0,70.5,74.9,0,26,18.4,7,38,3,78.9,30,158.3,3,25.0,1,51,24,8.0,17.0,1.7,0,9.8,1,44.4,,0,0,20.0,1,2,0,41.6,54.0,1,38,19.7,14,71,4,74.6,53,29.6,9,75.0,0,65,35,8.8,16.3,1.23
Logan Paulsen,5795,TE,WAS,9,11,0,32,-2.0,0,100.0,,0,0,0.0,0,0,0,68.3,45.2,0,3,21.4,6,28,2,75.0,21,79.2,2,18.2,0,0,4,2.0,0.0,0.0,0,3.9,0,77.8,,0,0,12.5,1,1,1,52.1,34.1,0,13,17.2,15,87,7,77.0,67,88.0,9,81.8,0,46,18,2.6,6.6,0.69
Marcedes Lewis,2973,TE,JAX,2,11,0,15,1.0,2,100.0,,0,0,0.0,0,0,0,64.7,51.1,0,4,14.3,2,14,1,85.7,12,83.3,1,9.1,0,4,3,3.0,4.0,0.33,0,6.4,1,70.0,,0,0,22.2,2,5,0,32.6,66.8,0,63,8.7,4,46,7,87.0,40,136.3,10,90.9,1,102,72,10.3,14.6,2.55
Jacoby Jones,3689,WR,BLT,8,11,0,3,15.2,0,40.0,,0,0,50.0,2,2,0,27.3,50.8,0,11,0.0,0,34,2,97.1,33,48.8,5,45.5,0,16,1,0.5,8.0,0.48,0,12.3,1,33.3,,0,0,60.0,3,1,0,25.9,41.8,0,30,0.0,0,48,2,97.9,47,53.5,6,54.5,0,34,32,16.0,17.0,0.72
Dante Rosario,3771,TE,CHI,8,11,0,6,5.0,0,50.0,,0,0,0.0,0,0,0,64.7,51.2,0,5,7.1,1,14,1,92.9,13,56.3,2,18.2,0,5,1,1.0,5.0,0.38,0,5.2,0,88.9,,0,0,0.0,0,2,1,76.5,51.4,0,12,20.3,13,64,8,78.1,50,96.8,9,81.8,0,65,37,4.6,8.1,1.3
Gary Barnidge,4455,TE,CLV,8,11,0,8,3.7,0,66.7,,0,0,0.0,0,1,0,68.3,57.5,1,10,21.9,7,32,2,78.1,25,36.1,3,27.3,0,13,3,1.5,6.5,0.52,0,7.3,0,62.5,,0,0,0.0,0,4,0,73.4,66.1,0,13,12.3,8,65,5,81.5,53,83.9,8,72.7,0,57,23,4.6,11.4,1.08
Mike Tolbert,4740,FB,CAR,3,11,0,5,1.0,0,100.0,,0,0,0.0,0,0,0,64.7,54.2,0,13,16.0,4,25,1,80.0,20,118.8,1,9.1,0,13,12,12.0,13.0,0.65,0,-0.5,4,70.0,,0,0,12.5,1,2,0,52.1,55.2,0,16,18.6,8,43,7,76.7,33,79.6,10,90.9,0,46,52,7.4,6.6,1.39
A.J. Jenkins,7034,WR,KC,8,11,0,16,,0,,,0,0,,0,0,0,,48.5,0,0,0.0,0,42,0,90.5,38,0.0,0,0.0,0,0,0,,,0.0,0,5.2,0,70.0,,0,0,0.0,0,3,0,75.6,60.1,0,19,0.0,0,83,7,97.6,81,83.7,10,90.9,0,56,34,4.9,8.0,0.69
Alfred Morris,7165,HB,WAS,9,11,0,32,1.7,0,66.7,,0,0,0.0,0,1,0,68.3,58.9,0,14,25.0,11,44,2,72.7,32,77.1,3,27.3,0,14,14,7.0,7.0,0.44,0,-2.3,3,75.0,,0,0,25.0,2,3,0,29.7,41.5,0,26,19.6,20,102,6,75.5,77,92.7,8,72.7,0,54,68,11.3,9.0,0.7
Rishard Matthews,7211,WR,MIA,8,11,0,17,12.0,0,50.0,,0,0,0.0,0,0,0,64.7,53.6,0,4,6.3,1,16,1,93.8,15,56.3,2,18.2,0,4,7,7.0,4.0,0.27,0,12.1,0,57.1,,0,0,20.0,1,4,0,42.1,68.8,0,23,0.0,0,36,4,97.2,35,125.6,7,63.6,1,61,15,3.8,15.3,1.74
Carlos Hyde,8692,HB,SF,8,11,0,28,0.0,0,50.0,,0,0,50.0,1,0,0,30.0,34.1,0,1,61.8,21,34,1,32.4,11,56.3,2,18.2,0,1,4,4.0,1.0,0.09,0,-1.6,0,62.5,,0,0,0.0,0,0,0,73.4,54.4,0,7,30.5,25,82,5,67.1,55,66.7,8,72.7,0,11,24,4.8,2.2,0.2
Richard Rodgers,8733,TE,GB,8,11,0,12,7.0,0,50.0,,0,0,50.0,1,0,0,28.9,48.8,0,17,12.0,3,25,1,84.0,21,79.2,2,18.2,0,17,4,4.0,17.0,0.81,0,12.7,2,66.7,,0,0,0.0,0,3,0,75.6,56.2,1,43,13.3,11,83,6,80.7,67,61.6,9,81.8,0,94,18,3.0,15.7,1.4
Chris Givens,7096,WR,SL,6,10,0,26,12.3,0,66.7,,0,0,0.0,0,1,0,68.3,57.8,0,30,0.0,0,14,2,100.0,14,106.3,3,30.0,0,35,14,7.0,17.5,2.5,0,15.4,0,57.1,,0,0,0.0,0,2,0,73.4,56.8,0,27,0.0,0,44,4,95.5,42,83.6,7,70.0,0,57,12,3.0,14.3,1.36
Dane Sanzenbacher,6570,WR,CIN,7,10,0,7,8.3,1,66.7,,0,0,0.0,0,4,1,72.1,59.9,0,26,0.0,0,31,4,90.3,28,100.7,6,60.0,0,62,28,7.0,15.5,2.21,0,5.3,0,100.0,,0,0,0.0,0,1,0,70.5,50.8,0,13,0.0,0,75,3,96.0,72,101.4,3,30.0,0,25,9,3.0,8.3,0.35
Ryan Grant,8777,WR,WAS,6,10,0,32,9.8,0,50.0,,0,0,33.3,1,1,0,29.9,55.3,1,10,0.0,0,12,2,100.0,12,24.0,4,40.0,0,19,3,1.5,9.5,1.58,0,11.3,1,50.0,,0,0,0.0,0,2,0,70.5,66.2,0,21,0.0,0,30,3,93.3,28,70.1,6,60.0,0,38,13,4.3,12.7,1.36
Cooper Helfet,7737,TE,SEA,5,10,0,29,14.3,0,50.0,,0,0,0.0,0,2,0,68.3,75.1,0,36,26.3,5,19,2,73.7,14,88.5,4,40.0,0,43,0,0.0,21.5,3.07,0,11.2,0,66.7,,0,0,0.0,0,4,0,72.1,84.0,0,22,10.9,5,46,4,89.1,41,147.2,6,60.0,1,72,26,6.5,18.0,1.76
Montee Ball,7839,HB,DEN,4,10,0,10,2.0,1,100.0,,0,0,0.0,0,0,0,64.7,56.2,0,9,32.5,13,40,1,62.5,25,104.2,1,10.0,0,9,7,7.0,9.0,0.36,0,-0.3,1,87.5,,0,0,0.0,0,2,0,75.6,64.2,1,16,16.9,12,71,7,78.9,56,52.6,8,80.0,0,49,46,6.6,7.0,0.88
Daniel Thomas,6214,HB,MIA,5,10,0,17,-0.3,2,66.7,,0,0,0.0,0,2,0,68.3,72.5,0,25,35.0,7,20,2,65.0,13,109.0,3,30.0,0,37,37,18.5,18.5,2.85,0,0.8,0,100.0,,0,0,0.0,0,5,0,75.6,84.5,0,21,17.9,7,39,6,79.5,31,106.9,6,60.0,0,58,53,8.8,9.7,1.87
Rob Housler,6221,TE,ARZ,7,9,0,1,13.0,0,100.0,,0,0,0.0,0,1,0,64.7,71.4,0,15,28.6,4,14,1,57.1,8,118.8,1,11.1,0,15,2,2.0,15.0,1.88,0,11.7,0,28.6,,0,0,0.0,0,1,0,68.3,47.6,0,16,18.2,10,55,2,74.5,41,40.8,7,77.8,0,23,4,2.0,11.5,0.56
Marlon Brown,8179,WR,BLT,7,9,0,3,5.3,0,100.0,,0,0,0.0,0,2,0,70.5,59.9,0,15,0.0,0,32,3,90.6,29,97.2,3,33.3,0,22,6,2.0,7.3,0.76,0,16.2,0,80.0,,0,0,0.0,0,2,0,72.1,53.7,0,15,0.0,0,89,4,95.5,85,95.8,5,55.6,0,35,6,1.5,8.8,0.41
Adam Thielen,8288,WR,MIN,9,9,0,18,,0,,,0,0,,0,0,0,,53.5,0,0,0.0,0,17,0,88.2,15,0.0,0,0.0,0,0,0,,,0.0,0,14.4,1,44.4,,0,0,0.0,0,4,0,72.1,67.8,1,17,0.0,0,33,4,97.0,32,25.9,9,100.0,0,57,7,1.8,14.3,1.78
Bryan Walters,6139,WR,SEA,6,9,0,29,8.1,0,50.0,,0,0,20.0,1,2,0,42.1,71.3,0,17,0.0,0,22,4,100.0,22,66.7,8,88.9,0,44,20,5.0,11.0,2.0,0,-4.0,0,100.0,,0,0,0.0,0,0,0,64.7,53.7,0,0,0.0,0,18,1,94.4,17,79.2,1,11.1,0,0,4,4.0,0.0,0.0
Jack Doyle,8520,TE,IND,9,9,0,14,1.0,0,100.0,,0,0,0.0,0,0,0,64.7,53.4,0,3,20.0,2,10,1,80.0,8,79.2,1,11.1,0,3,2,2.0,3.0,0.38,0,0.2,0,100.0,,0,0,0.0,0,2,0,74.6,74.8,0,20,51.6,33,64,6,46.9,30,102.1,6,66.7,0,51,50,8.3,8.5,1.7
Mark Ingram II,6180,HB,NO,5,9,0,20,-0.5,0,50.0,,0,0,0.0,0,0,0,64.7,58.1,0,3,33.3,5,15,1,60.0,9,56.3,2,22.2,0,3,4,4.0,3.0,0.33,0,-1.9,4,100.0,,0,0,0.0,0,2,0,75.6,72.2,0,13,14.3,7,49,7,85.7,42,93.5,7,77.8,0,45,58,8.3,6.4,1.07
Robert Herron,8820,WR,TB,6,9,0,30,6.5,1,100.0,,0,0,0.0,0,2,0,68.3,57.8,0,16,0.0,0,24,2,87.5,21,118.8,2,22.2,0,31,18,9.0,15.5,1.48,0,9.7,0,50.0,,0,0,25.0,1,0,0,28.1,45.1,0,8,0.0,0,49,3,87.8,43,56.3,6,66.7,0,18,8,2.7,6.0,0.42
Ben Tate,5583,HB,CLV,6,9,0,8,,0,,,0,0,,0,0,0,,51.6,0,0,42.3,11,26,0,57.7,15,0.0,0,0.0,0,0,0,,,0.0,0,1.3,1,77.8,,0,0,0.0,0,2,0,76.5,61.0,1,16,13.2,10,76,7,82.9,63,42.4,9,100.0,0,33,20,2.9,4.7,0.52
Bishop Sankey,8689,HB,TEN,8,9,0,31,1.0,0,100.0,,0,0,0.0,0,0,0,64.7,52.3,0,7,22.0,9,41,1,75.6,31,95.8,1,11.1,0,7,6,6.0,7.0,0.23,0,-2.5,1,87.5,,0,0,0.0,0,3,0,75.6,70.2,0,13,9.1,5,55,7,83.6,46,96.4,8,88.9,0,57,73,10.4,8.1,1.24
Daniel Fells,3309,TE,NYG,8,9,0,21,13.0,1,100.0,,0,0,0.0,0,2,0,68.3,83.1,0,27,13.6,3,22,2,77.3,17,158.3,2,22.2,1,47,21,10.5,23.5,2.76,0,5.0,1,100.0,,0,0,0.0,0,3,1,72.1,44.8,0,20,5.6,2,36,4,86.1,31,114.6,4,44.4,0,46,26,6.5,11.5,1.48
Jerrel Jernigan,6235,WR,NYG,2,9,0,21,7.8,0,75.0,,0,0,0.0,0,2,0,70.5,62.2,0,11,0.0,0,31,3,83.9,26,88.5,4,44.4,0,23,0,0.0,7.7,0.88,0,9.6,1,60.0,,0,0,25.0,1,0,0,36.2,51.7,0,8,0.0,0,43,3,97.7,42,66.3,5,55.6,0,17,9,3.0,5.7,0.4
Josh Huff,8721,WR,PHI,4,9,0,24,17.5,0,50.0,,0,0,0.0,0,1,0,68.3,69.1,0,7,0.0,0,17,1,82.4,14,58.3,2,22.2,0,7,0,0.0,7.0,0.5,0,5.3,2,57.1,,0,0,33.3,2,3,1,28.7,44.7,2,12,0.0,0,27,4,96.3,26,31.0,7,77.8,0,35,35,8.8,8.8,1.35
Leon Washington,3062,HB,TEN,8,9,0,31,,0,,,0,0,,0,0,0,,52.0,0,0,55.0,11,20,0,35.0,7,0.0,0,0.0,0,0,0,,,0.0,0,0.1,3,100.0,,0,0,0.0,0,2,0,77.3,71.1,0,19,27.4,17,62,9,71.0,44,96.8,9,100.0,0,65,64,7.1,7.2,1.48
Lorenzo Taliaferro,8773,HB,BLT,7,9,0,3,2.0,0,0.0,,0,0,100.0,1,0,0,27.9,27.1,0,0,37.5,3,8,0,62.5,5,39.6,1,11.1,0,0,0,,,0.0,0,1.5,5,87.5,,0,0,0.0,0,3,0,75.6,82.0,0,29,16.1,5,31,7,80.6,25,115.6,8,88.9,0,94,89,12.7,13.4,3.76
Dwayne Harris,6328,WR,DAL,9,9,0,9,-1.0,2,100.0,,0,0,0.0,0,1,0,68.3,91.8,0,10,20.0,1,5,1,60.0,3,108.3,1,11.1,0,10,11,11.0,10.0,3.33,0,13.1,1,85.7,,0,0,0.0,0,2,0,75.6,81.5,0,56,0.0,0,20,6,90.0,18,118.8,7,77.8,0,106,25,4.2,17.7,5.89
Stedman Bailey,7873,WR,SL,6,9,0,26,28.5,0,0.0,,0,0,,0,0,0,,51.5,0,0,0.0,0,18,0,100.0,18,39.6,2,22.2,0,0,0,,,0.0,0,15.4,1,71.4,,0,0,0.0,0,3,0,73.4,63.6,0,20,0.0,0,48,5,95.8,46,97.3,7,77.8,0,60,32,6.4,12.0,1.3
Darrin Reaves,9006,HB,CAR,5,8,0,5,-5.0,0,100.0,,0,0,0.0,0,1,0,64.7,60.0,0,16,51.9,14,27,1,44.4,12,118.8,1,12.5,0,16,21,21.0,16.0,1.33,0,-0.3,0,66.7,,0,0,0.0,0,0,0,72.1,55.2,0,10,37.9,25,66,4,59.1,39,70.1,6,75.0,0,15,21,5.3,3.8,0.38
Andre Caldwell,4411,WR,DEN,7,8,0,10,10.7,0,16.7,,0,0,75.0,3,1,0,25.2,39.9,0,8,0.0,0,21,1,95.2,20,39.6,6,75.0,0,8,3,3.0,8.0,0.4,0,18.0,0,50.0,,0,0,0.0,0,1,0,64.7,56.1,0,8,0.0,0,30,1,100.0,30,60.4,2,25.0,0,8,3,3.0,8.0,0.27
De'Anthony Thomas,8759,HB,KC,4,8,0,16,0.0,1,100.0,,0,0,0.0,0,1,0,72.1,69.3,0,17,0.0,0,9,4,88.9,8,89.6,4,50.0,0,22,22,5.5,5.5,2.75,0,-7.0,1,100.0,,0,0,0.0,0,2,0,68.3,69.5,0,17,0.0,0,11,2,81.8,9,154.2,2,25.0,1,23,37,18.5,11.5,2.56
Maurice Jones-Drew,3005,HB,OAK,6,8,0,23,1.0,0,100.0,,0,0,0.0,0,0,0,64.7,56.9,0,6,30.0,6,20,1,70.0,14,91.7,1,12.5,0,6,5,5.0,6.0,0.43,0,-0.9,4,85.7,,0,0,14.3,1,2,0,49.7,54.3,0,11,21.0,13,62,6,74.2,46,87.5,7,87.5,0,35,41,6.8,5.8,0.76
LeGarrette Blount,5863,HB,PIT,9,8,0,25,6.7,0,33.3,,0,0,0.0,0,0,0,64.7,58.9,0,8,47.1,8,17,1,52.9,9,42.4,3,37.5,0,8,7,7.0,8.0,0.89,0,-2.2,1,100.0,,0,0,0.0,0,3,0,73.4,78.3,0,13,28.0,7,25,5,68.0,17,90.0,5,62.5,0,28,39,7.8,5.6,1.65
Gavin Escobar,7828,TE,DAL,9,8,0,9,4.5,0,50.0,,0,0,0.0,0,0,0,64.7,51.9,0,5,0.0,0,15,1,93.3,14,56.3,2,25.0,0,5,0,0.0,5.0,0.36,0,16.3,0,100.0,,0,0,0.0,0,3,0,72.1,72.1,0,26,2.4,1,41,4,90.2,37,158.3,4,50.0,2,71,15,3.8,17.8,1.92
Alfred Blue,8816,HB,HST,9,8,0,13,3.5,0,50.0,,0,0,0.0,0,1,0,64.7,52.8,0,13,24.0,6,25,1,68.0,17,70.8,2,25.0,0,13,6,6.0,13.0,0.76,0,0.5,0,75.0,,0,0,25.0,1,1,0,38.3,40.5,0,22,22.0,9,41,3,63.4,26,87.5,4,50.0,0,22,23,7.7,7.3,0.85
Josh Morgan,4488,WR,CHI,7,8,0,6,5.0,0,0.0,,0,0,,0,0,0,,49.2,1,0,0.0,0,31,0,90.3,28,0.0,3,37.5,0,0,0,,,0.0,0,4.0,1,100.0,,0,0,0.0,0,1,0,70.5,56.2,0,9,0.0,0,63,3,95.2,60,100.0,3,37.5,0,24,12,4.0,8.0,0.4
Ricardo Lockette,6622,WR,SEA,8,8,0,29,13.0,1,66.7,,0,0,0.0,0,1,0,68.3,65.3,0,33,0.0,0,13,2,92.3,12,149.3,3,37.5,1,38,23,11.5,19.0,3.17,0,14.6,0,80.0,,0,0,20.0,1,1,0,46.3,62.6,0,39,0.0,0,33,4,93.9,31,158.3,5,62.5,1,69,14,3.5,17.3,2.23
Andre Williams,8748,HB,NYG,8,7,0,21,0.0,2,100.0,,0,0,0.0,0,1,0,64.7,61.5,0,24,26.8,11,41,1,73.2,30,118.8,1,14.3,0,24,24,24.0,24.0,0.8,0,1.2,0,66.7,,0,0,33.3,2,1,0,28.7,32.7,0,14,20.5,15,73,4,71.2,52,75.0,6,85.7,0,25,17,4.3,6.3,0.48
Joe McKnight,5636,HB,KC,1,7,0,16,4.3,0,100.0,,0,0,0.0,0,4,0,72.1,93.5,0,26,0.0,0,7,4,85.7,6,156.3,4,57.1,2,48,31,7.8,12.0,8.0,0,-3.0,1,66.7,,0,0,0.0,0,1,0,68.3,75.2,0,12,0.0,0,5,2,100.0,5,79.9,3,42.9,0,16,20,10.0,8.0,3.2
Darrel Young,5438,FB,WAS,9,7,0,32,1.5,0,100.0,,0,0,0.0,0,2,0,68.3,72.8,0,12,0.0,0,7,2,85.7,6,112.5,2,28.6,0,22,19,9.5,11.0,3.67,0,4.5,0,100.0,,0,0,0.0,0,1,0,72.1,76.1,0,20,16.7,5,30,4,73.3,22,144.8,4,57.1,1,37,19,4.8,9.3,1.68
Ed Dickson,5595,TE,CAR,9,7,0,5,,0,,,0,0,,0,0,0,,48.4,0,0,35.0,7,20,0,55.0,11,0.0,0,0.0,0,0,0,,,0.0,0,4.4,0,42.9,,0,0,25.0,1,3,1,36.2,44.7,0,13,32.1,34,106,3,62.3,66,55.1,7,100.0,0,29,21,7.0,9.7,0.44
Stepfan Taylor,7922,HB,ARZ,7,7,0,1,0.0,0,100.0,,0,0,0.0,0,1,0,64.7,66.5,0,2,58.8,10,17,1,35.3,6,118.8,1,14.3,1,2,2,2.0,2.0,0.33,0,5.8,1,75.0,,0,0,0.0,0,1,0,72.1,69.5,0,17,28.0,7,25,3,56.0,14,93.8,4,57.1,0,28,20,6.7,9.3,2.0
Frank Gore,2282,HB,SF,8,7,0,28,9.0,0,50.0,,0,0,0.0,0,0,0,64.7,53.5,0,1,56.4,22,39,1,41.0,16,56.3,2,28.6,0,1,8,8.0,1.0,0.06,0,4.2,1,80.0,,0,0,0.0,0,1,0,73.4,54.4,0,55,26.6,34,128,4,70.3,90,158.3,5,71.4,1,76,56,14.0,19.0,0.84
Bruce Ellington,8741,WR,SF,7,7,0,28,15.0,1,50.0,,0,0,0.0,0,1,0,68.3,64.1,0,15,0.0,0,14,1,92.9,13,75.0,2,28.6,0,15,11,11.0,15.0,1.15,0,3.3,0,100.0,,0,0,0.0,0,3,0,72.1,64.8,0,20,0.0,0,28,4,100.0,28,146.9,4,57.1,1,39,26,6.5,9.8,1.39
Dri Archer,8732,HB,PIT,7,7,0,25,,0,,,0,0,,0,0,0,,57.6,0,0,0.0,0,3,0,100.0,3,0.0,0,0.0,0,0,0,,,0.0,0,-1.8,1,50.0,,0,0,25.0,1,0,0,36.2,45.2,0,7,5.9,1,17,3,94.1,16,56.3,6,85.7,0,8,18,6.0,2.7,0.5
Jarrett Boykin,7363,WR,GB,5,7,0,12,,0,,,0,0,,0,0,0,,52.1,0,0,0.0,0,16,0,100.0,16,0.0,0,0.0,0,0,0,,,0.0,0,8.8,2,40.0,,0,0,33.3,1,1,0,29.9,50.9,0,11,0.0,0,61,2,88.5,54,49.6,5,71.4,0,17,15,7.5,8.5,0.31
Terrance West,8729,HB,CLV,7,7,0,8,-2.0,1,100.0,,0,0,0.0,0,1,0,68.3,62.7,0,11,48.4,15,31,2,51.6,16,87.5,2,28.6,0,10,14,7.0,5.0,0.63,0,3.3,1,100.0,,0,0,0.0,0,0,0,72.1,54.5,0,11,26.6,17,64,4,68.8,44,94.8,4,57.1,0,27,14,3.5,6.8,0.61
Zach Miller,3654,TE,SEA,3,7,0,29,10.0,0,100.0,,0,0,0.0,0,1,0,70.5,61.1,0,24,26.2,11,42,3,73.8,31,116.7,3,42.9,0,36,6,2.0,12.0,1.16,0,4.3,1,75.0,,0,0,0.0,0,2,0,70.5,78.4,0,22,26.9,14,52,3,69.2,36,106.3,4,57.1,0,40,28,9.3,13.3,1.11
Eric Weems,4097,WR,ATL,7,7,0,2,14.0,0,100.0,,0,0,0.0,0,1,0,68.3,53.6,0,40,0.0,0,18,2,100.0,18,118.8,2,28.6,0,44,16,8.0,22.0,2.44,0,10.8,1,80.0,,0,0,0.0,0,2,0,73.4,65.8,0,19,0.0,0,40,4,95.0,38,100.8,5,71.4,0,41,5,1.3,10.3,1.08
Greg Little,6211,WR,CIN,3,7,0,7,15.3,1,33.3,,0,0,50.0,1,1,0,29.9,68.8,0,21,0.0,0,13,1,84.6,11,59.0,3,42.9,0,21,4,4.0,21.0,1.91,0,5.3,1,75.0,,0,0,0.0,0,2,0,70.5,53.6,0,13,0.0,0,35,3,100.0,35,100.0,4,57.1,0,34,17,5.7,11.3,0.97
Will Johnson,7639,FB,PIT,7,7,0,25,,0,,,0,0,,0,0,0,,52.2,0,0,42.9,3,7,0,57.1,4,0.0,0,0.0,0,0,0,,,0.0,0,2.4,0,57.1,,0,0,20.0,1,3,0,45.8,78.6,0,18,38.5,10,26,4,53.8,14,70.5,7,100.0,0,35,27,6.8,8.8,2.5
Robert Hughes,6564,HB,ARZ,8,7,0,1,,0,,,0,0,,0,0,0,,55.9,0,0,37.5,3,8,0,62.5,5,0.0,0,0.0,0,0,0,,,0.0,0,4.0,0,71.4,,0,0,37.5,3,4,0,28.0,44.8,0,18,18.5,5,27,5,74.1,20,88.4,7,100.0,0,45,27,5.4,9.0,2.25
Jaron Brown,8128,WR,ARZ,7,7,0,1,6.0,0,100.0,,0,0,0.0,0,2,0,70.5,84.8,0,11,0.0,0,9,3,88.9,8,139.6,3,42.9,1,24,7,2.3,8.0,3.0,0,21.3,0,50.0,,0,0,0.0,0,2,0,68.3,69.7,0,9,0.0,0,24,2,91.7,22,57.3,4,57.1,0,13,1,0.5,6.5,0.59
Frankie Hammond,8156,WR,KC,8,6,0,16,7.5,0,100.0,,0,0,0.0,0,1,0,68.3,65.8,0,22,0.0,0,20,2,100.0,20,118.8,2,33.3,0,31,16,8.0,15.5,1.55,0,10.5,0,0.0,,0,0,100.0,1,0,0,28.0,45.1,0,0,0.0,0,51,0,96.1,49,39.6,4,66.7,0,0,0,,,0.0
Brian Leonhardt,8083,TE,OAK,8,6,0,23,0.0,0,100.0,,0,0,0.0,0,0,0,64.7,47.8,0,4,31.3,5,16,1,50.0,8,83.3,1,16.7,0,4,4,4.0,4.0,0.5,0,9.0,0,50.0,,0,0,0.0,0,1,0,68.3,53.5,0,12,35.3,18,51,2,64.7,33,63.5,4,66.7,0,19,5,2.5,9.5,0.58
Crockett Gillmore,8734,TE,BLT,8,6,0,3,,0,,,0,0,,0,0,0,,50.3,0,0,52.6,10,19,0,47.4,9,0.0,0,0.0,0,0,0,,,0.0,0,3.2,0,100.0,,0,0,0.0,0,4,0,73.4,68.7,0,13,25.4,17,67,5,68.7,46,110.0,5,83.3,0,52,36,7.2,10.4,1.13
Marquise Goodwin,7859,WR,BUF,5,6,0,4,24.8,0,25.0,,0,0,0.0,0,1,1,64.7,57.1,1,42,0.0,0,18,1,94.4,17,31.3,4,66.7,0,42,5,5.0,42.0,2.47,0,9.0,0,0.0,,0,0,,0,0,0,,54.0,1,0,0.0,0,19,0,100.0,19,0.0,2,33.3,0,0,0,,,0.0
Brandon Williams,7876,TE,CAR,5,6,0,5,,0,,,0,0,,0,0,0,,59.6,0,0,0.0,0,1,0,100.0,1,0.0,0,0.0,0,0,0,,,0.0,0,12.0,1,75.0,,0,0,0.0,0,3,0,70.5,73.1,1,16,20.0,4,20,3,80.0,16,64.6,4,66.7,0,38,7,2.3,12.7,2.38
Derek Hagan,3027,WR,TEN,8,6,0,31,20.0,0,100.0,,0,0,0.0,0,2,0,70.5,76.6,0,38,0.0,0,16,3,100.0,16,158.3,3,50.0,1,70,10,3.3,23.3,4.38,0,5.3,0,66.7,,0,0,33.3,1,1,0,29.9,53.3,0,9,0.0,0,30,2,96.7,29,78.5,3,50.0,0,15,4,2.0,7.5,0.52
Bilal Powell,6278,HB,NYJ,9,6,0,22,0.3,0,66.7,,0,0,33.3,1,1,0,30.0,43.4,0,20,35.3,18,51,2,56.9,29,102.1,3,50.0,0,32,28,14.0,16.0,1.1,0,-1.3,0,100.0,,0,0,0.0,0,1,0,70.5,57.4,0,12,25.0,15,60,3,75.0,45,91.7,3,50.0,0,18,22,7.3,6.0,0.4
Anthony Sherman,6288,FB,KC,8,6,0,16,-2.5,2,100.0,,0,0,0.0,0,2,0,68.3,89.7,0,24,11.1,1,9,2,88.9,8,158.3,2,33.3,1,35,40,20.0,17.5,4.38,0,1.7,1,66.7,,0,0,33.3,1,1,0,30.0,52.9,0,12,20.7,6,29,2,79.3,23,75.7,3,50.0,0,13,6,3.0,6.5,0.57
Will Ta'ufo'ou,5226,FB,JAX,9,6,0,15,,0,,,0,0,,0,0,0,,56.5,0,0,50.0,6,12,0,41.7,5,0.0,0,0.0,0,0,0,,,0.0,0,2.2,1,83.3,,0,0,0.0,0,3,0,73.4,69.9,0,26,29.8,17,57,5,66.7,38,109.7,6,100.0,0,62,45,9.0,12.4,1.63
Michael Campanaro,8852,WR,BLT,3,6,0,3,15.7,0,100.0,,0,0,0.0,0,3,0,70.5,91.6,0,19,0.0,0,10,3,100.0,10,158.3,3,50.0,1,55,11,3.7,18.3,5.5,0,7.0,0,100.0,,0,0,0.0,0,1,0,70.5,60.7,0,17,0.0,0,21,3,90.5,19,108.3,3,50.0,0,30,9,3.0,10.0,1.58
James Wright,8873,WR,CIN,7,6,0,7,11.0,0,0.0,,0,0,,0,0,0,,52.2,0,0,0.0,0,12,0,66.7,8,39.6,2,33.3,0,0,0,,,0.0,0,16.8,0,25.0,,0,0,0.0,0,1,0,64.7,55.3,0,24,0.0,0,38,1,100.0,38,52.1,4,66.7,0,24,5,5.0,24.0,0.63
Joseph Fauria,8478,TE,DET,3,6,0,11,,0,,,0,0,,0,0,0,,54.1,0,0,0.0,0,6,0,83.3,5,0.0,0,0.0,0,0,0,,,0.0,0,5.0,0,75.0,,0,0,0.0,0,2,0,70.5,73.0,0,26,0.0,0,25,3,92.0,23,115.6,4,66.7,0,49,30,10.0,16.3,2.13
James Develin,6142,FB,NE,9,6,0,19,1.0,0,100.0,,0,0,0.0,0,1,0,64.7,60.1,0,10,42.1,8,19,1,52.6,10,108.3,1,16.7,0,10,9,9.0,10.0,1.0,0,2.2,1,100.0,,0,0,0.0,0,2,0,73.4,56.1,0,13,14.0,6,43,5,83.7,36,94.2,5,83.3,0,33,22,4.4,6.6,0.92
Corey Washington,9189,WR,NYG,4,6,0,21,6.0,0,50.0,,0,0,0.0,0,1,0,64.7,70.9,0,1,0.0,0,10,1,100.0,10,95.8,2,33.3,1,1,0,0.0,1.0,0.1,0,15.3,0,75.0,,0,0,0.0,0,3,0,70.5,80.3,0,20,0.0,0,12,3,100.0,12,113.5,4,66.7,0,47,11,3.7,15.7,3.92
Danny Woodhead,4914,HB,SD,2,6,0,27,5.5,0,50.0,,0,0,50.0,1,1,0,28.9,37.9,0,3,25.0,6,24,1,66.7,16,56.3,2,33.3,0,3,1,1.0,3.0,0.19,0,-0.3,1,100.0,,0,0,0.0,0,2,0,70.5,65.2,0,14,8.3,2,24,3,87.5,21,100.0,3,50.0,0,24,25,8.3,8.0,1.14
Patrick DiMarco,6997,FB,ATL,8,6,0,2,,0,,,0,0,,0,0,0,,53.2,0,0,20.0,2,10,0,80.0,8,0.0,0,0.0,0,0,0,,,0.0,0,0.8,0,80.0,,0,0,20.0,1,2,0,42.1,46.1,0,16,13.0,6,46,4,84.8,39,95.8,5,83.3,0,35,30,7.5,8.8,0.9
Keshawn Martin,7121,WR,HST,9,6,0,13,6.3,0,33.3,,0,0,0.0,0,0,0,64.7,51.9,0,7,0.0,0,27,1,92.6,25,42.4,3,50.0,0,7,1,1.0,7.0,0.28,0,7.3,0,66.7,,0,0,0.0,0,1,0,70.5,59.1,0,16,0.0,0,28,2,92.9,26,86.8,3,50.0,0,21,14,7.0,10.5,0.81
Devin Street,8781,WR,DAL,9,5,0,9,,0,,,0,0,,0,0,0,,51.8,0,0,0.0,0,17,0,100.0,17,0.0,0,0.0,0,0,0,,,0.0,0,12.3,0,33.3,,0,0,0.0,0,1,0,64.7,55.4,0,9,0.0,0,38,1,89.5,34,42.4,3,60.0,0,9,0,0.0,9.0,0.26
Jeff Maehl,6706,WR,PHI,7,5,0,24,6.0,0,100.0,,0,0,0.0,0,1,0,64.7,66.1,0,6,0.0,0,9,1,88.9,8,91.7,1,20.0,0,6,0,0.0,6.0,0.75,0,7.3,0,100.0,,0,0,0.0,0,0,0,72.1,58.4,0,15,0.0,0,32,4,90.6,29,108.3,4,80.0,0,40,11,2.8,10.0,1.38
C.J. Anderson,8101,HB,DEN,7,5,0,10,,0,,,0,0,,0,0,0,,52.2,0,0,57.1,8,14,0,42.9,6,0.0,0,0.0,0,0,0,,,0.0,0,1.4,2,80.0,,0,0,20.0,1,1,0,42.1,52.1,0,24,5.6,1,18,4,94.4,17,95.0,5,100.0,0,34,30,7.5,8.5,2.0
Vance McDonald,7836,TE,SF,6,5,0,28,,0,,,0,0,,0,0,0,,54.1,0,0,36.4,4,11,0,54.5,6,0.0,0,0.0,0,0,0,,,0.0,0,3.8,0,50.0,,0,0,33.3,1,1,1,30.0,32.8,0,21,10.5,6,57,2,87.7,50,75.0,4,80.0,0,30,26,13.0,15.0,0.6
Ray Agnew,9141,FB,CLV,6,5,0,8,0.0,0,0.0,,0,0,,0,0,0,,54.5,0,0,12.5,1,8,0,62.5,5,39.6,1,20.0,0,0,0,,,0.0,0,4.8,0,50.0,,0,0,0.0,0,1,0,68.3,55.4,0,12,20.5,8,39,2,76.9,30,59.4,4,80.0,0,15,10,5.0,7.5,0.5
Khiry Robinson,8514,HB,NO,6,4,0,20,,0,,,0,0,,0,0,0,,55.4,0,0,22.2,2,9,0,66.7,6,0.0,0,0.0,0,0,0,,,0.0,0,-0.3,2,75.0,,0,0,0.0,0,1,0,70.5,64.9,0,12,11.1,4,36,3,83.3,30,91.7,4,100.0,0,26,31,10.3,8.7,0.87
Bruce Miller,6363,FB,SF,8,4,0,28,,0,,,0,0,,0,0,0,,53.6,0,0,25.0,2,8,0,75.0,6,0.0,0,0.0,0,0,0,,,0.0,0,0.0,0,75.0,,0,0,0.0,0,2,0,70.5,59.8,0,15,17.7,11,62,3,82.3,51,95.8,4,100.0,0,30,26,8.7,10.0,0.59
Adrien Robinson,7127,TE,NYG,3,4,0,21,,0,,,0,0,,0,0,0,,54.7,0,0,0.0,0,2,0,100.0,2,0.0,0,0.0,0,0,0,,,0.0,0,1.0,2,75.0,,0,0,25.0,1,2,0,36.8,88.0,0,29,0.0,0,8,3,87.5,7,115.6,4,100.0,0,49,47,15.7,16.3,7.0
Taylor Thompson,7140,TE,TEN,3,4,0,31,27.0,0,0.0,,0,0,100.0,1,0,0,,52.9,0,0,0.0,0,8,0,100.0,8,39.6,1,25.0,0,0,0,,,0.0,0,11.0,0,66.7,,0,0,0.0,0,2,0,68.3,79.4,0,13,0.0,0,11,2,100.0,11,91.0,3,75.0,0,24,11,5.5,12.0,2.18
Isaiah Crowell,9295,HB,CLV,7,4,0,8,-8.0,0,100.0,,0,0,0.0,0,0,0,64.7,56.2,0,3,27.8,5,18,1,55.6,10,79.2,1,25.0,0,3,11,11.0,3.0,0.3,0,2.7,0,66.7,,0,0,0.0,0,0,0,68.3,52.5,0,8,25.9,14,54,2,72.2,39,75.7,3,75.0,0,13,5,2.5,6.5,0.33
Cory Harkey,7306,FB,SL,8,4,0,26,,0,,,0,0,,0,0,0,,55.5,0,0,54.5,6,11,0,45.5,5,0.0,0,0.0,0,0,0,,,0.0,0,0.0,0,100.0,,0,0,0.0,0,2,0,72.1,66.3,0,9,22.2,10,45,4,75.6,34,88.5,4,100.0,0,21,21,5.3,5.3,0.62
Vincent Brown,6234,WR,OAK,2,4,0,23,,0,,,0,0,,0,0,0,,53.4,0,0,0.0,0,13,0,100.0,13,0.0,0,0.0,0,0,0,,,0.0,0,6.3,0,75.0,,0,0,0.0,0,1,0,70.5,49.6,1,14,0.0,0,16,3,93.8,15,47.9,4,100.0,0,22,11,3.7,7.3,1.47
Stevan Ridley,6225,HB,NE,6,4,0,19,,0,,,0,0,,0,0,0,,54.0,0,0,30.8,4,13,0,53.8,7,0.0,0,0.0,0,0,0,,,0.0,0,-1.5,1,100.0,,0,0,0.0,0,0,0,72.1,54.3,0,7,21.3,13,61,4,72.1,44,87.5,4,100.0,0,20,26,6.5,5.0,0.45
Aaron Dobson,7840,WR,NE,3,4,0,19,,0,,,0,0,,0,0,0,,53.1,0,0,0.0,0,9,0,77.8,7,0.0,0,0.0,0,0,0,,,0.0,0,5.3,0,75.0,,0,0,0.0,0,2,0,70.5,81.7,0,16,0.0,0,16,3,100.0,16,104.2,4,100.0,0,38,22,7.3,12.7,2.38
Anthony Dixon,5696,HB,BUF,5,4,0,4,5.0,0,0.0,,0,0,,0,0,0,,55.7,0,0,50.0,7,14,0,50.0,7,39.6,1,25.0,0,0,0,,,0.0,0,-3.3,1,100.0,,0,0,0.0,0,1,0,70.5,66.9,0,10,28.6,10,35,3,68.6,24,87.5,3,75.0,0,15,25,8.3,5.0,0.63
Ace Sanders,7883,WR,JAX,4,4,0,15,3.3,0,100.0,,0,0,0.0,0,0,0,70.5,59.4,0,6,0.0,0,6,3,100.0,6,83.3,3,75.0,0,12,2,0.7,4.0,2.0,0,-6.0,0,0.0,,0,0,100.0,1,0,0,27.9,34.3,0,0,0.0,0,7,0,100.0,7,39.6,1,25.0,0,0,0,,,0.0
Ryan Mathews,5537,HB,SD,2,4,0,27,2.0,0,100.0,,0,0,0.0,0,1,0,64.7,71.5,0,10,0.0,0,6,1,100.0,6,108.3,1,25.0,0,10,8,8.0,10.0,1.67,0,2.3,0,100.0,,0,0,0.0,0,2,0,70.5,90.6,0,16,20.0,2,10,3,80.0,8,116.7,3,75.0,0,36,29,9.7,12.0,4.5
Frank Summers,5093,FB,BUF,8,4,0,4,,0,,,0,0,,0,0,0,,56.2,0,0,50.0,5,10,0,50.0,5,0.0,0,0.0,0,0,0,,,0.0,0,0.3,1,100.0,,0,0,0.0,0,0,0,72.1,60.8,0,4,33.3,11,33,4,60.6,20,79.2,4,100.0,0,7,6,1.5,1.8,0.35
Chris Gragg,8004,TE,BUF,7,4,0,4,,0,,,0,0,,0,0,0,,45.3,0,0,18.8,3,16,0,75.0,12,0.0,0,0.0,0,0,0,,,0.0,0,5.0,0,100.0,,0,0,0.0,0,2,0,70.5,59.4,0,14,7.3,3,41,3,85.4,35,112.5,3,75.0,0,33,18,6.0,11.0,0.94
Chase Coffman,5021,TE,TEN,5,4,0,31,,0,,,0,0,,0,0,0,,51.8,0,0,12.5,1,8,0,87.5,7,0.0,0,0.0,0,0,0,,,0.0,0,6.0,0,66.7,,0,0,0.0,0,0,0,68.3,52.5,0,9,5.6,1,18,2,77.8,14,82.6,3,75.0,0,18,10,5.0,9.0,1.29
T.J. Graham,7071,WR,NYJ,4,4,0,22,41.0,0,0.0,,0,0,,0,0,0,28.0,46.1,0,0,0.0,0,21,0,85.7,18,39.6,1,25.0,0,0,0,,,0.0,0,12.7,0,33.3,,0,0,0.0,0,1,0,64.7,61.1,0,11,0.0,0,20,1,95.0,19,45.1,3,75.0,0,11,0,0.0,11.0,0.58
Demetrius Harris,8524,TE,KC,7,4,0,16,,0,,,0,0,,0,0,0,,57.2,0,0,50.0,2,4,0,50.0,2,0.0,0,0.0,0,0,0,,,0.0,0,6.5,0,75.0,,0,0,0.0,0,1,0,70.5,60.6,0,10,5.6,1,18,3,94.4,17,85.4,4,100.0,0,20,5,1.7,6.7,1.18
C.J. Fiedorowicz,8700,TE,HST,8,4,0,13,6.0,0,50.0,,0,0,0.0,0,0,0,64.7,57.1,0,9,52.1,25,48,1,43.8,21,62.5,2,50.0,0,9,4,4.0,9.0,0.43,0,11.0,0,50.0,,0,0,0.0,0,0,0,64.7,45.9,0,7,33.9,21,62,1,59.7,37,58.3,2,50.0,0,7,3,3.0,7.0,0.19
Tre Mason,8710,HB,SL,4,4,0,26,,0,,,0,0,,0,0,0,,56.5,0,0,0.0,0,4,0,100.0,4,0.0,0,0.0,0,0,0,,,0.0,0,-3.3,0,75.0,,0,0,0.0,0,1,0,72.1,66.8,0,12,23.3,7,30,3,73.3,22,77.1,4,100.0,0,5,18,6.0,1.7,0.23
Kevin Norwood,8758,WR,SEA,3,4,0,29,,0,,,0,0,,0,0,0,,58.4,0,0,0.0,0,2,0,100.0,2,0.0,0,0.0,0,0,0,,,0.0,0,5.8,0,100.0,,0,0,0.0,0,2,0,73.4,73.7,0,19,0.0,0,21,4,85.7,18,104.2,4,100.0,0,36,13,3.3,9.0,2.0
Ronnie Brown,2219,HB,SD,5,4,0,27,7.0,0,100.0,,0,0,0.0,0,1,0,68.3,65.4,0,24,10.5,2,19,2,84.2,16,118.8,2,50.0,0,26,12,6.0,13.0,1.63,0,1.0,0,100.0,,0,0,0.0,0,0,0,70.5,59.7,0,5,26.7,8,30,2,66.7,20,85.4,2,50.0,0,9,7,3.5,4.5,0.45
Ryan Hewitt,9107,FB,CIN,8,4,0,7,-3.0,0,100.0,,0,0,0.0,0,0,0,64.7,50.3,0,6,31.3,5,16,1,50.0,8,91.7,1,25.0,0,6,9,9.0,6.0,0.75,0,7.7,0,66.7,,0,0,0.0,0,1,0,68.3,50.3,0,7,33.3,17,51,2,66.7,34,74.3,3,75.0,0,12,6,3.0,6.0,0.35
Damien Williams,9205,HB,MIA,7,4,0,17,3.0,1,100.0,,0,0,0.0,0,2,0,70.5,70.7,0,21,53.8,7,13,2,38.5,5,118.8,2,50.0,0,26,20,10.0,13.0,5.2,0,-5.0,0,100.0,,0,0,0.0,0,0,0,64.7,73.1,0,7,9.1,1,11,1,90.9,10,95.8,1,25.0,0,7,12,12.0,7.0,0.7
Aldrick Robinson,6330,WR,WAS,5,3,0,32,,0,,,0,0,,0,0,0,,56.3,0,0,0.0,0,4,0,100.0,4,0.0,0,0.0,0,0,0,,,0.0,0,17.0,0,33.3,,0,0,0.0,0,0,0,64.7,54.2,0,6,0.0,0,12,1,100.0,12,42.4,3,100.0,0,6,7,7.0,6.0,0.5
Ryan Broyles,7057,WR,DET,5,3,0,11,3.0,0,50.0,,0,0,0.0,0,1,0,64.7,67.6,0,4,0.0,0,7,1,100.0,7,56.3,2,66.7,0,4,1,1.0,4.0,0.57,0,13.0,0,100.0,,0,0,0.0,0,1,0,64.7,61.1,0,21,0.0,0,16,1,100.0,16,118.8,1,33.3,0,21,8,8.0,21.0,1.31
George Winn,8123,HB,DET,3,3,0,11,1.0,0,0.0,,0,0,100.0,1,0,0,28.0,27.0,0,0,0.0,0,5,0,100.0,5,39.6,1,33.3,0,0,0,,,0.0,0,0.0,0,0.0,,0,0,100.0,1,0,0,28.8,36.8,0,0,0.0,0,20,0,80.0,16,39.6,2,66.7,0,0,0,,,0.0
Jonathan Dwyer,5711,HB,ARZ,2,3,0,1,2.0,0,0.0,,0,0,,0,0,0,,55.5,0,0,40.0,4,10,0,60.0,6,39.6,1,33.3,0,0,0,,,0.0,0,-1.5,0,100.0,,0,0,0.0,0,0,0,68.3,59.8,0,5,26.7,4,15,2,66.7,10,83.3,2,66.7,0,8,11,5.5,4.0,0.8
Jay Prosch,8845,FB,HST,8,3,0,13,19.5,0,50.0,,0,0,0.0,0,1,0,64.7,75.9,0,24,0.0,0,4,1,75.0,3,93.8,2,66.7,0,24,17,17.0,24.0,8.0,0,2.0,0,0.0,,0,0,100.0,1,0,0,27.9,31.8,0,0,18.2,2,11,0,81.8,9,39.6,1,33.3,0,0,0,,,0.0
Cedric Peerman,5109,HB,CIN,5,3,0,7,,0,,,0,0,,0,0,0,,,0,0,100.0,1,1,0,0.0,0,0.0,0,0.0,0,0,0,,,,0,0.7,1,100.0,,0,0,0.0,0,1,0,70.5,68.8,0,17,17.6,3,17,3,82.4,14,104.2,3,100.0,0,27,25,8.3,9.0,1.93
Adrian Peterson,3623,HB,MIN,1,3,0,18,-4.0,0,100.0,,0,0,0.0,0,1,0,64.7,60.2,0,9,53.8,7,13,1,46.2,6,104.2,1,33.3,0,9,13,13.0,9.0,1.5,0,-1.5,0,50.0,,0,0,0.0,0,0,0,64.7,64.7,0,9,33.3,1,3,1,66.7,2,62.5,2,66.7,0,9,7,7.0,9.0,4.5
Rex Burkhead,7971,HB,CIN,1,3,0,7,-8.0,0,0.0,,0,0,,0,0,0,,,1,0,100.0,1,1,0,0.0,0,0.0,1,33.3,0,0,0,,,,0,0.5,0,100.0,,0,0,0.0,0,0,0,68.3,66.0,0,6,20.0,1,5,2,80.0,4,87.5,2,66.7,0,10,9,4.5,5.0,2.5
Ryan Griffin,7982,TE,HST,7,3,0,13,3.0,0,100.0,,0,0,0.0,0,0,0,64.7,53.9,0,6,28.6,4,14,1,57.1,8,91.7,1,33.3,0,6,3,3.0,6.0,0.75,0,5.0,0,50.0,,0,0,0.0,0,0,0,64.7,50.1,0,8,10.5,2,19,1,84.2,16,60.4,2,66.7,0,8,1,1.0,8.0,0.5
Micheal Spurlock,3517,WR,CHI,1,3,0,6,16.0,0,0.0,,0,0,,0,0,0,,45.4,0,0,16.7,1,6,0,83.3,5,39.6,1,33.3,0,0,0,,,0.0,0,4.0,0,50.0,,0,0,50.0,1,0,0,28.8,44.5,0,8,0.0,0,4,1,75.0,3,60.4,2,66.7,0,8,7,7.0,8.0,2.67
Jamize Olawale,7572,FB,OAK,5,3,0,23,,0,,,0,0,,0,0,0,,58.0,0,0,33.3,1,3,0,33.3,1,0.0,0,0.0,0,0,0,,,0.0,0,3.0,1,100.0,,0,0,0.0,0,0,0,70.5,60.4,0,7,35.7,5,14,3,64.3,9,88.9,3,100.0,0,16,7,2.3,5.3,1.78
Trey Watts,8950,HB,SL,3,3,0,26,0.0,0,100.0,,0,0,0.0,0,1,0,64.7,81.2,0,11,0.0,0,1,1,100.0,1,112.5,1,33.3,0,11,11,11.0,11.0,11.0,0,5.0,0,100.0,,0,0,0.0,0,1,0,64.7,79.4,0,6,0.0,0,2,1,100.0,2,91.7,1,33.3,0,6,1,1.0,6.0,3.0
Juwan Thompson,8955,HB,DEN,5,3,0,10,,0,,,0,0,,0,0,0,,52.9,0,0,14.3,1,7,0,85.7,6,0.0,0,0.0,0,0,0,,,0.0,0,0.7,0,66.7,,0,0,0.0,0,0,0,68.3,57.9,0,6,15.8,3,19,2,78.9,15,70.1,3,100.0,0,6,6,3.0,3.0,0.4
Darrius Heyward-Bey,4930,WR,PIT,8,3,0,25,,0,,,0,0,,0,0,0,,50.9,0,0,0.0,0,25,0,96.0,24,0.0,0,0.0,0,0,0,,,0.0,0,11.0,0,100.0,,0,0,0.0,0,2,1,70.5,48.5,0,17,0.0,0,30,3,93.3,28,112.5,3,100.0,0,33,0,0.0,11.0,1.18
James White,8765,HB,NE,2,3,0,19,,0,,,0,0,,0,0,0,,59.9,0,0,50.0,1,2,0,50.0,1,0.0,0,0.0,0,0,0,,,0.0,0,-2.0,0,100.0,,0,0,0.0,0,1,0,70.5,60.7,0,11,7.1,1,14,3,85.7,12,87.5,3,100.0,0,15,21,7.0,5.0,1.25
Orleans Darkwa,9173,HB,MIA,1,3,0,17,1.0,0,100.0,,0,0,0.0,0,0,0,64.7,61.3,0,3,0.0,0,4,1,100.0,4,79.2,1,33.3,0,3,2,2.0,3.0,0.75,0,3.0,2,100.0,,0,0,0.0,0,2,0,68.3,77.0,0,17,0.0,0,5,2,100.0,5,118.8,2,66.7,0,28,22,11.0,14.0,5.6
David Ausberry,6393,TE,OAK,4,3,0,23,,0,,,0,0,,0,0,0,,51.8,0,0,8.3,1,12,0,91.7,11,0.0,0,0.0,0,0,0,,,0.0,0,8.0,0,66.7,,0,0,0.0,0,0,0,68.3,55.1,1,7,11.8,2,17,2,82.4,14,37.5,3,100.0,0,14,1,0.5,7.0,1.0
Joe Morgan,6696,WR,NO,1,3,0,20,,0,,,0,0,,0,0,0,,55.8,0,0,0.0,0,7,0,71.4,5,0.0,0,0.0,0,0,0,,,0.0,0,27.3,0,0.0,,0,0,100.0,1,0,0,27.9,45.4,0,0,0.0,0,25,0,96.0,24,39.6,3,100.0,0,0,0,,,0.0
Brandon Bolden,7469,HB,NE,6,3,0,19,-3.0,0,0.0,,0,0,,0,0,0,,55.5,0,0,37.5,3,8,0,37.5,3,39.6,1,33.3,0,0,0,,,0.0,0,-0.5,0,100.0,,0,0,0.0,0,0,0,68.3,59.1,0,4,6.3,1,16,2,87.5,14,83.3,2,66.7,0,8,9,4.5,4.0,0.57
Luke Stocker,6256,TE,TB,6,3,0,30,,0,,,0,0,,0,0,0,,51.3,0,0,12.5,1,8,0,75.0,6,0.0,0,0.0,0,0,0,,,0.0,0,3.7,0,100.0,,0,0,0.0,0,1,0,70.5,57.4,0,11,8.6,3,35,3,82.9,29,98.6,3,100.0,0,23,12,4.0,7.7,0.79
Mickey Shuler,5737,TE,JAX,3,3,0,15,,0,,,0,0,,0,0,0,,50.3,0,0,25.0,3,12,0,75.0,9,0.0,0,0.0,0,0,0,,,0.0,0,9.0,0,0.0,,0,0,,0,0,0,,40.6,0,0,26.5,13,49,0,69.4,34,39.6,3,100.0,0,0,0,,,0.0
Brian Tyms,7321,WR,NE,4,3,0,19,8.0,0,0.0,,0,0,,0,0,0,,54.8,0,0,0.0,0,9,0,100.0,9,39.6,1,33.3,0,0,0,,,0.0,0,42.0,0,50.0,,0,0,0.0,0,1,0,64.7,74.2,0,43,0.0,0,16,1,93.8,15,135.4,2,66.7,1,43,0,0.0,43.0,2.87
Chris Owusu,7276,WR,NYJ,3,3,0,22,6.0,0,100.0,,0,0,0.0,0,1,0,64.7,64.4,0,7,0.0,0,11,1,90.9,10,95.8,1,33.3,0,7,1,1.0,7.0,0.7,0,11.5,0,100.0,,0,0,0.0,0,1,0,68.3,58.5,0,19,0.0,0,27,2,96.3,26,147.9,2,66.7,1,20,0,0.0,10.0,0.77
Bernard Pierce,7085,HB,BLT,5,3,0,3,,0,,,0,0,,0,0,0,,54.9,0,0,40.0,4,10,0,40.0,4,0.0,0,0.0,0,0,0,,,0.0,0,-0.3,1,33.3,,0,0,50.0,1,0,0,64.7,62.6,0,7,15.0,3,20,1,70.0,14,42.4,3,100.0,0,7,6,6.0,7.0,0.5
Tyler Eifert,7802,TE,CIN,1,3,0,7,3.0,0,100.0,,0,0,0.0,0,0,0,64.7,60.0,0,3,0.0,0,1,1,100.0,1,79.2,1,33.3,0,3,0,0.0,3.0,3.0,0,12.0,1,100.0,,0,0,0.0,0,2,0,68.3,90.7,0,20,0.0,0,5,2,100.0,5,118.8,2,66.7,0,34,10,5.0,17.0,6.8
Seyi Ajirotutu,6035,WR,SD,5,2,0,27,,0,,,0,0,,0,0,0,,51.5,0,0,0.0,0,13,0,100.0,13,0.0,0,0.0,0,0,0,,,0.0,0,6.0,1,100.0,,0,0,0.0,0,1,0,64.7,60.2,0,11,0.0,0,20,1,90.0,18,112.5,1,50.0,0,11,5,5.0,11.0,0.61
Zach Sudfeld,8313,TE,NYJ,9,2,0,22,,0,,,0,0,,0,0,0,,53.4,0,0,0.0,0,8,0,87.5,7,0.0,0,0.0,0,0,0,,,0.0,0,14.5,0,50.0,,0,0,0.0,0,1,0,64.7,60.9,1,15,11.1,2,18,1,88.9,16,35.4,2,100.0,0,15,10,10.0,15.0,0.94
Austin Johnson,8438,FB,NO,7,2,0,20,-1.0,0,100.0,,0,0,0.0,0,1,0,64.7,77.3,0,2,66.7,6,9,1,22.2,2,79.2,1,50.0,0,2,3,3.0,2.0,1.0,0,-1.0,0,100.0,,0,0,0.0,0,1,0,64.7,59.3,0,13,25.0,6,24,1,75.0,18,158.3,1,50.0,1,13,14,14.0,13.0,0.72
Derrick Coleman,7377,FB,SEA,4,2,0,29,2.0,0,100.0,,0,0,0.0,0,1,0,64.7,74.2,0,15,16.7,1,6,1,83.3,5,158.3,1,50.0,1,15,13,13.0,15.0,3.0,0,4.0,0,100.0,,0,0,0.0,0,1,0,64.7,73.3,0,14,14.3,1,7,1,42.9,3,118.8,1,50.0,0,14,10,10.0,14.0,4.67
Tommy Bohanon,7997,FB,NYJ,4,2,0,22,,0,,,0,0,,0,0,0,,58.0,0,0,33.3,1,3,0,66.7,2,0.0,0,0.0,0,0,0,,,0.0,0,0.0,0,100.0,,0,0,0.0,0,2,0,68.3,81.1,0,16,9.1,2,22,2,86.4,19,118.8,2,100.0,0,30,30,15.0,15.0,1.58
Erik Lorig,5775,FB,NO,2,2,0,20,,0,,,0,0,,0,0,0,,58.2,0,0,0.0,0,2,0,100.0,2,0.0,0,0.0,0,0,0,,,0.0,0,-1.0,0,100.0,,0,0,0.0,0,0,0,64.7,59.8,0,5,45.5,5,11,1,54.5,6,87.5,1,50.0,0,5,6,6.0,5.0,0.83
John Kuhn,2686,FB,GB,7,2,0,12,,0,,,0,0,,0,0,0,,,0,0,100.0,2,2,0,0.0,0,0.0,0,0.0,0,0,0,,,,0,0.0,0,100.0,,0,0,0.0,0,0,0,70.6,67.3,0,5,50.0,6,12,2,41.7,5,83.3,2,100.0,0,8,8,4.0,4.0,1.6
Griff Whalen,7351,WR,IND,5,2,0,14,,0,,,0,0,,0,0,0,,54.4,0,0,0.0,0,7,0,71.4,5,0.0,0,0.0,0,0,0,,,0.0,0,11.5,0,100.0,,0,0,0.0,0,2,0,70.5,77.9,0,18,0.0,0,14,2,78.6,11,114.6,2,100.0,0,23,0,0.0,11.5,2.09
Lee Smith,6311,TE,BUF,6,2,0,4,,0,,,0,0,,0,0,0,,51.5,0,0,50.0,3,6,0,50.0,3,0.0,0,0.0,0,0,0,,,0.0,0,0.0,0,100.0,,0,0,0.0,0,1,0,64.7,50.7,0,4,27.9,12,43,1,62.8,27,83.3,1,50.0,0,4,4,4.0,4.0,0.15
Courtney Roby,2285,WR,ATL,1,2,0,2,11.0,0,100.0,,0,0,0.0,0,1,0,64.7,77.0,0,11,0.0,0,2,1,100.0,2,112.5,1,50.0,0,11,0,0.0,11.0,5.5,0,6.0,0,0.0,,0,0,,0,0,0,,39.7,1,0,0.0,0,4,0,100.0,4,0.0,1,50.0,0,0,0,,,0.0
Bryce Brown,7213,HB,BUF,1,2,0,4,0.0,0,0.0,,0,0,,0,0,0,,56.6,0,0,0.0,0,3,0,100.0,3,39.6,1,50.0,0,0,0,,,0.0,0,,0,,,0,0,,0,0,0,,58.2,0,0,0.0,0,2,0,100.0,2,0.0,0,0.0,0,0,0,,,0.0
Fozzy Whittaker,8547,HB,CAR,1,2,0,5,,0,,,0,0,,0,0,0,,,0,0,100.0,5,5,0,0.0,0,0.0,0,0.0,0,0,0,,,,0,-3.0,0,100.0,,0,0,0.0,0,1,0,68.3,73.0,0,23,33.3,4,12,2,58.3,7,118.8,2,100.0,0,27,33,16.5,13.5,3.86
Dan Herron,7179,HB,IND,4,2,0,14,,0,,,0,0,,0,0,0,,54.2,0,0,12.5,1,8,0,87.5,7,0.0,0,0.0,0,0,0,,,0.0,0,0.0,0,100.0,,0,0,0.0,0,0,0,68.3,58.8,0,5,21.1,4,19,2,78.9,15,85.4,2,100.0,0,9,9,4.5,4.5,0.6
Jed Collins,4743,FB,DET,8,2,0,11,,0,,,0,0,,0,0,0,,55.8,0,0,50.0,4,8,0,50.0,4,0.0,0,0.0,0,0,0,,,0.0,0,-1.0,0,100.0,,0,0,0.0,0,0,0,64.7,53.0,0,2,35.3,12,34,1,58.8,20,79.2,1,50.0,0,2,3,3.0,2.0,0.1
Jeff Janis,8870,WR,GB,3,2,0,12,,0,,,0,0,,0,0,0,,56.9,0,0,0.0,0,3,0,100.0,3,0.0,0,0.0,0,0,0,,,0.0,0,7.0,1,100.0,,0,0,0.0,0,2,0,68.3,71.2,0,9,0.0,0,5,2,100.0,5,100.0,2,100.0,0,16,2,1.0,8.0,3.2
James Hanna,7175,TE,DAL,9,2,0,9,,0,,,0,0,,0,0,0,,52.0,0,0,66.7,8,12,0,25.0,3,0.0,0,0.0,0,0,0,,,0.0,0,2.0,0,50.0,,0,0,0.0,0,1,0,64.7,58.0,0,7,43.6,17,39,1,53.8,21,58.3,2,100.0,0,7,1,1.0,7.0,0.33
Virgil Green,6356,TE,DEN,7,2,0,10,,0,,,0,0,,0,0,0,,50.7,0,0,40.0,4,10,0,60.0,6,0.0,0,0.0,0,0,0,,,0.0,0,1.5,0,100.0,,0,0,0.0,0,2,0,68.3,75.4,0,10,41.9,13,31,2,51.6,16,104.2,2,100.0,0,18,15,7.5,9.0,1.13
Albert Wilson,8943,WR,KC,2,2,0,16,7.0,0,100.0,,0,0,0.0,0,0,0,64.7,60.8,0,11,0.0,0,1,1,100.0,1,112.5,1,50.0,0,11,4,4.0,11.0,11.0,0,10.0,0,100.0,,0,0,0.0,0,1,0,64.7,74.4,0,13,0.0,0,3,1,100.0,3,118.8,1,50.0,0,13,3,3.0,13.0,4.33
Nic Jacobs,8946,TE,JAX,6,2,0,15,,0,,,0,0,,0,0,0,,48.7,0,0,33.3,3,9,0,55.6,5,0.0,0,0.0,0,0,0,,,0.0,0,10.0,0,0.0,,0,0,,0,0,0,,42.5,1,0,34.2,13,38,0,65.8,25,0.0,1,50.0,0,0,0,,,0.0
Kellen Davis,4472,TE,DET,1,2,0,11,,0,,,0,0,,0,0,0,,50.3,0,0,0.0,0,9,0,66.7,6,0.0,0,0.0,0,0,0,,,0.0,0,6.0,0,0.0,,0,0,100.0,1,0,0,28.0,36.9,0,0,15.8,3,19,0,78.9,15,39.6,2,100.0,0,0,0,,,0.0
Craig Stevens,4399,TE,TEN,5,2,0,31,3.0,1,100.0,,0,0,0.0,0,1,0,64.7,74.0,0,20,16.7,1,6,1,83.3,5,118.8,1,50.0,0,20,17,17.0,20.0,4.0,0,6.0,0,100.0,,0,0,0.0,0,0,0,64.7,51.1,0,6,21.1,4,19,1,73.7,14,91.7,1,50.0,0,6,0,0.0,6.0,0.43
Brandon Bostick,7605,TE,GB,3,2,0,12,,0,,,0,0,,0,0,0,,59.0,0,0,0.0,0,1,0,100.0,1,0.0,0,0.0,0,0,0,,,0.0,0,0.0,0,50.0,,0,0,50.0,1,0,0,28.9,34.6,0,2,0.0,0,6,1,100.0,6,56.3,2,100.0,0,2,2,2.0,2.0,0.33
Jackie Battle,3885,FB,TEN,6,2,0,31,,0,,,0,0,,0,0,0,,57.3,0,0,0.0,0,2,0,50.0,1,0.0,0,0.0,0,0,0,,,0.0,0,1.0,0,100.0,,0,0,0.0,0,1,0,68.3,62.4,0,12,10.0,1,10,2,90.0,9,93.8,2,100.0,0,13,11,5.5,6.5,1.44
Michael Hoomanawanui,5655,TE,NE,9,2,0,19,,0,,,0,0,,0,0,0,64.7,59.2,0,0,48.4,15,31,0,41.9,13,0.0,0,0.0,0,0,0,,,0.0,0,8.0,0,100.0,,0,0,0.0,0,1,0,68.3,48.9,0,15,39.1,34,87,2,56.3,49,110.4,2,100.0,0,21,5,2.5,10.5,0.43
Latavius Murray,7962,HB,OAK,3,2,0,23,-1.0,0,100.0,,0,0,0.0,0,0,0,64.7,63.0,0,-1,58.3,7,12,1,41.7,5,79.2,1,50.0,0,-1,0,0.0,-1.0,-0.2,0,,0,,,0,0,,0,0,0,,53.6,0,0,31.3,5,16,0,68.8,11,0.0,0,0.0,0,0,0,,,0.0
Joe Banyard,7361,HB,MIN,3,2,0,18,,0,,,0,0,,0,0,0,,58.7,0,0,50.0,2,4,0,50.0,2,0.0,0,0.0,0,0,0,,,0.0,0,-8.0,0,100.0,,0,0,0.0,0,1,0,67.6,64.4,0,10,37.5,3,8,1,50.0,4,108.3,1,50.0,0,10,18,18.0,10.0,2.5
James Casey,5076,TE,PHI,8,2,0,24,19.0,0,100.0,,0,0,0.0,0,1,0,64.7,80.0,0,19,28.6,2,7,1,42.9,3,118.8,1,50.0,0,19,0,0.0,19.0,6.33,0,22.0,0,100.0,,0,0,0.0,0,1,0,68.3,62.5,0,26,20.0,4,20,1,65.0,13,158.3,1,50.0,1,26,4,4.0,26.0,2.0
Russell Shepard,8254,WR,TB,2,2,0,30,,0,,,0,0,,0,0,0,,55.0,0,0,0.0,0,6,0,100.0,6,0.0,0,0.0,0,0,0,,,0.0,0,7.5,0,100.0,,0,0,0.0,0,1,0,68.3,63.9,0,22,0.0,0,14,2,92.9,13,118.8,2,100.0,0,30,15,7.5,15.0,2.31
Harold Hoskins,9349,TE,MIA,4,2,0,17,,0,,,0,0,,0,0,0,,51.3,0,0,0.0,0,6,0,100.0,6,0.0,0,0.0,0,0,0,,,0.0,0,4.0,0,100.0,,0,0,0.0,0,2,0,68.3,66.2,0,14,25.0,2,8,2,62.5,5,110.4,2,100.0,0,21,13,6.5,10.5,4.2
MarQueis Gray,8286,TE,MIN,5,2,0,18,6.0,1,100.0,,0,0,0.0,0,1,0,64.7,67.1,0,16,0.0,0,8,1,87.5,7,118.8,1,50.0,0,16,10,10.0,16.0,2.29,0,3.0,0,0.0,,0,0,,0,0,0,,51.0,0,0,14.3,3,21,0,81.0,17,39.6,1,50.0,0,0,0,,,0.0
Freddie Martino,9292,WR,ATL,1,1,0,2,,0,,,0,0,,0,0,0,,,0,0,,0,0,0,,0,0.0,0,0.0,0,0,0,,,,0,9.0,0,0.0,,0,0,,0,0,0,,58.3,0,0,0.0,0,2,0,100.0,2,39.6,1,100.0,0,0,0,,,0.0
DuJuan Harris,6595,HB,GB,3,1,0,12,,0,,,0,0,,0,0,0,,,0,0,100.0,1,1,0,0.0,0,0.0,0,0.0,0,0,0,,,,0,0.0,0,100.0,,0,0,0.0,0,1,0,64.7,69.4,0,11,38.5,5,13,1,46.2,6,112.5,1,100.0,0,11,11,11.0,11.0,1.83
Kevin Dorsey,8007,WR,GB,2,1,0,12,,0,,,0,0,,0,0,0,,,0,0,,0,0,0,,0,0.0,0,0.0,0,0,0,,,,0,-6.0,0,100.0,,0,0,0.0,0,0,0,64.7,58.9,0,4,0.0,0,4,1,100.0,4,83.3,1,100.0,0,4,10,10.0,4.0,1.0
John Conner,5662,FB,NYJ,5,1,0,22,-11.0,0,0.0,,0,0,,0,0,0,,55.3,0,0,41.7,5,12,0,58.3,7,39.6,1,100.0,0,0,0,,,0.0,0,,0,,,0,0,,0,0,0,,54.9,0,0,20.0,2,10,0,80.0,8,0.0,0,0.0,0,0,0,,,0.0
Michael Palmer,5784,TE,PIT,3,1,0,25,,0,,,0,0,,0,0,0,,,0,0,,0,0,0,,0,0.0,0,0.0,0,0,0,,,,0,,0,,,0,0,,0,0,0,,,0,0,,0,0,0,,0,0.0,0,0.0,0,0,0,,,
Knowshon Moreno,4935,HB,MIA,3,1,0,17,,0,,,0,0,,0,0,0,,54.8,0,0,45.5,5,11,0,54.5,6,0.0,0,0.0,0,0,0,,,0.0,0,-3.0,0,100.0,,0,0,0.0,0,0,0,64.7,54.2,0,8,21.7,5,23,1,78.3,18,100.0,1,100.0,0,8,11,11.0,8.0,0.44
Tyler Clutts,6124,FB,DAL,6,1,0,9,,0,,,0,0,,0,0,0,,58.2,0,0,0.0,0,2,0,100.0,2,0.0,0,0.0,0,0,0,,,0.0,0,1.0,0,100.0,,0,0,0.0,0,0,0,64.7,61.6,0,1,33.3,2,6,1,66.7,4,79.2,1,100.0,0,1,0,0.0,1.0,0.25
J.J. Watt,6163,DI,HST,2,1,0,13,,0,,,0,0,,0,0,0,,,0,0,,0,0,0,,0,0.0,0,0.0,0,0,0,,,,0,,0,,,0,0,,0,0,0,,,0,0,,0,0,0,,0,0.0,0,0.0,0,0,0,,,
Russell Wilson,7077,QB,SEA,8,1,0,29,14.0,0,100.0,,0,0,0.0,0,1,2,64.7,91.3,0,17,0.0,0,99,1,1.0,1,118.8,1,100.0,0,17,3,3.0,17.0,17.0,0,,0,,,0,0,,0,0,1,,,0,0,0.0,0,189,0,0.0,0,0.0,0,0.0,0,0,0,,,
Will Tukuafu,7764,FB,SEA,1,1,0,29,,0,,,0,0,,0,0,0,,,0,0,,0,0,0,,0,0.0,0,0.0,0,0,0,,,,0,3.0,0,0.0,,0,0,100.0,1,0,0,28.0,25.8,0,0,0.0,0,2,0,100.0,2,39.6,1,100.0,0,0,0,,,0.0
Jerome Felton,4460,FB,MIN,8,1,0,18,,0,,,0,0,,0,0,0,,56.3,0,0,33.3,2,6,0,66.7,4,0.0,0,0.0,0,0,0,,,0.0,0,-2.0,0,0.0,,0,0,,0,0,0,,53.0,0,0,23.5,4,17,0,70.6,12,39.6,1,100.0,0,0,0,,,0.0
Andy Dalton,6187,QB,CIN,8,1,0,7,,0,,,0,0,,0,0,0,,,0,0,0.0,0,75,0,0.0,0,0.0,0,0.0,0,0,0,,,,0,0.0,0,100.0,,0,0,0.0,0,1,1,64.7,90.2,0,18,0.5,1,202,1,1.0,2,158.3,1,100.0,1,18,18,18.0,18.0,9.0
Matt Spaeth,3693,TE,PIT,8,1,0,25,,0,,,0,0,,0,0,0,,45.7,0,0,45.5,10,22,0,54.5,12,0.0,0,0.0,0,0,0,,,0.0,0,17.0,0,100.0,,0,0,0.0,0,1,0,64.7,59.4,0,33,48.1,25,52,1,48.1,25,158.3,1,100.0,1,33,16,16.0,33.0,1.32
Jonathan Grimes,7585,HB,HST,5,1,0,13,,0,,,0,0,,0,0,0,,53.4,0,0,25.0,2,8,0,75.0,6,0.0,0,0.0,0,0,0,,,0.0,0,,0,,,0,0,,0,0,0,,50.8,0,0,11.1,3,27,0,88.9,24,0.0,0,0.0,0,0,0,,,0.0
Troy Niklas,8687,TE,ARZ,4,1,0,1,,0,,,0,0,,0,0,0,,55.8,0,0,0.0,0,2,0,100.0,2,0.0,0,0.0,0,0,0,,,0.0,0,12.0,0,100.0,,0,0,0.0,0,1,0,64.7,67.7,0,16,33.3,5,15,1,66.7,10,118.8,1,100.0,0,16,4,4.0,16.0,1.6
Chris Polk,7532,HB,PHI,2,1,0,24,,0,,,0,0,,0,0,0,,54.3,0,0,28.6,2,7,0,71.4,5,0.0,0,0.0,0,0,0,,,0.0,0,-3.0,0,100.0,,0,0,0.0,0,0,0,64.7,57.9,0,1,25.0,2,8,1,75.0,6,79.2,1,100.0,0,1,4,4.0,1.0,0.17
Josh Bellamy,7472,WR,CHI,1,1,0,6,,0,,,0,0,,0,0,0,,,0,0,,0,0,0,,0,0.0,0,0.0,0,0,0,,,,0,47.0,0,0.0,,0,0,,0,0,0,,59.3,0,0,0.0,0,1,0,100.0,1,39.6,1,100.0,0,0,0,,,0.0
Brad Smith,3048,WR,PHI,4,1,0,24,-3.0,0,100.0,,0,0,0.0,0,1,0,64.7,76.4,0,11,0.0,0,2,1,100.0,2,112.5,1,100.0,0,11,14,14.0,11.0,5.5,0,,0,,,0,0,,0,0,0,,56.7,0,0,0.0,0,3,0,100.0,3,0.0,0,0.0,0,0,0,,,0.0
Julius Peppers,1010,ED,GB,1,1,0,12,,0,,,0,0,,0,0,0,,,0,0,,0,0,0,,0,0.0,0,0.0,0,0,0,,,,0,,0,,,0,0,,0,0,0,,,0,0,,0,0,0,,0,0.0,0,0.0,0,0,0,,,
Bear Pascoe,5108,TE,ATL,6,1,0,2,,0,,,0,0,,0,0,0,,51.3,0,0,50.0,4,8,0,37.5,3,0.0,0,0.0,0,0,0,,,0.0,0,,0,,,0,0,,0,0,0,,48.3,0,0,16.7,3,18,0,83.3,15,0.0,0,0.0,0,0,0,,,0.0
Gabe Jackson,8716,G,OAK,8,1,0,23,,0,,,0,0,,0,0,0,,34.4,0,0,100.0,113,113,0,0.0,0,0.0,0,0.0,0,0,0,,,,0,-2.0,0,100.0,,0,0,0.0,0,0,0,67.6,66.9,0,1,100.0,205,205,1,0.0,0,79.2,1,100.0,0,1,3,3.0,1.0,
Jonas Gray,7393,HB,NE,3,1,0,19,,0,,,0,0,,0,0,0,,54.6,0,0,45.5,5,11,0,54.5,6,0.0,0,0.0,0,0,0,,,0.0,0,5.0,0,0.0,,0,0,,0,0,0,,54.0,0,0,40.0,6,15,0,60.0,9,39.6,1,100.0,0,0,0,,,0.0
DeAngelo Williams,2972,HB,CAR,3,1,0,5,,0,,,0,0,,0,0,0,,57.0,0,0,50.0,3,6,0,50.0,3,0.0,0,0.0,0,0,0,,,0.0,0,,0,,,0,0,,0,0,0,64.7,55.4,0,0,19.0,4,21,0,71.4,15,0.0,0,0.0,0,0,0,,,0.0
Valentino Blake,7362,CB,PIT,1,1,0,25,,0,,,0,0,,0,0,0,,,0,0,,0,0,0,,0,0.0,0,0.0,0,0,0,,,,0,,0,,,0,0,,0,0,0,,,0,0,,0,0,0,,0,0.0,0,0.0,0,0,0,,,
Jordan Thompson,9399,TE,DET,2,1,0,11,,0,,,0,0,,0,0,0,,59.8,0,0,0.0,0,1,0,100.0,1,0.0,0,0.0,0,0,0,,,0.0,0,,0,,,0,0,,0,0,0,,56.0,0,0,0.0,0,4,0,100.0,4,0.0,0,0.0,0,0,0,,,0.0
Phillip Supernaw,7324,TE,BLT,1,1,0,3,,0,,,0,0,,0,0,0,,59.6,0,0,0.0,0,1,0,100.0,1,0.0,0,0.0,0,0,0,,,0.0,0,-6.0,0,100.0,,0,0,0.0,0,0,0,67.6,69.5,0,-2,100.0,1,1,1,0.0,0,79.2,1,100.0,0,-2,4,4.0,-2.0,
Isaiah Burse,9300,WR,DEN,1,1,0,10,,0,,,0,0,,0,0,0,,,0,0,,0,0,0,,0,0.0,0,0.0,0,0,0,,,,0,21.0,0,0.0,,0,0,100.0,1,0,0,28.0,41.7,0,0,0.0,0,1,0,100.0,1,39.6,1,100.0,0,0,0,,,0.0
Storm Johnson,8856,HB,JAX,3,1,0,15,-5.0,1,100.0,,0,0,0.0,0,0,0,64.7,65.2,0,-4,0.0,0,1,1,100.0,1,79.2,1,100.0,0,-4,1,1.0,-4.0,-4.0,0,,0,,,0,0,,0,0,0,,56.1,0,0,40.0,4,10,0,60.0,6,0.0,0,0.0,0,0,0,,,0.0
Marcel Jensen,8936,TE,JAX,1,1,0,15,5.0,0,100.0,,0,0,0.0,0,0,0,64.7,56.5,0,8,20.0,1,5,1,80.0,4,100.0,1,100.0,0,8,3,3.0,8.0,2.0,0,,0,,,0,0,,0,0,0,,48.0,0,0,36.4,4,11,0,54.5,6,0.0,0,0.0,0,0,0,,,0.0
Jorvorskie Lane,7002,FB,TB,5,1,0,30,,0,,,0,0,,0,0,0,,54.2,0,0,36.4,4,11,0,54.5,6,0.0,0,0.0,0,0,0,,,0.0,0,,0,,,0,0,,0,0,0,,54.7,0,0,30.8,4,13,0,53.8,7,0.0,0,0.0,0,0,0,,,0.0
Kassim Osgood,1676,WR,SF,1,1,0,28,,0,,,0,0,,0,0,0,,59.1,0,0,0.0,0,1,0,100.0,1,0.0,0,0.0,0,0,0,,,0.0,0,5.0,0,0.0,,0,0,,0,0,0,,54.7,0,0,0.0,0,7,0,100.0,7,39.6,1,100.0,0,0,0,,,0.0
Damian Williams,5601,WR,SL,1,1,0,26,12.0,0,100.0,,0,0,0.0,0,1,0,64.7,78.3,0,14,0.0,0,1,1,100.0,1,118.8,1,100.0,0,14,2,2.0,14.0,14.0,0,,0,,,0,0,,0,0,0,,,0,0,,0,0,0,,0,0.0,0,0.0,0,0,0,,,
Joseph Randle,7933,HB,DAL,6,1,0,9,,0,,,0,0,,0,0,0,,58.1,0,0,33.3,1,3,0,33.3,1,0.0,0,0.0,0,0,0,,,0.0,0,-2.0,1,100.0,,0,0,0.0,0,0,0,68.3,67.6,0,14,23.5,4,17,1,70.6,12,118.8,1,100.0,0,14,16,16.0,14.0,1.17
Kevin Ogletree,5387,WR,NYG,2,1,0,21,30.0,0,0.0,,0,0,,0,0,0,,56.4,0,0,0.0,0,4,0,100.0,4,39.6,1,100.0,0,0,0,,,0.0,0,,0,,,0,0,,0,0,0,,54.6,0,0,0.0,0,5,0,100.0,5,0.0,0,0.0,0,0,0,,,0.0
Kevin Brock,5328,TE,CIN,4,1,0,7,,0,,,0,0,,0,0,0,,56.6,0,0,0.0,0,1,0,100.0,1,0.0,0,0.0,0,0,0,,,0.0,0,-4.0,0,100.0,,0,0,0.0,0,0,0,64.7,58.6,0,-3,25.0,1,4,1,75.0,3,79.2,1,100.0,0,-3,1,1.0,-3.0,-1.0
Chris Ogbonnaya,5135,HB,CAR,4,1,0,5,,0,,,0,0,,0,0,0,,57.6,0,0,50.0,2,4,0,50.0,2,0.0,0,0.0,0,0,0,,,0.0,0,-4.0,0,0.0,,0,0,100.0,1,0,0,28.0,29.3,0,0,35.0,7,20,0,65.0,13,39.6,1,100.0,0,0,0,,,0.0
John Phillips,5132,TE,SD,8,1,0,27,,0,,,0,0,,0,0,0,,52.5,0,0,33.3,2,6,0,66.7,4,0.0,0,0.0,0,0,0,,,0.0,0,,0,,,0,0,,0,0,0,,47.2,0,0,33.3,5,15,0,66.7,10,0.0,0,0.0,0,0,0,,,0.0
Mike James,7970,HB,TB,4,1,0,30,,0,,,0,0,,0,0,0,,59.5,0,0,50.0,1,2,0,50.0,1,0.0,0,0.0,0,0,0,,,0.0,0,-5.0,0,100.0,,0,0,0.0,0,0,0,64.7,56.5,0,-5,0.0,0,14,1,85.7,12,79.2,1,100.0,0,-5,0,0.0,-5.0,-0.42
