player,player_id,position,team_name,player_game_count,block_percent,declined_penalties,franchise_id,grades_offense,grades_pass_block,grades_run_block,hits_allowed,hurries_allowed,non_spike_pass_block,non_spike_pass_block_percentage,pass_block_percent,pbe,penalties,pressures_allowed,sacks_allowed,snap_counts_block,snap_counts_ce,snap_counts_lg,snap_counts_lt,snap_counts_offense,snap_counts_pass_block,snap_counts_pass_play,snap_counts_rg,snap_counts_rt,snap_counts_run_block,snap_counts_te
Ben Jones,7099,C,HST,10,100.0,0,13,74.7,76.1,74.8,2,13,456,100.0,100.0,98.1,4,16,1,760,760,0,0,760,480,480,0,0,280,0
Derek Newton,6366,T,HST,10,100.0,1,13,73.0,67.4,76.1,5,19,454,100.0,100.0,96.9,4,26,2,754,0,85,30,754,478,478,200,439,276,0
Jason Kelce,6343,C,PHI,10,100.0,2,24,71.6,76.5,70.9,2,5,427,100.0,100.0,98.9,11,8,1,748,748,0,0,748,458,458,0,0,290,0
Lane Johnson,7786,T,PHI,10,100.0,2,24,69.5,68.9,75.2,6,10,427,100.0,100.0,97.2,9,20,4,748,0,0,192,748,458,458,0,554,290,1
Allen Barbre,3735,G,PHI,10,100.0,2,24,60.3,60.8,59.7,4,26,427,100.0,100.0,96.3,4,31,1,748,0,748,0,748,458,458,0,0,290,0
Chris Chester,3001,G,ATL,10,100.0,0,2,79.1,68.3,78.6,3,16,431,100.0,100.0,96.9,2,23,4,741,0,0,0,741,462,462,741,0,279,0
Ryan Schraeder,8496,T,ATL,10,100.0,0,2,74.7,78.4,66.3,2,12,431,100.0,100.0,97.9,4,16,2,741,0,0,0,741,462,462,0,741,279,0
Zach Strief,3155,T,NO,10,100.0,0,20,70.7,71.0,66.4,4,9,434,100.0,100.0,97.1,6,19,6,735,0,0,0,735,465,465,0,733,270,0
Max Unger,4972,C,NO,10,99.9,0,20,70.5,81.0,64.1,1,10,433,99.8,99.8,98.5,1,12,1,732,732,0,0,733,463,464,0,0,269,0
Andy Levitre,4974,G,ATL,10,100.0,0,2,70.5,66.9,70.5,4,22,431,100.0,100.0,96.8,7,27,1,728,0,728,0,728,462,462,0,0,266,0
Jake Matthews,8641,T,ATL,10,100.0,0,2,79.7,80.7,70.7,2,22,431,100.0,100.0,97.0,4,25,1,728,0,0,728,728,462,462,0,0,266,0
Rick Wagner,7950,T,BLT,10,100.0,0,3,63.5,70.2,54.9,6,21,427,100.0,100.0,96.8,3,27,0,714,0,0,0,714,459,459,0,711,255,2
Marshal Yanda,3702,G,BLT,10,99.9,1,3,91.4,87.1,89.3,1,9,424,99.8,99.8,98.6,1,11,1,711,0,0,0,712,456,457,704,2,255,1
Jack Mewhort,8694,G,IND,10,100.0,1,14,76.0,78.9,74.8,6,23,447,100.0,100.0,96.8,4,29,0,711,0,569,0,711,480,480,1,137,231,4
Anthony Castonzo,6174,T,IND,10,100.0,0,14,76.0,80.6,65.2,5,14,447,100.0,100.0,97.2,8,22,3,708,0,0,702,708,480,480,0,0,228,6
Joe Barksdale,6244,T,SD,10,100.0,1,27,71.6,76.3,68.0,4,20,442,100.0,100.0,96.4,6,28,4,705,0,0,79,705,476,476,0,626,229,0
Michael Oher,4946,T,CAR,10,100.0,1,5,63.2,83.4,44.7,0,12,346,100.0,100.0,97.4,4,15,3,691,0,0,665,691,368,368,0,0,323,26
Mike Remmers,7431,T,CAR,10,100.0,0,5,65.9,70.6,62.0,1,25,346,100.0,100.0,95.7,4,28,2,691,0,0,0,691,368,368,0,678,323,13
Alex Mack,4944,C,CLV,10,100.0,0,8,67.0,75.1,64.7,4,12,442,100.0,100.0,97.3,4,20,4,689,689,0,0,689,475,475,0,0,214,0
Joe Thomas,3619,T,CLV,10,100.0,0,8,87.2,90.9,77.1,1,18,442,100.0,100.0,97.4,5,21,2,689,0,0,689,689,475,475,0,0,214,0
Mitchell Schwartz,7041,T,CLV,10,100.0,1,8,75.4,81.3,64.0,5,15,442,100.0,100.0,97.1,4,23,3,689,0,0,0,689,475,475,0,689,214,0
Marshall Newhouse,5692,T,NYG,10,100.0,1,21,55.5,62.0,46.4,5,30,405,100.0,100.0,95.4,6,36,1,688,0,0,0,688,437,437,0,687,251,1
Zane Beadles,5570,G,JAX,10,100.0,0,15,58.0,65.8,52.1,3,21,434,100.0,100.0,96.1,1,29,5,686,0,686,0,686,464,464,0,0,222,0
Stefen Wisniewski,6200,C,JAX,10,100.0,1,15,70.4,77.6,66.0,0,10,434,100.0,100.0,98.4,2,12,2,686,686,0,0,686,464,464,0,0,222,0
Josh Sitton,4449,G,GB,10,100.0,0,12,75.3,90.6,65.7,0,3,401,99.8,99.8,98.9,3,6,3,685,0,685,0,685,451,452,0,0,234,0
Jermey Parnell,5426,T,JAX,10,100.0,0,15,67.4,64.3,73.6,13,26,433,100.0,100.0,94.8,6,42,3,685,0,0,0,685,463,463,0,685,222,0
Donovan Smith,9467,T,TB,10,100.0,1,30,57.0,59.4,55.1,3,25,353,100.0,100.0,95.5,7,30,2,685,0,0,685,685,389,389,0,0,296,0
Gosder Cherilus,4331,T,TB,10,100.0,4,30,52.8,61.3,51.7,7,21,353,100.0,100.0,94.9,11,32,4,685,0,0,0,685,389,389,0,685,296,0
Kyle Long,7801,T,CHI,10,100.0,0,6,68.6,62.3,71.5,2,22,375,100.0,100.0,96.0,5,27,3,684,0,0,0,684,398,398,0,684,286,0
Matt Slauson,5117,G,CHI,10,100.0,0,6,68.5,81.2,63.0,1,4,375,100.0,100.0,99.1,2,6,1,684,273,411,0,684,398,398,0,0,286,0
Russell Bodine,8746,C,CIN,10,100.0,0,7,62.8,64.1,62.6,0,17,379,100.0,100.0,97.2,6,19,2,683,683,0,0,683,408,408,0,0,275,0
D'Brickashaw Ferguson,2949,T,NYJ,10,100.0,0,22,65.9,69.9,61.3,6,23,397,100.0,100.0,95.6,5,32,3,682,0,0,679,682,414,414,0,0,268,3
Clint Boling,6253,G,CIN,10,100.0,0,7,75.2,72.5,72.9,2,16,378,100.0,100.0,96.8,1,21,3,681,0,680,0,681,407,407,0,0,274,1
Trai Turner,8727,G,CAR,10,100.0,0,5,77.7,82.6,72.5,0,12,345,100.0,100.0,98.0,3,13,1,681,0,0,0,681,367,367,681,0,314,0
John Greco,4379,G,CLV,10,100.0,0,8,76.0,79.9,71.3,4,15,434,100.0,100.0,97.8,2,19,0,680,0,0,0,680,466,466,680,0,214,0
Travis Swanson,8711,C,DET,10,100.0,0,11,61.9,61.7,59.5,2,16,452,100.0,100.0,97.8,1,19,1,680,680,0,0,680,479,479,0,0,201,0
Breno Giacomini,4464,T,NYJ,10,100.0,1,22,59.9,63.4,55.5,5,26,397,100.0,100.0,95.6,5,33,2,680,0,0,0,680,414,414,0,680,266,0
James Carpenter,6177,G,NYJ,10,100.0,0,22,70.9,77.1,63.6,5,16,397,100.0,100.0,97.4,0,21,0,679,0,679,0,679,414,414,0,0,265,0
Riley Reiff,7029,T,DET,10,100.0,0,11,73.8,70.8,71.8,4,29,450,100.0,100.0,95.2,5,38,5,676,0,0,676,676,477,477,0,0,199,0
Kevin Zeitler,7032,G,CIN,10,100.0,1,7,79.9,79.6,75.6,1,12,375,100.0,100.0,98.3,2,13,0,673,0,0,0,673,404,404,673,0,269,0
Zack Martin,8651,G,DAL,10,100.0,2,9,82.8,87.3,75.1,2,8,353,100.0,100.0,98.3,7,11,1,670,0,0,0,670,386,386,670,0,284,0
Tyron Smith,6161,T,DAL,10,100.0,2,9,91.1,86.6,91.7,3,6,353,100.0,100.0,97.6,7,13,4,670,0,0,670,670,386,386,0,0,284,0
Travis Frederick,7812,C,DAL,10,100.0,0,9,79.4,80.6,75.1,1,7,353,100.0,100.0,98.9,0,8,0,670,670,0,0,670,386,386,0,0,284,0
Doug Free,3738,T,DAL,10,100.0,0,9,61.0,65.3,64.3,2,22,353,100.0,100.0,96.6,7,24,0,670,0,0,0,670,386,386,0,670,284,0
Andrew Whitworth,3000,T,CIN,10,100.0,0,7,86.7,87.3,77.4,0,7,379,100.0,100.0,98.5,5,9,2,667,0,1,624,667,408,408,0,1,259,31
David Andrews,9948,C,NE,10,100.0,0,19,59.5,68.7,57.1,5,10,408,100.0,100.0,97.7,5,17,2,667,665,1,0,667,439,439,1,0,228,0
Matt Paradis,8841,C,DEN,10,100.0,0,10,70.5,72.5,66.7,6,11,399,100.0,100.0,97.6,1,18,1,666,666,0,0,666,424,424,0,0,242,0
Lyle Sendlein,4062,C,ARZ,10,100.0,0,1,64.0,67.3,60.2,4,14,355,100.0,100.0,97.2,0,19,1,665,665,0,0,665,392,392,0,0,273,0
Justin Britt,8699,G,SEA,10,100.0,1,29,56.2,50.1,59.3,4,19,372,100.0,100.0,96.4,6,25,2,665,0,665,0,665,385,385,0,0,280,0
Jared Veldheer,5594,T,ARZ,10,100.0,2,1,78.2,84.2,69.2,4,12,355,100.0,100.0,97.2,7,18,2,665,0,0,665,665,392,392,0,0,273,0
J.R. Sweezy,7209,G,SEA,10,100.0,0,29,65.4,59.0,67.9,2,19,371,100.0,100.0,96.1,5,25,4,664,0,0,0,664,384,384,664,0,280,0
Richie Incognito,2298,G,BUF,10,100.0,1,4,75.2,78.8,70.0,4,7,351,100.0,100.0,98.1,4,12,1,662,0,662,0,662,380,380,0,0,282,0
Eric Wood,4951,C,BUF,10,100.0,0,4,72.7,83.9,66.5,1,9,351,100.0,100.0,98.3,3,11,1,662,662,0,0,662,380,380,0,0,282,0
Brandon Scherff,9438,G,WAS,10,100.0,1,32,63.1,59.8,62.1,6,18,382,100.0,100.0,96.6,2,25,1,662,0,0,0,662,411,411,662,0,251,0
Morgan Moses,8701,T,WAS,10,100.0,2,32,70.8,74.4,67.0,2,12,383,100.0,100.0,97.1,8,18,4,661,0,0,1,661,411,411,0,660,250,0
Weston Richburg,8678,C,NYG,10,100.0,1,21,79.9,85.9,75.0,0,6,386,100.0,100.0,99.2,4,6,0,661,661,0,0,661,416,416,0,0,245,0
Mitch Morse,9482,C,KC,10,100.0,0,16,66.3,74.6,59.8,0,9,394,100.0,100.0,98.1,1,12,3,658,658,0,0,658,420,420,0,0,238,0
Josh Kline,8230,G,NE,10,100.0,0,19,72.6,82.5,63.4,1,13,402,100.0,100.0,98.3,3,14,0,657,0,267,0,657,434,434,390,0,223,0
David Bakhtiari,7891,T,GB,10,100.0,1,12,69.6,80.9,59.6,4,19,377,99.7,99.8,96.2,11,26,3,656,0,0,656,656,421,422,0,0,235,0
Cody Wallace,4421,C,PIT,10,100.0,0,25,48.8,61.7,47.7,5,20,361,100.0,100.0,95.7,7,28,3,653,653,0,0,653,398,398,0,0,255,0
David DeCastro,7640,G,PIT,10,100.0,0,25,81.4,89.9,75.0,1,10,361,100.0,100.0,98.2,1,12,1,653,0,0,0,653,398,398,653,0,255,0
Ramon Foster,5229,G,PIT,10,100.0,1,25,77.6,78.2,76.3,1,12,361,100.0,100.0,97.1,4,17,4,653,0,653,0,653,398,398,0,0,255,0
Geoff Schwartz,4555,G,NYG,10,100.0,1,21,75.1,67.9,73.3,1,13,382,100.0,100.0,96.9,1,19,5,652,0,0,0,652,411,411,648,0,241,4
Joe Berger,2424,C,MIN,10,100.0,0,18,75.9,81.9,72.2,1,6,349,100.0,100.0,98.7,3,8,1,650,650,0,0,650,367,367,0,0,283,0
Matt Kalil,7010,T,MIN,10,100.0,2,18,67.4,72.1,69.1,5,19,349,100.0,100.0,95.7,8,27,3,650,0,0,646,650,367,367,0,1,283,3
Michael Harris,7730,G,MIN,10,100.0,0,18,72.7,82.7,63.5,2,14,349,100.0,100.0,97.1,0,18,2,650,0,0,0,650,367,367,649,0,283,1
Brandon Fusco,6324,G,MIN,10,100.0,1,18,60.6,49.2,65.5,4,30,348,100.0,100.0,94.5,4,36,2,649,0,649,0,649,366,366,0,0,283,0
Byron Bell,6848,G,TEN,10,100.0,0,31,62.9,73.6,55.5,2,17,374,100.0,100.0,97.2,2,20,1,649,0,458,4,649,407,407,0,187,242,0
Marcus Gilbert,6215,T,PIT,10,100.0,1,25,74.9,70.3,74.5,2,27,361,100.0,100.0,96.0,4,29,0,649,0,0,0,649,398,398,0,649,251,0
Cordy Glenn,7045,T,BUF,10,100.0,2,4,78.0,91.4,55.9,2,9,344,100.0,100.0,98.1,5,12,1,646,0,0,644,646,372,372,0,0,274,2
T.J. Lang,5032,G,GB,10,100.0,2,12,75.1,90.0,64.7,0,12,377,100.0,100.0,98.4,4,12,0,646,0,0,0,646,425,425,646,0,221,0
Garry Gilliam,9137,T,SEA,10,100.0,0,29,56.4,55.9,55.3,7,27,361,100.0,100.0,94.2,2,38,4,645,0,0,0,645,374,374,0,645,271,0
T.J. Clemmings,9543,T,MIN,10,100.0,0,18,59.1,62.0,51.6,3,23,346,100.0,100.0,94.5,1,32,6,644,0,0,2,644,364,364,0,642,280,0
Dallas Thomas,7858,G,MIA,10,100.0,0,17,50.5,52.6,50.6,5,24,392,100.0,100.0,94.8,4,35,6,642,0,642,0,642,420,420,0,0,222,0
J'Marcus Webb,5741,G,OAK,10,100.0,0,23,60.3,62.7,55.3,1,15,391,100.0,100.0,97.2,2,19,3,641,0,0,0,641,409,409,641,0,232,0
Gabe Jackson,8716,G,OAK,10,100.0,0,23,80.1,86.2,72.9,2,11,391,100.0,100.0,98.3,1,13,0,641,0,641,0,641,409,409,0,0,232,0
Austin Howard,5847,T,OAK,10,100.0,3,23,72.4,75.2,71.2,3,8,391,100.0,100.0,97.8,9,14,3,641,0,0,0,641,409,409,0,641,232,0
Donald Penn,3459,T,OAK,10,100.0,1,23,81.2,87.7,71.4,3,8,391,100.0,100.0,97.8,5,14,3,641,0,0,638,641,409,409,0,0,232,2
Taylor Lewan,8646,T,TEN,10,100.0,2,31,72.2,83.4,60.7,2,8,370,100.0,100.0,97.3,8,15,5,635,0,0,629,635,402,402,0,0,233,6
D.J. Fluker,7792,G,SD,9,100.0,1,27,75.5,65.9,81.1,1,21,401,100.0,100.0,97.0,10,23,1,635,0,0,0,635,433,433,635,0,202,0
Brandon Brooks,7078,G,HST,9,100.0,0,13,76.1,83.2,67.0,2,12,384,100.0,100.0,97.7,3,16,2,632,0,72,0,632,404,404,560,0,228,0
Mike Pouncey,6167,C,MIA,10,100.0,1,17,79.1,74.6,77.7,4,7,389,100.0,100.0,98.1,2,13,2,630,630,0,0,630,417,417,0,0,213,0
Corey Linsley,8796,C,GB,10,100.0,1,12,76.3,78.3,75.1,1,11,370,99.7,99.8,97.8,3,14,2,622,622,0,0,622,416,417,0,0,206,0
Tim Lelito,8189,G,NO,9,100.0,0,20,64.7,45.0,72.8,4,16,365,100.0,100.0,97.0,2,21,1,622,0,620,0,622,395,395,0,0,227,0
Louis Vasquez,5001,G,DEN,10,100.0,0,10,68.4,84.4,57.5,1,8,367,100.0,100.0,98.5,2,10,1,621,0,0,0,621,390,390,621,0,231,0
Mike Person,6391,C,ATL,9,100.0,1,2,57.7,74.8,53.3,2,9,353,100.0,100.0,98.4,1,11,0,621,621,0,0,621,380,380,0,0,241,0
Vladimir Ducasse,5586,G,CHI,9,100.0,1,6,64.8,55.2,70.5,3,20,338,100.0,100.0,96.3,8,24,1,620,0,198,0,620,357,357,422,0,263,0
Logan Mankins,2249,G,TB,9,100.0,0,30,69.2,71.4,71.0,5,9,330,100.0,100.0,97.9,8,14,0,619,0,619,0,619,362,362,0,0,257,0
Jonathan Cooper,7788,G,ARZ,9,100.0,0,1,63.9,63.7,61.6,2,19,326,100.0,100.0,96.5,3,22,1,618,0,0,0,618,361,361,618,0,257,0
Erik Pears,2737,T,SF,10,100.0,0,28,55.7,64.8,47.5,1,26,365,100.0,100.0,94.4,6,34,7,617,0,0,0,617,378,378,9,608,239,0
Alex Boone,5372,G,SF,10,100.0,1,28,59.9,75.4,50.4,4,8,365,100.0,100.0,97.8,4,14,2,617,0,617,0,617,378,378,0,0,239,0
Marcus Martin,8705,C,SF,10,100.0,1,28,47.2,68.9,42.0,4,12,365,100.0,100.0,97.8,6,16,0,617,617,0,0,617,378,378,0,0,239,0
Joe Staley,3644,T,SF,10,100.0,0,28,85.5,86.1,77.5,6,13,365,100.0,100.0,96.6,2,22,3,617,0,0,617,617,378,378,0,0,239,0
Kelechi Osemele,7062,G,BLT,9,100.0,2,3,83.6,68.8,89.1,2,9,368,100.0,100.0,98.2,5,12,1,616,0,609,0,616,394,394,6,0,222,0
Justin Pugh,7800,G,NYG,9,100.0,0,21,80.2,80.9,75.6,1,10,356,100.0,100.0,98.2,1,12,1,611,0,503,108,611,382,382,0,0,229,0
Joel Bitonio,8670,G,CLV,9,100.0,0,8,70.4,66.6,72.9,5,18,380,100.0,100.0,96.4,6,25,2,611,0,611,0,611,412,412,0,0,199,0
Jeremy Zuttah,4397,C,BLT,9,100.0,1,3,74.2,81.7,70.0,1,10,371,100.0,100.0,98.2,3,12,1,610,610,0,0,610,398,398,0,0,212,0
Ryan Kalil,3675,C,CAR,9,100.0,1,5,77.7,75.8,74.8,0,9,306,100.0,100.0,97.9,2,11,2,608,608,0,0,608,327,327,0,0,281,0
Evan Mathis,2296,G,DEN,10,100.0,0,10,86.0,64.9,90.3,2,10,362,100.0,100.0,97.8,1,14,2,607,0,607,0,607,383,383,0,0,224,0
Greg Robinson,8637,T,SL,10,100.0,2,26,58.9,56.0,61.9,13,9,299,99.7,99.7,95.3,11,25,3,605,0,0,605,605,326,327,0,0,279,0
Tim Barnes,6499,C,SL,10,100.0,0,26,54.3,62.9,55.7,4,7,297,99.7,99.7,97.8,4,12,1,602,602,0,0,602,324,325,0,0,278,0
Russell Okung,5531,T,SEA,9,100.0,0,29,78.0,75.3,77.6,3,17,337,100.0,100.0,96.1,5,23,3,599,0,0,599,599,350,350,0,0,249,0
Laken Tomlinson,9461,G,DET,9,100.0,1,11,60.7,70.6,51.3,4,16,385,100.0,100.0,96.9,4,22,2,589,0,587,0,589,406,406,0,0,183,2
Trent Williams,5529,T,WAS,9,100.0,0,32,80.7,90.3,69.9,2,8,330,100.0,100.0,98.5,4,10,0,586,0,0,585,586,357,357,0,0,229,1
Trevor Robinson,7375,C,SD,9,100.0,0,27,48.4,52.8,46.6,3,22,374,100.0,100.0,95.3,2,30,5,585,585,0,0,585,406,406,0,0,179,0
Joe Reitz,4789,T,IND,10,99.7,2,14,76.3,78.2,67.8,2,12,359,99.7,99.7,97.2,5,17,3,583,0,0,3,585,384,385,0,565,199,17
Ereck Flowers,9442,T,NYG,9,100.0,0,21,56.6,55.9,58.6,8,29,346,100.0,100.0,94.1,7,39,2,580,0,0,580,580,372,372,0,0,208,0
Joe Hawley,5641,C,TB,9,100.0,0,30,68.0,71.9,66.3,6,6,294,100.0,100.0,98.0,4,12,0,579,579,0,0,579,323,323,0,0,256,0
Matt Tobin,8211,G,PHI,10,100.0,1,24,67.5,47.9,72.9,5,18,317,100.0,100.0,94.5,1,29,6,576,0,0,125,576,340,340,450,1,236,0
Hugh Thornton,7867,G,IND,9,100.0,1,14,65.0,59.4,67.4,5,12,354,100.0,100.0,97.0,6,19,2,573,0,1,0,573,379,379,572,0,194,0
Terron Armstead,7856,T,NO,8,100.0,0,20,92.5,90.0,91.9,2,7,336,100.0,100.0,98.4,4,10,1,573,0,0,572,573,366,366,0,0,207,0
Ryan Harris,3686,T,DEN,10,100.0,0,10,60.6,62.9,58.2,8,14,333,100.0,100.0,96.1,2,24,2,563,0,0,356,563,351,351,0,207,212,0
Bobby Massie,7112,T,ARZ,8,100.0,0,1,63.2,52.0,77.0,5,30,300,100.0,100.0,93.2,4,38,3,556,0,0,0,556,329,329,0,556,227,0
Duane Brown,4340,T,HST,8,100.0,0,13,78.4,84.4,66.8,5,11,340,100.0,100.0,97.1,2,18,2,554,0,0,554,554,359,359,0,0,195,0
Rodney Hudson,6207,C,OAK,9,100.0,0,23,76.6,85.4,73.5,2,2,318,100.0,100.0,99.1,3,5,1,542,542,0,0,542,332,332,0,0,210,0
Jamon Brown,9505,G,SL,9,100.0,0,26,58.5,67.6,58.6,6,10,269,99.6,99.7,95.9,4,19,3,531,0,277,0,531,290,291,254,0,241,0
Eric Fisher,7783,T,KC,10,100.0,1,16,67.2,73.6,61.8,2,17,325,100.0,100.0,96.8,4,20,1,531,0,0,265,531,348,348,0,266,183,0
Luke Joeckel,7784,T,JAX,8,100.0,0,15,72.2,65.1,75.0,7,22,343,100.0,100.0,95.5,4,30,1,528,0,0,528,528,363,363,0,0,165,0
Charles Leno Jr.,8880,T,CHI,10,100.0,2,6,61.5,62.6,63.2,5,18,287,100.0,100.0,94.9,5,26,3,526,0,0,512,526,304,304,0,0,222,14
Sebastian Vollmer,4981,T,NE,9,100.0,1,19,70.6,68.6,70.0,3,14,328,100.0,100.0,95.9,3,22,5,524,0,0,240,524,353,353,0,283,171,1
Jahri Evans,3053,G,NO,7,100.0,2,20,66.5,80.8,60.6,0,4,303,100.0,100.0,98.3,3,7,3,522,0,0,0,522,324,324,521,0,198,0
Andre Smith,4929,T,CIN,8,100.0,1,7,57.5,57.6,62.8,1,17,293,100.0,100.0,96.6,7,19,1,521,0,0,13,521,316,316,0,506,205,0
Seantrel Henderson,8871,T,BUF,9,100.0,0,4,51.3,55.5,51.5,3,11,258,100.0,100.0,96.9,6,15,1,520,0,0,0,520,282,282,0,520,238,0
Nick Mangold,2974,C,NYJ,9,100.0,0,22,77.2,75.1,76.3,0,7,282,100.0,100.0,98.8,1,7,0,509,509,0,0,509,293,293,0,0,216,0
A.J. Cann,9500,G,JAX,7,100.0,1,15,68.2,62.1,71.6,1,17,318,100.0,100.0,96.5,4,20,2,489,0,0,0,489,337,337,489,0,152,0
Ali Marpet,9494,G,TB,8,100.0,0,30,74.1,68.1,77.7,0,9,246,100.0,100.0,97.8,6,10,1,483,0,0,0,483,273,273,483,0,210,0
Chris Hairston,6274,T,SD,10,100.0,2,27,65.4,72.8,58.7,3,13,291,100.0,100.0,96.6,5,18,2,469,0,34,338,469,313,313,89,4,156,4
Bryan Bulaga,5548,T,GB,7,100.0,2,12,61.2,71.7,49.1,2,14,286,99.7,99.7,95.8,5,20,4,469,0,0,0,469,319,320,0,468,150,1
Drew Nowak,7369,C,SEA,7,100.0,0,29,61.8,71.0,60.1,0,9,256,100.0,100.0,97.9,3,10,1,464,464,0,0,464,261,261,0,0,203,0
Laurent Duvernay-Tardif,8834,G,KC,7,100.0,1,16,55.8,52.4,56.5,0,13,263,100.0,100.0,96.0,2,17,4,463,0,0,0,463,282,282,463,0,181,0
Ben Grubbs,3645,G,KC,7,100.0,3,16,67.5,59.8,69.7,2,13,290,100.0,100.0,95.7,3,20,5,459,0,459,0,459,306,306,0,0,153,0
Michael Schofield III,8730,T,DEN,7,100.0,1,10,60.0,64.1,55.7,3,21,264,100.0,100.0,94.3,3,27,3,457,0,0,0,457,284,284,0,457,173,0
Shaq Mason,9564,G,NE,8,100.0,0,19,62.5,37.8,72.0,3,13,258,100.0,100.0,96.9,0,16,0,453,0,424,0,453,279,279,0,0,174,6
Kenny Wiggins,6471,G,SD,8,100.0,0,27,64.4,70.5,58.2,4,9,289,100.0,100.0,97.4,1,14,1,452,0,353,0,452,316,316,1,98,136,0
Chance Warmack,7791,G,TEN,8,100.0,1,31,62.9,55.7,64.6,4,9,256,100.0,100.0,96.3,5,16,3,450,0,0,0,450,278,278,450,0,172,0
Khaled Holmes,7903,C,IND,7,100.0,0,14,63.0,59.1,65.1,4,16,288,100.0,100.0,95.8,2,22,2,449,449,0,0,449,312,312,0,0,137,0
Branden Albert,4329,T,MIA,8,100.0,0,17,65.4,74.1,53.0,2,7,256,100.0,100.0,97.5,1,11,2,446,0,0,441,446,271,271,0,2,175,2
Rob Havenstein,9490,T,SL,8,100.0,0,26,71.6,71.5,66.2,5,11,228,99.6,99.6,96.5,0,16,0,445,0,0,0,445,245,246,0,443,200,2
Spencer Long,8713,G,WAS,7,100.0,0,32,65.8,67.0,61.8,3,17,271,100.0,100.0,96.3,0,20,0,441,1,440,0,441,288,288,0,0,153,0
Jason Fox,5651,T,MIA,9,100.0,1,17,56.2,59.3,55.4,4,18,285,100.0,100.0,95.4,6,24,2,438,0,0,191,438,307,307,0,244,131,3
Jason Peters,2148,T,PHI,8,100.0,0,24,86.6,88.7,81.7,3,4,245,100.0,100.0,98.2,2,8,1,430,0,0,426,430,263,263,0,0,167,4
La'el Collins,9719,G,DAL,7,100.0,0,9,70.8,66.9,73.3,1,10,215,100.0,100.0,97.4,1,11,0,428,0,428,0,428,236,236,0,0,192,0
Larry Warford,7846,G,DET,7,100.0,1,11,64.0,65.3,61.6,4,12,272,100.0,100.0,97.1,1,16,0,418,0,0,0,418,288,288,418,0,130,0
Mike Iupati,5542,G,ARZ,7,100.0,0,1,75.9,65.6,75.8,3,6,228,100.0,100.0,97.1,1,11,2,410,0,410,0,410,250,250,0,0,160,0
John Miller,9514,G,BUF,8,100.0,1,4,46.8,29.0,54.3,3,16,202,100.0,100.0,94.3,2,21,2,407,0,0,0,407,220,220,407,0,187,0
Andrew Norwell,9126,G,CAR,7,100.0,0,5,75.0,80.6,68.3,0,8,204,100.0,100.0,97.1,0,10,2,406,0,406,0,406,219,219,0,0,187,0
James Hurst,9001,T,BLT,8,100.0,0,3,45.9,47.1,43.2,4,22,230,100.0,100.0,93.0,2,29,3,400,0,5,391,400,253,253,0,0,147,3
Donald Stephenson,7076,T,KC,6,100.0,0,16,65.6,64.6,68.1,2,19,254,100.0,100.0,95.1,3,23,2,393,0,0,391,393,270,270,0,0,123,2
Ja'Wuan James,8654,T,MIA,7,100.0,1,17,63.4,72.1,53.6,1,8,238,100.0,100.0,97.3,6,11,2,392,0,0,1,392,257,257,0,388,135,0
Jeremiah Poutasi,9499,T,TEN,7,100.0,0,31,59.9,48.3,68.5,7,12,212,100.0,100.0,92.2,2,26,7,390,0,0,5,390,233,233,0,385,157,0
Jordan Devey,8268,G,SF,9,100.0,1,28,56.9,45.3,59.0,2,18,227,100.0,100.0,94.3,2,23,3,385,0,0,0,385,230,230,385,0,155,0
Garrett Reynolds,5080,G,SL,7,100.0,0,26,75.0,67.0,75.5,4,6,167,100.0,100.0,96.4,1,11,1,376,0,204,0,376,186,186,51,120,190,1
Billy Turner,8702,G,MIA,6,100.0,0,17,62.8,72.7,59.5,1,4,207,100.0,100.0,96.4,2,10,5,376,0,0,0,376,221,221,376,0,155,0
Kory Lichtensteiger,4422,C,WAS,5,100.0,1,32,49.8,37.6,53.4,2,11,192,100.0,100.0,95.6,2,15,2,368,368,0,0,368,212,212,0,0,156,0
Cameron Fleming,8775,T,NE,6,100.0,0,19,53.7,54.7,53.7,4,15,221,100.0,100.0,94.8,3,21,2,363,0,0,110,363,238,238,0,253,125,0
Manuel Ramirez,3733,G,DET,6,100.0,0,11,73.5,84.4,64.1,1,6,247,100.0,100.0,98.2,1,8,1,355,0,93,0,355,264,264,262,0,91,0
Greg Olsen,3647,TE,CAR,10,51.6,0,5,86.6,87.9,61.8,0,0,36,10.4,10.1,100.0,6,0,0,353,0,0,20,684,37,368,0,6,316,313
Chris Clark,4623,T,HST,6,100.0,1,13,62.9,56.3,72.6,3,6,198,100.0,100.0,95.7,2,13,4,349,0,0,176,349,208,208,0,171,141,2
LaAdrian Waddle,8460,T,DET,7,100.0,0,11,40.1,35.2,54.7,6,24,225,100.0,100.0,91.1,2,35,5,349,0,0,0,349,243,243,0,349,106,0
Willie Colon,3076,G,NYJ,6,100.0,1,22,60.9,65.7,56.0,1,9,204,100.0,100.0,97.5,1,10,0,341,0,0,0,341,212,212,341,0,129,0
Brian Winters,7853,G,NYJ,7,100.0,0,22,66.9,74.2,62.2,3,7,193,100.0,100.0,97.4,2,10,0,341,0,3,0,341,202,202,338,0,139,0
Alejandro Villanueva,9091,T,PIT,10,99.7,0,25,53.3,61.6,43.3,3,12,190,99.5,99.5,95.0,1,17,2,338,0,0,329,339,212,213,0,4,126,4
Patrick Omameh,8277,G,CHI,5,100.0,0,6,62.6,41.3,67.8,2,12,185,100.0,100.0,95.7,1,15,1,337,0,75,0,337,194,194,262,0,143,0
Josh LeRibeus,7073,C,WAS,7,100.0,0,32,59.7,59.5,62.8,3,10,212,100.0,100.0,96.9,2,13,0,329,291,37,0,329,221,221,1,0,108,0
Jah Reid,6237,T,KC,5,100.0,1,16,46.4,38.1,55.4,4,12,174,100.0,100.0,93.7,4,19,3,329,0,0,0,329,187,187,0,329,142,0
Martellus Bennett,4375,TE,CHI,10,49.8,0,6,76.8,61.3,80.3,1,2,48,13.3,14.0,96.9,1,3,0,329,0,0,0,660,54,385,0,0,275,471
Kelvin Beachum,7229,T,PIT,6,100.0,0,25,68.0,82.8,61.7,1,2,172,100.0,100.0,97.4,5,6,3,324,0,0,324,324,187,187,0,0,137,0
Oday Aboushi,7923,G,HST,5,100.0,0,13,54.2,65.1,52.5,2,7,190,100.0,100.0,96.6,2,11,2,323,0,323,0,323,200,200,0,0,123,0
Tyler Eifert,7802,TE,CIN,10,48.5,0,7,82.6,66.5,67.7,1,0,59,15.7,15.8,94.1,2,4,3,321,0,1,14,662,64,405,0,10,257,499
Senio Kelemete,7144,G,NO,7,100.0,0,20,65.5,53.8,67.7,2,9,191,100.0,100.0,95.5,0,14,3,320,1,99,0,320,204,204,212,0,116,6
Heath Miller,2247,TE,PIT,10,50.2,0,25,69.2,71.6,65.4,2,2,65,18.5,18.6,96.9,3,4,0,318,0,0,0,633,72,387,0,0,246,532
Eugene Monroe,4931,T,BLT,6,100.0,1,3,72.9,81.2,57.9,1,7,197,100.0,100.0,97.0,2,10,2,316,0,2,314,316,206,206,0,0,110,0
Dennis Kelly,7146,T,PHI,6,100.0,0,24,65.6,58.5,66.3,1,14,181,100.0,100.0,94.2,1,18,3,316,0,0,2,316,194,194,124,190,122,0
Jason Witten,1384,TE,DAL,10,47.3,0,9,63.9,78.0,64.2,0,2,29,8.3,8.6,96.6,5,2,0,314,0,0,0,664,33,383,0,0,281,409
King Dunlap,4544,T,SD,6,100.0,0,27,67.1,69.6,57.5,2,8,185,100.0,100.0,95.7,1,13,3,304,0,0,304,304,199,199,0,0,105,0
Evan Smith,5390,C,TB,5,100.0,1,30,69.8,77.1,66.4,1,4,162,100.0,100.0,97.8,2,6,1,303,106,0,0,303,178,178,197,0,125,0
Brian Schwenke,7889,C,TEN,5,100.0,0,31,63.0,71.9,60.3,0,3,163,100.0,100.0,98.5,1,4,1,303,303,0,0,303,180,180,0,0,123,0
Charles Clay,6326,TE,BUF,10,47.9,0,4,70.6,72.9,67.3,0,0,34,10.0,10.8,100.0,3,0,0,302,0,0,1,631,40,369,0,0,262,404
Benjamin Watson,1753,TE,NO,10,46.1,1,20,73.5,66.8,62.3,2,1,43,11.7,12.7,96.5,4,3,0,294,0,0,0,638,50,394,0,0,244,382
Tre Jackson,9544,G,NE,7,100.0,0,19,69.7,71.3,64.4,2,10,194,100.0,100.0,96.9,0,12,0,293,0,0,0,293,207,207,293,0,86,0
Jameis Winston,9434,QB,TB,10,41.6,0,30,62.9,,60.0,0,0,0,0.0,0.0,,4,0,0,285,0,0,0,685,0,389,0,0,285,0
Jamon Meredith,5086,T,TEN,7,100.0,0,31,62.3,51.2,68.5,3,8,173,100.0,100.0,95.1,3,14,3,284,0,0,14,284,188,188,194,76,96,0
Jonotthan Harrison,9132,C,IND,7,100.0,0,14,61.1,70.8,55.5,2,5,163,100.0,100.0,97.9,0,7,0,282,262,0,1,282,174,174,0,3,108,16
Orlando Franklin,6198,G,SD,5,100.0,0,27,50.5,51.0,49.6,3,13,163,100.0,100.0,93.9,2,18,2,281,0,281,0,281,172,172,0,0,109,0
Andy Gallik,9641,C,TEN,7,100.0,0,31,43.5,47.9,40.9,2,5,161,100.0,100.0,97.2,0,8,1,281,268,4,0,281,175,175,9,0,106,0
C.J. Fiedorowicz,8700,TE,HST,10,64.4,0,13,59.1,81.6,68.0,0,1,63,29.7,30.2,99.2,0,1,0,280,0,0,0,435,67,222,0,2,213,319
Ed Dickson,5595,TE,CAR,10,69.4,1,5,55.8,65.4,52.0,1,5,68,38.0,37.6,95.6,1,6,0,275,0,0,2,396,73,194,0,6,202,203
Rob Gronkowski,5567,TE,NE,10,41.0,1,19,87.6,65.9,84.2,1,1,56,13.3,13.2,98.2,8,2,0,274,0,0,1,668,60,454,0,0,214,298
Jamil Douglas,9547,G,MIA,5,100.0,0,17,45.3,37.8,51.0,6,15,187,100.0,100.0,93.3,1,23,2,274,7,0,0,274,201,201,267,0,73,0
Kyle Rudolph,6195,TE,MIN,10,49.2,0,18,65.2,62.9,65.7,1,1,32,10.6,10.8,93.7,0,3,1,271,0,0,0,551,34,314,0,0,237,363
Joe Looney,7117,C,TEN,5,100.0,2,31,47.6,49.9,45.7,1,8,158,100.0,100.0,95.9,2,11,2,269,82,187,0,269,169,169,0,0,100,0
DeAndre Hopkins,7808,WR,HST,10,35.6,2,13,90.3,66.2,57.8,0,0,1,0.2,0.2,100.0,5,0,0,264,0,0,0,741,1,478,0,0,263,2
Jeff Allen,7642,G,KC,6,100.0,0,16,79.3,77.2,77.8,0,5,139,100.0,100.0,98.2,2,5,0,264,0,199,0,264,149,149,0,63,115,2
Marcedes Lewis,2973,TE,JAX,10,56.2,1,15,60.0,73.3,72.6,2,3,82,30.0,29.7,97.0,3,5,0,264,0,0,0,470,87,293,0,0,177,400
Levine Toilolo,7915,TE,ATL,10,71.9,0,2,58.2,69.6,60.9,1,4,69,42.6,42.3,96.4,3,5,0,258,0,0,0,359,74,175,0,0,184,316
Teddy Bridgewater,8667,QB,MIN,10,41.1,0,18,69.5,,60.0,0,0,0,0.0,0.0,,0,0,0,258,0,0,0,628,0,359,0,0,258,0
Don Barclay,7703,T,GB,6,100.0,1,12,45.8,52.5,39.5,1,18,143,99.3,99.4,91.3,1,22,3,257,0,0,31,257,167,168,8,218,90,0
Carson Palmer,1317,QB,ARZ,10,38.8,0,1,90.8,,60.0,0,0,0,0.0,0.0,,3,0,0,257,0,0,0,662,0,391,0,0,257,0
Kraig Urbik,5002,G,BUF,4,100.0,1,4,65.1,69.6,59.5,0,7,149,100.0,100.0,97.7,2,7,0,255,0,0,0,255,160,160,255,0,95,0
Jermaine Gresham,5546,TE,ARZ,10,62.6,0,1,72.2,67.2,77.4,1,1,39,22.0,21.6,97.4,2,2,0,254,0,0,0,406,42,194,0,0,212,396
Ted Larsen,5728,G,ARZ,4,100.0,0,1,50.9,63.7,45.5,1,4,123,100.0,100.0,98.0,0,5,0,253,0,193,0,253,137,137,60,0,116,0
Matt Ryan,4317,QB,ATL,10,34.6,0,2,81.7,,60.0,0,0,0,0.0,0.0,,0,0,0,252,0,0,0,728,0,462,0,0,252,0
Cam Newton,6153,QB,CAR,10,36.6,0,5,75.1,,60.1,0,0,0,0.0,0.0,,2,0,0,251,0,0,0,685,0,368,0,0,251,0
Russell Wilson,7077,QB,SEA,10,37.5,0,29,73.6,,60.0,0,0,0,0.0,0.0,,4,0,0,250,0,0,0,666,0,385,0,0,250,0
Larry Fitzgerald,1724,WR,ARZ,10,39.8,0,1,90.7,62.6,73.2,0,1,3,0.9,1.0,83.3,1,1,0,249,0,0,0,626,4,381,0,0,245,32
Travis Kelce,7844,TE,KC,10,41.3,0,16,73.4,64.7,56.6,0,1,33,9.1,9.0,98.5,4,1,0,248,0,0,2,600,35,387,0,0,213,366
Andy Dalton,6187,QB,CIN,10,36.1,0,7,81.1,61.3,60.2,0,0,1,0.3,0.2,100.0,2,0,0,246,0,0,0,681,1,408,0,0,245,0
Brent Celek,3778,TE,PHI,10,61.6,0,24,85.4,64.0,78.6,0,2,20,12.1,12.1,95.0,2,2,0,245,0,0,3,398,21,174,0,2,224,353
Brandon Marshall,3064,WR,NYJ,10,38.0,0,22,75.2,,58.6,0,0,0,0.0,0.0,,5,0,0,245,0,0,0,645,0,400,0,0,245,0
Derek Carrier,7406,TE,WAS,10,62.8,0,32,64.8,79.3,60.0,0,0,42,23.2,23.7,100.0,2,0,0,245,0,0,0,390,45,190,0,1,200,314
Eli Manning,1722,QB,NYG,10,35.3,0,21,65.3,,60.0,0,0,0,0.0,0.0,,5,0,0,243,0,0,0,688,0,437,0,0,243,0
Joe Flacco,4332,QB,BLT,10,33.9,0,3,64.9,,60.0,0,0,0,0.0,0.0,,1,0,0,242,0,0,0,713,0,458,0,0,242,0
Cornelius Lucas,9025,T,DET,8,100.0,0,11,53.4,63.3,55.1,3,11,160,100.0,100.0,95.6,4,14,0,242,0,0,0,242,171,171,0,202,71,40
Kirk Cousins,7102,QB,WAS,10,36.7,0,32,66.5,61.3,60.0,0,0,1,0.3,0.2,100.0,5,0,0,242,0,0,0,660,1,412,0,0,241,0
Lance Kendricks,6199,TE,SL,9,69.4,0,26,58.4,70.0,61.3,0,2,35,26.1,27.7,94.3,2,3,1,240,0,0,0,346,41,148,0,2,199,273
Lee Smith,6311,TE,OAK,9,74.9,0,23,70.8,79.9,78.1,0,3,67,46.5,46.7,97.8,1,3,0,239,0,0,1,319,70,150,0,0,169,266
Sam Bradford,5526,QB,PHI,9,37.5,0,24,67.7,,60.0,0,0,0,0.0,0.0,,2,0,0,239,0,0,0,638,0,389,0,0,239,0
Amini Silatolu,7044,G,CAR,4,100.0,0,5,70.0,70.0,66.3,1,4,124,100.0,100.0,97.2,0,6,1,238,0,237,0,238,131,131,0,0,107,1
Jay Cutler,2956,QB,CHI,9,39.4,0,6,75.1,,60.8,0,0,0,0.0,0.0,,0,0,0,236,0,0,0,599,0,350,0,0,236,0
Nick Foles,7089,QB,SL,9,43.7,1,26,63.4,,60.0,0,0,0,0.0,0.0,,5,0,0,235,0,0,0,538,0,294,0,0,235,0
A.J. Green,6156,WR,CIN,10,37.3,1,7,85.6,,63.6,0,0,0,0.0,0.0,,4,0,0,234,0,0,0,627,0,393,0,0,234,1
Rodger Saffold,5558,G,SL,5,100.0,0,26,49.8,37.3,64.2,3,8,132,99.2,99.3,95.1,2,12,1,233,0,0,0,233,140,141,233,0,93,0
Drew Brees,802,QB,NO,9,35.0,0,20,79.5,,60.0,0,0,0,0.0,0.0,,1,0,0,232,0,0,0,663,0,419,0,0,232,0
Ryan Fitzpatrick,2467,QB,NYJ,10,37.6,0,22,60.6,,60.0,0,0,0,0.0,0.0,,3,0,0,232,0,0,0,617,0,365,0,0,232,0
Owen Daniels,3043,TE,DEN,10,43.3,0,10,63.1,60.2,57.6,0,0,39,12.0,12.2,97.4,0,1,1,231,0,0,0,533,42,344,0,0,189,421
Philip Rivers,1725,QB,SD,10,31.7,0,27,69.3,,60.0,0,0,0,0.0,0.0,,3,0,0,227,0,0,0,715,0,483,0,0,227,0
Antonio Brown,5718,WR,PIT,10,36.3,0,25,92.3,,75.0,0,0,0,0.0,0.0,,0,0,0,226,0,0,0,623,0,394,0,0,226,0
Garrett Celek,7274,TE,SF,10,57.8,0,28,66.5,83.9,65.4,0,0,45,22.5,21.8,100.0,1,0,0,226,0,0,0,391,46,211,0,0,180,311
Odell Beckham Jr.,8647,WR,NYG,10,34.8,0,21,81.5,,52.1,0,0,0,0.0,0.0,,1,0,0,225,0,0,0,646,0,420,0,0,225,0
Nate Solder,6169,T,NE,4,100.0,0,19,68.9,65.5,70.7,2,4,137,100.0,100.0,95.6,2,9,3,225,0,0,225,225,148,148,0,0,77,0
John Jerry,5598,G,NYG,9,100.0,0,21,61.9,74.6,53.2,2,1,131,100.0,100.0,98.9,1,3,0,225,0,185,0,225,146,146,40,0,79,0
Aaron Rodgers,2241,QB,GB,10,32.7,0,12,79.1,,60.0,0,0,0,0.0,0.0,,5,0,0,224,0,0,0,685,0,452,0,0,224,0
Andrew Tiller,7169,G,SF,6,100.0,0,28,77.6,82.7,73.9,1,1,131,100.0,100.0,99.2,2,2,0,223,0,0,0,223,141,141,223,0,82,0
Hroniss Grasu,9504,C,CHI,3,100.0,0,6,65.3,66.6,62.9,0,6,129,100.0,100.0,96.9,0,7,1,223,223,0,0,223,141,141,0,0,82,0
Darren Fells,8549,TE,ARZ,8,59.3,0,1,68.4,71.9,60.5,1,1,31,17.6,19.7,96.8,0,2,0,220,0,0,0,371,37,188,0,0,183,309
Craig Stevens,4399,TE,TEN,10,79.3,1,31,84.7,67.6,82.6,2,0,34,39.1,40.6,97.1,1,2,0,219,0,0,1,276,39,96,0,2,180,247
Marcus Cannon,6290,T,NE,6,100.0,1,19,48.4,48.7,52.6,3,9,126,100.0,100.0,94.4,3,13,1,217,0,9,134,217,134,134,9,65,83,0
Tom Brady,698,QB,NE,10,30.9,0,19,92.1,,60.0,0,0,0,0.0,0.0,,1,0,0,217,0,0,0,702,0,468,0,0,217,0
Derek Carr,8671,QB,OAK,10,36.1,0,23,79.4,,60.0,0,0,0,0.0,0.0,,3,0,0,217,0,0,0,601,0,375,0,0,217,0
Alex Smith,2218,QB,KC,10,33.2,0,16,64.3,,60.0,0,0,0,0.0,0.0,,3,0,0,216,0,0,0,650,0,418,0,0,216,0
Rhett Ellison,7128,TE,MIN,9,77.7,0,18,66.7,70.6,69.0,0,0,49,45.4,45.6,98.0,1,1,1,216,0,0,2,278,52,114,0,1,164,230
Jordan Cameron,6254,TE,MIA,10,44.4,1,17,67.7,56.7,71.0,1,2,46,15.4,15.7,92.4,3,5,2,215,0,0,2,484,50,319,0,1,165,281
Jimmy Graham,5619,TE,SEA,10,40.3,0,29,76.3,48.5,56.9,0,1,24,7.2,7.3,93.7,3,2,1,215,0,0,0,534,25,344,0,0,190,319
Marquess Wilson,8019,WR,CHI,10,37.5,0,6,61.8,,61.6,0,0,0,0.0,0.0,,0,0,0,215,0,0,0,574,0,359,0,0,215,1
Robert Woods,7822,WR,BUF,10,38.6,0,4,63.8,,69.5,0,0,0,0.0,0.0,,5,0,0,211,0,0,0,547,0,335,0,0,211,12
Crockett Gillmore,8734,TE,BLT,8,47.0,0,3,76.5,64.7,59.2,1,0,56,20.2,21.0,99.1,2,1,0,210,0,0,5,447,63,300,0,0,147,365
Rueben Randle,7065,WR,NYG,10,33.8,0,21,63.9,,61.8,0,0,0,0.0,0.0,,0,0,0,209,0,0,0,618,0,409,0,0,209,0
Jared Cook,5012,TE,SL,10,45.4,0,26,58.4,67.4,59.3,0,1,24,9.5,9.1,97.9,2,1,0,208,0,0,0,458,25,276,0,0,183,251
Blake Bortles,8638,QB,JAX,10,30.2,0,15,67.0,,60.0,0,0,0,0.0,0.0,,2,0,0,207,0,0,0,686,0,464,0,0,207,0
Ty Sambrailo,9492,T,DEN,3,100.0,0,10,54.7,64.9,44.2,4,4,135,100.0,100.0,96.3,2,9,1,207,0,0,207,207,140,140,0,0,67,0
Xavier Su'a-Filo,8668,G,HST,5,100.0,0,13,64.3,42.9,70.1,3,3,115,100.0,100.0,96.5,0,7,1,204,0,204,0,204,121,121,0,0,83,0
Marvin Jones Jr.,7158,WR,CIN,10,35.5,0,7,69.2,,69.2,0,0,0,0.0,0.0,,4,0,0,203,0,0,0,572,0,365,0,0,203,6
Kamar Aiken,6671,WR,BLT,10,35.2,0,3,70.8,66.5,67.6,0,0,1,0.3,0.3,100.0,1,0,0,203,0,0,0,576,1,374,0,0,202,7
Jordan Matthews,8677,WR,PHI,10,34.4,2,24,60.6,,68.1,0,0,0,0.0,0.0,,3,0,0,203,0,0,0,590,0,387,0,0,203,4
Luke Stocker,6256,TE,TB,8,72.7,0,30,64.2,75.2,72.5,1,0,34,32.4,33.3,98.5,0,1,0,202,0,0,0,278,38,114,0,0,164,225
Michael Williams,7993,TE,NE,10,73.9,0,19,71.1,81.0,78.7,0,2,46,40.0,41.3,97.8,0,2,0,201,0,0,0,272,50,121,0,0,151,206
Allen Robinson II,8696,WR,JAX,10,31.9,0,15,84.2,,71.0,0,0,0,0.0,0.0,,1,0,0,200,0,0,0,626,0,426,0,0,200,0
Zach Fulton,8828,G,KC,5,100.0,0,16,60.6,58.7,58.5,1,7,131,100.0,100.0,96.2,0,9,1,198,0,0,0,198,138,138,195,0,60,3
Peyton Manning,327,QB,DEN,9,35.5,0,10,61.7,,60.0,0,0,0,0.0,0.0,,3,0,0,198,0,0,0,558,0,356,0,0,198,0
Brandon Linder,8728,G,JAX,3,100.0,2,15,69.2,70.8,68.2,0,5,116,100.0,100.0,97.8,3,5,0,197,0,0,0,197,127,127,197,0,70,0
Brandin Cooks,8655,WR,NO,10,31.8,0,20,70.4,65.7,60.5,0,0,1,0.3,0.2,100.0,2,0,0,197,0,0,0,619,1,419,0,0,196,0
Tyrod Taylor,6332,QB,BUF,8,38.6,0,4,74.7,,60.2,0,0,0,0.0,0.0,,2,0,0,197,0,0,0,510,0,283,0,0,197,0
Richard Rodgers,8733,TE,GB,10,37.4,0,12,63.9,45.7,59.0,0,3,24,7.6,7.5,89.6,3,4,1,197,0,0,0,527,27,358,0,1,170,149
Earl Watford,7898,G,ARZ,6,100.0,0,1,62.3,43.3,74.9,5,9,97,100.0,100.0,91.8,1,15,1,197,0,75,0,197,108,108,0,122,89,0
Roddy White,2244,WR,ATL,10,32.9,0,2,59.7,75.6,88.7,0,0,2,0.5,0.5,100.0,4,0,0,196,0,0,0,595,2,401,0,0,194,9
Ryan Tannehill,7014,QB,MIA,10,30.8,0,17,67.6,,60.0,0,0,0,0.0,0.0,,3,0,0,196,0,0,0,636,0,420,0,0,196,0
Julio Jones,6158,WR,ATL,10,31.3,0,2,92.1,,72.8,0,0,0,0.0,0.0,,1,0,0,196,0,0,0,627,0,431,0,0,196,3
Amari Cooper,9437,WR,OAK,10,33.9,1,23,74.1,,62.3,0,0,0,0.0,0.0,,2,0,0,195,0,0,0,575,0,378,0,0,195,0
Dwayne Allen,7066,TE,IND,8,59.9,0,14,56.8,54.2,59.2,0,0,42,25.3,27.4,97.6,2,1,1,194,0,0,3,324,49,179,0,3,145,228
Corey Brown,8986,WR,CAR,9,39.3,0,5,67.3,,62.9,0,0,0,0.0,0.0,,1,0,0,191,0,0,0,486,0,290,0,0,191,5
Eric Decker,5611,WR,NYJ,9,37.5,1,22,76.1,,61.1,0,0,0,0.0,0.0,,4,0,0,191,0,0,0,510,0,319,0,0,191,17
James Jones,3694,WR,GB,10,30.4,0,12,70.5,,62.5,0,0,0,0.0,0.0,,0,0,0,190,0,0,0,625,0,436,0,0,190,8
Calvin Johnson,3618,WR,DET,10,30.3,0,11,87.0,,76.0,0,0,0,0.0,0.0,,1,0,0,190,0,0,0,627,0,437,0,0,190,0
Ryan Hewitt,9107,TE,CIN,10,73.5,0,7,63.0,71.2,63.7,0,0,24,26.4,29.2,95.8,2,1,1,189,0,0,0,257,28,96,0,0,161,112
Marcus Mariota,9435,QB,TEN,8,36.4,0,31,63.6,,60.0,0,0,0,0.0,0.0,,3,0,0,189,0,0,0,519,0,319,0,0,189,0
Kellen Davis,4472,TE,NYJ,10,72.7,0,22,52.2,65.5,62.5,0,2,31,31.3,32.4,96.8,1,2,0,189,0,0,0,260,34,105,0,0,155,240
Will Montgomery,3179,C,CHI,4,100.0,0,6,60.5,62.7,62.7,0,5,98,100.0,100.0,97.4,1,5,0,188,188,0,0,188,104,104,0,0,84,0
Matthew Stafford,4924,QB,DET,10,29.7,0,11,52.4,,60.0,0,0,0,0.0,0.0,,3,0,0,188,0,0,0,634,0,437,0,0,188,0
Allen Hurns,8931,WR,JAX,10,30.8,0,15,80.7,70.1,52.0,0,0,2,0.5,0.5,100.0,0,0,0,188,0,0,0,610,2,424,0,0,186,7
Randall Cobb,6216,WR,GB,10,29.9,0,12,68.8,11.7,62.3,0,1,1,0.3,0.2,50.0,2,1,0,186,0,0,0,622,1,434,0,0,185,4
Gary Barnidge,4455,TE,CLV,10,32.5,0,8,72.1,44.8,45.5,0,1,33,8.4,8.1,95.5,3,2,1,186,0,0,0,573,34,421,0,0,152,267
Patrick Lewis,8452,C,SEA,3,100.0,0,29,64.7,43.1,74.8,1,6,110,100.0,100.0,95.9,1,8,1,185,185,0,0,185,118,118,0,0,67,0
Demaryius Thomas,5547,WR,DEN,10,32.5,0,10,83.3,,71.2,0,0,0,0.0,0.0,,2,0,0,185,0,0,0,569,0,384,0,0,185,2
Ron Leary,7338,G,DAL,3,100.0,1,9,65.4,68.9,64.7,0,4,103,100.0,100.0,96.1,2,6,2,185,0,185,0,185,114,114,0,0,71,0
Zach Miller,5104,TE,CHI,10,62.8,0,6,75.7,77.1,59.7,0,0,10,9.2,8.4,100.0,3,0,0,184,0,0,0,293,10,119,0,0,174,174
Zach Ertz,7816,TE,PHI,10,35.9,0,24,77.8,60.8,78.9,0,1,11,3.5,3.5,95.5,2,1,0,184,0,0,0,512,12,340,0,1,172,360
Jacob Tamme,4441,TE,ATL,9,38.3,2,2,69.1,62.4,55.7,0,1,36,11.5,10.9,98.6,3,1,0,183,0,0,0,478,36,331,0,0,147,252
Rishard Matthews,7211,WR,MIA,10,35.1,0,17,74.1,,67.6,0,0,0,0.0,0.0,,0,0,0,182,0,0,0,519,0,336,0,0,182,1
Mike Evans,8642,WR,TB,9,37.4,0,30,80.9,,62.5,0,0,0,0.0,0.0,,3,0,0,182,0,0,0,487,0,305,0,0,182,1
Vernon Davis,2951,TE,DEN,9,43.5,1,10,65.1,67.9,62.3,1,1,16,6.6,6.4,93.7,1,2,0,181,0,0,0,416,16,251,0,0,165,289
Kendall Lamm,10017,T,HST,9,100.0,0,13,56.6,80.0,46.9,2,1,78,100.0,100.0,98.1,1,3,0,181,0,0,0,181,84,84,0,107,97,74
Keenan Allen,7857,WR,SD,8,33.3,0,27,79.2,,69.4,0,0,0,0.0,0.0,,3,0,0,179,0,0,0,538,0,359,0,0,179,1
Luke Willson,7940,TE,SEA,9,71.5,1,29,69.4,43.3,57.6,1,5,34,33.0,34.3,91.2,3,6,0,178,0,0,0,249,37,108,0,0,141,207
Coby Fleener,7038,TE,IND,10,36.3,0,14,64.5,74.9,65.4,0,1,39,11.6,12.1,98.7,1,1,0,178,0,0,0,491,43,356,0,0,135,305
Donte Moncrief,8725,WR,IND,10,31.8,0,14,68.0,,53.7,0,0,0,0.0,0.0,,0,0,0,178,0,0,0,560,0,382,0,0,178,0
Chris Watt,8724,C,SD,5,100.0,1,27,40.4,22.3,49.4,0,14,102,100.0,100.0,92.2,4,15,1,177,144,31,0,177,105,105,2,0,72,0
Jim Dray,5756,TE,CLV,10,63.8,0,8,46.8,66.4,58.1,1,1,26,21.3,21.9,96.2,2,2,0,176,0,0,0,276,28,128,0,0,148,237
Ted Ginn Jr.,3625,WR,CAR,10,38.6,0,5,68.3,,73.0,0,0,0,0.0,0.0,,0,0,0,176,0,0,0,456,0,277,0,0,176,0
Anthony Fasano,2998,TE,TEN,10,54.2,0,31,75.5,72.3,78.1,0,0,32,18.9,19.6,100.0,1,0,0,175,0,0,0,323,36,184,0,0,139,231
Terrance Williams,7855,WR,DAL,10,33.5,0,9,66.1,,56.2,0,0,0,0.0,0.0,,1,0,0,174,0,0,0,519,0,345,0,0,174,1
Andrew Gardner,5105,G,PHI,3,100.0,0,24,83.1,68.2,85.7,4,3,111,100.0,100.0,96.8,1,7,0,174,0,0,0,174,119,119,174,0,55,0
Virgil Green,6356,TE,DEN,10,66.7,0,10,74.2,67.7,57.3,0,4,37,32.7,31.2,94.6,0,4,0,172,0,0,0,258,39,125,0,0,133,218
Colin Kaepernick,6188,QB,SF,9,34.4,0,28,47.1,,60.0,0,0,0,0.0,0.0,,3,0,0,172,0,0,0,500,0,306,0,0,172,0
Jermon Bushrod,3741,T,CHI,3,100.0,1,6,63.4,71.5,60.9,0,6,89,100.0,100.0,95.5,4,7,1,172,0,0,172,172,95,95,0,0,77,0
Vincent Jackson,2278,WR,TB,7,42.2,0,30,75.2,,83.0,0,0,0,0.0,0.0,,1,0,0,171,0,0,0,405,0,234,0,0,171,13
Kenny Britt,4953,WR,SL,10,40.6,1,26,63.9,,61.3,0,0,0,0.0,0.0,,2,0,0,171,0,0,0,421,0,250,0,0,171,0
Jeremy Maclin,4942,WR,KC,9,32.3,1,16,70.4,,59.1,0,0,0,0.0,0.0,,3,0,0,170,0,0,0,527,0,356,0,0,170,6
Wesley Johnson,8808,C,NYJ,3,100.0,0,22,70.7,71.4,67.8,0,2,111,100.0,100.0,98.2,1,3,1,169,169,0,0,169,117,117,0,0,52,0
Bryan Stork,8740,C,NE,3,100.0,0,19,49.0,49.3,50.2,3,3,98,100.0,100.0,95.9,2,7,1,169,46,10,1,169,105,105,6,106,64,0
T.Y. Hilton,7092,WR,IND,10,28.8,0,14,76.5,,68.1,0,0,0,0.0,0.0,,1,0,0,168,0,0,0,583,0,415,0,0,168,1
Nate Washington,2832,WR,HST,8,34.2,0,13,66.3,,67.9,0,0,0,0.0,0.0,,0,0,0,168,0,0,0,491,0,323,0,0,168,2
Emmanuel Sanders,5606,WR,DEN,9,33.9,0,10,78.6,,64.1,0,0,0,0.0,0.0,,0,0,0,168,0,0,0,496,0,327,0,0,168,0
Pierre Garcon,4519,WR,WAS,10,31.7,1,32,69.0,,57.3,0,0,0,0.0,0.0,,3,0,0,166,0,0,0,523,0,357,0,0,166,0
Malcom Floyd,2044,WR,SD,9,33.3,0,27,66.8,,79.2,0,0,0,0.0,0.0,,0,0,0,165,0,0,0,495,0,330,0,0,165,4
Jarvis Landry,8698,WR,MIA,10,29.8,0,17,85.5,73.1,86.4,0,0,1,0.3,0.3,100.0,2,0,0,165,0,0,0,553,1,374,0,0,164,8
Eric Winston,3011,T,CIN,7,100.0,0,7,61.4,58.8,59.8,1,5,87,100.0,100.0,94.3,1,8,2,165,0,0,3,165,93,93,2,157,72,1
Cory Harkey,7306,FB,SL,10,82.7,0,26,64.6,62.3,67.6,1,2,23,41.8,41.7,89.1,0,4,1,163,0,0,0,197,25,60,0,0,138,29
Jermaine Kearse,7428,WR,SEA,10,33.5,0,29,61.8,,69.5,0,0,0,0.0,0.0,,0,0,0,161,0,0,0,480,0,319,0,0,161,1
Mike Wallace,5007,WR,MIN,10,33.1,1,18,59.8,,52.6,0,0,0,0.0,0.0,,3,0,0,161,0,0,0,487,0,324,0,0,161,4
Doug Baldwin,6615,WR,SEA,10,32.3,0,29,79.8,61.6,78.0,0,0,1,0.3,0.3,100.0,0,0,0,160,0,0,0,495,1,336,0,0,159,13
John Brown,8726,WR,ARZ,9,33.3,0,1,81.5,,70.1,0,0,0,0.0,0.0,,1,0,0,160,0,0,0,481,0,318,0,0,160,0
Larry Donnell,7638,TE,NYG,8,41.8,0,21,58.4,78.7,54.1,0,0,16,7.2,6.7,100.0,2,0,0,160,0,0,0,383,16,239,0,1,144,276
Torrey Smith,6210,WR,SF,10,34.0,1,28,63.3,,60.6,0,0,0,0.0,0.0,,1,0,0,160,0,0,0,470,0,310,0,0,160,0
Sam Young,5702,T,JAX,4,100.0,1,15,72.4,55.0,82.8,1,4,92,100.0,100.0,94.0,1,8,3,159,0,0,158,159,102,102,0,1,57,0
Brandon Myers,5126,TE,TB,10,51.8,0,30,60.7,66.7,70.7,0,1,18,11.6,12.0,97.2,0,1,0,158,0,0,0,305,20,167,0,0,138,216
Josh Hill,8200,TE,NO,10,55.3,0,20,62.5,73.0,72.1,0,2,23,16.3,15.3,95.7,2,2,0,157,0,0,0,284,23,150,0,0,134,207
Miles Austin,3211,WR,PHI,10,40.9,1,24,54.5,,79.9,0,0,0,0.0,0.0,,2,0,0,157,0,0,0,384,0,227,0,0,157,4
Tavon Austin,7789,WR,SL,10,34.0,0,26,68.2,,63.7,0,0,0,0.0,0.0,,1,0,0,157,0,0,0,462,0,274,0,0,157,1
Patrick DiMarco,6997,FB,ATL,10,67.1,0,2,86.5,61.4,89.7,0,1,20,22.5,22.9,92.5,0,2,1,153,0,0,0,228,22,96,0,0,131,8
Dion Sims,7888,TE,MIA,7,68.9,0,17,60.0,58.6,68.1,1,0,37,36.3,38.4,98.6,3,1,0,153,0,0,2,222,43,112,0,1,110,168
Cyrus Kouandjio,8679,T,BUF,6,100.0,0,4,61.5,64.5,70.7,2,3,95,100.0,100.0,96.3,3,6,1,152,0,0,17,152,100,100,0,131,52,4
Michael Hoomanawanui,5655,TE,NO,8,72.4,0,20,52.7,68.1,64.3,1,1,30,35.3,35.6,93.3,1,3,1,152,0,0,0,210,32,90,0,0,120,145
Steve Johnson,4538,WR,SD,8,31.7,0,27,64.8,70.2,63.3,0,0,1,0.3,0.3,100.0,1,0,0,151,0,0,0,476,1,326,0,0,150,2
Julian Edelman,5156,WR,NE,9,28.9,0,19,84.7,70.2,80.0,0,0,3,0.9,0.8,100.0,3,0,0,151,0,0,0,523,3,370,0,0,148,5
Shawn Lauvao,5616,G,WAS,3,100.0,0,32,60.8,20.0,72.1,0,5,64,100.0,100.0,94.5,2,6,1,151,0,151,0,151,71,71,0,0,80,0
Jack Doyle,8520,TE,IND,10,76.6,0,14,71.5,64.2,58.4,0,3,41,50.0,50.5,96.3,1,3,0,151,0,0,2,197,47,93,0,3,104,85
Marlon Brown,8179,WR,BLT,10,37.2,0,3,50.1,75.0,70.5,0,0,2,0.8,0.8,100.0,0,0,0,150,0,0,0,403,2,255,0,0,148,1
Anquan Boldin,1369,WR,SF,8,36.2,0,28,77.0,,82.7,0,0,0,0.0,0.0,,0,0,0,148,0,0,0,409,0,261,0,0,148,0
Willie Snead IV,8999,WR,NO,10,30.3,0,20,70.3,,68.8,0,0,0,0.0,0.0,,2,0,0,147,0,0,0,485,0,338,0,0,147,13
Lance Louis,5170,G,IND,4,100.0,0,14,46.1,55.7,45.6,3,3,94,100.0,100.0,96.8,1,6,0,147,0,141,0,147,102,102,0,0,45,6
Golden Tate,5585,WR,DET,10,24.7,0,11,70.6,61.6,72.3,0,0,1,0.2,0.2,100.0,2,0,0,146,0,0,0,592,1,443,0,0,145,3
Ladarius Green,7110,TE,SD,8,35.8,0,27,70.6,51.3,57.1,0,2,17,6.6,6.1,94.1,0,2,0,145,0,0,0,405,17,277,0,0,128,188
Kevin Pamphile,8784,T,TB,9,100.0,0,30,66.4,86.2,62.1,0,1,45,100.0,100.0,98.9,1,1,0,145,0,66,0,145,50,50,5,0,95,74
Andrew Luck,7007,QB,IND,7,28.5,0,14,48.9,,60.0,0,0,0,0.0,0.0,,1,0,0,144,0,0,0,505,0,353,0,0,144,0
Harry Douglas,4398,WR,TEN,8,36.5,0,31,59.3,,59.9,0,0,0,0.0,0.0,,2,0,0,144,0,0,0,394,0,249,0,0,144,4
Jordan Reed,7866,TE,WAS,8,37.3,1,32,82.7,82.1,69.7,0,0,19,7.9,8.0,100.0,6,0,0,144,0,0,0,386,21,263,0,0,123,191
Tommy Bohanon,7997,FB,NYJ,10,77.0,0,22,53.3,58.7,52.2,0,4,21,36.2,35.5,90.5,0,4,0,141,0,0,0,183,22,62,0,0,119,6
Devin Funchess,9474,WR,CAR,10,51.9,0,5,71.5,,59.0,0,0,0,0.0,0.0,,0,0,0,140,0,0,0,270,0,130,0,0,140,3
Michael Crabtree,4933,WR,OAK,10,28.4,0,23,86.1,,82.3,0,0,0,0.0,0.0,,2,0,0,140,0,0,0,493,0,353,0,0,140,0
Markus Wheaton,7860,WR,PIT,10,33.5,1,25,56.6,,66.8,0,0,0,0.0,0.0,,2,0,0,139,0,0,0,415,0,276,0,0,139,0
Mike Tolbert,4740,FB,CAR,10,55.4,0,5,64.2,71.1,53.1,0,3,34,31.8,32.5,95.6,0,3,0,138,0,0,0,249,37,114,0,0,101,8
Todd Herremans,2343,G,IND,2,100.0,0,14,44.5,64.3,31.7,2,5,94,100.0,100.0,96.3,1,7,0,138,0,0,0,138,102,102,138,0,36,0
Michael Ola,9032,T,DET,4,100.0,0,11,52.7,62.7,46.6,0,5,80,100.0,100.0,96.9,1,5,0,136,0,0,4,136,81,81,2,129,55,1
Ryan Grant,8777,WR,WAS,10,39.8,0,32,62.1,,68.1,0,0,0,0.0,0.0,,1,0,0,135,0,0,0,339,0,204,0,0,135,8
Andre Johnson,1319,WR,IND,10,27.5,0,14,61.0,,85.8,0,0,0,0.0,0.0,,1,0,0,135,0,0,0,491,0,356,0,0,135,15
Travis Benjamin,7100,WR,CLV,10,25.1,1,8,69.5,,50.6,0,0,0,0.0,0.0,,2,0,0,135,0,0,0,538,0,402,0,0,135,0
Albert Wilson,8943,WR,KC,8,35.6,0,16,60.3,,64.4,0,0,0,0.0,0.0,,0,0,0,134,0,0,0,376,0,242,0,0,134,0
Josh McCown,1085,QB,CLV,7,29.2,0,8,56.4,,60.7,0,0,0,0.0,0.0,,3,0,0,133,0,0,0,455,0,314,0,0,133,0
James Stone,9148,C,ATL,4,100.0,0,2,66.8,68.1,64.6,1,0,78,100.0,100.0,99.4,0,1,0,133,120,13,0,133,82,82,0,0,51,0
Dwayne Harris,6328,WR,NYG,10,29.6,0,21,61.5,,75.2,0,0,0,0.0,0.0,,2,0,0,132,0,0,0,446,0,313,0,0,132,0
Nick Boyle,9604,TE,BLT,9,62.6,0,3,81.2,82.8,67.6,0,0,28,27.2,28.8,100.0,2,0,0,132,0,0,0,211,32,111,0,0,100,181
Nelson Agholor,9453,WR,PHI,7,36.0,0,24,49.2,,62.0,0,0,0,0.0,0.0,,3,0,0,132,0,0,0,367,0,235,0,0,132,2
Vance McDonald,7836,TE,SF,9,53.5,0,28,60.4,80.1,67.9,0,0,22,16.7,16.2,100.0,1,0,0,131,0,0,0,245,22,136,0,0,109,156
Matthew Mulligan,4701,TE,BUF,10,79.8,0,4,64.6,48.0,74.8,0,3,21,42.9,44.1,92.9,2,3,0,130,0,0,0,163,26,59,0,0,104,158
Jonathan Stewart,4327,HB,CAR,10,27.3,0,5,74.6,77.7,63.5,1,3,72,33.3,33.0,95.8,1,5,1,129,0,0,0,473,76,230,0,0,53,0
Jorvorskie Lane,7002,FB,TB,10,80.6,0,30,63.5,77.0,62.7,0,0,10,27.0,30.2,90.0,0,1,1,129,0,0,0,160,13,43,0,0,116,5
John Urschel,8810,C,BLT,6,99.2,0,3,70.6,77.7,66.6,0,2,73,100.0,98.8,98.6,1,2,0,128,103,21,1,129,81,82,3,0,47,0
Brian Hoyer,5277,QB,HST,7,31.9,0,13,69.1,,60.0,0,0,0,0.0,0.0,,2,0,0,128,0,0,0,401,0,268,0,0,128,0
Demetrius Harris,8524,TE,KC,10,62.7,1,16,57.8,53.9,65.6,0,1,25,25.8,26.9,94.0,1,2,1,128,0,0,0,204,28,104,0,0,100,168
Sammy Watkins,8639,WR,BUF,7,39.6,0,4,78.1,,67.2,0,0,0,0.0,0.0,,2,0,0,127,0,0,0,321,0,194,0,0,127,0
Riley Cooper,5682,WR,PHI,10,36.7,1,24,58.7,,59.2,0,0,0,0.0,0.0,,1,0,0,126,0,0,0,343,0,217,0,0,126,2
Michael Floyd,7019,WR,ARZ,9,32.5,1,1,81.0,,74.2,0,0,0,0.0,0.0,,4,0,0,126,0,0,0,388,0,262,0,0,126,1
Andrew Hawkins,6125,WR,CLV,8,30.3,0,8,59.7,,59.4,0,0,0,0.0,0.0,,0,0,0,125,0,0,0,412,0,287,0,0,125,20
Mohamed Sanu,7084,WR,CIN,10,28.8,0,7,60.2,61.6,56.6,0,0,1,0.4,0.3,100.0,1,0,0,125,0,0,0,434,1,308,0,0,124,3
Ben Roethlisberger,1732,QB,PIT,6,33.1,0,25,91.1,61.3,60.0,0,0,1,0.5,0.4,100.0,0,0,0,125,0,0,0,378,1,251,0,0,124,0
Bruce Miller,6363,FB,SF,10,66.8,0,28,71.2,64.7,70.9,2,1,29,33.0,33.3,94.8,0,3,0,125,0,0,0,187,30,90,0,0,95,19
Chris Hogan,6468,WR,BUF,10,34.8,0,4,65.9,,66.6,0,0,0,0.0,0.0,,0,0,0,124,0,0,0,356,0,232,0,0,124,2
Jerome Felton,4460,FB,BUF,10,74.7,0,4,59.7,57.8,70.8,0,2,17,30.4,29.3,88.2,0,3,1,124,0,0,0,166,17,58,0,0,107,15
Josh Huff,8721,WR,PHI,9,36.3,1,24,64.6,,87.4,0,0,0,0.0,0.0,,1,0,0,123,0,0,0,339,0,216,0,0,123,1
Tyler Lockett,9502,WR,SEA,10,31.4,0,29,67.9,,67.7,0,0,0,0.0,0.0,,1,0,0,122,0,0,0,389,0,265,0,0,122,3
Justin Hunter,7815,WR,TEN,9,32.4,0,31,63.1,,70.1,0,0,0,0.0,0.0,,2,0,0,121,0,0,0,373,0,252,0,0,121,4
Andrus Peat,9446,T,NO,7,100.0,0,20,75.2,77.4,67.4,1,3,68,100.0,100.0,95.6,0,5,1,121,0,0,96,121,70,70,0,0,51,24
Jeff Cumberland,5861,TE,NYJ,9,54.8,0,22,57.1,74.5,61.9,0,2,19,16.8,17.6,94.7,0,2,0,119,0,0,0,217,21,119,0,0,98,115
Matt Cassel,2447,QB,DAL,5,44.4,0,9,55.1,61.3,60.0,0,0,1,0.7,0.7,100.0,0,0,0,118,0,0,0,266,1,148,0,0,117,0
Eddie Royal,4356,WR,CHI,6,38.6,0,6,58.5,,52.3,0,0,0,0.0,0.0,,1,0,0,118,0,0,0,306,0,187,0,0,118,0
Brandon Pettigrew,4943,TE,DET,5,65.2,0,11,61.5,57.5,66.0,0,0,32,33.7,35.1,100.0,1,0,0,118,0,0,0,181,34,97,0,0,84,147
Jamison Crowder,9538,WR,WAS,10,27.2,0,32,72.8,,70.2,0,0,0,0.0,0.0,,1,0,0,117,0,0,0,430,0,311,0,0,117,2
Max Garcia,9566,G,DEN,8,100.0,0,10,58.5,40.3,69.2,1,4,70,100.0,100.0,96.4,4,5,0,116,0,59,0,116,76,76,45,0,40,12
Jeff Adams,7680,G,HST,2,100.0,1,13,59.4,70.3,54.9,0,3,82,100.0,100.0,97.0,1,4,1,116,0,75,0,116,85,85,0,41,31,0
Clay Harbor,5648,TE,JAX,9,53.5,0,15,60.1,69.1,56.2,1,0,15,13.8,13.0,96.7,0,1,0,115,0,0,0,215,15,115,0,0,100,146
Davante Adams,8688,WR,GB,7,29.6,0,12,64.0,,70.7,0,0,0,0.0,0.0,,1,0,0,115,0,0,0,389,0,274,0,0,115,1
Stefon Diggs,9579,WR,MIN,7,32.1,1,18,84.6,,51.8,0,0,0,0.0,0.0,,1,0,0,114,0,0,0,355,0,239,0,0,114,0
Eric Ebron,8645,TE,DET,8,32.5,1,11,57.4,44.7,57.9,0,3,24,9.6,10.2,93.7,3,3,0,114,0,0,0,351,27,264,0,0,87,169
Devin Street,8781,WR,DAL,10,50.0,0,9,60.9,,52.4,0,0,0,0.0,0.0,,2,0,0,114,0,0,0,228,0,114,0,0,114,7
Dontrelle Inman,6597,WR,SD,9,28.8,0,27,52.4,,59.8,0,0,0,0.0,0.0,,0,0,0,113,0,0,0,392,0,279,0,0,113,1
Cecil Shorts,6266,WR,HST,7,27.8,0,13,61.6,,58.1,0,0,0,0.0,0.0,,0,0,0,113,0,0,0,406,0,289,0,0,113,8
Michael Burton,9601,FB,DET,10,77.4,0,11,84.2,76.4,87.5,0,0,22,44.9,44.2,95.5,0,1,1,113,0,0,0,146,23,52,0,0,90,17
Zach Line,8420,FB,MIN,10,78.9,0,18,68.5,81.2,70.2,0,0,6,20.0,18.8,100.0,0,0,0,112,0,0,0,142,6,32,0,0,106,8
Delanie Walker,3120,TE,TEN,9,28.6,0,31,89.6,76.3,73.8,0,0,9,3.4,3.5,100.0,0,0,0,111,0,0,0,388,10,287,0,0,101,157
Will Tukuafu,7764,FB,SEA,8,86.0,0,29,65.5,46.0,67.0,0,1,11,42.3,42.9,95.5,1,1,0,111,0,0,0,129,12,28,0,0,99,43
Kenny Stills,7926,WR,MIA,10,29.9,0,17,61.7,,49.8,0,0,0,0.0,0.0,,0,0,0,111,0,0,0,371,0,260,0,0,111,1
Tyler Polumbus,4581,T,DEN,8,100.0,1,10,68.8,79.9,60.5,0,1,66,100.0,100.0,99.2,2,1,0,111,0,0,103,111,73,73,0,2,38,6
Darrius Heyward-Bey,4930,WR,PIT,10,34.8,0,25,60.6,,70.3,0,0,0,0.0,0.0,,1,0,0,108,0,0,0,310,0,202,0,0,108,3
Scott Chandler,3745,TE,NE,10,43.9,0,19,67.0,74.5,77.1,0,0,7,5.2,4.9,100.0,1,0,0,107,0,0,0,244,7,144,0,0,100,125
Gavin Escobar,7828,TE,DAL,10,56.1,0,9,61.1,81.2,67.7,0,0,4,4.9,4.6,100.0,0,0,0,106,0,0,0,189,4,87,0,0,102,97
Giovani Bernard,7818,HB,CIN,10,26.2,0,7,73.2,44.5,60.7,1,12,73,29.1,29.1,89.7,1,14,1,106,0,0,0,404,78,268,0,0,28,2
Maxx Williams,9488,TE,BLT,9,41.7,0,3,67.2,65.4,63.0,0,0,15,10.0,9.3,100.0,2,0,0,105,0,0,0,252,15,162,0,0,90,187
Kyle Juszczyk,7912,FB,BLT,10,47.7,0,3,64.2,83.1,48.9,0,1,18,14.2,13.7,97.2,1,1,0,105,0,0,0,220,18,131,0,0,87,29
Alshon Jeffery,7048,WR,CHI,5,37.0,0,6,92.0,,80.8,0,0,0,0.0,0.0,,3,0,0,104,0,0,0,281,0,177,0,0,104,0
Clive Walford,9501,TE,OAK,10,46.4,0,23,64.4,36.9,61.8,1,0,10,8.1,8.5,95.0,2,1,0,103,0,0,0,222,11,130,0,0,92,136
James Hanna,7175,TE,DAL,8,81.0,0,9,57.4,78.5,63.0,0,0,16,40.0,41.5,100.0,1,0,0,102,0,0,0,126,17,41,0,0,85,112
Leonard Hankerson,6231,WR,ATL,8,29.8,0,2,58.1,,51.5,0,0,0,0.0,0.0,,2,0,0,101,0,0,0,339,0,238,0,0,101,0
Matt Spaeth,3693,TE,PIT,7,82.1,0,25,56.6,81.3,63.4,0,0,20,51.3,52.2,100.0,1,0,0,101,0,0,0,123,24,46,0,0,77,121
Charles Johnson,7998,WR,MIN,8,51.8,0,18,64.9,,72.9,0,0,0,0.0,0.0,,1,0,0,101,0,0,0,195,0,94,0,0,101,0
Danny Amendola,4717,WR,NE,10,23.4,1,19,81.2,,54.0,0,0,0,0.0,0.0,,2,0,0,100,0,0,0,427,0,325,0,0,100,7
Marques Colston,3197,WR,NO,9,28.2,0,20,63.6,73.5,59.2,0,0,2,0.8,0.8,100.0,0,0,0,100,0,0,0,355,2,257,0,0,98,4
Josh Bellamy,7472,WR,CHI,9,44.8,0,6,64.5,,71.6,0,0,0,0.0,0.0,,0,0,0,99,0,0,0,221,0,122,0,0,99,0
Brian Quick,7037,WR,SL,7,56.9,0,26,60.4,,72.1,0,0,0,0.0,0.0,,0,0,0,99,0,0,0,174,0,75,0,0,99,2
Ryan Mallett,6226,QB,HST,6,37.6,0,13,59.6,,60.0,0,0,0,0.0,0.0,,2,0,0,99,0,0,0,263,0,162,0,0,99,0
Tony Bergstrom,7095,C,OAK,3,100.0,0,23,67.0,68.3,72.6,0,3,73,100.0,100.0,97.9,1,3,0,99,99,0,0,99,77,77,0,0,22,0
T.J. Yeldon,9469,HB,JAX,9,20.4,0,15,66.6,62.3,60.8,2,7,80,27.3,26.6,91.9,0,11,2,98,0,0,0,480,84,316,0,0,14,0
Cam Erving,9452,G,CLV,7,97.0,0,8,50.2,77.3,35.4,0,4,71,95.9,96.1,97.2,3,4,0,98,0,76,0,101,73,76,9,0,25,16
Will Tye,10070,TE,NYG,7,40.2,0,21,55.5,76.7,60.6,0,0,8,5.6,5.2,100.0,0,0,0,98,0,0,0,244,8,154,0,0,90,184
Kendall Wright,7026,WR,TEN,7,29.6,0,31,70.6,,74.5,0,0,0,0.0,0.0,,1,0,0,97,0,0,0,328,0,228,0,0,97,1
Stedman Bailey,7873,WR,SL,8,37.7,0,26,59.4,,78.6,0,0,0,0.0,0.0,,1,0,0,95,0,0,0,252,0,157,0,0,95,18
Alvin Bailey,8071,T,SEA,7,100.0,0,29,43.5,24.4,54.0,4,3,48,100.0,100.0,88.5,0,9,2,95,0,1,67,95,48,48,1,21,47,5
Malcolm Johnson,9628,FB,CLV,10,66.2,0,8,36.9,44.2,40.1,0,0,8,14.5,17.2,87.5,0,1,1,94,0,0,0,142,10,58,0,0,84,5
Cole Beasley,7330,WR,DAL,10,24.9,1,9,62.3,,57.6,0,0,0,0.0,0.0,,2,0,0,93,0,0,0,373,0,280,0,0,93,2
Garrett Graham,5642,TE,HST,8,32.4,0,13,40.2,65.9,61.8,0,0,13,6.7,6.7,100.0,1,0,0,93,0,0,0,287,14,208,0,0,79,131
Steve Smith,837,WR,BLT,7,27.1,0,3,90.3,,82.6,0,0,0,0.0,0.0,,0,0,0,93,0,0,0,343,0,250,0,0,93,1
Nikita Whitlock,8994,FB,NYG,10,83.3,0,21,82.0,75.4,81.5,0,0,3,15.0,14.3,100.0,0,0,0,90,0,0,0,108,3,21,0,0,87,1
Andrew Donnal,9552,T,SL,2,100.0,0,26,36.1,44.0,35.4,4,2,38,100.0,100.0,92.1,0,6,0,90,0,74,0,90,43,43,0,16,47,0
Chris Conley,9509,WR,KC,10,31.4,0,16,59.5,,41.7,0,0,0,0.0,0.0,,0,0,0,90,0,0,0,287,0,197,0,0,90,0
Justin Forsett,4547,HB,BLT,10,18.6,0,3,64.3,59.2,59.7,1,4,69,24.2,25.2,92.0,1,8,3,88,0,0,0,474,77,305,0,0,11,0
Andre Roberts,5612,WR,WAS,8,34.8,0,32,51.4,67.1,57.5,0,0,1,0.7,0.6,100.0,0,0,0,87,0,0,0,250,1,164,0,0,86,3
Troy Niklas,8687,TE,ARZ,10,74.4,0,1,72.7,75.3,63.5,0,0,7,20.6,21.1,100.0,0,0,0,87,0,0,0,117,8,38,0,0,79,110
Taylor Gabriel,9002,WR,CLV,10,26.5,0,8,59.7,,77.9,0,0,0,0.0,0.0,,0,0,0,86,0,0,0,324,0,238,0,0,86,4
Lamar Miller,7097,HB,MIA,10,20.0,0,17,75.2,86.0,73.9,1,1,50,19.1,19.7,98.0,0,2,0,86,0,0,0,430,55,279,0,0,31,0
David Johnson,5165,TE,SD,10,80.4,0,27,60.8,81.8,56.7,0,0,17,47.2,50.0,100.0,0,0,0,86,0,0,0,107,20,40,0,0,66,56
Dez Bryant,5549,WR,DAL,5,33.0,1,9,70.2,,79.6,0,0,0,0.0,0.0,,2,0,0,86,0,0,0,261,0,175,0,0,86,0
Chris Givens,7096,WR,BLT,9,36.8,0,3,60.6,,56.1,0,0,0,0.0,0.0,,0,0,0,85,0,0,0,231,0,143,0,0,85,0
Jay Prosch,8845,FB,HST,10,80.0,0,13,57.3,51.9,51.7,0,1,9,36.0,36.0,94.4,0,1,0,84,0,0,0,105,9,25,0,0,75,1
Mychal Rivera,7965,TE,OAK,10,32.3,2,23,47.6,83.3,54.1,0,0,7,4.0,4.3,100.0,4,0,0,84,0,0,0,260,8,184,0,0,76,105
Brandon Weeden,7028,QB,HST,4,39.8,0,13,62.6,,60.0,0,0,0,0.0,0.0,,0,0,0,84,0,0,0,211,0,123,0,0,84,0
Brandon LaFell,5602,WR,NE,5,30.0,0,19,58.0,,73.2,0,0,0,0.0,0.0,,0,0,0,83,0,0,0,277,0,194,0,0,83,0
Fernando Velasco,4641,C,CAR,3,100.0,0,5,61.7,70.2,63.8,0,3,40,100.0,100.0,96.2,1,3,0,83,83,0,0,83,41,41,0,0,42,0
John Kuhn,2686,FB,GB,10,76.1,0,12,51.5,48.4,50.8,1,0,15,40.5,42.5,96.7,0,1,0,83,0,0,0,109,17,40,0,0,66,1
Anthony Sherman,6288,FB,KC,10,73.5,0,16,69.1,73.8,72.1,0,0,10,27.8,27.5,100.0,0,0,0,83,0,0,0,113,11,40,0,0,72,7
Roosevelt Nix,10269,FB,PIT,10,89.2,0,25,81.4,46.3,79.1,0,1,6,40.0,37.5,91.7,0,1,0,83,0,0,0,93,6,16,0,0,77,6
Seth Roberts,9079,WR,OAK,10,22.2,0,23,53.2,,91.0,0,0,0,0.0,0.0,,2,0,0,81,0,0,0,365,0,284,0,0,81,0
Jerricho Cotchery,1829,WR,CAR,8,40.5,0,5,77.9,64.9,89.4,0,0,1,0.9,0.8,100.0,1,0,0,81,0,0,0,200,1,120,0,0,80,5
Ty Montgomery,9527,WR,GB,6,33.5,0,12,56.8,,52.9,0,0,0,0.0,0.0,,2,0,0,81,0,0,0,242,0,159,0,0,81,2
Brian Hartline,5031,WR,CLV,9,23.6,0,8,63.1,,68.3,0,0,0,0.0,0.0,,1,0,0,81,0,0,0,343,0,262,0,0,81,8
Dorial Green-Beckham,9473,WR,TEN,10,27.5,0,31,68.2,,59.2,0,0,0,0.0,0.0,,0,0,0,80,0,0,0,291,0,211,0,0,80,0
Quincy Enunwa,8843,WR,NYJ,6,34.9,0,22,50.0,53.1,63.6,0,0,3,2.1,2.0,100.0,1,0,0,80,0,0,0,229,3,152,0,0,77,23
Percy Harvin,4945,WR,BUF,5,33.5,0,4,67.5,,68.5,0,0,0,0.0,0.0,,0,0,0,80,0,0,0,239,0,154,0,0,80,1
Andre Holmes,6489,WR,OAK,10,48.2,0,23,67.4,66.1,63.2,0,0,1,1.2,1.1,100.0,0,0,0,80,0,0,0,166,1,87,0,0,79,9
MyCole Pruitt,9576,TE,MIN,10,60.3,0,18,64.3,77.5,62.6,0,0,7,12.7,11.9,100.0,1,0,0,79,0,0,0,131,7,59,0,0,72,97
Ty Nsekhe,7636,T,WAS,5,100.0,0,32,70.3,75.9,60.5,0,2,53,100.0,100.0,96.2,1,3,1,79,0,0,77,79,56,56,0,2,23,0
Ryan Jensen,7985,G,BLT,2,100.0,0,3,47.0,27.8,60.8,2,3,46,100.0,100.0,92.4,1,6,1,78,0,76,0,78,49,49,0,0,29,1
Tony Romo,1693,QB,DAL,3,39.7,0,9,67.3,,60.0,0,0,0,0.0,0.0,,1,0,0,77,0,0,0,194,0,115,0,0,77,0
Frank Gore,2282,HB,IND,10,17.9,0,14,59.0,73.0,60.3,0,4,59,25.4,25.2,96.6,1,4,0,77,0,0,0,430,63,250,0,0,14,0
Lance Moore,2718,WR,DET,10,17.3,0,11,58.7,,49.3,0,0,0,0.0,0.0,,0,0,0,77,0,0,0,444,0,367,0,0,77,1
J.C. Tretter,7904,C,GB,7,100.0,0,12,67.7,65.2,66.4,0,1,32,100.0,100.0,98.4,0,1,0,76,65,2,0,76,36,36,0,0,40,9
Nic Jacobs,8946,TE,JAX,9,85.2,0,15,47.7,70.4,56.4,0,1,15,55.6,55.2,96.7,0,1,0,75,0,0,0,88,16,29,0,0,59,82
John Phillips,5132,TE,SD,9,52.1,0,27,70.4,55.9,56.0,0,0,7,9.7,12.8,100.0,1,0,0,74,0,0,0,142,10,78,0,0,64,74
Matt Hasselbeck,408,QB,IND,3,35.4,0,14,68.0,,60.0,0,0,0,0.0,0.0,,1,0,0,73,0,0,0,206,0,127,0,0,73,0
Chris Scott,5674,G,CAR,8,100.0,0,5,61.1,60.7,59.6,0,1,22,100.0,100.0,97.7,0,1,0,73,0,48,4,73,22,22,4,1,51,16
Donteea Dye Jr.,10074,WR,TB,5,33.5,0,30,53.9,62.3,65.4,0,0,1,0.8,0.7,100.0,0,0,0,73,0,0,0,218,1,146,0,0,72,10
LeSean McCoy,4976,HB,BUF,8,18.5,0,4,74.1,54.5,67.8,1,7,46,21.8,21.1,89.1,0,9,1,73,0,0,0,395,48,228,0,0,25,1
Michael Vick,773,QB,PIT,5,42.4,0,25,39.4,,62.8,0,0,0,0.0,0.0,,0,0,0,73,0,0,0,172,0,90,0,0,73,0
Tyler Kroft,9518,TE,CIN,10,77.4,0,7,53.3,75.5,61.6,0,0,8,27.6,27.6,100.0,2,0,0,72,0,0,0,93,8,29,0,0,64,86
Tyler Clutts,6124,FB,DAL,10,82.6,0,9,61.1,77.4,64.8,0,0,3,16.7,21.1,100.0,1,0,0,71,0,0,0,86,4,19,0,0,67,0
Keith Mumphery,9608,WR,HST,9,25.5,0,13,49.9,,58.9,0,0,0,0.0,0.0,,0,0,0,71,0,0,0,278,0,207,0,0,71,0
Cody Wichmann,9648,G,SL,2,100.0,0,26,61.8,71.3,57.6,0,2,31,100.0,100.0,96.8,0,2,0,71,0,50,0,71,37,37,21,0,34,0
Devonta Freeman,8738,HB,ATL,10,14.0,0,2,79.3,69.7,58.8,2,2,50,17.1,17.3,94.0,1,5,1,71,0,0,0,507,54,313,0,0,17,0
Jarius Wright,7118,WR,MIN,10,26.9,0,18,66.5,,76.7,0,0,0,0.0,0.0,,0,0,0,70,0,0,0,260,0,189,0,0,70,5
Ricardo Lockette,6622,WR,SEA,8,65.4,0,29,64.4,,65.1,0,0,0,0.0,0.0,,1,0,0,70,0,0,0,107,0,37,0,0,70,0
Johnny Manziel,8657,QB,CLV,6,29.9,0,8,53.8,,60.3,0,0,0,0.0,0.0,,2,0,0,70,0,0,0,234,0,161,0,0,70,0
Chris Matthews,6820,WR,SEA,9,52.2,0,29,61.6,,63.0,0,0,0,0.0,0.0,,1,0,0,70,0,0,0,134,0,64,0,0,70,9
Adam Humphries,10075,WR,TB,7,35.2,0,30,68.2,61.5,65.4,0,0,1,0.9,0.8,100.0,0,0,0,69,0,0,0,196,1,128,0,0,68,8
Brandon Coleman,9086,WR,NO,10,27.7,0,20,67.1,,75.5,0,0,0,0.0,0.0,,0,0,0,69,0,0,0,249,0,180,0,0,69,1
C.J. Anderson,8101,HB,DEN,10,20.1,0,10,59.1,79.5,60.0,2,1,55,25.3,26.5,97.3,0,3,0,69,0,0,0,343,61,230,0,0,8,0
Andre Caldwell,4411,WR,DEN,10,35.6,0,10,53.5,,64.6,0,0,0,0.0,0.0,,1,0,0,68,0,0,0,191,0,123,0,0,68,0
Latavius Murray,7962,HB,OAK,10,17.6,0,23,66.2,67.2,60.5,1,2,54,27.1,26.9,97.2,0,3,0,67,0,0,0,380,56,208,0,0,11,0
Jalston Fowler,9541,FB,TEN,10,68.4,0,31,86.4,56.9,84.4,0,1,4,16.0,16.7,87.5,0,1,0,67,0,0,0,98,5,30,0,0,62,4
James Starks,5716,HB,GB,10,18.0,0,12,64.3,89.5,60.0,1,1,56,23.5,22.7,98.2,0,2,0,67,0,0,0,372,60,264,0,0,7,2
Quinton Patton,7910,WR,SF,10,27.9,0,28,64.7,,39.5,0,0,0,0.0,0.0,,1,0,0,67,0,0,0,240,0,173,0,0,67,1
Adrian Peterson,3623,HB,MIN,10,14.7,0,18,64.2,59.0,59.0,1,2,46,23.0,23.6,94.6,1,4,1,65,0,0,0,441,49,208,0,0,16,0
Tony Hills,4444,T,NO,1,100.0,0,20,43.2,62.2,38.1,0,3,36,100.0,100.0,95.8,1,3,0,65,0,0,65,65,36,36,0,0,29,0
Cameron Brate,9207,TE,TB,8,38.2,2,30,69.6,54.1,65.0,0,1,6,5.9,5.4,91.7,2,1,0,65,0,0,0,170,6,111,0,0,59,88
Julius Thomas,6281,TE,JAX,6,23.6,0,15,54.3,74.7,60.3,0,0,6,3.0,2.8,100.0,0,0,0,64,0,0,0,271,6,213,0,0,58,121
Mark Ingram II,6180,HB,NO,10,14.7,0,20,70.5,55.4,71.0,0,5,40,16.3,16.7,91.2,0,6,1,64,0,0,0,436,45,269,0,0,19,0
Jake Fisher,9486,T,CIN,10,91.2,0,7,51.6,72.1,55.1,0,1,14,70.0,70.0,96.4,1,1,0,62,0,0,22,68,14,20,0,5,48,36
Theo Riddick,7980,HB,DET,10,20.7,1,11,77.7,71.2,76.6,0,2,53,21.5,21.7,94.3,1,4,2,61,0,0,0,294,57,263,0,0,4,14
Carlos Hyde,8692,HB,SF,7,21.0,0,28,72.2,70.8,72.4,0,3,43,29.5,29.6,94.2,0,4,1,61,0,0,0,290,45,152,0,0,16,0
Chris Ivory,6007,HB,NYJ,9,17.4,0,22,69.3,80.7,60.2,0,3,45,28.0,29.4,96.7,0,3,0,60,0,0,0,345,50,170,0,0,10,0
Tom Compton,7181,T,WAS,7,100.0,0,32,65.9,37.9,72.2,2,0,31,100.0,100.0,96.8,0,2,0,60,0,34,0,60,37,37,0,0,23,26
Greg Jennings,2997,WR,MIA,10,28.4,0,17,48.3,,48.3,0,0,0,0.0,0.0,,0,0,0,60,0,0,0,211,0,151,0,0,60,1
Anthony McCoy,5708,TE,WAS,5,84.5,1,32,43.3,37.7,55.8,1,1,8,47.1,45.0,87.5,1,2,0,60,0,0,0,71,9,20,0,0,51,68
Jaron Brown,8128,WR,ARZ,10,34.9,1,1,63.4,74.4,66.8,0,0,2,2.0,1.8,100.0,1,0,0,60,0,0,0,172,2,114,0,0,58,13
Doug Martin,7035,HB,TB,10,15.4,0,30,86.6,82.9,60.0,1,0,42,26.3,27.8,98.8,0,1,0,59,0,0,0,382,49,176,0,0,10,0
Martavis Bryant,8753,WR,PIT,5,25.1,0,25,77.6,62.4,59.2,0,0,1,0.7,0.6,100.0,0,0,0,58,0,0,0,231,1,172,0,0,57,1
Louis Murphy Jr.,5048,WR,TB,6,27.9,0,30,64.3,,74.6,0,0,0,0.0,0.0,,1,0,0,58,0,0,0,208,0,150,0,0,58,8
Marc Mariani,5745,WR,CHI,9,27.4,0,6,57.2,,88.5,0,0,0,0.0,0.0,,0,0,0,58,0,0,0,212,0,154,0,0,58,1
Jordan Norwood,5358,WR,DEN,7,24.7,0,10,54.1,,69.0,0,0,0,0.0,0.0,,0,0,0,58,0,0,0,235,0,177,0,0,58,1
Marcel Reece,4702,FB,OAK,10,34.8,0,23,75.6,53.1,73.5,0,2,23,19.5,20.0,95.7,0,2,0,57,0,0,0,164,25,125,0,0,32,17
Mackenzy Bernadeau,4564,G,DAL,3,100.0,0,9,28.7,56.4,34.3,0,1,35,100.0,100.0,98.6,3,1,0,57,0,57,0,57,36,36,0,0,21,0
Nick Williams,8005,WR,ATL,8,43.8,0,2,65.4,,48.0,0,0,0,0.0,0.0,,0,0,0,56,0,0,0,128,0,72,0,0,56,0
Marshawn Lynch,3628,HB,SEA,7,18.1,0,29,87.8,63.3,59.3,1,1,37,22.2,22.7,97.3,1,2,0,56,0,0,0,309,40,176,0,0,16,3
Aaron Dobson,7840,WR,NE,8,26.8,0,19,60.4,,62.9,0,0,0,0.0,0.0,,1,0,0,56,0,0,0,209,0,153,0,0,56,0
Antonio Gates,1609,TE,SD,5,23.0,0,27,75.0,59.3,71.1,0,0,3,1.7,1.6,100.0,0,0,0,55,0,0,0,239,3,187,0,0,52,47
De'Anthony Thomas,8759,WR,KC,10,32.2,0,16,62.8,,68.4,0,0,0,0.0,0.0,,0,0,0,55,0,0,0,171,0,108,0,0,55,1
Tim Wright,8392,TE,DET,6,31.3,0,11,47.8,79.5,36.1,0,0,12,10.3,9.5,100.0,0,0,0,52,0,0,0,166,12,126,0,0,40,74
Derrick Coleman,7377,FB,SEA,7,72.9,0,29,55.6,43.3,54.2,0,1,9,34.6,33.3,83.3,0,2,1,51,0,0,0,70,9,27,0,0,42,0
Chris Gragg,8004,TE,BUF,7,42.5,0,4,71.6,77.8,76.8,0,0,8,11.1,10.4,100.0,0,0,0,51,0,0,0,120,8,77,0,0,43,94
Demetrius Rhaney,8884,C,SL,3,100.0,0,26,58.5,81.7,50.6,0,0,25,100.0,100.0,100.0,0,0,0,50,3,0,0,50,29,29,46,0,21,1
Duke Johnson Jr.,9510,HB,CLV,10,15.1,0,8,65.8,39.8,60.0,3,4,42,17.4,17.3,86.9,1,9,2,50,0,0,0,332,45,260,0,0,5,0
Cody Latimer,8691,WR,DEN,8,41.0,0,10,59.6,,85.1,0,0,0,0.0,0.0,,1,0,0,50,0,0,0,122,0,71,0,0,50,3
Bryan Walters,6139,WR,JAX,9,18.4,0,15,77.6,65.6,57.3,0,0,1,0.5,0.4,100.0,0,0,0,50,0,0,0,272,1,223,0,0,49,1
Brice Butler,7991,WR,DAL,4,37.3,0,9,60.2,,55.0,0,0,0,0.0,0.0,,0,0,0,50,0,0,0,134,0,84,0,0,50,4
Adam Thielen,8288,WR,MIN,10,37.6,0,18,63.5,,68.6,0,0,0,0.0,0.0,,0,0,0,50,0,0,0,133,0,82,0,0,50,6
Benny Cunningham,8283,HB,SL,10,25.1,0,26,62.7,84.4,60.0,0,2,35,23.8,26.1,97.1,0,2,0,49,0,0,0,195,42,161,0,0,7,0
Josh Walker,9046,G,GB,6,100.0,0,12,55.1,85.6,48.4,0,0,20,100.0,100.0,100.0,0,0,0,49,0,0,0,49,22,22,33,0,27,16
Bennie Fowler,8914,WR,DEN,8,34.5,0,10,74.6,65.8,72.4,0,0,1,1.1,1.1,100.0,0,0,0,49,0,0,0,142,1,94,0,0,48,1
Danny Woodhead,4914,HB,SD,10,13.4,0,27,71.2,45.2,59.2,3,4,39,14.9,14.3,91.0,0,7,0,48,0,0,0,358,41,286,0,0,7,0
Lucky Whitehead,9853,WR,DAL,9,52.2,0,9,56.4,,57.5,0,0,0,0.0,0.0,,1,0,0,48,0,0,0,92,0,39,0,0,48,12
Matt Asiata,6432,HB,MIN,10,35.3,0,18,68.7,73.6,59.6,1,2,37,35.9,36.6,90.5,0,5,2,47,0,0,0,133,41,112,0,0,6,0
Charcandrick West,9047,HB,KC,8,15.8,0,16,54.6,64.9,59.8,0,3,30,17.2,18.2,95.0,2,3,0,47,0,0,0,298,34,187,0,0,13,2
Charles Sims,8704,HB,TB,10,16.3,0,30,80.6,80.3,59.8,0,2,40,21.7,20.3,97.5,0,2,0,47,0,0,0,288,41,202,0,0,6,1
Dexter McCluster,5561,HB,TEN,10,16.4,0,31,58.6,69.1,49.2,0,1,28,13.9,15.6,94.6,1,2,1,46,0,0,0,281,34,218,0,0,12,0
Devin Smith,9470,WR,NYJ,7,23.5,0,22,51.7,,60.1,0,0,0,0.0,0.0,,0,0,0,46,0,0,0,196,0,150,0,0,46,0
Eddie Lacy,7842,HB,GB,9,17.0,0,12,62.4,72.3,60.0,0,5,31,23.8,25.0,91.9,0,5,0,45,0,0,0,265,37,148,0,0,8,0
Jason Avant,3054,WR,KC,10,22.1,0,16,58.4,68.1,89.2,0,0,1,0.7,1.2,100.0,0,0,0,45,0,0,0,204,2,161,0,0,43,1
Jeff Janis,8870,WR,GB,8,45.8,0,12,61.4,69.8,71.5,0,0,1,2.1,1.9,100.0,1,0,0,44,0,0,0,96,1,53,0,0,43,5
Russell Shepard,8254,WR,TB,7,42.3,0,30,50.7,,85.5,0,0,0,0.0,0.0,,0,0,0,44,0,0,0,104,0,60,0,0,44,4
Khari Lee,10018,TE,CHI,10,81.5,1,6,61.8,73.9,57.5,0,0,3,23.1,23.1,100.0,1,0,0,44,0,0,0,54,3,13,0,0,41,46
E.J. Manuel,7797,QB,BUF,4,28.9,0,4,41.9,,60.3,0,0,0,0.0,0.0,,1,0,0,44,0,0,0,152,0,97,0,0,44,0
Jamize Olawale,7572,FB,OAK,8,46.8,0,23,71.4,59.8,68.4,0,1,11,28.2,29.3,95.5,0,1,0,44,0,0,0,94,12,41,0,0,32,1
Jeremy Kerley,6305,WR,NYJ,10,21.3,0,22,64.6,,60.7,0,0,0,0.0,0.0,,0,0,0,44,0,0,0,207,0,163,0,0,44,0
Landry Jones,7897,QB,PIT,4,42.7,0,25,54.1,,60.0,0,0,0,0.0,0.0,,0,0,0,44,0,0,0,103,0,57,0,0,44,0
Antonio Andrews,9014,HB,TEN,8,18.7,0,31,75.6,76.9,67.8,0,1,33,29.7,28.9,98.5,0,1,0,44,0,0,0,235,35,121,0,0,9,0
Darrel Young,5438,FB,WAS,10,74.1,0,32,61.9,50.8,86.0,1,0,4,30.8,30.8,87.5,0,1,0,43,0,0,0,58,4,13,0,0,39,0
Daniel Fells,3309,TE,NYG,2,64.2,0,21,85.3,72.3,60.2,0,0,4,14.3,14.3,100.0,0,0,0,43,0,0,0,67,4,28,0,0,39,56
Blaine Gabbert,6162,QB,SF,2,35.9,0,28,75.2,,60.0,0,0,0,0.0,0.0,,0,0,0,42,0,0,0,117,0,72,0,0,42,0
Chris Owusu,7276,WR,NYJ,3,35.0,0,22,59.1,62.3,70.9,0,0,1,1.4,1.3,100.0,0,0,0,42,0,0,0,120,1,79,0,0,41,2
Zach Mettenberger,8813,QB,TEN,4,31.3,0,31,45.1,,60.0,0,0,0,0.0,0.0,,0,0,0,42,0,0,0,134,0,88,0,0,42,0
Dion Lewis,6301,HB,NE,7,14.2,0,19,71.3,83.5,60.3,0,1,25,11.6,11.4,98.0,0,1,0,42,0,0,0,296,26,229,0,0,16,0
Keshawn Martin,7121,WR,NE,3,34.1,0,19,61.0,,58.7,0,0,0,0.0,0.0,,1,0,0,42,0,0,0,123,0,81,0,0,42,1
James O'Shaughnessy,9606,TE,KC,7,36.6,0,16,63.1,69.8,59.5,0,0,5,6.7,6.6,100.0,0,0,0,41,0,0,0,112,5,76,0,0,36,80
Brenton Bersin,7516,WR,CAR,6,51.3,0,5,81.5,,81.6,0,0,0,0.0,0.0,,0,0,0,41,0,0,0,80,0,39,0,0,41,4
Chris Thompson,7936,HB,WAS,9,18.8,0,32,63.4,29.7,60.0,0,2,34,19.5,20.5,94.1,0,3,1,41,0,0,0,218,39,190,0,0,2,1
Isaiah Crowell,9295,HB,CLV,10,14.5,0,8,59.6,58.0,72.2,1,2,34,21.9,21.7,92.6,1,4,1,41,0,0,0,282,36,166,0,0,5,0
Le'Veon Bell,7829,HB,PIT,6,13.6,0,25,89.2,72.8,54.4,0,0,26,16.0,17.5,100.0,1,0,0,41,0,0,0,302,31,177,0,0,10,0
T.J. Yates,6304,QB,HST,2,42.7,0,13,65.0,,61.7,0,0,0,0.0,0.0,,0,0,0,41,0,0,0,96,0,50,0,0,41,0
Darren McFadden,4318,HB,DAL,10,11.4,0,9,64.2,31.3,78.9,0,2,29,17.9,19.0,96.6,0,2,0,40,0,0,0,350,34,179,0,0,6,0
Todd Gurley II,9443,HB,SL,8,13.3,0,26,74.2,39.4,59.4,1,2,16,14.3,15.6,90.6,0,3,0,40,0,0,0,301,19,122,0,0,21,0
Corey Fuller,7953,WR,DET,9,33.1,0,11,60.2,,71.2,0,0,0,0.0,0.0,,0,0,0,40,0,0,0,121,0,81,0,0,40,4
Ronnie Hillman,7069,HB,DEN,10,13.7,0,10,61.8,52.1,60.0,0,8,35,22.9,22.6,88.6,0,8,0,40,0,0,0,292,37,164,0,0,3,0
Brock Osweiler,7059,QB,DEN,2,36.1,0,10,53.1,,60.0,0,0,0,0.0,0.0,,1,0,0,39,0,0,0,108,0,68,0,0,39,0
A.Q. Shipley,5150,C,ARZ,6,100.0,0,1,80.9,71.8,78.1,0,0,10,100.0,100.0,100.0,0,0,0,39,13,0,0,39,10,10,0,0,29,12
Mark Sanchez,4928,QB,PHI,2,34.5,0,24,68.2,,60.0,0,0,0,0.0,0.0,,0,0,0,38,0,0,0,110,0,69,0,0,38,0
Austin Seferian-Jenkins,8673,TE,TB,2,41.8,0,30,71.1,74.5,43.3,0,0,5,9.6,8.6,100.0,3,0,0,38,0,0,0,91,5,58,0,0,33,52
Karlos Williams,9588,HB,BUF,7,22.2,0,4,77.1,80.8,87.4,0,0,15,18.8,19.8,100.0,0,0,0,38,0,0,0,171,17,86,0,0,21,0
Austin Johnson,8438,FB,NO,5,57.6,0,20,42.3,29.9,60.5,0,2,7,22.6,22.6,85.7,1,2,0,38,0,0,0,66,7,31,0,0,31,1
Cordarrelle Patterson,7810,WR,MIN,9,65.5,0,18,67.6,,64.4,0,0,0,0.0,0.0,,0,0,0,38,0,0,0,58,0,18,0,0,38,0
DeAngelo Williams,2972,HB,PIT,10,11.3,0,25,72.6,90.6,73.0,0,0,21,11.0,12.7,100.0,0,0,0,38,0,0,0,336,27,213,0,0,11,0
Khalif Barnes,2269,T,OAK,7,100.0,0,23,59.1,54.3,59.1,0,0,9,100.0,100.0,100.0,0,0,0,37,0,0,2,37,9,9,0,0,28,35
Will Johnson,7639,FB,PIT,9,61.7,0,25,64.0,77.2,71.9,0,0,6,28.6,26.9,100.0,0,0,0,37,0,0,0,60,7,26,0,0,30,50
Matt Forte,4358,HB,CHI,7,9.4,0,6,58.7,57.0,60.1,0,3,24,11.2,11.6,89.6,0,4,1,36,0,0,0,382,27,232,0,0,9,3
Chris Johnson,4338,HB,ARZ,10,10.6,0,1,49.2,59.3,73.5,2,1,25,19.2,20.0,90.0,2,4,1,36,0,0,0,341,29,145,0,0,7,0
DeVante Parker,9447,WR,MIA,8,31.9,0,17,61.7,,63.3,0,0,0,0.0,0.0,,1,0,0,36,0,0,0,113,0,77,0,0,36,0
Cooper Helfet,7737,TE,SEA,7,66.7,0,29,52.4,74.3,56.3,0,0,3,14.3,14.3,100.0,0,0,0,36,0,0,0,54,3,21,0,0,33,45
Phillip Supernaw,7324,TE,TEN,7,83.7,0,31,62.9,73.1,63.6,0,0,2,22.2,22.2,100.0,1,0,0,36,0,0,0,43,2,9,0,3,34,23
Jeremy Hill,8690,HB,CIN,10,13.2,0,7,60.7,72.8,60.0,1,2,28,22.8,20.7,94.6,1,3,0,36,0,0,0,273,28,135,0,0,8,0
Jamaal Charles,4387,HB,KC,5,13.9,0,16,70.1,82.8,60.3,0,1,23,13.9,14.3,97.8,0,1,0,36,0,0,0,259,25,175,0,0,11,2
Jeremy Langford,9539,HB,CHI,9,15.8,0,6,67.3,49.5,73.8,0,4,22,18.0,18.9,90.9,0,4,0,35,0,0,0,222,24,127,0,0,11,0
Jimmy Clausen,5573,QB,CHI,2,41.2,0,6,40.8,,60.4,0,0,0,0.0,0.0,,2,0,0,35,0,0,0,85,0,48,0,0,35,0
Melvin Gordon III,9448,HB,SD,10,12.3,0,27,51.3,72.9,60.0,0,2,29,20.9,20.5,93.1,0,3,1,35,0,0,0,285,30,146,0,0,5,0
Jake Stoneburner,8353,TE,MIA,6,46.7,0,17,71.4,78.4,65.9,0,0,8,17.8,16.7,100.0,1,0,0,35,0,0,0,75,8,48,0,0,27,46
Matt Jones,9528,HB,WAS,9,16.4,0,32,51.2,56.0,60.0,1,2,25,22.9,25.0,94.0,0,3,0,35,0,0,0,213,29,116,0,0,6,2
DeSean Jackson,4363,WR,WAS,4,25.4,0,32,64.3,,74.4,0,0,0,0.0,0.0,,0,0,0,34,0,0,0,134,0,100,0,0,34,0
Ryan Griffin,7982,TE,HST,3,33.0,0,13,53.0,63.2,57.5,0,1,5,7.1,6.9,90.0,0,1,0,33,0,0,0,100,5,72,0,0,28,37
Jaelen Strong,9503,WR,HST,5,33.3,0,13,54.6,,54.7,0,0,0,0.0,0.0,,0,0,0,33,0,0,0,99,0,66,0,0,33,6
Dallas Reynolds,5241,C,NYG,4,100.0,0,21,61.4,80.5,65.9,0,1,19,100.0,100.0,97.4,1,1,0,33,27,0,0,33,21,21,0,0,12,6
Case Keenum,7323,QB,SL,2,49.3,0,26,42.0,,60.0,0,0,0,0.0,0.0,,0,0,0,33,0,0,0,67,0,33,0,0,33,0
Rashad Jennings,5174,HB,NYG,10,13.9,0,21,61.6,88.1,60.0,0,0,24,20.9,22.4,100.0,0,0,0,33,0,0,0,237,28,125,0,0,5,1
James White,8765,HB,NE,8,27.4,0,19,64.1,63.8,60.0,0,2,23,26.1,24.5,95.7,0,2,0,32,0,0,0,117,24,98,0,0,8,2
Tevin Coleman,9506,HB,ATL,8,21.2,0,2,41.1,69.2,60.0,1,1,24,30.8,31.8,95.8,0,2,0,32,0,0,0,151,27,85,0,0,5,1
Andre Ellington,7968,HB,ARZ,7,18.6,0,1,61.7,31.7,74.7,1,4,21,18.3,19.4,78.6,0,7,2,31,0,0,0,167,25,129,0,0,6,0
Joique Bell,5797,HB,DET,7,22.1,0,11,59.6,44.8,59.4,1,3,22,29.7,29.1,90.9,0,4,0,31,0,0,0,140,23,79,0,0,8,2
Jeremy Ross,6476,WR,BLT,5,34.1,0,3,65.6,,70.3,0,0,0,0.0,0.0,,0,0,0,31,0,0,0,91,0,59,0,0,31,0
Blake Bell,9550,TE,SF,8,44.9,0,28,55.0,16.7,57.3,0,1,3,7.3,7.3,83.3,0,1,0,31,0,0,0,69,3,41,0,0,28,40
Jonathan Grimes,7585,HB,HST,7,20.9,0,13,63.6,75.4,60.0,1,2,26,23.4,22.4,94.2,0,3,0,31,0,0,0,148,26,116,0,0,5,0
J.J. Nelson,9592,WR,ARZ,5,33.7,1,1,81.2,,58.5,0,0,0,0.0,0.0,,2,0,0,31,0,0,0,92,0,60,0,0,31,0
Cameron Meredith,10008,WR,CHI,8,31.6,0,6,61.8,,43.7,0,0,0,0.0,0.0,,0,0,0,31,0,0,0,98,0,67,0,0,31,0
LeGarrette Blount,5863,HB,NE,9,12.6,0,19,68.4,37.8,60.0,0,1,12,15.6,17.4,87.5,0,2,1,30,0,0,0,239,15,86,0,0,15,0
J.D. Walton,5604,C,SD,1,100.0,0,27,31.2,7.7,45.0,1,3,18,100.0,100.0,88.9,1,4,0,30,0,30,0,30,20,20,0,0,10,0
Alfred Morris,7165,HB,WAS,10,13.8,0,32,56.2,68.2,60.0,0,3,26,28.6,27.4,94.2,0,3,0,30,0,0,0,217,26,95,0,0,4,0
Andrew Quarless,5677,TE,GB,3,52.6,0,12,60.1,69.7,63.8,0,0,1,3.8,3.6,100.0,0,0,0,30,0,0,0,57,1,28,0,0,29,24
Shane Vereen,6208,HB,NYG,10,10.4,0,21,67.4,79.8,60.0,0,1,25,11.6,12.0,98.0,0,1,0,29,0,0,0,280,28,234,0,0,1,1
Tony Moeaki,5617,TE,ATL,5,64.4,0,2,52.1,,53.9,0,0,0,0.0,0.0,,0,0,0,29,0,0,0,45,0,16,0,0,29,33
Jesse James,9593,TE,PIT,2,60.4,0,25,78.3,77.1,71.1,0,0,7,26.9,29.6,100.0,0,0,0,29,0,0,0,48,8,27,0,0,21,45
David Johnson,9519,HB,ARZ,10,19.7,0,1,56.7,73.6,60.0,0,0,20,19.4,18.0,95.0,0,1,1,29,0,0,0,147,20,111,0,0,9,1
Zac Stacy,7942,HB,NYJ,7,20.7,0,22,61.4,76.1,60.0,0,1,27,25.5,25.2,98.1,1,1,0,29,0,0,0,140,27,107,0,0,2,0
Brent Qvale,8921,T,NYJ,5,100.0,0,22,30.5,80.3,49.5,0,0,6,100.0,100.0,100.0,2,0,0,29,0,0,3,29,6,6,3,2,23,21
Reid Fragel,8023,T,TB,1,100.0,0,30,67.5,76.5,68.9,0,0,7,100.0,100.0,100.0,1,0,0,28,0,0,0,28,7,7,0,0,21,28
Rashad Ross,8061,WR,WAS,7,46.7,0,32,66.8,,61.0,0,0,0,0.0,0.0,,0,0,0,28,0,0,0,60,0,32,0,0,28,0
Tyler Varga,9712,HB,IND,3,73.0,0,14,69.2,80.2,60.0,0,2,24,75.0,73.5,95.8,0,2,0,27,0,0,0,37,25,34,0,0,2,1
Terron Ward,9778,HB,ATL,10,29.0,1,2,57.0,48.3,60.0,0,2,22,34.4,35.3,90.9,1,3,1,27,0,0,0,93,24,68,0,0,3,0
Alfred Blue,8816,HB,HST,9,11.4,0,13,56.4,60.9,60.0,0,1,15,14.3,14.0,90.0,0,2,1,26,0,0,0,229,15,107,0,0,11,0
Bilal Powell,6278,HB,NYJ,6,14.1,0,22,63.9,87.6,55.1,0,0,15,12.0,11.5,100.0,0,0,0,26,0,0,0,184,15,131,0,0,11,0
Ahmad Bradshaw,3866,HB,IND,5,19.1,0,14,56.3,67.2,60.0,0,1,23,22.8,23.1,93.5,0,2,1,26,0,0,0,136,25,108,0,0,1,0
Darrell Williams,9917,T,SL,3,100.0,0,26,59.3,60.1,57.3,0,0,10,100.0,100.0,90.0,0,1,1,25,0,0,0,25,11,11,0,24,14,1
Anthony Dixon,5696,HB,BUF,6,38.5,0,4,57.6,88.7,68.9,0,0,13,36.1,39.0,100.0,0,0,0,25,0,0,0,65,16,41,0,0,9,0
Luke McCown,1827,QB,NO,2,34.7,0,20,77.5,,60.0,0,0,0,0.0,0.0,,0,0,0,25,0,0,0,72,0,46,0,0,25,0
Kenbrell Thompkins,8126,WR,NYJ,3,19.8,0,22,62.6,65.8,68.3,0,0,1,1.0,1.0,100.0,0,0,0,24,0,0,0,121,1,98,0,0,23,0
Brian Parker,10135,TE,KC,3,70.6,0,16,82.5,70.8,85.2,0,0,3,23.1,23.1,100.0,0,0,0,24,0,0,0,34,3,13,0,0,21,29
Jerome Cunningham,9400,TE,NYG,3,34.8,0,21,58.1,66.9,63.9,0,0,1,2.4,2.2,100.0,0,0,0,24,0,0,0,69,1,46,0,0,23,58
Justin Hardy,9540,WR,ATL,3,23.1,0,2,61.3,,84.4,0,0,0,0.0,0.0,,0,0,0,24,0,0,0,104,0,80,0,0,24,1
Javontee Herndon,9191,WR,SD,2,26.1,0,27,55.0,,60.8,0,0,0,0.0,0.0,,1,0,0,24,0,0,0,92,0,68,0,0,24,0
Thomas Rawls,9993,HB,SEA,10,12.1,0,29,82.3,47.0,60.4,0,1,9,12.0,12.8,83.3,0,2,1,24,0,0,0,198,10,78,0,0,14,0
Joseph Randle,7933,HB,DAL,6,16.3,0,9,74.2,71.6,60.0,1,0,18,32.1,30.5,97.2,0,1,0,23,0,0,0,141,18,59,0,0,5,1
Toby Gerhart,5576,HB,JAX,5,26.7,0,15,55.3,79.4,60.0,0,1,14,24.6,27.1,96.4,0,1,0,23,0,0,0,86,16,59,0,0,7,0
Eric Weems,4097,WR,ATL,6,88.5,0,2,73.2,,59.3,0,0,0,0.0,0.0,,0,0,0,23,0,0,0,26,0,3,0,0,23,0
Ameer Abdullah,9487,HB,DET,10,10.5,0,11,64.1,63.2,60.0,1,1,15,11.9,13.1,86.7,0,3,1,23,0,0,0,219,17,130,0,0,6,6
Kevin Smith,9065,WR,SEA,1,84.6,0,29,63.5,,76.5,0,0,0,0.0,0.0,,0,0,0,22,0,0,0,26,0,4,0,0,22,1
Phillip Dorsett,9462,WR,IND,7,19.1,0,14,63.6,,31.1,0,0,0,0.0,0.0,,0,0,0,21,0,0,0,110,0,88,0,0,21,1
Mike Davis,9559,HB,SF,5,21.6,0,28,49.3,85.5,59.5,0,1,17,26.2,25.4,97.1,0,1,0,21,0,0,0,97,17,67,0,0,4,1
Darren Sproles,2347,HB,PHI,10,8.7,0,24,59.2,87.3,60.6,1,0,11,6.4,6.0,95.5,0,1,0,21,0,0,0,241,11,184,0,0,10,1
Jeff Linkenbach,5964,T,MIA,4,100.0,0,17,55.9,53.0,56.4,0,1,10,100.0,100.0,95.0,0,1,0,21,0,0,5,21,11,11,0,6,10,10
Chris Hubbard,8051,C,PIT,4,100.0,0,25,55.0,30.8,63.5,0,1,9,100.0,100.0,94.4,0,1,0,20,0,0,0,20,9,9,0,0,11,20
Rashad Greene Sr.,9572,WR,JAX,3,24.7,0,15,52.3,,60.7,0,0,0,0.0,0.0,,0,0,0,20,0,0,0,81,0,61,0,0,20,0
Jeremy Butler,9080,WR,BLT,2,32.8,0,3,57.0,,60.3,0,0,0,0.0,0.0,,0,0,0,20,0,0,0,61,0,41,0,0,20,0
Fred Jackson,3368,HB,SEA,10,15.2,0,29,56.5,59.5,60.0,0,2,13,12.1,12.0,92.3,0,2,0,20,0,0,0,132,13,108,0,0,7,0
DeMarco Murray,6223,HB,PHI,9,5.3,0,24,58.9,59.9,59.5,1,0,11,5.7,5.9,95.5,0,1,0,19,0,0,0,358,12,205,0,0,7,0
Mickey Shuler,5737,TE,ATL,1,100.0,0,2,56.8,70.2,55.9,0,0,1,100.0,100.0,100.0,0,0,0,19,0,0,0,19,1,1,0,0,18,17
Robert Turbin,7106,HB,DAL,4,21.4,0,9,70.9,76.9,59.9,0,1,10,22.2,24.0,95.0,0,1,0,18,0,0,0,84,12,50,0,0,6,1
Branden Oliver,9286,HB,SD,6,19.8,0,27,74.9,45.3,60.0,0,3,16,29.1,27.6,90.6,0,3,0,18,0,0,0,91,16,58,0,0,2,0
MarQueis Gray,8286,TE,BUF,4,69.2,0,4,45.0,69.6,63.8,0,0,1,12.5,11.1,100.0,1,0,0,18,0,0,0,26,1,9,0,0,17,17
Lorenzo Taliaferro,8773,HB,BLT,3,32.7,0,3,77.1,87.4,60.0,0,0,9,34.6,37.1,100.0,0,0,0,17,0,0,0,52,13,35,0,0,4,0
Justin Perillo,9248,TE,GB,5,33.3,0,12,81.2,,56.3,0,0,0,0.0,0.0,,0,0,0,17,0,0,0,51,0,34,0,0,17,15
Tre Mason,8710,HB,SL,7,18.3,0,26,52.3,51.8,60.5,0,0,7,18.9,20.0,100.0,1,0,0,17,0,0,0,93,8,40,0,0,9,0
Marquise Goodwin,7859,WR,BUF,2,56.7,0,4,72.4,,60.4,0,0,0,0.0,0.0,,0,0,0,17,0,0,0,30,0,13,0,0,17,0
Michael Campanaro,8852,WR,BLT,4,31.5,0,3,69.6,,72.9,0,0,0,0.0,0.0,,0,0,0,17,0,0,0,54,0,35,0,0,17,0
Darren Waller,9637,WR,BLT,4,37.0,0,3,52.9,,30.8,0,0,0,0.0,0.0,,1,0,0,17,0,0,0,46,0,29,0,0,17,0
Shaun Draughn,6440,HB,SF,5,16.7,0,28,55.2,62.8,,0,1,16,22.9,23.9,90.6,0,2,1,17,0,0,0,102,17,71,0,0,0,0
Stepfan Taylor,7922,HB,ARZ,4,56.7,0,1,50.4,83.8,60.1,0,0,7,58.3,58.3,100.0,0,0,0,17,0,0,0,30,7,12,0,0,10,0
Lemuel Jeanpierre,5853,C,SEA,2,100.0,0,29,61.3,75.4,59.5,0,0,6,100.0,100.0,100.0,0,0,0,17,17,0,0,17,6,6,0,0,11,0
Bishop Sankey,8689,HB,TEN,7,14.4,0,31,49.7,85.2,60.0,0,0,13,19.7,18.3,100.0,0,0,0,17,0,0,0,118,13,71,0,0,4,0
Austin Shepherd,9661,T,MIN,6,100.0,0,18,38.0,45.1,41.2,0,1,6,100.0,100.0,91.7,0,1,0,16,0,0,0,16,6,6,0,6,10,10
Charles Brown,5589,T,DAL,8,100.0,0,9,63.4,69.0,61.2,0,0,1,100.0,100.0,100.0,0,0,0,16,0,0,0,16,1,1,0,0,15,16
Mike McGlynn,4423,G,NO,3,100.0,0,20,63.5,71.3,58.6,0,1,12,100.0,100.0,95.8,0,1,0,16,0,14,0,16,12,12,0,0,4,0
Chris Polk,7532,HB,HST,9,9.7,0,13,51.6,64.3,60.0,0,1,12,11.4,11.8,95.8,0,1,0,16,0,0,0,165,13,110,0,0,3,0
Myles White,8243,WR,NYG,6,29.6,0,21,55.7,,60.4,0,0,0,0.0,0.0,,0,0,0,16,0,0,0,54,0,38,0,0,16,0
Kendall Gaskins,8390,HB,SF,2,35.6,0,28,51.6,82.5,60.0,0,0,8,32.0,34.6,100.0,0,0,0,16,0,0,0,45,9,26,0,0,7,0
Marqise Lee,8674,WR,JAX,4,21.1,0,15,60.9,,40.0,0,0,0,0.0,0.0,,1,0,0,16,0,0,0,76,0,58,0,0,16,0
Geno Smith,7820,QB,NYJ,1,24.6,0,22,60.3,,60.0,0,0,0,0.0,0.0,,0,0,0,16,0,0,0,65,0,49,0,0,16,0
Rex Burkhead,7971,WR,CIN,9,45.7,0,7,61.1,,56.2,0,0,0,0.0,0.0,,0,0,0,16,0,0,0,35,0,18,0,0,16,1
Bradley Marquez,9914,WR,SL,6,34.1,0,26,74.3,,90.4,0,0,0,0.0,0.0,,0,0,0,15,0,0,0,44,0,29,0,0,15,0
Marlon Moore,5887,WR,CLV,6,30.6,0,8,58.8,,78.8,0,0,0,0.0,0.0,,0,0,0,15,0,0,0,49,0,34,0,0,15,1
Preston Parker,5950,WR,NYG,2,19.5,0,21,41.5,,73.8,0,0,0,0.0,0.0,,0,0,0,15,0,0,0,77,0,62,0,0,15,0
Bruce Ellington,8741,WR,SF,7,24.6,1,28,54.7,,60.9,0,0,0,0.0,0.0,,1,0,0,15,0,0,0,61,0,45,0,0,15,0
James Casey,5076,TE,DEN,3,70.0,0,10,61.3,68.8,62.8,0,0,1,14.3,14.3,100.0,0,0,0,14,0,0,0,20,1,7,0,0,13,1
Jonas Gray,7393,HB,MIA,5,15.9,0,17,74.6,86.4,60.0,0,0,8,17.0,17.3,100.0,0,0,0,14,0,0,0,88,9,52,0,0,5,0
Christopher Harper,9950,WR,NE,2,33.3,0,19,66.7,,77.9,0,0,0,0.0,0.0,,0,0,0,14,0,0,0,42,0,28,0,0,14,1
Jerick McKinnon,8731,HB,MIN,10,18.4,0,18,65.8,75.5,60.0,0,1,11,23.9,23.4,95.5,0,1,0,14,0,0,0,76,11,47,0,0,3,0
Jordan Mills,7945,T,BUF,3,100.0,0,4,70.1,64.2,70.2,0,1,6,100.0,100.0,91.7,0,1,0,14,0,0,0,14,7,7,0,11,7,3
Javorius Allen,9558,HB,BLT,10,9.2,0,3,57.0,24.4,60.0,0,3,10,12.3,13.1,85.0,0,3,0,14,0,0,0,152,11,84,0,0,3,0
Bradley Sowell,7693,T,ARZ,3,100.0,0,1,61.2,78.3,56.1,0,0,3,100.0,100.0,100.0,0,0,0,14,0,0,13,14,3,3,0,0,11,1
Ryan Wendell,4602,C,NE,2,100.0,0,19,34.2,0.0,57.4,1,2,5,100.0,100.0,70.0,0,3,0,13,0,0,0,13,5,5,12,0,8,0
Daryl Williams,9535,T,CAR,2,100.0,0,5,48.3,,50.5,0,0,0,,,,0,0,0,13,0,0,0,13,0,0,6,0,13,7
Bryce Harris,7245,T,ATL,1,100.0,0,2,47.0,,56.9,0,0,0,,,,1,0,0,13,0,0,13,13,0,0,0,0,13,0
Shaun Hill,1255,QB,MIN,2,59.1,0,18,40.8,,60.0,0,0,0,0.0,0.0,,0,0,0,13,0,0,0,22,0,8,0,0,13,0
Fozzy Whittaker,8547,HB,CAR,9,18.1,0,5,58.3,60.5,59.1,0,1,7,13.0,13.8,92.9,0,1,0,13,0,0,0,72,8,58,0,0,5,0
Jerome Simpson,4360,WR,SF,2,23.1,0,28,49.3,,60.9,0,0,0,0.0,0.0,,1,0,0,12,0,0,0,52,0,40,0,0,12,0
Geoff Swaim,9679,TE,DAL,2,75.0,0,9,44.9,69.3,56.3,0,0,1,20.0,20.0,100.0,1,0,0,12,0,0,0,16,1,5,0,0,11,15
C.J. Spiller,5534,HB,NO,9,8.5,0,20,68.8,84.3,59.5,0,0,7,6.9,7.5,100.0,0,0,0,12,0,0,0,141,8,107,0,0,4,0
Lance Dunbar,7332,HB,DAL,4,13.5,0,9,80.2,42.6,60.0,0,1,9,12.2,13.3,94.4,0,1,0,12,0,0,0,89,11,83,0,0,1,2
Ryan Mathews,5537,HB,PHI,9,7.0,0,24,68.4,61.6,67.2,0,1,5,6.5,5.7,90.0,0,1,0,12,0,0,0,171,5,87,0,0,7,0
Arian Foster,5398,HB,HST,4,5.8,0,13,65.9,81.4,60.0,0,0,8,7.0,6.5,100.0,0,0,0,11,0,0,0,191,8,123,0,0,3,0
Matthew Slater,4467,WR,NE,6,91.7,0,19,60.0,,60.0,0,0,0,0.0,0.0,,0,0,0,11,0,0,0,12,0,1,0,0,11,0
Tyreek Burwell,10124,T,SD,3,100.0,0,27,55.4,64.2,51.4,0,0,5,100.0,100.0,100.0,0,0,0,11,0,0,8,11,6,6,0,1,5,2
Chandler Worthy,10028,WR,HST,3,25.0,0,13,52.0,,58.4,0,0,0,0.0,0.0,,0,0,0,11,0,0,0,44,0,32,0,0,11,0
Tyson Alualu,5535,DI,JAX,5,78.6,0,15,73.7,,68.7,0,0,0,0.0,0.0,,1,0,0,11,0,0,0,14,0,3,0,0,11,0
Wes Saxton Jr.,9960,TE,NYJ,1,91.7,0,22,59.8,,60.0,0,0,0,0.0,0.0,,0,0,0,11,0,0,0,12,0,1,0,0,11,11
Sean Renfree,8032,QB,ATL,1,84.6,0,2,56.8,,60.0,0,0,0,,,,0,0,0,11,0,0,0,13,0,0,0,0,11,0
Justice Cunningham,8037,TE,SL,1,90.9,0,26,51.5,69.6,53.4,0,0,1,50.0,50.0,100.0,0,0,0,10,0,0,0,11,1,2,0,0,9,11
Trey Burton,9185,TE,PHI,2,45.5,0,24,45.6,,60.3,0,0,0,0.0,0.0,,1,0,0,10,0,0,0,22,0,12,0,0,10,18
Damien Williams,9205,HB,MIA,10,10.4,0,17,58.4,82.7,60.0,0,0,4,5.6,7.7,100.0,0,0,0,10,0,0,0,96,6,78,0,0,4,0
Spencer Ware,7975,HB,KC,4,26.3,0,16,73.0,79.4,60.0,0,0,5,35.7,31.3,100.0,0,0,0,10,0,0,0,38,5,16,0,0,5,0
Jacquizz Rodgers,6297,HB,CHI,5,24.4,0,6,70.4,82.5,59.8,0,0,7,29.2,29.2,100.0,0,0,0,10,0,0,0,41,7,24,0,0,3,0
Denard Robinson,7917,HB,JAX,6,13.5,0,15,63.1,82.7,60.0,0,0,9,18.8,17.6,100.0,0,0,0,10,0,0,0,74,9,51,0,0,1,0
Josh Robinson,9638,HB,IND,5,17.5,0,14,40.5,59.1,,1,0,10,27.0,25.6,95.0,0,1,0,10,0,0,0,57,10,39,0,0,0,0
Andre Williams,8748,HB,NYG,10,8.8,0,21,51.0,78.7,60.0,0,0,7,16.3,17.8,100.0,0,0,0,10,0,0,0,113,8,45,0,0,2,0
Khiry Robinson,8514,HB,NO,8,7.5,0,20,61.2,83.0,60.0,0,0,7,9.7,9.6,100.0,2,0,0,10,0,0,0,133,7,73,0,0,3,0
Zach Zenner,9761,HB,DET,4,19.6,0,11,61.0,81.7,60.0,0,0,4,18.2,28.0,100.0,0,0,0,9,0,0,0,46,7,25,0,0,2,0
Dwayne Bowe,3639,WR,CLV,4,26.5,0,8,69.6,,80.7,0,0,0,0.0,0.0,,0,0,0,9,0,0,0,34,0,25,0,0,9,0
T.J. Johnson,8034,C,CIN,2,100.0,0,7,55.7,78.1,53.6,0,0,4,100.0,100.0,100.0,0,0,0,9,0,1,0,9,4,4,8,0,5,0
Rob Housler,6221,TE,CLV,6,22.0,1,8,48.9,72.4,60.6,0,0,2,6.3,5.9,100.0,1,0,0,9,0,0,0,41,2,34,0,0,7,17
Cameron Artis-Payne,9607,HB,CAR,4,39.1,0,5,69.2,75.3,60.0,0,0,2,50.0,50.0,100.0,0,0,0,9,0,0,0,23,2,4,0,0,7,0
Geremy Davis,9619,WR,NYG,5,25.0,0,21,57.5,,54.3,0,0,0,0.0,0.0,,0,0,0,9,0,0,0,36,0,27,0,0,9,0
Bobby Rainey Jr.,7511,HB,TB,9,29.0,0,30,49.5,83.6,,0,1,8,38.1,36.0,93.7,0,1,0,9,0,0,0,31,9,25,0,0,0,0
Aaron Ripkowski,9639,FB,GB,6,75.0,0,12,74.7,73.0,72.7,0,0,1,25.0,25.0,100.0,0,0,0,9,0,0,0,12,1,4,0,0,8,0
Trent Brown,9677,T,SF,1,100.0,0,28,52.8,40.1,57.4,0,1,7,100.0,100.0,92.9,0,1,0,9,0,0,0,9,7,7,0,9,2,0
Roy Helu,6257,HB,OAK,6,14.3,0,23,62.7,83.2,60.0,0,0,7,15.2,16.3,100.0,0,0,0,9,0,0,0,63,8,49,0,0,1,0
Zurlon Tipton,9164,HB,IND,3,29.6,0,14,49.9,27.5,60.0,0,1,6,28.6,29.2,91.7,0,1,0,8,0,0,0,27,7,24,0,0,1,0
Orleans Darkwa,9173,HB,NYG,5,16.3,0,21,65.7,78.2,60.0,0,0,5,23.8,21.7,100.0,0,0,0,8,0,0,0,49,5,23,0,0,3,0
Kenny Vaccaro,7796,S,NO,5,100.0,2,20,60.0,,60.0,0,0,0,,,,3,0,0,8,0,0,0,8,0,0,0,0,8,0
DeAndrew White,9697,WR,SF,4,26.7,0,28,52.6,,60.9,0,0,0,0.0,0.0,,0,0,0,8,0,0,0,30,0,22,0,0,8,0
Brandon Williams,7876,TE,MIA,3,88.9,0,17,61.2,70.2,60.9,0,0,1,50.0,50.0,100.0,0,0,0,8,0,0,0,9,1,2,0,0,7,4
Sammie Coates,9520,WR,PIT,3,22.2,0,25,56.6,,61.3,0,0,0,0.0,0.0,,0,0,0,8,0,0,0,36,0,28,0,0,8,0
Kellen Clemens,2994,QB,SD,1,57.1,0,27,64.7,,60.0,0,0,0,0.0,0.0,,0,0,0,8,0,0,0,14,0,6,0,0,8,0
Griff Whalen,7351,WR,IND,8,11.4,0,14,90.5,,50.0,0,0,0,0.0,0.0,,0,0,0,8,0,0,0,70,0,62,0,0,8,2
Joe Morgan,6696,WR,BLT,2,57.1,1,3,46.7,,60.0,0,0,0,0.0,0.0,,1,0,0,8,0,0,0,14,0,6,0,0,8,0
Reggie Bush,2947,HB,SF,5,17.0,0,28,54.6,27.1,60.0,0,2,6,16.7,16.2,83.3,0,2,0,8,0,0,0,47,6,37,0,0,2,0
Jordan Todman,6335,HB,PIT,4,50.0,0,25,54.4,0.0,60.0,0,1,1,25.0,40.0,50.0,0,1,0,7,0,0,0,14,2,5,0,0,5,0
Kennard Backman,9646,TE,GB,3,87.5,0,12,57.9,,60.2,0,0,0,0.0,0.0,,0,0,0,7,0,0,0,8,0,1,0,0,7,6
Sam Brenner,8493,C,DEN,2,100.0,0,10,60.2,90.1,58.2,0,1,4,100.0,100.0,87.5,0,1,0,7,6,1,0,7,4,4,0,0,3,0
Scott Simonson,8954,TE,CAR,2,100.0,0,5,55.0,65.9,55.5,0,0,1,100.0,100.0,100.0,0,0,0,7,0,0,0,7,1,1,0,0,6,7
Rico Richardson,8216,WR,TEN,4,17.1,0,31,50.4,,58.9,0,0,0,0.0,0.0,,0,0,0,7,0,0,0,41,0,34,0,0,7,0
Earl Mitchell,5605,DI,MIA,4,87.5,0,17,53.1,72.4,52.3,0,0,1,100.0,50.0,100.0,0,0,0,7,0,0,0,8,1,2,0,0,6,0
Joe Webb III,5722,WR,CAR,3,87.5,0,5,55.4,,54.1,0,0,0,,,,0,0,0,7,0,0,0,8,0,0,0,0,7,0
Jared Abbrederis,8811,WR,GB,5,21.4,0,12,67.2,,60.1,0,0,0,0.0,0.0,,0,0,0,6,0,0,0,28,0,22,0,0,6,0
James Ferentz,9258,C,DEN,5,100.0,0,10,58.4,69.6,57.3,0,0,2,100.0,100.0,100.0,0,0,0,6,0,0,0,6,2,2,0,0,4,4
Knile Davis,7878,HB,KC,6,10.2,0,16,51.6,25.8,60.0,0,1,5,13.5,13.5,90.0,0,1,0,6,0,0,0,59,5,37,0,0,1,3
Brandon Bolden,7469,HB,NE,6,11.5,0,19,63.7,78.8,60.0,0,0,5,13.5,12.8,100.0,0,0,0,6,0,0,0,52,5,39,0,0,1,0
David Parry,9584,DI,IND,4,100.0,0,14,65.5,,64.9,0,0,0,,,,0,0,0,6,0,0,0,6,0,0,0,0,6,0
Jarryd Hayne,10255,HB,SF,5,21.4,0,28,65.7,61.6,,0,0,6,31.6,30.0,83.3,0,1,1,6,0,0,0,28,6,20,0,0,0,0
Kyle Miller,6601,TE,SD,2,85.7,0,27,56.2,,57.9,0,0,0,0.0,0.0,,0,0,0,6,0,0,0,7,0,1,0,0,6,7
Denarius Moore,6300,WR,BUF,5,60.0,0,4,54.9,,60.7,0,0,0,0.0,0.0,,0,0,0,6,0,0,0,10,0,4,0,0,6,0
Matt McGloin,8374,QB,OAK,1,15.0,0,23,44.0,,60.0,0,0,0,0.0,0.0,,0,0,0,6,0,0,0,40,0,34,0,0,6,0
B.J. Daniels,8020,WR,SEA,3,75.0,0,29,81.7,,60.4,0,0,0,0.0,0.0,,0,0,0,6,0,0,0,8,0,2,0,0,6,0
Chase Daniel,5214,QB,KC,1,75.0,0,16,54.8,,60.0,0,0,0,0.0,0.0,,0,0,0,6,0,0,0,8,0,2,0,0,6,0
T.J. Jones,8824,WR,DET,4,24.0,0,11,52.7,,59.1,0,0,0,0.0,0.0,,0,0,0,6,0,0,0,25,0,18,0,0,6,0
Drew Stanton,3659,QB,ARZ,2,37.5,0,1,73.1,,60.0,0,0,0,0.0,0.0,,0,0,0,6,0,0,0,16,0,4,0,0,6,0
Dan Herron,7179,HB,BUF,3,14.3,0,4,47.0,79.3,60.0,0,0,3,14.3,13.6,100.0,0,0,0,5,0,0,0,35,3,22,0,0,2,0
Brittan Golden,7481,WR,ARZ,5,31.3,0,1,59.0,,84.4,0,0,0,0.0,0.0,,0,0,0,5,0,0,0,16,0,11,0,0,5,0
Lawrence Timmons,3631,LB,PIT,3,100.0,0,25,60.0,,60.0,0,0,0,,,,1,0,0,5,0,0,0,5,0,0,0,0,5,0
Kevin Norwood,8758,WR,CAR,1,38.5,0,5,59.6,,86.0,0,0,0,0.0,0.0,,0,0,0,5,0,0,0,13,0,8,0,0,5,0
Stevan Ridley,6225,HB,NYJ,2,29.4,0,22,59.4,79.0,60.0,0,0,3,42.9,50.0,100.0,0,0,0,5,0,0,0,17,4,8,0,0,1,0
Marcus Easley,5631,WR,BUF,4,41.7,0,4,70.3,,53.9,0,0,0,0.0,0.0,,0,0,0,5,0,0,0,12,0,7,0,0,5,0
Bernard Pierce,7085,HB,JAX,5,16.7,0,15,59.3,54.6,60.0,1,0,3,14.3,13.6,83.3,0,1,0,5,0,0,0,30,3,22,0,0,2,0
J.J. Wilcox,7861,S,DAL,4,100.0,0,9,60.0,,60.0,0,0,0,,,,2,0,0,5,0,0,0,5,0,0,0,0,5,0
Terrance West,8729,HB,BLT,2,19.2,0,3,38.0,76.4,60.0,0,0,2,40.0,50.0,100.0,0,0,0,5,0,0,0,26,3,6,0,0,2,0
Mitch Unrein,6031,DI,CHI,4,100.0,0,6,60.3,70.9,59.3,0,0,2,100.0,100.0,100.0,1,0,0,5,0,0,0,5,2,2,0,0,3,2
Karl Klug,6294,DI,TEN,2,100.0,0,31,66.4,69.2,66.3,0,0,1,100.0,100.0,100.0,1,0,0,5,0,0,0,5,1,1,0,0,4,0
Tony Washington,9018,WR,JAX,3,21.7,0,15,55.2,,58.8,0,0,0,0.0,0.0,,0,0,0,5,0,0,0,23,0,17,0,0,5,0
Rod Smith,9996,HB,DAL,3,26.7,0,9,58.8,79.9,60.0,0,0,3,25.0,25.0,100.0,0,0,0,4,0,0,0,15,3,12,0,0,1,0
Chris Barker,8310,T,NE,1,100.0,0,19,60.8,69.8,60.2,0,0,1,100.0,100.0,100.0,0,0,0,4,0,0,0,4,1,1,0,4,3,0
Domata Peko Sr.,3068,DI,CIN,2,100.0,0,7,55.9,69.7,53.6,0,0,1,100.0,100.0,100.0,2,0,0,4,0,0,0,4,1,1,0,0,3,0
Dan Orlovsky,2362,QB,DET,2,8.7,0,11,57.2,,60.0,0,0,0,0.0,0.0,,0,0,0,4,0,0,0,46,0,42,0,0,4,0
Juwan Thompson,8955,HB,DEN,4,22.2,0,10,49.3,78.6,60.0,0,0,3,25.0,23.1,100.0,0,0,0,4,0,0,0,18,3,13,0,0,1,0
Ka'Deem Carey,8752,HB,CHI,3,7.8,0,6,59.1,23.6,60.0,0,1,3,15.8,15.0,83.3,0,1,0,4,0,0,0,51,3,20,0,0,1,0
Quinton Spain,10110,G,TEN,1,100.0,0,31,61.2,77.0,60.0,0,0,3,100.0,100.0,100.0,0,0,0,4,0,4,0,4,3,3,0,0,1,0
Dakota Dozier,8772,G,NYJ,2,100.0,0,22,60.0,78.1,,0,0,4,100.0,100.0,100.0,0,0,0,4,4,0,0,4,4,4,0,0,0,0
Derek Anderson,2430,QB,CAR,1,66.7,0,5,40.9,,60.0,0,0,0,,,,0,0,0,4,0,0,0,6,0,0,0,0,4,0
Wes Welker,2204,WR,SL,2,14.3,0,26,60.2,,60.4,0,0,0,0.0,0.0,,0,0,0,4,0,0,0,28,0,24,0,0,4,0
Jimmy Garoppolo,8697,QB,NE,4,44.4,0,19,62.3,,60.0,0,0,0,,,,0,0,0,4,0,0,0,9,0,0,0,0,4,0
Matt Moore,4018,QB,MIA,1,42.9,0,17,62.8,,60.0,0,0,0,0.0,0.0,,0,0,0,3,0,0,0,7,0,1,0,0,3,0
J.J. Watt,6163,DI,HST,3,75.0,0,13,57.7,,60.0,0,0,0,0.0,0.0,,5,0,0,3,0,0,0,4,0,1,0,0,3,3
Cameron Lynch,9911,LB,SL,3,100.0,0,26,60.0,72.5,,0,0,3,100.0,100.0,100.0,0,0,0,3,0,0,0,3,3,3,0,0,0,0
Kerwynn Williams,8013,HB,ARZ,1,37.5,0,1,51.5,74.6,60.0,0,0,1,20.0,20.0,100.0,0,0,0,3,0,0,0,8,1,5,0,0,2,0
Brian De La Puente,4679,C,WAS,1,100.0,0,32,60.0,,59.2,0,0,0,,,,0,0,0,3,3,0,0,3,0,0,0,0,3,0
Bryce Hager,9657,LB,SL,3,100.0,0,26,60.0,79.3,,0,0,3,100.0,100.0,100.0,0,0,0,3,0,0,0,3,3,3,0,0,0,0
Daren Bates,8077,LB,SL,3,100.0,0,26,60.0,72.5,,0,0,3,100.0,100.0,100.0,0,0,0,3,0,0,0,3,3,3,0,0,0,0
Colt McCoy,5609,QB,WAS,1,100.0,0,32,60.0,,60.0,0,0,0,,,,1,0,0,3,0,0,0,3,0,0,0,0,3,0
Jake McQuaide,6586,LS,SL,3,100.0,0,26,60.0,72.0,,0,0,3,100.0,100.0,100.0,0,0,0,3,0,0,0,3,3,3,0,0,0,0
Chase Coffman,5021,TE,TEN,1,8.3,0,31,62.5,,59.3,0,0,0,0.0,0.0,,2,0,0,3,0,0,0,36,0,33,0,0,3,9
Tayo Fabuluje,9616,T,CHI,1,100.0,0,6,59.7,,57.6,0,0,0,,,,0,0,0,2,0,0,0,2,0,0,0,0,2,2
Glenn Winston,9375,HB,CLV,1,28.6,0,8,59.3,72.7,,0,0,2,28.6,28.6,100.0,0,0,0,2,0,0,0,7,2,7,0,0,0,0
Jacoby Jones,3689,WR,PIT,1,66.7,0,25,59.3,,60.0,0,0,0,0.0,0.0,,0,0,0,2,0,0,0,3,0,1,0,0,2,0
Tim Hightower,4463,HB,NO,1,12.5,0,20,77.9,70.6,,0,0,2,40.0,40.0,100.0,0,0,0,2,0,0,0,16,2,5,0,0,0,0
Rod Streater,7416,WR,OAK,1,20.0,0,23,68.0,,60.0,0,0,0,0.0,0.0,,0,0,0,2,0,0,0,10,0,8,0,0,2,0
T.J. Graham,7071,WR,NO,2,28.6,0,20,73.7,,59.9,0,0,0,0.0,0.0,,0,0,0,2,0,0,0,7,0,5,0,0,2,0
Justin Drescher,6117,LS,NO,2,100.0,0,20,60.0,,60.0,0,0,1,100.0,100.0,100.0,0,0,0,2,0,0,0,2,1,1,0,0,1,0
Scott Tolzien,6749,QB,GB,1,100.0,0,12,60.0,,60.0,0,0,0,,,,0,0,0,2,0,0,0,2,0,0,0,0,2,0
Richard Brockel,6037,TE,CAR,2,66.7,0,5,38.6,61.8,60.0,0,0,1,100.0,50.0,100.0,1,0,0,2,0,0,0,3,1,2,0,0,1,2
Austin Pasztor,7689,G,CLV,1,100.0,0,8,59.3,,59.0,0,0,0,,,,0,0,0,2,0,2,0,2,0,0,0,0,2,0
Taylor Boggs,6727,G,DET,2,100.0,0,11,60.0,,60.0,0,0,0,,,,0,0,0,2,0,0,0,2,0,0,0,0,2,2
Paul Richardson Jr.,8680,WR,SEA,1,33.3,0,29,90.1,,60.0,0,0,0,0.0,0.0,,0,0,0,2,0,0,0,6,0,4,0,0,2,0
Christine Michael,7843,HB,DAL,5,7.7,0,9,46.9,77.5,,0,0,2,18.2,18.2,100.0,0,0,0,2,0,0,0,26,2,11,0,0,0,0
David Cobb,9571,HB,TEN,1,22.2,0,31,48.6,77.5,,0,0,2,40.0,40.0,100.0,0,0,0,2,0,0,0,9,2,5,0,0,0,0
Jay Ajayi,9582,HB,MIA,3,6.5,0,17,74.1,,60.0,0,0,0,0.0,0.0,,0,0,0,2,0,0,0,31,0,13,0,0,2,0
Morgan Cox,6020,LS,BLT,2,100.0,0,3,60.0,62.1,60.0,0,0,1,100.0,100.0,100.0,0,0,0,2,0,0,0,2,1,1,0,0,1,0
Bobby Hart,9659,T,NYG,1,100.0,0,21,59.8,,57.9,0,0,0,,,,0,0,0,2,0,0,0,2,0,0,0,0,2,2
Corey Grant,9827,HB,JAX,6,11.1,0,15,30.5,,60.0,0,0,0,0.0,0.0,,0,0,0,2,0,0,0,18,0,10,0,0,2,0
Taiwan Jones,6277,HB,OAK,7,3.5,0,23,85.4,65.8,60.0,0,0,1,2.6,2.6,100.0,0,0,0,2,0,0,0,57,1,39,0,0,1,0
Antone Smith,5440,HB,CHI,2,50.0,0,6,66.9,,60.0,0,0,0,0.0,0.0,,0,0,0,2,0,0,0,4,0,1,0,0,2,0
Sio Moore,7847,LB,IND,1,100.0,0,14,60.0,,60.0,0,0,0,,,,1,0,0,1,0,0,0,1,0,0,0,0,1,0
Tyrell Williams,10154,WR,SD,1,25.0,0,27,57.1,,60.0,0,0,0,0.0,0.0,,0,0,0,1,0,0,0,4,0,3,0,0,1,0
Nate Irving,6219,LB,IND,1,100.0,0,14,60.0,,60.0,0,0,0,,,,0,0,0,1,0,0,0,1,0,0,0,0,1,0
Mark Glowinski,9567,G,SEA,1,100.0,0,29,60.0,,60.0,0,0,0,,,,0,0,0,1,0,0,0,1,0,0,1,0,1,0
C.J. Mosley,8652,LB,BLT,1,100.0,0,3,60.0,,60.0,0,0,0,,,,4,0,0,1,0,0,0,1,0,0,0,0,1,0
Arie Kouandjio,9545,G,WAS,1,100.0,0,32,60.0,71.1,,0,0,1,100.0,100.0,100.0,0,0,0,1,0,1,0,1,1,1,0,0,0,0
Clayton Geathers,9542,S,IND,1,100.0,0,14,60.0,,60.0,0,0,0,,,,1,0,0,1,0,0,0,1,0,0,0,0,1,0
Brynden Trawick,8471,S,BLT,1,100.0,0,3,60.0,,60.0,0,0,0,,,,1,0,0,1,0,0,0,1,0,0,0,0,1,0
Seyi Ajirotutu,6035,WR,PHI,2,33.3,0,24,55.1,,60.0,0,0,0,0.0,0.0,,0,0,0,1,0,0,0,3,0,2,0,0,1,0
Colt Anderson,5242,S,IND,1,100.0,0,14,60.0,,60.0,0,0,0,,,,0,0,0,1,0,0,0,1,0,0,0,0,1,0
Dan Skuta,5349,LB,JAX,1,100.0,0,15,60.0,,60.0,0,0,0,,,,1,0,0,1,0,0,0,1,0,0,0,0,1,0
Thurston Armbrister,9825,LB,JAX,1,100.0,0,15,60.0,,60.0,0,0,0,,,,0,0,0,1,0,0,0,1,0,0,0,0,1,0
Bjoern Werner,7805,ED,IND,1,100.0,0,14,60.0,,60.0,0,0,0,,,,0,0,0,1,0,0,0,1,0,0,0,0,1,0
Nick Marshall,9829,CB,JAX,1,100.0,0,15,60.0,,60.0,0,0,0,,,,0,0,0,1,0,0,0,1,0,0,0,0,1,0
John Lotulelei,8311,LB,JAX,1,100.0,0,15,60.0,,60.0,0,0,0,,,,0,0,0,1,0,0,0,1,0,0,0,0,1,0
Cody Davis,8458,S,SL,3,33.3,0,26,58.4,,,0,0,1,33.3,33.3,100.0,0,0,0,1,0,0,0,3,1,3,0,0,0,0
Zach Hocker,8862,K,NO,1,100.0,0,20,60.0,,60.0,0,0,0,,,,0,0,0,1,0,0,0,1,0,0,0,0,1,0
Cierre Wood,8343,HB,BUF,2,10.0,0,4,57.4,69.2,,0,0,1,14.3,12.5,100.0,0,0,0,1,0,0,0,10,1,8,0,0,0,0
Mitchell Henry,9927,TE,DEN,1,100.0,0,10,60.0,,60.0,0,0,0,,,,0,0,0,1,0,0,0,1,0,0,0,0,1,1
Winston Guy,7171,S,IND,1,100.0,0,14,60.0,,60.0,0,0,0,,,,0,0,0,1,0,0,0,1,0,0,0,0,1,0
Lawrence Guy,6385,DI,BLT,1,100.0,0,3,60.0,62.1,,0,0,1,100.0,100.0,100.0,1,0,0,1,0,0,0,1,1,1,0,0,0,0
Carson Tinker,8043,LS,JAX,1,100.0,0,15,60.0,,60.0,0,0,0,,,,0,0,0,1,0,0,0,1,0,0,0,0,1,0
Kai Forbath,6860,K,NO,1,100.0,0,20,60.0,,,0,0,1,100.0,100.0,100.0,0,0,0,1,0,0,0,1,1,1,0,0,0,0
Josh McNary,8073,LB,IND,1,100.0,0,14,60.0,,60.0,0,0,0,,,,0,0,0,1,0,0,0,1,0,0,0,0,1,0
Kenjon Barner,7963,HB,PHI,1,8.3,0,24,50.2,,60.0,0,0,0,0.0,0.0,,0,0,0,1,0,0,0,12,0,4,0,0,1,0
Kyle Williams,3079,DI,BUF,1,100.0,0,4,60.0,,59.7,0,0,0,,,,2,0,0,1,0,0,0,1,0,0,0,0,1,1
Sam Koch,3148,P,BLT,2,50.0,0,3,61.5,,60.0,0,0,0,0.0,0.0,,0,0,0,1,0,0,0,2,0,1,0,0,1,0
Greg Mancz,10019,C,HST,1,100.0,0,13,60.0,71.0,,0,0,1,100.0,100.0,100.0,0,0,0,1,0,1,0,1,1,1,0,0,0,0
Zac Kerin,8960,C,MIN,1,100.0,0,18,60.0,72.7,,0,0,1,100.0,100.0,100.0,0,0,0,1,0,1,0,1,1,1,0,0,0,0
Chase Reynolds,6892,HB,SL,2,50.0,0,26,59.3,62.0,,0,0,1,50.0,50.0,100.0,0,0,0,1,0,0,0,2,1,2,0,0,0,0
Bryan Anger,7072,P,JAX,1,100.0,0,15,60.0,,60.0,0,0,0,,,,0,0,0,1,0,0,0,1,0,0,0,0,1,0
Matt Overton,6979,LS,IND,1,100.0,0,14,60.0,,60.0,0,0,0,,,,0,0,0,1,0,0,0,1,0,0,0,0,1,0
George Winn,8123,HB,DET,1,33.3,0,11,56.5,,60.0,0,0,0,0.0,0.0,,0,0,0,1,0,0,0,3,0,1,0,0,1,0
Richard Gordon,6333,TE,DEN,1,100.0,0,10,60.0,,59.4,0,0,0,,,,0,0,0,1,0,0,0,1,0,0,0,0,1,1
Albert McClellan,6022,ED,BLT,1,100.0,0,3,60.0,,60.0,0,0,0,,,,0,0,0,1,0,0,0,1,0,0,0,0,1,0
Zachary Orr,9326,LB,BLT,1,100.0,0,3,60.0,,60.0,0,0,0,,,,0,0,0,1,0,0,0,1,0,0,0,0,1,0
Frankie Hammond,8156,WR,KC,1,50.0,0,16,72.5,,84.6,0,0,0,0.0,0.0,,0,0,0,1,0,0,0,2,0,1,0,0,1,0
Ryan Davis Sr.,7365,ED,JAX,1,100.0,0,15,60.0,,60.0,0,0,0,,,,1,0,0,1,0,0,0,1,0,0,0,0,1,0
