player,player_id,position,team_name,player_game_count,assists,franchise_id,hits,hurries,lhs_assists,lhs_hits,lhs_hurries,lhs_misses,lhs_pass_rush_percent,lhs_pass_rush_snaps,lhs_pressures,lhs_prp,lhs_sacks,lhs_stops,lhs_tackles,misses,pass_rush_percent,pass_rush_snaps,pass_snaps,pressures,prp,rhs_assists,rhs_hits,rhs_hurries,rhs_misses,rhs_pass_rush_percent,rhs_pass_rush_snaps,rhs_pressures,rhs_prp,rhs_sacks,rhs_stops,rhs_tackles,sacks,stops,tackles
Cary Williams,4543,CB,WAS,11,0,32,0,0,0,0,0,0,0.0,0,0,,0,0,0,0,0.3,1,353,1,100.0,0,0,0,0,100.0,1,1,100.0,1,1,0,1,1,0
Jason McCourty,5127,CB,TEN,4,0,31,0,1,0,0,1,0,100.0,1,1,50.0,0,0,0,0,0.9,1,115,1,50.0,0,0,0,0,0.0,0,0,,0,0,0,0,0,0
Mike Jenkins,4339,CB,TB,10,0,30,0,1,0,0,0,0,0.0,0,0,,0,0,0,0,0.5,1,187,1,50.0,0,0,1,0,100.0,1,1,50.0,0,0,0,0,0,0
Vontae Davis,4948,CB,IND,16,0,14,0,1,0,0,0,0,0.0,0,0,,0,0,0,0,0.2,1,589,1,50.0,0,0,1,0,100.0,1,1,50.0,0,0,0,0,0,0
Steve Williams,7927,CB,SD,11,0,27,0,0,0,0,0,0,50.0,1,0,0.0,0,0,0,0,1.2,2,162,1,50.0,0,0,0,0,50.0,1,1,100.0,1,1,0,1,1,0
Dewey McDonald,8913,S,OAK,1,0,23,1,0,0,0,0,0,,0,0,,0,0,0,0,100.0,1,1,1,50.0,0,0,0,0,,0,0,,0,0,0,0,0,0
Terence Newman,1321,CB,MIN,17,0,18,0,2,0,0,0,0,0.0,0,0,,0,0,0,0,0.3,2,586,2,50.0,0,0,2,0,100.0,2,2,50.0,0,0,0,0,0,0
Joe Mays,4514,LB,SD,1,0,27,0,1,0,0,1,0,100.0,1,1,50.0,0,0,0,0,25.0,1,4,1,50.0,0,0,0,0,0.0,0,0,,0,0,0,0,0,0
Jordan Kovacs,8275,S,MIA,1,0,17,0,0,0,0,0,0,100.0,2,1,50.0,1,1,0,0,22.2,2,9,1,50.0,0,0,0,0,0.0,0,0,,0,0,0,1,1,0
Neiko Thorpe,7716,CB,OAK,14,0,23,0,1,0,0,0,0,,0,0,,0,0,0,0,0.3,1,321,1,50.0,0,0,0,0,,0,0,,0,0,0,0,0,0
Trumaine Johnson,7067,CB,SL,14,0,26,0,1,0,0,1,0,100.0,1,1,50.0,0,0,0,0,0.2,1,521,1,50.0,0,0,0,0,0.0,0,0,,0,0,0,0,0,0
Desmond Trufant,7803,CB,ATL,16,0,2,0,0,0,0,0,0,100.0,2,1,50.0,1,1,0,0,0.4,2,547,1,50.0,0,0,0,0,0.0,0,0,,0,0,0,1,1,0
Darius Slay,7817,CB,DET,16,0,11,0,2,0,0,2,2,100.0,2,2,50.0,0,0,0,2,0.3,2,580,2,50.0,0,0,0,0,0.0,0,0,,0,0,0,0,0,0
Brandon Carr,4454,CB,DAL,16,0,9,1,0,0,0,0,0,0.0,0,0,,0,0,0,0,0.2,1,557,1,50.0,0,1,0,0,100.0,1,1,50.0,0,0,0,0,0,0
Justin Coleman,9892,CB,NE,11,0,19,1,1,0,1,0,0,50.0,1,1,50.0,0,0,0,0,0.7,2,292,2,50.0,0,0,1,0,50.0,1,1,50.0,0,0,0,0,0,0
Blidi Wreh-Wilson,7851,CB,TEN,9,0,31,0,1,0,0,1,0,100.0,1,1,50.0,0,0,0,0,0.5,1,194,1,50.0,0,0,0,0,0.0,0,0,,0,0,0,0,0,0
Quinten Rollins,9495,CB,GB,14,0,12,0,3,0,0,1,0,33.3,2,1,25.0,0,0,0,0,2.4,6,254,4,41.7,0,0,2,0,66.7,4,3,50.0,1,1,0,1,1,0
Peyton Thompson,7235,CB,JAX,5,0,15,0,1,0,0,0,0,0.0,0,0,,0,0,0,0,6.6,4,61,2,37.5,0,0,1,0,100.0,4,2,37.5,1,1,0,1,1,0
Marcus Burley,8142,CB,SEA,9,0,29,0,3,0,0,2,1,57.1,4,2,25.0,0,0,0,1,5.0,7,139,4,35.7,0,0,1,0,42.9,3,2,50.0,1,1,0,1,1,0
Brandon Flowers,4349,CB,SD,11,0,27,0,0,0,0,0,0,0.0,0,0,,0,0,0,0,0.8,3,361,1,33.3,0,0,0,0,100.0,3,1,33.3,1,1,0,1,1,0
Tracy Porter,4354,CB,CHI,14,0,6,0,2,0,0,2,0,100.0,3,2,33.3,0,0,0,0,0.6,3,495,2,33.3,0,0,0,0,0.0,0,0,,0,0,0,0,0,0
Jason Verrett,8660,CB,SD,14,0,27,1,1,0,1,1,0,100.0,3,2,33.3,0,0,0,0,0.7,3,405,2,33.3,0,0,0,0,0.0,0,0,,0,0,0,0,0,0
Colin Jones,6342,S,CAR,7,0,5,1,2,0,0,1,0,40.0,2,1,25.0,0,0,0,0,4.2,5,118,3,30.0,0,1,1,0,60.0,3,2,33.3,0,0,0,0,0,0
Devin McCourty,5552,S,NE,16,0,19,0,1,0,0,0,0,20.0,1,1,100.0,1,1,0,0,0.8,5,651,2,30.0,0,0,1,0,80.0,4,1,12.5,0,0,0,1,1,0
Walter Thurmond,5635,S,PHI,16,0,24,2,3,0,0,2,0,33.3,5,2,20.0,0,0,0,0,2.2,15,685,7,30.0,0,2,1,0,66.7,10,5,35.0,2,2,0,2,2,0
Chris Banjo,8419,S,GB,7,0,12,0,1,0,0,0,0,50.0,2,0,0.0,0,0,0,0,6.8,5,74,2,30.0,0,0,1,0,50.0,2,2,75.0,1,0,0,1,0,1
Nate Irving,6219,LB,IND,5,0,14,0,2,0,0,0,0,28.6,2,1,50.0,1,1,0,0,14.6,7,48,3,28.6,0,0,2,0,71.4,5,2,20.0,0,0,0,1,1,0
Tavon Wilson,7051,CB,NE,7,0,19,1,3,0,1,0,0,14.3,1,1,50.0,0,0,0,0,11.3,7,62,4,28.6,0,0,3,0,85.7,6,3,25.0,0,0,0,0,0,0
Antoine Bethea,3152,S,SF,7,0,28,2,1,0,1,1,0,71.4,5,2,20.0,0,0,0,0,3.5,9,258,4,27.8,0,0,0,0,28.6,2,1,50.0,1,0,0,1,0,0
Ron Parker,6625,S,KC,18,0,16,0,4,0,0,1,1,51.9,14,2,10.7,1,1,0,1,3.6,27,750,9,25.9,0,0,3,0,48.1,13,7,42.3,4,4,0,5,5,0
Aaron Williams,6186,S,BUF,3,0,4,1,0,0,1,0,0,100.0,2,1,25.0,0,0,0,0,1.6,2,122,1,25.0,0,0,0,0,0.0,0,0,,0,0,0,0,0,0
Steven Johnson,7298,LB,TEN,1,0,31,0,1,0,0,1,0,100.0,2,1,25.0,0,0,0,0,14.3,2,14,1,25.0,0,0,0,0,0.0,0,0,,0,0,0,0,0,0
Brent Grimes,3589,CB,MIA,15,0,17,0,1,0,0,1,0,100.0,2,1,25.0,0,0,0,0,0.4,2,490,1,25.0,0,0,0,0,0.0,0,0,,0,0,0,0,0,0
Antrel Rolle,2225,S,CHI,7,0,6,0,1,0,0,1,0,100.0,2,1,25.0,0,0,0,0,0.9,2,218,1,25.0,0,0,0,0,0.0,0,0,,0,0,0,0,0,0
Chris Lewis-Harris,7624,CB,CIN,5,0,7,1,0,0,0,0,0,0.0,0,0,,0,0,0,0,3.9,2,51,1,25.0,0,1,0,0,100.0,2,1,25.0,0,0,0,0,0,0
Travis Lewis,7207,LB,DET,8,0,11,0,2,0,0,2,0,62.5,5,2,20.0,0,0,0,0,17.0,8,47,3,25.0,0,0,0,0,37.5,3,1,33.3,1,1,0,1,1,0
Corey White,7652,CB,ARZ,5,0,1,0,1,0,0,0,0,0.0,0,0,,0,0,0,0,2.6,2,76,1,25.0,0,0,1,0,100.0,2,1,25.0,0,0,0,0,0,0
Tre Boston,8763,S,CAR,15,0,5,0,0,0,0,0,0,75.0,3,1,33.3,1,1,0,0,1.9,4,210,1,25.0,0,0,0,0,25.0,1,0,0.0,0,0,0,1,1,0
Jamar Taylor,7835,CB,MIA,12,0,17,0,1,0,0,1,0,50.0,1,1,50.0,0,0,0,0,0.5,2,383,1,25.0,0,0,0,0,50.0,1,0,0.0,0,0,0,0,0,0
James Sample,9537,S,JAX,4,0,15,0,1,0,0,0,0,0.0,0,0,,0,0,0,0,2.7,2,75,1,25.0,0,0,1,0,100.0,2,1,25.0,0,0,0,0,0,0
Kyle Van Noy,8675,LB,DET,9,0,11,1,0,0,1,0,0,50.0,1,1,50.0,0,0,0,0,6.5,2,31,1,25.0,0,0,0,0,50.0,1,0,0.0,0,0,0,0,0,0
Nolan Carroll,5668,CB,PHI,11,0,24,0,1,0,0,0,0,0.0,0,0,,0,0,0,0,0.5,2,424,1,25.0,0,0,1,0,100.0,2,1,25.0,0,0,0,0,0,0
Tramaine Brock Sr.,5903,CB,SF,15,0,28,0,3,0,0,1,0,33.3,2,1,25.0,0,0,0,0,1.1,6,552,3,25.0,0,0,2,0,66.7,4,2,25.0,0,0,0,0,0,0
Michael Morgan,6623,LB,SEA,8,0,29,0,3,0,0,2,0,30.0,3,2,33.3,0,0,0,0,18.5,10,54,4,25.0,0,0,1,0,70.0,7,2,21.4,1,1,0,1,1,0
Jimmy Wilson,6387,S,SD,13,0,27,1,2,0,1,1,0,50.0,5,2,20.0,0,0,0,0,3.5,10,289,4,25.0,0,0,1,0,50.0,5,2,30.0,1,1,0,1,1,0
Terrance Mitchell,8888,CB,DAL,5,0,9,0,1,0,0,0,0,50.0,3,1,33.3,1,1,0,0,8.0,6,75,2,25.0,0,0,1,0,50.0,3,1,16.7,0,0,0,1,1,0
Kemal Ishmael,8026,S,ATL,13,0,2,0,1,0,0,1,0,100.0,2,1,25.0,0,0,0,0,0.9,2,216,1,25.0,0,0,0,0,0.0,0,0,,0,0,0,0,0,0
Byron Jones,9460,CB,DAL,16,0,9,0,2,0,0,1,0,50.0,2,1,25.0,0,0,0,0,0.8,4,476,2,25.0,0,0,1,0,50.0,2,1,25.0,0,0,0,0,0,0
Sergio Brown,5803,S,JAX,15,0,15,0,3,0,0,1,0,60.0,9,3,27.8,2,1,0,0,5.0,15,300,5,23.3,0,0,2,0,40.0,6,2,16.7,0,0,0,2,1,0
Jahleel Addae,8117,S,SD,13,0,27,0,3,0,0,0,0,33.3,4,1,25.0,1,1,0,0,2.9,12,416,4,20.8,0,0,3,0,66.7,8,3,18.8,0,0,0,1,1,0
Patrick Robinson,5557,CB,SD,16,0,27,1,3,0,1,2,0,40.0,4,3,37.5,0,0,0,1,2.4,10,417,4,20.0,0,0,1,1,60.0,6,1,8.3,0,0,0,0,0,0
Mike Adams,1972,S,IND,13,0,14,0,2,0,0,2,1,50.0,5,2,20.0,0,0,0,1,2.2,10,451,3,20.0,0,0,0,0,50.0,5,1,20.0,1,1,0,1,1,0
Demontre Hurst,8359,S,CHI,4,0,6,2,0,0,1,0,0,60.0,3,1,16.7,0,0,0,0,10.2,5,49,2,20.0,0,1,0,0,40.0,2,1,25.0,0,0,0,0,0,0
Captain Munnerlyn,5140,CB,MIN,17,0,18,2,6,0,2,3,0,48.0,12,5,20.8,0,0,0,0,4.7,25,527,9,20.0,0,0,3,0,52.0,13,4,19.2,1,1,0,1,1,0
Rontez Miles,8102,S,NYJ,7,0,22,0,2,0,0,1,0,80.0,4,1,12.5,0,0,0,0,6.8,5,73,2,20.0,0,0,1,0,20.0,1,1,50.0,0,0,0,0,0,0
Damien Wilson,9560,LB,DAL,2,0,9,0,2,0,0,2,1,100.0,5,2,20.0,0,0,0,1,31.3,5,16,2,20.0,0,0,0,0,0.0,0,0,,0,0,0,0,0,0
Harrison Smith,7641,S,MIN,14,0,18,5,5,0,4,3,0,54.3,19,8,23.7,1,1,0,0,7.0,35,499,12,20.0,0,1,2,0,45.7,16,4,15.6,1,1,0,2,2,0
Trevin Wade,7227,CB,NYG,14,0,21,4,2,0,3,1,0,53.3,8,4,25.0,0,0,0,0,4.3,15,347,6,20.0,0,1,1,0,46.7,7,2,14.3,0,0,0,0,0,0
Zachary Orr,9326,LB,BLT,13,0,3,1,4,0,0,1,0,52.9,9,2,16.7,1,2,1,0,15.4,18,117,6,19.4,0,1,3,0,47.1,8,4,25.0,0,0,0,1,2,1
Wesley Woodyard,4583,LB,TEN,16,1,31,2,4,1,2,4,0,69.2,27,10,25.9,4,4,0,0,18.8,42,224,11,19.0,0,0,0,0,30.8,12,1,8.3,1,1,0,5,5,0
Will Allen,1832,S,PIT,15,0,25,1,8,0,0,4,0,48.9,22,5,13.6,1,1,0,0,7.6,45,589,13,18.9,0,1,4,0,51.1,23,8,23.9,3,3,0,4,4,0
Ben Heeney,9573,LB,OAK,10,0,23,0,3,0,0,1,0,55.0,11,2,13.6,1,1,0,0,11.7,24,206,6,18.8,0,0,1,0,45.0,9,2,16.7,1,1,0,3,3,0
Dwight Lowery,4427,S,IND,16,0,14,1,4,0,1,1,0,57.9,11,3,18.2,1,1,0,0,3.1,19,612,6,18.4,0,0,3,0,42.1,8,3,18.8,0,0,0,1,1,0
K'Waun Williams,9332,CB,CLV,13,0,8,0,3,0,0,1,0,42.1,8,2,18.8,1,1,0,0,5.8,19,328,5,18.4,0,0,2,0,57.9,11,3,18.2,1,1,0,2,2,0
Bryan Braman,6699,ED,PHI,4,0,24,0,2,0,0,2,0,100.0,11,3,18.2,1,1,0,0,100.0,11,11,3,18.2,0,0,0,0,0.0,0,0,,0,0,0,1,1,0
Valentino Blake,7362,CB,PIT,18,0,25,0,2,0,0,1,0,45.5,5,1,10.0,0,0,0,0,1.7,11,631,3,18.2,0,0,1,0,54.5,6,2,25.0,1,1,0,1,1,0
Kyle Wilson,5554,CB,NO,15,0,20,2,2,0,0,1,0,36.4,4,1,12.5,0,0,0,0,3.2,11,342,4,18.2,0,2,1,0,63.6,7,3,21.4,0,0,0,0,0,0
Josh Wilson,3671,CB,DET,8,0,11,0,2,0,0,1,0,36.4,4,1,12.5,0,0,0,0,6.4,11,173,3,18.2,0,0,1,0,63.6,7,2,21.4,1,1,0,1,1,0
Trenton Robinson,7170,S,WAS,8,0,32,1,3,0,0,2,0,63.6,7,2,14.3,0,0,0,0,4.4,11,252,4,18.2,0,1,1,0,36.4,4,2,25.0,0,0,0,0,0,0
A.J. Klein,7930,LB,CAR,13,0,5,0,1,0,0,0,0,38.5,5,1,20.0,1,0,0,0,7.0,14,199,3,17.9,0,0,1,0,61.5,8,2,18.8,1,2,1,2,2,1
Cortland Finnegan,3160,CB,CAR,8,0,5,3,3,0,0,1,0,29.4,5,1,10.0,0,0,0,0,6.4,17,266,6,17.6,0,3,2,0,70.6,12,5,20.8,0,0,0,0,0,0
Aaron Colvin,8749,CB,JAX,16,0,15,1,5,0,1,3,0,54.3,19,5,15.8,1,1,0,0,5.7,35,617,9,17.1,0,0,2,0,45.7,16,4,18.8,2,2,0,3,3,0
Logan Ryan,7864,CB,NE,18,0,19,0,1,0,0,1,0,100.0,3,1,16.7,0,0,0,0,0.4,3,693,1,16.7,0,0,0,0,0.0,0,0,,0,0,0,0,0,0
Michael Thomas,7279,S,MIA,16,0,17,0,1,0,0,0,0,66.7,2,0,0.0,0,0,0,0,0.9,3,337,1,16.7,0,0,1,0,33.3,1,1,50.0,0,0,0,0,0,0
Philip Wheeler,4407,LB,ATL,9,0,2,1,1,0,1,1,0,81.8,9,3,22.2,1,1,0,0,17.9,12,67,3,16.7,0,0,0,0,18.2,2,0,0.0,0,0,0,1,1,0
Damarious Randall,9463,CB,GB,17,0,12,0,2,0,0,2,1,83.3,5,2,20.0,0,0,0,1,1.0,6,573,2,16.7,0,0,0,0,16.7,1,0,0.0,0,0,0,0,0,0
Jimmy Smith,6179,CB,BLT,16,0,3,0,1,0,0,0,0,0.0,0,0,,0,0,0,0,0.5,3,579,1,16.7,0,0,1,0,100.0,3,1,16.7,0,0,1,0,0,1
Kyle Fuller,8649,CB,CHI,16,0,6,0,1,0,0,1,0,66.7,2,1,25.0,0,0,0,0,0.5,3,578,1,16.7,0,0,0,0,33.3,1,0,0.0,0,0,0,0,0,0
Tramon Williams,3558,CB,CLV,15,0,8,1,0,0,0,0,0,33.3,1,0,0.0,0,0,0,0,0.6,3,511,1,16.7,0,1,0,0,66.7,2,1,25.0,0,0,0,0,0,0
T.J. Carrie,8853,CB,OAK,15,0,23,0,2,0,0,2,0,80.0,4,2,25.0,0,0,0,0,1.0,6,580,2,16.7,0,0,0,0,20.0,1,0,0.0,0,0,0,0,0,0
Dion Bailey,9042,S,NYJ,5,0,22,0,0,0,0,0,0,16.7,1,0,0.0,0,0,0,0,5.8,6,104,1,16.7,0,0,0,0,83.3,5,1,20.0,1,2,1,1,2,1
Paul Dawson,9532,LB,CIN,6,0,7,0,1,0,0,1,0,100.0,3,1,16.7,0,0,0,0,10.3,3,29,1,16.7,0,0,0,0,0.0,0,0,,0,0,0,0,0,0
Major Wright,5600,S,TB,9,0,30,0,1,0,0,1,0,66.7,2,1,25.0,0,0,0,0,2.6,3,115,1,16.7,0,0,0,0,33.3,1,0,0.0,0,0,0,0,0,0
Lamarcus Joyner,8676,CB,SL,16,0,26,0,5,0,0,4,1,63.6,21,7,23.8,3,2,2,1,6.7,33,493,8,16.7,0,0,1,0,36.4,12,1,4.2,0,0,0,3,2,2
Jairus Byrd,4965,S,NO,13,0,20,1,0,0,0,0,0,44.4,4,0,0.0,0,0,0,0,1.9,9,475,2,16.7,0,1,0,0,55.6,5,2,30.0,1,1,0,1,1,0
Ramik Wilson,9551,LB,KC,3,0,16,0,1,0,0,0,0,0.0,0,0,,0,0,0,0,6.0,3,50,1,16.7,0,0,1,0,100.0,3,1,16.7,0,0,0,0,0,0
Najee Goode,7137,LB,PHI,4,0,24,0,1,0,0,1,0,33.3,1,1,50.0,0,0,0,0,13.6,3,22,1,16.7,0,0,0,0,66.7,2,0,0.0,0,0,0,0,0,0
Kevin Pierre-Louis,8767,LB,SEA,8,0,29,1,1,0,0,0,0,33.3,2,0,0.0,0,0,0,0,10.7,6,56,2,16.7,0,1,1,0,66.7,4,2,25.0,0,0,0,0,0,0
Tyvon Branch,4414,S,KC,16,0,16,0,1,0,0,1,0,88.9,8,2,18.8,1,1,0,0,2.3,9,390,2,16.7,0,0,0,0,11.1,1,0,0.0,0,0,0,1,1,0
Damian Swann,9600,CB,NO,7,0,20,1,0,0,0,0,0,33.3,1,0,0.0,0,0,0,0,2.0,3,147,1,16.7,0,1,0,0,66.7,2,1,25.0,0,0,0,0,0,0
Bene Benwikere,8783,CB,CAR,13,0,5,0,5,0,0,2,0,59.1,13,2,7.7,0,0,1,1,4.1,22,543,6,15.9,0,0,3,1,40.9,9,4,27.8,1,1,0,1,1,1
Bruce Carter,6192,LB,TB,12,0,30,1,2,0,0,1,0,54.5,12,2,12.5,1,1,0,0,16.7,22,132,5,15.9,0,1,1,0,45.5,10,3,20.0,1,1,0,2,2,0
Denzel Perryman,9481,LB,SD,13,0,27,1,2,0,0,2,0,47.6,10,3,20.0,1,1,0,0,10.9,22,202,5,15.9,0,1,0,0,52.4,11,2,13.6,1,1,0,2,2,0
Kwon Alexander,9557,LB,TB,12,0,30,0,6,0,0,4,0,60.5,26,5,11.5,1,1,0,1,9.6,44,460,10,15.9,0,0,1,1,39.5,17,4,20.6,3,2,0,4,3,0
Shea McClellin,7025,LB,CHI,12,0,6,1,10,0,1,6,0,44.1,15,7,23.3,0,0,0,0,9.6,35,365,11,15.7,0,0,4,0,55.9,19,4,10.5,0,0,0,0,0,0
T.J. Ward,5563,S,DEN,15,0,10,2,4,0,2,2,1,68.8,22,5,13.6,1,1,0,1,6.0,32,534,8,15.6,0,0,2,0,31.3,10,3,20.0,1,1,0,2,2,0
Duke Williams,7887,S,BUF,13,0,4,3,2,0,2,1,0,56.3,9,3,16.7,0,0,0,0,10.3,16,156,5,15.6,0,1,1,0,43.8,7,2,14.3,0,0,0,0,0,0
Tyrann Mathieu,7850,CB,ARZ,14,0,1,2,8,0,0,4,0,35.9,14,4,14.3,0,0,0,0,7.1,39,550,11,15.4,0,2,4,0,64.1,25,7,16.0,1,2,1,1,2,1
Maurice Alexander,8745,S,SL,11,0,26,2,2,0,2,1,0,38.5,10,5,35.0,2,2,0,0,10.0,26,261,6,15.4,0,0,1,0,61.5,16,1,3.1,0,0,0,2,2,0
Kyle Arrington,4742,CB,BLT,15,0,3,2,2,0,0,2,0,61.5,8,2,12.5,0,0,0,0,5.4,13,239,4,15.4,0,2,0,0,38.5,5,2,20.0,0,0,0,0,0,0
Vontaze Burfict,7280,LB,CIN,11,0,7,4,4,0,3,2,0,59.5,22,6,15.9,1,1,0,0,12.1,39,322,10,15.4,0,1,2,0,40.5,15,4,16.7,1,1,0,2,2,0
Josh Mauga,5491,LB,KC,16,0,16,0,5,0,0,2,0,60.0,12,3,16.7,1,1,0,0,8.4,23,273,6,15.2,0,0,2,0,40.0,8,2,12.5,0,0,0,1,1,0
A.J. Hawk,2950,LB,CIN,17,0,7,0,1,0,0,1,0,40.0,4,2,37.5,1,1,0,0,7.5,10,134,2,15.0,0,0,0,0,60.0,6,0,0.0,0,0,0,1,1,0
Andrew Sendejo,6118,S,MIN,14,0,18,0,1,0,0,1,0,80.0,8,2,18.8,1,0,0,0,2.0,10,501,2,15.0,0,0,0,0,20.0,2,0,0.0,0,0,0,1,0,0
Will Hill III,6999,S,BLT,16,0,3,3,1,0,3,1,0,90.0,18,5,16.7,1,1,0,0,3.7,20,544,5,15.0,0,0,0,0,10.0,2,0,0.0,0,0,0,1,1,0
Johnathan Cyprien,7814,S,JAX,14,0,15,1,5,0,0,1,0,31.6,6,1,8.3,0,0,0,0,3.5,20,565,6,15.0,0,1,4,0,68.4,13,5,19.2,0,0,0,0,0,0
Terrence Brooks,8714,S,BLT,4,0,3,1,2,0,0,1,0,40.0,4,1,12.5,0,0,0,0,22.2,10,45,3,15.0,0,1,1,0,60.0,6,2,16.7,0,0,0,0,0,0
Marcus Williams,9115,CB,NYJ,13,0,22,0,1,0,0,0,1,60.0,6,1,16.7,1,1,0,1,5.0,10,200,2,15.0,0,0,1,0,40.0,4,1,12.5,0,0,0,1,1,0
Adrian Amos,9575,S,CHI,16,1,6,0,1,0,0,1,1,11.1,1,1,50.0,0,0,0,1,1.7,10,582,2,15.0,0,0,0,0,88.9,8,1,12.5,1,1,0,1,1,0
Alec Ogletree,7811,LB,SL,4,0,26,1,3,0,0,2,0,36.8,7,2,14.3,0,0,0,0,13.6,20,147,5,15.0,0,1,1,0,63.2,12,3,16.7,1,1,0,1,1,0
Landon Collins,9466,S,NYG,16,0,21,1,7,0,1,1,0,55.6,15,2,6.7,0,0,0,0,4.3,27,635,8,14.8,0,0,6,0,44.4,12,6,25.0,0,0,0,0,0,0
Gerald Hodges,7902,LB,SF,14,0,28,1,4,0,0,2,0,23.5,4,2,25.0,0,0,0,0,7.7,17,221,5,14.7,0,1,2,0,76.5,13,3,11.5,0,1,1,0,1,1
Kenny Vaccaro,7796,S,NO,16,0,20,1,8,0,0,6,1,55.1,27,8,18.5,2,2,0,2,8.5,51,597,12,14.7,0,1,2,1,44.9,22,4,11.4,1,1,0,3,3,0
Roman Harper,2988,S,CAR,19,0,5,1,4,0,0,3,0,58.8,10,3,15.0,0,0,0,0,2.5,17,687,5,14.7,0,1,1,0,41.2,7,2,14.3,0,0,0,0,0,0
Corey Graham,3784,S,BUF,15,0,4,6,4,0,4,2,0,51.3,20,7,20.0,1,1,0,0,7.2,41,569,11,14.6,0,2,0,0,48.7,19,2,5.3,0,0,0,1,1,0
Paul Worrilow,8141,LB,ATL,15,0,2,3,4,0,1,1,0,50.0,15,2,6.7,0,0,0,0,6.6,31,468,8,14.5,0,1,3,0,50.0,15,5,20.0,1,0,0,1,0,0
Jaquiski Tartt,9479,S,SF,15,0,28,0,2,0,0,2,0,50.0,7,2,14.3,0,0,0,0,3.7,14,381,3,14.3,0,0,0,0,50.0,7,1,14.3,1,1,0,1,1,0
Bacarri Rambo,7972,S,BUF,14,0,4,3,3,0,1,2,0,43.5,10,3,15.0,0,0,0,0,6.8,29,424,7,13.8,0,2,0,0,56.5,13,3,15.4,1,1,0,1,1,0
DeShawn Shead,7450,CB,SEA,18,0,29,1,0,0,1,0,0,54.5,6,2,25.0,1,1,0,0,2.4,11,456,2,13.6,0,0,0,0,45.5,5,0,0.0,0,0,0,1,1,0
Neville Hewitt,9836,LB,MIA,11,0,17,1,2,0,0,1,0,36.4,4,1,12.5,0,0,0,0,6.0,11,184,3,13.6,0,1,1,0,63.6,7,2,14.3,0,0,0,0,0,0
Eddie Pleasant,7593,S,HST,17,0,13,0,1,0,0,0,0,54.5,6,1,16.7,1,1,0,0,3.6,11,303,2,13.6,0,0,1,0,45.5,5,1,10.0,0,0,0,1,1,0
Darian Stewart,5820,S,DEN,18,0,10,1,0,0,1,0,0,36.4,4,1,12.5,0,0,0,0,1.8,11,604,2,13.6,0,0,0,0,63.6,7,1,14.3,1,1,0,1,1,0
Thomas Davis Sr.,2231,LB,CAR,19,0,5,6,15,0,3,8,3,48.8,59,11,9.3,0,0,0,3,16.6,124,746,27,13.3,0,2,7,0,51.2,62,15,16.9,6,6,1,6,6,1
Jamie Collins Sr.,7833,LB,NE,14,0,19,3,10,0,1,4,0,42.2,43,6,8.1,1,0,0,0,21.0,109,519,21,13.3,0,2,6,0,57.8,59,15,18.6,7,7,0,8,7,0
Morgan Burnett,5596,S,GB,13,0,12,0,5,0,0,5,0,100.0,19,5,13.2,0,0,0,0,3.9,19,489,5,13.2,0,0,0,0,0.0,0,0,,0,0,0,0,0,0
Anthony Barr,8644,LB,MIN,15,0,18,5,15,0,2,7,0,47.5,47,9,9.6,0,0,0,1,19.6,99,505,23,13.1,0,3,8,1,52.5,52,14,16.3,3,3,0,3,3,0
Barry Church,5924,S,DAL,15,0,9,1,3,0,1,3,1,56.5,13,5,23.1,1,0,0,1,4.9,23,471,5,13.0,0,0,0,0,43.5,10,0,0.0,0,0,0,1,0,0
Eric Kendricks,9478,LB,MIN,15,0,18,1,5,0,1,2,0,44.4,20,4,12.5,1,1,0,0,9.5,47,496,9,12.8,0,0,3,0,55.6,25,5,14.0,2,2,0,3,3,0
Glover Quin,5035,S,DET,16,0,11,0,1,0,0,0,0,25.0,1,0,0.0,0,0,0,0,0.7,4,536,1,12.5,0,0,1,0,75.0,3,1,16.7,0,0,0,0,0,0
Brock Coyle,8929,LB,SEA,2,0,29,0,1,0,0,0,0,25.0,1,0,0.0,0,0,0,0,30.8,4,13,1,12.5,0,0,1,0,75.0,3,1,16.7,0,0,0,0,0,0
LaRoy Reynolds,8500,LB,CHI,4,0,6,0,1,0,0,0,0,50.0,2,0,0.0,0,0,0,0,12.9,4,31,1,12.5,0,0,1,0,50.0,2,1,25.0,0,0,0,0,0,0
Dontae Johnson,8764,CB,SF,12,0,28,0,3,0,0,2,0,50.0,6,2,16.7,0,0,0,0,5.1,12,235,3,12.5,0,0,1,0,50.0,6,1,8.3,0,0,0,0,0,0
Da'Norris Searcy,6252,S,TEN,15,0,31,0,2,0,0,0,0,18.8,3,1,33.3,1,1,0,0,3.4,16,467,3,12.5,0,0,2,0,81.3,13,2,7.7,0,0,0,1,1,0
J.J. Wilcox,7861,S,DAL,16,0,9,1,0,0,1,0,0,75.0,3,1,16.7,0,0,0,0,0.9,4,436,1,12.5,0,0,0,0,25.0,1,0,0.0,0,0,0,0,0,0
Nate Ebner,7193,S,NE,9,0,19,1,0,0,0,0,0,50.0,2,0,0.0,0,0,0,0,10.8,4,37,1,12.5,0,1,0,0,50.0,2,1,25.0,0,0,0,0,0,0
Patrick Chung,4957,S,NE,17,0,19,0,4,0,0,2,0,37.5,6,2,16.7,0,0,0,0,2.6,16,625,4,12.5,0,0,2,0,62.5,10,2,10.0,0,0,0,0,0,0
Harold Jones-Quartey,10055,S,CHI,5,0,6,1,0,0,0,0,0,25.0,1,0,0.0,0,0,0,0,2.4,4,168,1,12.5,0,1,0,0,75.0,3,1,16.7,0,0,0,0,0,0
Mark Herzlich,6767,LB,NYG,9,0,21,0,1,0,0,0,0,50.0,2,0,0.0,0,0,0,0,8.0,4,50,1,12.5,0,0,1,0,50.0,2,1,25.0,0,0,0,0,0,0
Daniel Sorensen,9253,S,KC,11,0,16,1,0,0,0,0,0,66.7,8,1,12.5,1,1,0,0,6.3,12,191,2,12.5,0,1,0,0,33.3,4,1,12.5,0,0,0,1,1,0
J.R. Tavai,10111,ED,TEN,3,0,31,0,0,0,0,0,0,37.5,3,0,0.0,0,0,0,0,100.0,8,8,1,12.5,0,0,0,0,62.5,5,1,20.0,1,1,0,1,1,0
Keith Tandy,7166,S,TB,13,0,30,0,0,0,0,0,0,14.3,1,0,0.0,0,0,0,0,6.1,8,131,1,12.5,0,0,0,0,85.7,6,1,16.7,1,1,0,1,1,0
Phillip Gaines,8722,CB,KC,3,0,16,0,1,0,0,1,0,50.0,2,1,25.0,0,0,0,0,3.7,4,109,1,12.5,0,0,0,0,50.0,2,0,0.0,0,0,0,0,0,0
Brandon Meriweather,3640,S,NYG,13,0,21,0,2,0,0,2,0,62.5,5,2,20.0,0,0,0,0,1.7,8,478,2,12.5,0,0,0,0,37.5,3,0,0.0,0,0,0,0,0,0
Chad Greenway,2962,LB,MIN,17,0,18,1,2,0,0,2,0,48.3,14,3,14.3,1,1,0,0,8.9,29,326,5,12.1,0,1,0,0,51.7,15,2,10.0,1,1,0,2,2,0
Dont'a Hightower,7030,LB,NE,14,1,19,3,21,1,3,11,0,49.6,64,17,15.6,3,4,1,0,30.6,132,431,28,12.1,0,0,10,0,50.4,65,11,9.2,1,2,1,4,6,2
Calvin Pryor,8653,S,NYJ,13,0,22,1,10,0,0,4,1,50.0,22,4,9.1,0,0,0,2,10.2,46,452,11,12.0,0,1,5,1,50.0,22,6,13.6,0,0,0,0,0,0
Alterraun Verner,5628,CB,TB,15,0,30,1,3,0,1,2,0,52.0,13,3,11.5,0,0,0,0,7.0,25,358,5,12.0,0,0,1,0,48.0,12,2,12.5,1,1,0,1,1,0
Quintin Demps,4431,S,HST,15,0,13,0,2,0,0,1,0,52.9,9,2,16.7,1,0,0,0,3.5,17,489,3,11.8,0,0,1,0,47.1,8,1,6.3,0,0,0,1,0,0
Sean Lee,5580,LB,DAL,14,0,9,1,4,0,0,0,0,41.7,15,1,6.7,1,1,0,0,8.8,38,432,7,11.8,0,1,4,0,58.3,21,6,16.7,1,1,0,2,2,0
DeMarcus Ware,2228,ED,DEN,14,0,10,17,38,0,1,5,0,11.7,38,8,13.2,2,2,0,1,89.6,326,364,66,11.8,0,16,33,1,88.3,288,58,11.6,9,9,3,11,11,3
Zach Brown,7055,LB,TEN,16,0,31,1,4,0,0,2,0,48.3,14,2,7.1,0,0,0,0,12.0,30,251,6,11.7,0,1,2,0,51.7,15,4,16.7,1,1,0,1,1,0
Pernell McPhee,6317,ED,CHI,14,0,6,12,45,0,10,35,1,77.9,232,50,11.9,5,6,3,2,86.9,298,343,63,11.6,0,2,10,1,22.1,66,13,10.6,1,1,0,6,7,3
Paul Posluszny,3650,LB,JAX,14,0,15,6,5,0,3,2,0,47.2,25,5,10.0,0,0,0,0,10.0,56,558,12,11.6,0,2,3,0,52.8,28,6,12.5,1,1,0,1,1,0
James Ihedigbo,4147,S,DET,15,0,11,1,3,0,0,3,1,46.2,12,4,20.8,1,1,0,1,8.3,26,314,5,11.5,0,1,0,0,53.8,14,1,3.6,0,0,0,1,1,0
Deiontrez Mount,9610,ED,TEN,4,0,31,0,6,0,0,2,0,19.2,5,2,20.0,0,0,0,0,92.9,26,28,6,11.5,0,0,4,0,80.8,21,4,9.5,0,0,0,0,0,0
NaVorro Bowman,5615,LB,SF,16,0,28,3,16,0,2,10,0,46.0,52,12,11.5,0,0,0,0,19.9,117,587,23,11.5,0,1,6,0,54.0,61,11,12.3,4,5,1,4,5,1
Justin Tuggle,8225,LB,HST,8,0,13,0,3,0,0,0,0,50.0,6,0,0.0,0,0,0,0,23.6,13,55,3,11.5,0,0,3,0,50.0,6,3,25.0,0,0,0,0,0,0
Benardrick McKinney,9476,LB,HST,14,0,13,1,3,0,0,2,0,46.2,12,3,16.7,1,1,0,0,12.7,26,205,5,11.5,0,1,1,0,53.8,14,2,7.1,0,0,0,1,1,0
Bobby Wagner,7050,LB,SEA,17,0,29,4,7,0,3,5,1,50.0,31,9,16.1,1,1,0,1,10.9,66,607,13,11.4,0,1,1,0,50.0,31,3,6.5,1,1,0,2,2,0
Mychal Kendricks,7049,LB,PHI,13,0,24,4,6,0,2,0,0,36.8,25,2,4.0,0,0,0,0,20.9,71,339,13,11.3,0,2,5,0,63.2,43,10,15.1,3,4,2,3,4,2
Jerrell Freeman,4888,LB,IND,13,0,14,3,5,0,2,1,0,61.4,35,4,7.1,1,2,1,0,14.8,62,420,11,11.3,0,0,4,0,38.6,22,6,18.2,2,2,0,3,4,1
Stephen Tulloch,3061,LB,DET,16,1,11,3,2,0,3,1,0,57.1,16,4,12.5,0,0,0,0,8.7,31,357,6,11.3,1,0,0,0,42.9,12,1,8.3,1,1,0,1,1,0
Von Miller,6154,ED,DEN,19,0,10,22,66,0,19,60,2,84.2,454,91,11.3,12,12,2,2,86.8,540,622,105,11.3,0,3,5,0,15.8,85,13,10.6,5,5,0,17,17,2
Bradley McDougald,8220,S,TB,16,0,30,1,1,0,0,1,0,77.8,7,1,7.1,0,0,0,0,1.9,9,484,2,11.1,0,1,0,0,22.2,2,1,25.0,0,0,0,0,0,0
Eric Berry,5530,S,KC,18,0,16,0,2,0,0,0,0,22.2,2,0,0.0,0,0,0,0,1.2,9,739,2,11.1,0,0,2,0,77.8,7,2,14.3,0,0,0,0,0,0
Danny Lansanah,4713,LB,TB,16,0,30,0,2,0,0,2,0,33.3,3,2,33.3,0,0,0,0,6.3,9,143,2,11.1,0,0,0,0,66.7,6,0,0.0,0,0,0,0,0,0
Lavonte David,7060,LB,TB,16,0,30,2,9,0,1,3,0,40.0,30,5,10.0,1,1,0,1,13.2,77,583,14,11.0,0,1,6,1,60.0,45,9,12.2,2,2,0,3,3,0
Luke Kuechly,7015,LB,CAR,16,1,5,3,9,1,1,2,0,44.3,31,3,4.8,0,0,0,0,11.8,73,620,14,11.0,0,2,5,0,55.7,39,9,14.1,2,2,1,2,3,2
Clayton Geathers,9542,S,IND,14,0,14,1,4,0,1,2,0,61.9,13,3,11.5,0,0,0,0,11.5,23,200,5,10.9,0,0,2,0,38.1,8,2,12.5,0,0,0,0,0,0
Koa Misi,5565,LB,MIA,13,0,17,2,10,0,1,5,0,51.9,27,6,11.1,0,0,0,0,15.2,55,361,12,10.9,0,1,5,0,48.1,25,6,12.0,0,0,0,0,0,0
Derrick Johnson,2232,LB,KC,18,0,16,2,9,0,0,3,0,50.0,38,5,9.2,2,3,1,1,10.6,79,746,14,10.8,0,2,5,1,50.0,38,8,11.8,1,1,0,3,4,1
Eric Weddle,3653,S,SD,13,0,27,2,4,0,1,4,0,48.6,18,5,13.9,0,0,0,0,8.8,37,422,7,10.8,0,1,0,0,51.4,19,2,7.9,1,1,0,1,1,0
Donte Whitner,2953,S,CLV,14,0,8,0,1,0,0,1,0,71.4,10,1,5.0,0,0,0,0,3.0,14,463,2,10.7,0,0,0,0,28.6,4,1,25.0,1,0,0,1,0,0
Micah Hyde,7941,S,GB,17,0,12,0,1,0,0,1,0,57.1,8,1,6.3,0,0,0,0,3.0,14,464,2,10.7,0,0,0,0,42.9,6,1,16.7,1,1,0,1,1,0
Jordan Hicks,9517,LB,PHI,7,0,24,0,5,0,0,1,0,31.3,10,2,15.0,1,1,0,0,12.4,33,266,6,10.6,0,0,4,0,68.8,22,4,9.1,0,0,0,1,1,0
Vince Williams,7988,LB,PIT,12,0,25,0,2,0,0,1,0,47.1,8,1,6.3,0,0,0,0,18.6,19,102,3,10.5,0,0,1,0,52.9,9,2,16.7,1,2,1,1,2,1
Ryan Shazier,8650,LB,PIT,14,0,25,3,6,0,3,4,0,62.2,61,11,12.3,4,3,1,0,19.6,100,510,15,10.5,0,0,2,0,37.8,37,4,8.1,2,1,0,6,4,1
Justin Houston,6222,ED,KC,13,0,16,5,46,0,4,42,2,86.0,276,53,10.9,7,8,2,3,79.7,321,403,59,10.4,0,1,4,1,14.0,45,6,7.8,1,1,0,8,9,2
Buster Skrine,6289,CB,NYJ,16,0,22,2,4,0,1,4,1,51.7,15,5,16.7,0,0,0,1,5.7,29,506,6,10.3,0,1,0,0,48.3,14,1,3.6,0,0,0,0,0,0
C.J. Mosley,8652,LB,BLT,16,1,3,5,9,1,2,6,0,56.5,61,10,9.8,2,3,1,0,17.9,108,603,18,10.2,0,3,3,0,43.5,47,8,10.6,2,2,0,4,5,1
Ezekiel Ansah,8094,ED,DET,16,0,11,19,33,0,4,8,0,14.7,56,14,14.3,2,2,1,4,96.0,382,398,65,10.2,0,15,25,4,85.3,326,51,9.5,11,14,6,13,16,7
Telvin Smith Sr.,8779,LB,JAX,14,0,15,0,5,0,0,3,0,63.6,28,5,12.5,2,1,0,0,7.7,44,572,7,10.2,0,0,2,0,36.4,16,2,6.3,0,0,0,2,1,0
Craig Robertson,7003,LB,CLV,12,0,8,1,2,0,0,1,0,33.3,5,1,10.0,0,0,0,0,9.4,15,160,3,10.0,0,1,1,0,66.7,10,2,10.0,0,0,0,0,0,0
Todd Davis,9007,LB,DEN,11,0,10,0,1,0,0,1,0,80.0,4,1,12.5,0,0,0,0,9.6,5,52,1,10.0,0,0,0,0,20.0,1,0,0.0,0,0,0,0,0,0
Phillip Adams,5747,CB,ATL,12,0,2,1,1,0,1,0,0,50.0,5,1,10.0,0,0,0,1,3.3,10,306,2,10.0,0,0,1,1,50.0,5,1,10.0,0,0,0,0,0,0
George Iloka,7159,S,CIN,13,0,7,1,1,0,0,0,0,30.0,3,0,0.0,0,0,0,0,2.3,10,436,2,10.0,0,1,1,0,70.0,7,2,14.3,0,0,0,0,0,0
Lardarius Webb,5011,CB,BLT,15,0,3,0,3,0,0,3,2,80.0,12,3,12.5,0,0,0,2,2.9,15,520,3,10.0,0,0,0,0,20.0,3,0,0.0,0,0,0,0,0,0
K.J. Wright,6251,LB,SEA,18,0,29,1,10,0,0,5,0,50.0,32,6,10.9,1,1,0,0,10.1,65,641,12,10.0,0,1,5,0,50.0,32,6,9.4,0,0,0,1,1,0
Anthony Hitchens,8754,LB,DAL,14,0,9,1,2,0,1,0,0,40.9,9,2,16.7,1,1,0,0,9.7,25,258,4,10.0,0,0,1,0,59.1,13,1,3.8,0,0,0,1,1,0
Lorenzo Alexander,2476,ED,OAK,4,0,23,0,1,0,0,0,0,0.0,0,0,,0,0,0,0,33.3,5,15,1,10.0,0,0,1,0,100.0,5,1,10.0,0,0,0,0,0,0
D.J. Hayden,7793,CB,OAK,16,0,23,0,1,0,0,0,0,40.0,2,0,0.0,0,0,0,0,0.9,5,563,1,10.0,0,0,1,0,60.0,3,1,16.7,0,0,0,0,0,0
Aaron Lynch,8785,ED,SF,14,1,28,13,42,1,10,34,2,77.4,267,50,10.5,6,6,0,2,77.8,346,445,62,10.0,0,3,8,0,22.6,78,12,8.3,1,1,0,7,7,0
Cordarro Law,7727,ED,SD,9,0,27,2,6,0,2,6,0,75.6,31,8,12.9,0,0,0,0,97.6,41,42,8,9.8,0,0,0,0,24.4,10,0,0.0,0,0,0,0,0,0
Sean Spence,7087,LB,PIT,13,0,25,0,4,0,0,1,0,43.6,17,1,2.9,0,0,0,0,23.4,41,175,6,9.8,0,0,3,0,56.4,22,5,15.9,2,1,0,2,2,1
Dwight Freeney,1019,ED,ARZ,13,0,1,4,29,0,0,5,0,19.5,49,5,5.1,0,0,0,2,96.5,251,260,41,9.8,0,4,24,2,80.5,202,36,10.9,8,8,0,8,8,0
Josh Bynes,6503,LB,DET,16,0,11,4,9,0,0,2,0,40.3,29,3,6.9,1,0,0,0,16.8,77,458,14,9.7,0,4,6,0,59.7,43,10,11.6,0,0,0,1,0,0
Michael Griffin,3635,S,TEN,15,0,31,0,3,0,0,2,0,68.6,24,3,8.3,1,1,0,0,7.2,36,503,5,9.7,0,0,0,0,31.4,11,1,9.1,1,1,0,2,2,0
Phillip Hunt,5371,ED,NO,2,1,20,0,3,0,0,3,0,42.3,11,4,22.7,1,2,1,0,100.0,26,26,4,9.6,1,0,0,0,57.7,15,0,0.0,0,0,0,1,2,1
Michael Bennett,5273,ED,SEA,18,0,29,17,63,0,10,40,3,62.2,329,58,10.0,8,8,1,3,97.1,533,549,91,9.6,0,7,23,0,37.8,200,33,9.0,3,3,0,11,11,1
Rey Maualuga,4961,LB,CIN,15,0,7,0,5,0,0,2,0,43.5,10,2,10.0,0,0,0,0,7.4,26,352,5,9.6,0,0,3,0,56.5,13,3,11.5,0,0,0,0,0,0
Kelvin Sheppard,6220,LB,MIA,16,0,17,0,5,0,0,2,0,44.0,11,2,9.1,0,1,1,0,8.1,26,322,5,9.6,0,0,3,0,56.0,14,3,10.7,0,0,0,0,1,1
Kurt Coleman,5767,S,CAR,18,0,5,1,1,0,0,0,0,38.1,8,0,0.0,0,0,0,0,2.7,21,785,3,9.5,0,1,1,0,61.9,13,3,15.4,1,1,0,1,1,0
Daryl Smith,1760,LB,BLT,16,0,3,1,5,0,0,4,0,51.7,30,6,13.3,2,2,0,1,11.7,63,537,9,9.5,0,0,1,1,48.3,28,2,5.4,1,1,1,3,3,1
Jabaal Sheard,6189,ED,NE,15,0,19,5,51,0,5,41,1,76.2,285,51,9.8,5,6,2,1,91.7,377,411,64,9.5,0,0,10,0,23.8,89,13,9.0,3,3,0,8,9,2
Emmanuel Lamur,7561,LB,CIN,14,0,7,0,5,0,0,2,0,45.9,17,3,11.8,1,0,0,0,14.2,37,261,6,9.5,0,0,3,0,54.1,20,3,7.5,0,0,0,1,0,0
Ramon Humber,5310,LB,NO,13,0,20,1,0,0,1,0,0,46.7,7,2,21.4,1,1,0,0,10.3,16,155,2,9.4,0,0,0,0,53.3,8,0,0.0,0,0,0,1,1,0
Cameron Wake,4907,ED,MIA,7,0,17,2,10,0,2,10,0,100.0,139,19,9.4,7,7,0,0,97.9,139,142,19,9.4,0,0,0,0,0.0,0,0,,0,0,0,7,7,0
J.J. Watt,6163,DI,HST,17,0,13,34,41,0,29,32,1,84.9,508,76,9.0,15,17,4,1,99.8,609,610,94,9.3,0,4,7,0,15.1,90,15,10.6,4,4,0,19,21,4
Nickell Robey-Coleman,8483,CB,BUF,16,0,4,0,3,0,0,2,0,55.6,15,2,6.7,0,0,0,0,6.1,27,442,4,9.3,0,0,1,0,44.4,12,2,12.5,1,1,0,1,1,0
Christian Jones,9020,LB,CHI,15,1,6,5,3,1,5,2,0,67.4,29,7,12.1,0,0,0,0,10.4,43,412,8,9.3,0,0,1,0,32.6,14,1,3.6,0,0,0,0,0,0
Whitney Mercilus,7031,ED,HST,17,0,13,7,42,0,1,12,0,25.4,93,15,9.1,2,2,0,0,86.6,414,478,63,9.3,0,4,25,0,74.6,273,40,9.3,11,12,4,14,15,4
Tony Jefferson,8361,S,ARZ,18,0,1,1,6,0,1,4,0,61.0,36,6,9.7,1,1,0,0,10.4,60,576,9,9.2,0,0,2,0,39.0,23,3,8.7,1,1,0,2,2,0
Olivier Vernon,7074,ED,MIA,16,1,17,30,41,0,1,1,0,2.4,12,2,8.3,0,0,0,2,99.2,493,497,81,9.2,1,29,40,2,97.6,481,79,9.3,10,15,7,10,15,7
Khalil Mack,8640,ED,OAK,16,2,23,8,58,2,6,48,1,80.7,430,67,9.3,13,15,5,2,86.5,538,622,82,9.1,0,2,10,1,19.3,103,14,7.8,2,2,0,16,17,5
Nate Stupar,7214,LB,ATL,13,0,2,1,3,0,0,2,0,59.1,13,2,7.7,0,0,1,0,14.7,22,150,4,9.1,0,1,1,0,40.9,9,2,11.1,0,0,0,0,0,1
Lawrence Timmons,3631,LB,PIT,18,0,25,3,12,0,2,8,1,47.1,57,11,10.5,1,1,0,1,17.8,127,712,19,9.1,0,1,4,0,52.9,64,7,7.0,2,1,1,4,3,1
Justin Staples,8202,ED,TEN,5,0,31,0,2,0,0,1,0,36.4,4,1,12.5,0,0,0,0,84.6,11,13,2,9.1,0,0,1,0,63.6,7,1,7.1,0,0,0,0,0,0
Malcolm Smith,6394,LB,OAK,16,0,23,1,6,0,0,4,0,61.9,39,7,12.8,3,4,1,0,10.4,72,694,10,9.0,0,1,1,0,38.1,24,2,4.2,0,0,0,3,4,1
Dominique Easley,8664,DI,NE,11,0,19,8,24,0,3,11,1,52.4,97,15,8.2,1,1,0,2,99.5,210,211,35,9.0,0,4,11,1,47.6,88,17,10.8,2,2,1,3,4,2
Aaron Donald,8648,DI,SL,16,1,26,26,42,1,14,20,0,57.2,258,38,8.1,4,7,4,0,95.6,499,522,79,9.0,0,8,17,0,42.8,193,30,9.1,5,4,0,11,14,5
Marcus Smith,8661,ED,PHI,10,1,24,3,3,0,0,1,0,25.0,14,1,3.6,0,0,0,0,77.8,56,72,8,8.9,1,3,2,0,75.0,42,7,10.7,2,2,0,2,2,0
Willie Young,5736,ED,CHI,15,0,6,6,33,0,2,8,0,19.2,57,12,12.3,2,2,0,1,89.0,298,335,46,8.9,0,4,25,1,80.8,240,34,8.1,5,5,1,7,7,1
Jasper Brinkley,5074,LB,NYG,10,0,21,0,1,0,0,0,0,61.5,8,1,12.5,1,1,1,0,8.0,17,212,2,8.8,0,0,1,0,38.5,5,1,10.0,0,0,0,1,1,1
Rolando McClain,5533,LB,DAL,11,0,9,2,3,0,2,0,0,55.0,22,2,4.5,0,0,0,0,12.7,40,314,6,8.8,0,0,3,0,45.0,18,4,13.9,1,1,1,1,1,1
Neiron Ball,9594,LB,OAK,5,0,23,0,1,0,0,0,0,29.4,5,0,0.0,0,0,0,0,34.0,17,50,2,8.8,0,0,1,0,70.6,12,2,12.5,1,1,0,1,1,0
Mike Mitchell,4970,S,PIT,18,0,25,3,3,0,3,2,0,54.5,18,5,13.9,0,0,0,0,4.6,34,744,6,8.8,0,0,1,0,45.5,15,1,3.3,0,0,0,0,0,0
Everson Griffen,5624,ED,MIN,16,0,18,19,48,0,0,0,0,0.2,1,0,0.0,0,0,0,0,96.5,522,541,79,8.7,0,19,48,0,99.8,521,79,8.7,12,13,3,12,13,3
Clay Matthews,4949,LB,GB,18,0,12,8,40,0,4,10,2,26.6,93,19,12.9,5,5,0,6,51.0,357,700,55,8.7,0,4,28,4,73.4,257,34,7.0,2,3,1,7,8,1
Mason Foster,6236,LB,WAS,8,0,32,0,4,0,0,2,0,60.9,14,2,7.1,0,0,0,0,12.4,23,185,4,8.7,0,0,2,0,39.1,9,2,11.1,0,0,0,0,0,0
Nikita Whitlock,8994,FB,NYG,11,0,21,3,4,0,1,1,0,40.0,20,3,10.0,1,1,0,0,98.1,52,53,8,8.7,0,2,2,0,60.0,30,4,6.7,0,0,0,1,1,0
James Harrison,1251,ED,PIT,17,1,25,11,30,0,0,2,0,3.8,12,2,8.3,0,0,0,0,73.1,315,431,48,8.7,1,11,28,0,96.2,302,46,8.8,7,7,0,7,7,0
Reshad Jones,5686,S,MIA,16,0,17,0,4,0,0,0,0,40.9,9,0,0.0,0,0,0,0,4.0,23,570,4,8.7,0,0,4,0,59.1,13,4,15.4,0,0,0,0,0,0
Markus Golden,9491,ED,ARZ,17,4,1,10,39,1,4,28,1,60.2,228,36,8.8,4,4,2,2,89.0,380,427,57,8.6,3,6,11,1,39.8,151,21,8.3,4,3,2,8,7,4
Jimmie Ward,8665,CB,SF,16,0,28,0,3,0,0,1,0,31.0,9,1,5.6,0,0,0,0,6.6,29,440,4,8.6,0,0,2,0,69.0,20,3,10.0,1,1,0,1,1,0
Mark Barron,7013,LB,SL,16,0,26,2,11,0,0,9,0,48.0,48,9,9.4,0,0,0,0,18.8,100,532,15,8.5,0,2,2,0,52.0,52,6,7.7,2,2,0,2,2,0
Geno Atkins,5643,DI,CIN,17,0,7,9,61,0,3,19,1,40.2,214,29,8.4,7,5,1,2,100.0,585,585,85,8.5,0,6,37,1,59.8,319,50,8.9,7,6,0,15,12,1
William Hayes,4417,ED,SL,16,1,26,9,31,1,9,31,0,100.0,316,47,8.5,7,8,5,0,99.7,317,318,47,8.5,0,0,0,0,0.0,0,0,,0,0,0,7,8,5
Kevin Minter,7826,LB,ARZ,18,0,1,7,14,0,3,5,1,44.4,56,9,8.9,1,0,0,1,23.1,136,588,22,8.5,0,4,8,0,55.6,70,12,8.6,0,0,0,1,0,0
Mario Addison,6558,ED,CAR,17,0,5,13,30,0,1,14,1,30.1,98,16,8.7,1,1,2,1,94.8,326,344,49,8.4,0,12,16,0,69.9,228,33,8.3,5,6,2,6,7,4
Lamarr Houston,5569,ED,CHI,15,1,6,4,21,1,1,16,0,66.5,155,23,9.4,6,7,2,0,90.3,233,258,32,8.4,0,3,5,0,33.5,78,9,6.4,1,1,2,7,8,4
David Bruton,5037,S,DEN,13,0,10,0,2,0,0,0,0,50.0,5,0,0.0,0,0,0,0,3.6,12,335,2,8.3,0,0,1,0,50.0,5,1,10.0,0,0,0,0,0,0
Brice McCain,5112,CB,MIA,14,0,17,0,1,0,0,0,0,33.3,2,0,0.0,0,0,0,0,1.6,6,364,1,8.3,0,0,1,0,66.7,4,1,12.5,0,0,0,0,0,0
Akeem Dent,6243,LB,HST,5,0,13,2,0,0,1,0,0,40.0,4,1,12.5,0,0,0,0,19.4,12,62,2,8.3,0,0,0,0,60.0,6,0,0.0,0,0,0,0,0,0
Zach Vigil,9824,LB,MIA,10,0,17,0,1,0,0,0,0,60.0,3,0,0.0,0,0,0,0,10.9,6,55,1,8.3,0,0,0,0,40.0,2,0,0.0,0,0,0,0,0,0
Perry Riley,5627,LB,WAS,9,0,32,1,2,0,0,1,0,47.1,8,1,6.3,0,0,0,0,7.3,18,248,3,8.3,0,1,1,0,52.9,9,2,11.1,0,0,0,0,0,0
Darius Butler,4964,CB,IND,14,0,14,1,0,0,1,0,0,50.0,3,1,16.7,0,0,0,0,1.6,6,385,1,8.3,0,0,0,0,50.0,3,0,0.0,0,0,0,0,0,0
Cliff Avril,4406,ED,SEA,18,0,29,17,44,0,16,39,4,89.8,458,67,8.6,12,13,5,5,96.4,510,529,73,8.3,0,1,5,1,10.2,52,6,5.8,0,1,1,12,14,6
Craig Dahl,3920,S,NYG,13,0,21,0,2,0,0,1,1,62.5,15,2,10.0,1,1,0,1,8.4,24,287,3,8.3,0,0,1,0,37.5,9,1,5.6,0,0,0,1,1,0
A.J. Tarpley,9738,LB,BUF,7,0,4,1,0,0,0,0,0,33.3,2,0,0.0,0,0,0,0,15.4,6,39,1,8.3,0,1,0,0,66.7,4,1,12.5,0,0,0,0,0,0
Steven Nelson,9531,CB,KC,6,0,16,0,1,0,0,1,0,66.7,4,1,12.5,0,0,0,0,14.3,6,42,1,8.3,0,0,0,0,33.3,2,0,0.0,0,0,0,0,0,0
T.J. McDonald,7852,S,SL,11,0,26,0,4,0,0,3,1,50.0,18,3,8.3,0,0,0,1,8.3,36,435,5,8.3,0,0,1,0,50.0,18,2,8.3,1,1,0,1,1,0
Robert Golden,7303,S,PIT,15,0,25,1,1,0,1,1,0,54.5,6,2,16.7,0,0,0,0,4.4,12,270,2,8.3,0,0,0,0,45.5,5,0,0.0,0,0,0,0,0,0
Yannik Cudjoe-Virgil,10100,ED,TEN,2,0,31,0,1,0,0,1,0,66.7,4,1,12.5,0,0,0,0,75.0,6,8,1,8.3,0,0,0,0,33.3,2,0,0.0,0,0,0,0,0,0
Josh Norman,7649,CB,CAR,19,0,5,0,1,0,0,1,0,66.7,4,1,12.5,0,0,0,0,0.7,6,812,1,8.3,0,0,0,0,33.3,2,0,0.0,0,0,0,0,0,0
Kawann Short,7825,DI,CAR,19,0,5,13,53,0,5,13,0,28.0,157,23,8.9,5,6,1,1,99.1,575,580,80,8.2,0,8,38,1,72.0,403,54,7.7,8,8,2,14,15,3
Elvis Dumervil,3071,ED,BLT,16,4,3,16,42,3,8,31,0,75.1,328,46,8.1,7,7,2,0,93.6,437,467,65,8.2,1,8,11,0,24.9,109,19,8.7,0,2,4,7,9,6
Arik Armstead,9450,DI,SF,16,0,28,6,29,0,5,24,2,77.3,180,29,8.1,0,1,1,2,100.0,238,238,37,8.2,0,1,5,0,22.7,53,8,9.4,2,4,3,2,5,4
Melvin Ingram III,7024,ED,SD,16,2,27,9,35,1,4,18,0,46.3,193,27,8.3,5,6,2,2,76.5,417,545,56,8.2,1,5,17,2,53.7,224,29,8.0,7,4,2,12,10,4
Christian Kirksey,8706,LB,CLV,16,0,8,1,2,0,1,2,0,51.2,22,4,11.4,1,1,0,0,12.5,43,343,5,8.1,0,0,0,0,48.8,21,1,4.8,1,2,1,2,3,1
Julius Peppers,1010,ED,GB,18,1,12,9,43,0,2,26,0,58.7,276,34,7.2,6,7,3,1,89.9,470,523,64,8.1,1,7,17,1,41.3,194,30,9.3,6,7,1,12,14,4
Sheldon Richardson,7794,DI,NYJ,11,0,22,9,39,0,4,14,1,25.5,98,20,11.2,2,3,1,1,94.4,386,409,55,8.0,0,5,25,0,74.5,287,35,7.0,5,3,2,7,6,3
Deone Bucannon,8662,LB,ARZ,18,0,1,2,8,0,1,3,0,52.3,46,5,6.5,1,2,1,0,13.1,88,674,12,8.0,0,1,5,0,47.7,42,7,9.5,1,1,1,2,3,2
Paul Kruger,4980,ED,CLV,16,0,8,8,43,0,6,31,1,74.9,265,39,7.7,2,2,0,1,88.8,357,402,54,8.0,0,2,12,0,25.1,89,15,9.0,1,2,1,3,4,1
Ray-Ray Armstrong,8271,LB,SF,9,0,28,1,1,0,0,0,0,44.0,11,1,9.1,1,1,0,0,20.3,25,123,3,8.0,0,1,1,0,56.0,14,2,7.1,0,0,0,1,1,0
Akeem Ayers,6191,LB,SL,16,0,26,2,4,0,1,2,0,54.0,27,4,9.3,1,0,0,0,19.1,50,262,7,8.0,0,1,2,0,46.0,23,3,6.5,0,0,0,1,0,0
Carlos Dunlap,5579,ED,CIN,17,1,7,17,48,1,16,48,2,98.7,588,78,7.8,14,15,4,2,95.7,596,623,80,8.0,0,1,0,0,1.3,8,2,18.8,1,1,0,15,16,4
Curtis Lofton,4351,LB,OAK,16,0,23,1,3,0,0,2,0,57.9,11,2,9.1,0,0,0,1,8.9,25,281,4,8.0,0,1,0,1,42.1,8,1,6.3,0,0,0,0,0,0
David Harris,3663,LB,NYJ,16,1,22,3,11,1,1,5,0,45.9,56,8,8.9,2,2,0,0,20.7,126,609,17,7.9,0,2,6,0,54.1,66,9,7.6,1,2,1,3,4,1
Danielle Hunter,9521,ED,MIN,15,0,18,6,26,0,4,17,2,62.9,168,25,8.6,4,5,2,3,96.0,267,278,37,7.9,0,2,9,1,37.1,99,12,6.6,1,1,0,5,6,2
Brandon Graham,5538,ED,PHI,16,0,24,7,44,0,0,3,0,7.8,32,3,4.7,0,0,1,2,84.2,410,487,58,7.9,0,7,41,2,92.2,376,55,8.2,7,8,4,7,8,5
Vinny Curry,7061,DI,PHI,16,0,24,9,35,0,8,32,0,89.0,300,45,8.3,5,6,2,0,100.0,340,340,49,7.9,0,1,3,0,11.0,37,4,5.4,0,0,0,5,6,2
Robert Ayers,4941,ED,NYG,12,1,21,13,25,0,5,7,0,32.2,118,14,6.8,2,2,0,1,97.3,366,376,48,7.9,1,8,18,1,67.8,248,34,8.5,8,9,1,10,11,1
Quandre Diggs,9633,CB,DET,15,0,11,0,3,0,0,1,0,47.4,9,1,5.6,0,0,0,0,6.1,19,313,3,7.9,0,0,2,0,52.6,10,2,10.0,0,1,2,0,1,2
Lorenzo Mauldin,9515,ED,NYJ,14,0,22,7,15,0,3,8,0,61.1,124,15,7.7,4,2,0,0,94.4,203,215,27,7.9,0,4,7,0,38.9,79,12,8.2,1,2,1,5,4,1
Tamba Hali,2965,ED,KC,17,0,16,10,58,0,3,12,1,22.1,114,17,8.3,2,2,1,3,87.3,517,592,75,7.9,0,7,46,2,77.9,403,58,7.8,5,7,5,7,9,6
Vincent Rey,5811,LB,CIN,17,0,7,0,6,0,0,2,0,45.5,20,2,5.0,0,0,0,0,9.8,51,523,7,7.8,0,0,4,0,54.5,24,5,12.5,1,1,0,1,1,0
Dan Skuta,5349,LB,JAX,13,0,15,1,7,0,1,2,0,35.1,27,3,5.6,0,0,0,0,41.4,77,186,10,7.8,0,0,5,0,64.9,50,7,9.0,2,1,0,2,1,0
Muhammad Wilkerson,6182,DI,NYJ,16,0,22,23,45,0,18,38,5,86.3,510,68,7.8,12,16,8,5,99.0,599,605,80,7.7,0,5,5,0,13.7,81,10,6.2,0,0,1,12,16,9
Mike Daniels,7132,DI,GB,18,0,12,7,48,0,3,28,0,50.0,220,36,9.3,5,4,0,1,99.6,450,452,62,7.7,0,4,18,1,50.0,220,24,5.9,2,2,2,7,6,2
Shaquil Barrett,9000,ED,DEN,19,3,10,6,17,2,4,8,1,49.6,112,15,8.0,3,3,0,1,72.9,226,310,29,7.7,1,2,9,0,50.4,114,14,7.5,3,2,0,6,5,0
Ha Ha Clinton-Dix,8656,S,GB,18,0,12,0,0,0,0,0,0,7.7,2,0,0.0,0,0,0,0,3.6,26,721,2,7.7,0,0,0,0,92.3,24,2,8.3,2,2,0,2,2,0
Chris Conte,6245,S,TB,14,0,30,0,2,0,0,1,1,53.8,7,1,7.1,0,0,0,1,3.1,13,418,2,7.7,0,0,1,0,46.2,6,1,8.3,0,0,0,0,0,0
Greg Hardy,5698,ED,DAL,12,1,9,14,19,0,1,6,2,22.7,70,9,7.9,2,2,0,2,98.1,309,315,40,7.6,1,13,13,0,77.3,238,31,7.6,5,5,1,7,7,1
Jayrone Elliott,9336,ED,GB,12,0,12,3,4,0,3,2,0,79.8,67,7,6.7,2,2,1,2,92.4,85,92,10,7.6,0,0,2,2,20.2,17,3,11.8,1,1,0,3,3,1
Randy Gregory,9493,ED,DAL,12,0,9,6,15,0,0,2,0,20.0,28,2,3.6,0,0,0,0,95.9,140,146,21,7.5,0,6,13,0,80.0,112,19,8.5,0,1,3,0,1,3
Joe Thomas,9272,LB,GB,16,0,12,4,3,0,0,0,0,32.1,18,1,5.6,1,1,0,1,22.5,60,267,8,7.5,0,3,3,1,67.9,38,6,7.9,0,0,0,1,1,0
Chandler Jones,7027,ED,NE,17,2,19,8,46,0,0,4,0,7.2,39,5,7.7,1,1,0,4,92.5,546,590,68,7.5,2,8,41,4,92.8,499,62,7.5,13,14,2,14,15,2
Demario Davis,7079,LB,NYJ,16,0,22,9,12,0,2,6,1,45.5,76,9,6.6,1,3,2,1,31.2,168,539,23,7.4,0,7,6,0,54.5,91,14,8.2,1,2,1,2,5,3
William Gay,3786,CB,PIT,18,0,25,1,4,0,0,1,0,50.0,17,1,2.9,0,0,0,0,4.5,34,748,5,7.4,0,1,3,0,50.0,17,4,11.8,0,0,0,0,0,0
Derek Wolfe,7040,DI,DEN,15,1,10,10,40,1,10,39,1,95.7,450,59,7.7,10,7,1,1,100.0,473,473,60,7.4,0,0,1,0,4.3,20,1,2.5,0,1,1,10,8,2
Fletcher Cox,7018,DI,PHI,16,0,24,13,54,0,3,11,1,15.2,77,17,13.0,3,3,0,4,99.8,584,585,77,7.4,0,9,30,2,84.8,430,43,5.5,4,5,3,10,11,3
Reggie Nelson,3637,S,CIN,17,0,7,1,4,0,1,1,0,53.2,25,2,4.0,0,0,0,0,6.8,47,690,6,7.4,0,0,3,0,46.8,22,4,11.4,1,1,0,1,1,0
Jeremiah Attaochu,8685,ED,SD,15,0,27,9,31,0,5,23,1,50.8,187,32,9.6,4,5,2,2,91.5,368,402,47,7.3,0,4,8,1,49.2,181,15,5.0,3,4,3,7,9,5
Demarcus Lawrence,8669,ED,DAL,16,0,9,7,31,0,6,29,2,93.0,343,42,7.1,7,12,7,2,98.4,369,375,46,7.3,0,1,2,0,7.0,26,4,9.6,1,1,1,8,13,8
Karl Klug,6294,DI,TEN,16,1,31,6,17,0,1,0,0,5.6,13,1,3.8,0,0,0,1,100.0,242,242,29,7.2,1,4,17,1,94.4,220,27,7.5,6,4,2,6,4,2
Jason Hatcher,3037,DI,WAS,16,1,32,12,38,1,5,15,0,36.1,129,21,8.5,1,1,2,4,100.0,373,373,52,7.2,0,7,23,4,63.9,228,31,7.0,1,1,0,2,2,2
Shelby Harris,8869,DI,OAK,7,0,23,1,9,0,0,6,0,54.5,42,7,9.5,1,1,0,0,100.0,83,83,11,7.2,0,1,2,0,45.5,35,3,4.3,0,0,0,1,1,1
Derrick Morgan,5541,ED,TEN,10,0,31,7,20,0,7,20,3,100.0,230,30,7.2,3,4,0,3,82.4,230,279,30,7.2,0,0,0,0,0.0,0,0,,0,0,0,3,4,0
Cameron Jordan,6176,ED,NO,16,1,20,10,50,1,6,39,5,67.5,372,52,7.9,7,9,4,5,99.1,554,559,70,7.2,0,4,11,0,32.5,179,18,5.9,3,3,1,10,12,5
Josh Boyd,7949,DI,GB,2,0,12,0,2,0,0,2,0,64.3,9,2,11.1,0,0,0,0,100.0,14,14,2,7.1,0,0,0,0,35.7,5,0,0.0,0,0,0,0,0,0
Ishmaa'ily Kitchen,7726,DI,NE,1,0,19,0,1,0,0,0,0,0.0,0,0,,0,0,0,0,100.0,7,7,1,7.1,0,0,1,0,100.0,7,1,7.1,0,0,0,0,0,0
Hayes Pullard,9652,LB,JAX,3,0,15,1,0,0,1,0,0,85.7,6,1,8.3,0,0,0,0,9.7,7,72,1,7.1,0,0,0,0,14.3,1,0,0.0,0,0,0,0,0,0
Alani Fua,9798,LB,ARZ,6,0,1,2,0,0,2,0,0,85.7,12,2,8.3,0,0,0,0,43.8,14,32,2,7.1,0,0,0,0,14.3,2,0,0.0,0,0,0,0,0,0
Greg Scruggs,7216,DI,CHI,1,0,6,0,0,0,0,0,0,85.7,12,1,8.3,1,1,1,0,100.0,14,14,1,7.1,0,0,0,0,14.3,2,0,0.0,0,0,0,1,1,1
Scott Solomon,7196,ED,CLV,1,0,8,0,2,0,0,1,0,42.9,6,1,8.3,0,0,0,0,100.0,14,14,2,7.1,0,0,1,0,57.1,8,1,6.3,0,0,0,0,0,0
Ryan Delaire,9939,ED,CAR,10,0,5,5,12,0,3,9,0,63.6,105,14,7.6,2,2,0,1,97.6,165,169,20,7.0,0,2,3,1,36.4,60,6,5.8,1,2,2,3,4,2
Ryan Davis Sr.,7365,ED,JAX,14,1,15,5,14,1,1,5,0,28.6,55,8,9.1,2,3,1,0,98.0,192,196,23,7.0,0,4,9,0,71.4,137,15,6.2,2,2,0,4,5,1
Arthur Moats,5701,ED,PIT,17,1,25,5,29,1,4,29,1,92.6,277,37,7.4,4,5,3,1,79.5,299,376,38,7.0,0,1,0,0,7.4,22,1,2.3,0,0,0,4,5,3
Wes Horton,8484,ED,CAR,8,0,5,3,9,0,2,5,0,58.0,58,7,6.0,0,0,0,0,98.0,100,102,13,7.0,0,1,4,0,42.0,42,6,8.3,1,1,1,1,1,1
Brian Orakpo,4936,ED,TEN,16,1,31,6,36,0,1,8,0,12.4,49,9,9.2,0,1,1,0,78.0,398,510,49,7.0,1,5,28,0,87.6,345,40,6.8,7,7,1,7,8,2
Preston Smith,9471,ED,WAS,17,0,32,2,27,0,1,3,0,11.9,40,5,7.5,1,1,0,1,94.7,338,357,38,7.0,0,1,24,1,88.1,297,33,6.9,8,8,2,9,9,2
Jason Jones,4368,ED,DET,15,0,11,6,29,0,5,18,2,65.9,211,26,6.9,3,4,1,3,99.1,321,324,40,7.0,0,1,11,1,34.1,109,14,7.3,2,2,2,5,6,3
Stephen Paea,6205,DI,WAS,11,0,32,3,9,0,0,5,0,72.4,92,7,4.9,2,2,1,1,100.0,128,128,15,7.0,0,3,4,1,27.6,35,8,12.9,1,2,1,3,4,2
Ahmad Brooks,2945,ED,SF,14,0,28,3,26,0,1,11,2,44.0,128,15,7.0,3,4,1,3,72.6,291,401,35,7.0,0,2,15,1,56.0,163,20,7.1,3,3,1,6,7,2
Jason Pierre-Paul,5540,ED,NYG,8,1,21,6,34,1,4,22,1,66.9,202,27,6.9,1,2,2,1,97.7,302,309,41,7.0,0,2,12,0,33.1,100,14,7.0,0,1,1,1,3,3
Stephone Anthony,9464,LB,NO,16,0,20,2,3,0,1,3,1,55.3,26,5,11.5,1,1,1,1,9.3,51,547,6,6.9,0,1,0,0,44.7,21,1,2.4,0,0,0,1,1,1
Shane Ray,9456,ED,DEN,17,0,10,5,16,0,0,4,0,26.2,55,6,7.3,2,3,1,0,91.3,210,230,25,6.9,0,5,12,0,73.8,155,19,6.8,2,3,1,4,6,2
Nick Perry,7033,ED,GB,16,1,12,0,13,0,0,2,0,20.0,42,2,2.4,0,1,1,0,94.6,210,222,21,6.9,1,0,11,0,80.0,168,19,8.0,8,6,3,8,7,4
Isa Abdul-Quddus,6722,S,DET,16,0,11,3,0,0,1,0,0,40.9,9,1,5.6,0,0,0,0,5.9,22,375,3,6.8,0,2,0,0,59.1,13,2,7.7,0,0,0,0,0,0
Robert Mathis,1447,ED,IND,15,0,14,8,20,0,3,4,0,31.9,98,11,7.7,4,6,2,0,88.2,307,348,35,6.8,0,5,16,0,68.1,209,24,6.5,3,3,0,7,9,2
Eric Reid,7799,S,SF,16,0,28,1,0,0,0,0,0,40.9,9,1,11.1,1,1,1,0,3.7,22,596,2,6.8,0,1,0,0,59.1,13,1,3.8,0,0,0,1,1,1
D'Qwell Jackson,2979,LB,IND,16,0,14,1,12,0,0,3,0,47.0,54,3,2.8,0,0,1,0,21.1,127,601,15,6.7,0,1,8,0,53.0,61,11,10.7,2,2,0,2,2,1
Malik Jackson,7647,DI,DEN,19,0,10,12,56,0,2,12,1,26.8,162,16,5.6,2,4,2,2,100.0,611,611,75,6.7,0,10,43,1,73.2,443,58,7.1,5,7,2,7,11,4
Trent Cole,2363,ED,IND,14,0,14,6,24,0,1,9,1,28.4,76,11,7.9,1,2,1,1,87.1,270,310,33,6.7,0,5,15,0,71.6,192,22,6.3,2,2,1,3,4,2
Daimion Stafford,8031,S,TEN,15,0,31,0,0,0,0,0,0,46.7,7,1,14.3,1,1,0,0,7.5,15,201,1,6.7,0,0,0,0,53.3,8,0,0.0,0,0,0,1,1,0
Casey Hayward Jr.,7064,CB,GB,18,0,12,1,3,0,0,2,0,56.7,17,2,5.9,0,0,0,0,4.5,30,670,4,6.7,0,1,1,0,43.3,13,2,7.7,0,0,0,0,0,0
Bruce Irvin,7021,LB,SEA,17,0,29,12,21,0,1,0,0,5.6,18,1,2.8,0,0,0,2,68.6,324,472,38,6.6,0,11,21,2,94.4,306,37,6.9,5,11,6,5,11,6
Dee Ford,8658,ED,KC,16,0,16,8,25,0,7,17,1,65.3,203,24,5.9,0,1,1,1,85.5,312,365,37,6.6,0,1,8,0,34.7,108,13,7.9,4,4,1,4,5,2
Bruce Gaston,9186,DI,CHI,9,0,6,4,8,0,2,5,0,73.5,75,7,4.7,0,0,0,0,99.1,106,107,13,6.6,0,2,3,0,26.5,27,6,13.0,1,1,0,1,2,1
Jurrell Casey,6229,DI,TEN,16,1,31,6,36,0,3,18,0,48.7,217,24,6.2,3,5,2,1,99.1,453,457,51,6.6,1,3,16,1,51.3,229,25,6.8,6,4,2,9,9,4
Desmond Bryant,5204,DI,CLV,14,0,8,9,17,0,2,5,0,22.8,65,10,10.0,3,4,1,0,98.7,304,308,33,6.6,0,6,11,0,77.2,220,21,5.7,4,3,0,7,7,1
Tom Johnson,3378,DI,MIN,17,0,18,13,38,0,5,20,1,53.7,249,26,5.4,1,1,0,1,99.4,481,484,57,6.5,0,8,18,0,46.3,215,31,8.4,5,4,0,6,5,0
Chris Baker,5188,DI,WAS,17,2,32,11,25,2,10,19,2,73.1,274,35,7.5,6,7,3,2,100.0,383,383,43,6.5,0,0,6,0,26.9,101,7,4.0,1,0,0,7,7,3
Nigel Bradham,7105,LB,BUF,11,1,4,2,6,1,2,3,0,57.1,44,6,8.0,1,1,0,0,17.7,77,436,9,6.5,0,0,3,0,42.9,33,3,4.5,0,0,0,1,1,0
Danny Trevathan,7177,LB,DEN,18,0,10,3,3,0,2,0,0,65.1,28,2,3.6,0,1,1,0,9.5,46,484,6,6.5,0,1,3,0,34.9,15,4,13.3,0,0,0,0,1,1
Ryan Kerrigan,6168,ED,WAS,17,0,32,3,48,0,3,43,2,86.3,473,54,6.6,8,9,3,2,97.5,548,562,61,6.5,0,0,5,0,13.7,75,7,6.0,2,2,0,10,11,3
Ndamukong Suh,5527,DI,MIA,16,1,17,13,41,1,11,39,0,93.9,479,56,6.5,6,5,3,1,99.8,510,511,60,6.5,0,2,2,1,6.1,31,4,6.5,0,0,0,6,5,3
Chris McCain,9063,LB,MIA,7,0,17,0,1,0,0,1,0,78.3,18,2,8.3,1,1,0,0,79.3,23,29,2,6.5,0,0,0,0,21.7,5,0,0.0,0,0,0,1,1,0
Alex Okafor,7885,ED,ARZ,13,2,1,8,26,1,6,22,4,58.6,171,28,8.2,0,1,1,4,90.7,292,322,36,6.5,1,2,4,0,41.4,121,8,4.1,2,3,3,2,4,4
Antonio Smith,1856,DI,DEN,19,0,10,6,24,0,0,0,0,16.8,49,0,0.0,0,0,0,2,100.0,292,292,34,6.5,0,6,24,2,83.2,242,34,7.9,4,4,0,4,4,0
Tank Carradine,7821,DI,SF,14,1,28,2,11,0,0,4,0,12.1,13,4,15.4,0,1,1,0,99.1,116,117,14,6.5,1,2,7,0,87.9,94,9,4.8,0,2,2,1,4,3
Devin Taylor,7914,ED,DET,15,1,11,4,23,0,2,10,0,45.7,160,21,9.4,9,8,2,1,97.8,350,358,36,6.4,1,2,13,1,54.3,190,15,3.9,0,2,4,9,10,6
Vic Beasley Jr.,9441,ED,ATL,16,0,2,5,33,0,2,24,2,51.9,187,27,7.5,1,1,0,2,96.5,360,373,42,6.4,0,3,9,0,48.1,173,15,5.2,3,7,5,4,8,5
Aldon Smith,6159,ED,OAK,9,1,23,5,27,0,2,3,1,13.1,41,6,8.5,1,1,0,1,92.9,312,336,36,6.4,1,3,24,0,86.9,271,30,6.1,3,2,1,4,3,1
Brent Urban,8769,DI,BLT,6,0,3,0,3,0,0,1,0,31.6,12,1,4.2,0,0,0,0,100.0,39,39,4,6.4,0,0,2,0,68.4,26,3,7.7,1,1,0,1,1,0
Adrian Clayborn,6172,DI,ATL,16,0,2,15,26,0,0,1,0,1.6,6,1,8.3,0,0,0,0,99.5,369,371,44,6.4,0,15,25,0,98.4,363,43,6.3,3,4,4,3,4,4
Frank Clark,9496,ED,SEA,17,0,29,4,18,0,1,6,0,30.7,73,8,6.2,1,1,2,1,96.0,239,249,26,6.3,0,3,12,1,69.3,165,18,6.4,3,2,1,4,3,3
T.Y. McGill,10156,DI,IND,12,0,14,3,8,0,1,1,0,28.7,37,3,5.4,1,1,0,0,100.0,135,135,14,6.3,0,2,6,0,71.3,92,10,6.5,2,2,0,3,3,0
Datone Jones,7807,DI,GB,17,0,12,9,23,0,8,18,1,75.8,226,28,6.6,2,3,1,2,98.4,304,309,35,6.3,0,1,3,1,24.2,72,5,4.2,1,1,1,3,4,2
Dekoda Watson,5740,LB,NE,3,0,19,0,2,0,0,0,0,18.8,3,0,0.0,0,0,0,0,100.0,16,16,2,6.3,0,0,2,0,81.3,13,2,7.7,0,0,0,0,0,0
Christian Covington,9649,DI,HST,14,0,13,3,6,0,2,4,0,68.5,61,6,4.9,0,0,0,0,100.0,104,104,11,6.3,0,1,2,0,31.5,28,5,12.5,2,2,0,2,2,0
Brandon Marshall,7648,LB,DEN,19,1,10,1,9,0,0,2,0,45.7,48,3,4.2,1,2,1,0,17.5,111,634,12,6.3,0,1,7,0,54.3,57,9,8.8,1,1,0,2,3,1
Eddie Goldman,9472,DI,CHI,15,1,6,2,18,1,0,13,0,68.9,151,17,7.0,4,4,0,0,99.6,254,255,26,6.3,0,0,4,0,31.1,68,5,4.4,1,2,1,6,7,1
Dannell Ellerbe,5442,LB,NO,6,0,20,2,0,0,2,0,0,75.0,12,2,8.3,0,0,0,0,10.2,16,157,2,6.3,0,0,0,0,25.0,4,0,0.0,0,0,0,0,0,0
Sio Moore,7847,LB,IND,7,0,14,0,1,0,0,1,0,50.0,4,1,12.5,0,0,0,0,21.1,8,38,1,6.3,0,0,0,0,50.0,4,0,0.0,0,0,0,0,0,0
Kyle Emanuel,9586,ED,SD,14,0,27,1,13,0,1,7,2,43.4,56,8,7.1,0,0,0,3,82.2,129,157,15,6.2,0,0,6,1,56.6,73,7,5.5,1,1,0,1,1,0
Frank Zombo,5945,ED,KC,9,0,16,2,6,0,0,1,0,15.9,18,1,2.8,0,0,0,1,80.7,113,140,11,6.2,0,2,5,1,84.1,95,10,6.8,3,4,2,3,4,2
Trent Murphy,8682,ED,WAS,17,0,32,6,19,0,3,6,0,29.2,82,13,10.4,4,3,0,0,78.3,281,359,30,6.2,0,3,13,0,70.8,199,17,4.5,1,1,0,5,4,0
John Simon,7911,ED,HST,17,0,13,7,13,0,4,9,1,68.4,173,17,6.1,4,5,1,2,60.3,257,426,26,6.2,0,3,4,1,31.6,80,9,6.9,2,1,1,6,6,2
William Gholston,7908,ED,TB,16,2,30,4,27,1,2,18,1,66.8,201,23,6.5,3,3,0,1,97.4,301,309,34,6.1,1,2,9,0,33.2,100,11,5.5,0,0,0,3,3,0
Will Compton,8308,LB,WAS,15,0,32,1,2,0,1,2,1,52.5,21,4,11.9,1,1,0,1,9.1,41,451,4,6.1,0,0,0,0,47.5,19,0,0.0,0,0,0,1,1,0
Husain Abdullah,4652,S,KC,13,0,16,2,3,0,1,2,0,56.1,23,3,6.5,0,0,0,0,11.0,41,372,5,6.1,0,1,1,0,43.9,18,2,5.6,0,0,0,0,0,0
Mike Catapano,7989,DI,NYJ,3,0,22,1,2,0,0,0,0,7.3,3,0,0.0,0,0,0,0,85.4,41,48,4,6.1,0,1,2,0,92.7,38,4,6.6,1,1,0,1,1,0
Lawrence Guy,6385,DI,BLT,16,0,3,4,15,0,4,9,0,56.5,134,17,7.8,4,5,1,0,98.8,243,246,24,6.0,0,0,6,0,43.5,103,7,3.9,1,3,3,5,8,4
Kyle Wilber,7113,LB,DAL,13,0,9,0,3,0,0,0,0,16.0,4,0,0.0,0,0,0,0,28.4,25,88,3,6.0,0,0,3,0,84.0,21,3,7.1,0,0,0,0,0,0
Kony Ealy,8695,ED,CAR,19,1,5,6,32,1,4,26,3,65.8,294,37,7.5,7,8,1,4,94.9,447,471,46,6.0,0,2,6,1,34.2,153,9,3.3,1,2,2,8,10,3
Obum Gwacham,9642,ED,NO,8,0,20,1,3,0,0,2,0,38.6,32,3,6.3,1,1,0,0,100.0,83,83,7,6.0,0,1,1,0,61.4,51,4,5.9,2,1,0,3,2,0
Tyrone Crawford,7083,DI,DAL,16,0,9,3,34,0,0,16,2,55.9,205,19,5.4,3,3,1,3,99.7,391,392,42,6.0,0,3,17,1,44.1,162,22,7.4,2,2,0,5,5,3
Brooks Reed,6194,LB,ATL,13,0,2,0,12,0,0,4,0,27.7,28,4,7.1,0,0,0,1,58.7,101,172,12,5.9,0,0,8,1,72.3,73,8,5.5,0,0,0,0,0,0
Jarvis Jenkins,6193,DI,CHI,15,0,6,6,26,0,3,19,2,67.3,230,25,6.1,3,5,2,4,99.7,354,355,37,5.9,0,3,7,2,32.7,112,12,6.3,2,1,1,5,6,3
Jerry Hughes,5556,ED,BUF,16,0,4,5,49,0,1,9,0,9.8,53,12,13.2,2,2,0,2,90.8,541,596,59,5.9,0,4,40,2,90.2,486,47,5.1,3,6,9,5,8,9
Avery Williamson,8786,LB,TEN,15,0,31,1,9,0,0,5,0,51.5,68,6,5.1,1,0,0,0,27.2,135,497,13,5.9,0,1,4,0,48.5,64,6,5.5,1,1,0,3,2,0
Doug Worthington,5765,DI,SL,2,0,26,1,3,0,1,1,0,56.3,18,2,5.6,0,0,0,1,97.1,34,35,4,5.9,0,0,1,0,43.8,14,1,3.6,0,0,0,0,0,0
Leonard Williams,9439,DI,NYJ,16,1,22,19,29,0,8,9,1,32.9,147,19,7.1,2,2,0,3,99.6,476,478,52,5.9,1,11,20,2,67.1,300,33,5.8,2,3,1,4,5,1
Gerald McCoy,5528,DI,TB,15,0,30,8,25,0,7,13,0,63.0,272,24,5.1,4,5,2,0,100.0,435,435,42,5.9,0,1,12,0,37.0,160,18,7.2,5,3,0,9,8,2
Mike Pennel,9316,DI,GB,18,0,12,3,10,0,1,6,0,68.6,83,8,5.4,1,1,0,0,99.2,128,129,14,5.9,0,1,4,0,31.4,38,5,6.6,0,0,0,1,1,0
Jared Allen,1847,ED,CAR,17,0,5,24,20,0,0,0,0,0.0,0,0,,0,0,0,0,94.6,424,448,47,5.9,0,24,20,0,100.0,424,47,5.9,3,4,4,3,4,4
Jadeveon Clowney,8636,ED,HST,13,0,13,3,22,0,1,0,0,14.4,43,2,3.5,1,2,2,1,94.6,299,316,30,5.9,0,2,22,1,85.6,255,28,6.3,4,3,3,5,5,5
Jonathan Casillas,5422,LB,NYG,15,0,21,0,5,0,0,2,0,52.5,31,3,6.5,1,1,0,0,13.9,60,432,6,5.8,0,0,3,0,47.5,28,3,5.4,0,0,0,1,1,0
David Irving,10063,DI,DAL,12,0,9,2,8,0,1,4,0,46.6,48,6,7.3,1,0,1,0,100.0,103,103,11,5.8,0,1,4,0,53.4,55,5,4.5,0,0,0,1,0,1
Brian Robison,3718,ED,MIN,17,0,18,6,48,0,6,45,3,90.9,498,55,5.9,4,6,3,3,97.0,548,565,59,5.8,0,0,3,0,9.1,50,4,5.0,1,1,0,5,7,3
Erik Walden,4481,ED,IND,15,1,14,11,24,0,10,20,2,74.0,247,31,6.5,1,2,1,2,74.9,334,446,37,5.8,1,1,4,0,26.0,87,6,4.0,1,2,1,2,4,2
Armonty Bryant,7999,ED,CLV,14,0,8,6,10,0,1,5,0,31.8,76,9,7.9,3,3,1,0,92.3,241,261,22,5.8,0,5,5,0,68.2,163,13,4.9,3,6,7,6,9,8
Eli Harold,9512,ED,SF,16,0,28,4,10,0,1,1,0,5.8,7,2,14.3,0,0,0,0,78.6,121,154,14,5.8,0,3,9,0,94.2,114,12,5.3,0,0,0,0,0,0
Tahir Whitehead,7135,LB,DET,16,0,11,1,4,0,1,2,0,51.7,31,3,4.8,0,0,0,1,16.9,60,354,6,5.8,0,0,2,1,48.3,29,3,6.9,1,1,0,1,1,0
Chris Smith,8794,ED,JAX,6,0,15,2,6,0,1,3,0,50.0,43,5,7.0,1,0,0,1,98.9,86,87,9,5.8,0,1,3,1,50.0,43,4,4.7,0,0,0,1,0,0
Donald Butler,5603,LB,SD,11,0,27,0,3,0,0,1,0,53.5,23,1,2.2,0,0,0,0,17.6,43,245,4,5.8,0,0,2,0,46.5,20,3,10.0,1,1,0,1,1,0
Devon Kennard,8809,LB,NYG,9,0,21,5,4,0,4,2,0,66.2,51,6,5.9,0,0,0,0,30.2,79,262,9,5.7,0,1,2,0,33.8,26,3,5.8,0,1,1,0,1,1
Frank Kearse,6383,ED,WAS,4,0,32,0,3,0,0,1,0,61.4,27,2,5.6,1,1,0,0,100.0,44,44,4,5.7,0,0,2,0,38.6,17,2,5.9,0,0,0,1,1,0
Cameron Heyward,6183,DI,PIT,18,2,25,9,53,0,0,1,0,2.4,15,1,3.3,0,0,0,1,98.6,681,691,70,5.7,2,8,48,1,97.6,616,64,5.8,8,13,8,8,13,8
Rob Ninkovich,3080,ED,NE,18,2,19,13,29,1,11,27,3,86.6,419,45,6.2,7,8,5,3,76.9,490,637,49,5.7,1,1,2,0,13.4,65,3,2.3,0,0,1,7,8,6
Connor Barwin,4969,ED,PHI,16,0,24,7,31,0,5,26,0,79.5,360,36,5.7,5,6,6,0,74.0,453,612,45,5.7,0,2,5,0,20.5,93,9,5.9,2,2,1,7,8,7
Jamie Meder,8940,DI,CLV,16,0,8,4,12,0,3,8,0,61.6,93,12,7.0,1,1,0,0,99.4,157,158,17,5.7,0,1,4,0,38.4,58,5,4.3,0,0,1,1,1,1
Robert Quinn,6166,ED,SL,8,0,26,2,11,0,0,0,0,0.0,0,0,,0,0,0,1,99.5,202,203,18,5.7,0,2,11,1,100.0,202,18,5.7,5,5,1,5,5,1
Jerraud Powers,5015,CB,ARZ,15,0,1,0,1,0,0,0,0,44.4,4,0,0.0,0,0,0,0,1.7,9,538,1,5.6,0,0,1,0,55.6,5,1,10.0,0,0,0,0,0,0
James Anderson,3033,LB,NO,3,0,20,1,0,0,1,0,0,22.2,2,1,25.0,0,0,0,0,16.1,9,56,1,5.6,0,0,0,0,77.8,7,0,0.0,0,0,0,0,0,0
Kareem Jackson,5545,CB,HST,13,0,13,0,1,0,0,1,0,77.8,7,1,7.1,0,0,0,0,2.3,9,400,1,5.6,0,0,0,0,22.2,2,0,0.0,0,0,0,0,0,0
Damontre Moore,7862,ED,MIA,14,1,17,5,12,1,5,10,1,58.7,121,16,7.0,1,2,2,1,95.8,206,215,20,5.6,0,0,2,0,41.3,85,4,3.5,2,6,4,3,8,6
Tashaun Gipson Sr.,7288,S,CLV,13,0,8,0,1,0,0,0,0,33.3,3,0,0.0,0,0,0,0,2.1,9,432,1,5.6,0,0,1,0,66.7,6,1,8.3,0,0,0,0,0,0
Jon Bostic,7831,LB,NE,4,0,19,1,0,0,0,0,0,25.0,2,0,0.0,0,0,0,0,25.0,9,36,1,5.6,0,0,0,0,75.0,6,0,0.0,0,0,0,0,0,0
Jelani Jenkins,7886,LB,MIA,13,0,17,0,2,0,0,0,0,37.5,6,0,0.0,0,0,0,0,5.1,18,353,2,5.6,0,0,2,0,62.5,10,2,10.0,0,0,0,0,0,0
James Laurinaitis,4958,LB,SL,16,0,26,7,5,0,4,1,1,51.7,60,6,5.8,1,2,1,1,18.9,126,667,13,5.6,0,2,4,0,48.3,56,6,5.4,0,1,1,1,3,2
Jarvis Jones,7798,ED,PIT,17,2,25,2,15,0,1,0,0,4.4,10,1,5.0,0,0,0,2,70.8,226,319,21,5.5,2,1,15,2,95.6,215,20,5.6,4,3,0,4,3,0
Akiem Hicks,7090,DI,NE,18,0,19,4,18,0,0,7,1,66.5,131,10,5.0,3,3,0,1,100.0,254,254,25,5.5,0,3,6,0,33.5,66,9,6.8,0,0,0,3,3,0
Howard Jones,8909,ED,TB,12,0,30,2,14,0,0,0,0,0.4,1,0,0.0,0,0,0,2,98.1,260,265,22,5.4,0,2,14,2,99.6,259,22,5.4,6,6,0,6,6,0
Zach Kerr,9195,DI,IND,12,0,14,3,12,0,1,7,0,48.5,66,8,6.1,0,1,1,0,99.3,138,139,15,5.4,0,2,5,0,51.5,70,7,5.0,0,0,0,0,1,1
Wallace Gilberry,4763,ED,CIN,17,0,7,16,33,0,12,10,1,53.4,264,22,4.2,0,1,2,1,98.6,495,502,51,5.4,0,4,23,0,46.6,230,29,6.7,2,2,0,2,3,2
David King,8022,DI,KC,4,0,16,0,1,0,0,0,0,28.6,8,0,0.0,0,0,0,0,100.0,28,28,2,5.4,0,0,1,0,71.4,20,2,7.5,1,0,0,1,0,0
Kareem Martin,8719,ED,ARZ,12,0,1,1,5,0,0,1,0,51.1,46,3,5.4,2,3,1,0,88.5,92,104,8,5.4,0,1,4,0,48.9,44,5,5.7,0,0,0,2,3,1
Dezman Moses,7696,ED,KC,9,0,16,1,3,0,1,1,0,45.9,17,2,5.9,0,0,0,0,86.0,37,43,4,5.4,0,0,2,0,54.1,20,2,5.0,0,0,0,0,0,0
Hau'oli Kikaha,9477,LB,NO,15,0,20,1,19,0,0,7,2,25.7,66,8,6.8,1,0,0,3,69.8,257,368,24,5.4,0,1,12,1,74.3,191,16,5.0,3,4,1,4,4,1
Derrick Shelby,7400,ED,MIA,16,0,17,6,31,0,5,30,3,83.9,348,37,5.6,2,2,1,3,98.3,415,422,41,5.4,0,1,1,0,16.1,67,4,4.5,2,3,1,4,5,2
Margus Hunt,7834,ED,CIN,7,0,7,0,4,0,0,4,0,94.7,36,4,5.6,0,0,0,0,95.0,38,40,4,5.3,0,0,0,0,5.3,2,0,0.0,0,1,1,0,1,1
Kyshoen Jarrett,9614,S,WAS,15,0,32,0,2,0,0,1,0,63.2,12,1,4.2,0,0,0,0,4.8,19,398,2,5.3,0,0,1,0,36.8,7,1,7.1,0,0,0,0,0,0
Michael Johnson,4993,ED,CIN,17,1,7,13,35,0,1,1,0,5.1,28,2,3.6,0,0,0,3,94.5,548,580,53,5.3,1,12,34,3,94.9,520,51,5.4,5,6,2,5,6,2
O'Brien Schofield,5653,ED,ATL,16,0,2,10,14,0,9,8,0,70.2,174,17,4.9,0,0,1,0,82.7,248,300,25,5.2,0,1,6,0,29.8,74,8,6.1,1,2,1,1,2,2
Matt Longacre,9910,ED,SL,5,0,26,2,5,0,0,0,0,0.0,0,0,,0,0,0,0,100.0,67,67,7,5.2,0,2,5,0,100.0,67,7,5.2,0,1,1,0,1,1
Timmy Jernigan,8683,DI,BLT,15,0,3,8,17,0,5,12,0,62.8,201,20,5.7,3,3,2,0,97.7,335,343,30,5.2,0,3,4,0,37.2,119,9,4.6,2,2,1,5,5,3
Haloti Ngata,2957,DI,DET,14,1,11,4,25,1,4,19,0,92.8,309,25,4.4,2,1,1,0,98.6,356,361,33,5.2,0,0,4,0,7.2,24,5,12.5,1,2,0,4,4,1
Quinton Coples,7022,ED,MIA,15,0,17,4,12,0,1,7,0,40.9,63,8,6.3,0,0,0,0,95.1,154,162,16,5.2,0,3,5,0,59.1,91,8,4.4,0,0,0,0,0,0
Charles Johnson,3699,ED,CAR,12,0,5,3,23,0,3,20,0,91.5,303,26,4.8,3,3,0,0,93.2,331,355,30,5.1,0,0,3,0,8.5,28,4,8.9,1,1,0,4,4,0
Jordan Hill,7868,DI,SEA,12,1,29,4,19,0,1,6,0,32.9,72,7,4.9,0,0,0,0,95.3,225,236,23,5.1,1,3,13,0,67.1,147,16,5.4,0,0,0,0,0,0
Mike Neal,5581,ED,GB,18,1,12,6,25,0,5,15,4,54.8,263,26,6.1,6,7,2,4,91.4,480,525,40,5.1,1,1,10,0,45.2,217,14,3.9,3,1,0,9,8,2
Manti Te'o,7819,LB,SD,12,0,27,1,4,0,0,4,0,57.8,26,4,7.7,0,0,0,0,12.2,49,403,5,5.1,0,1,0,0,42.2,19,1,2.6,0,0,1,0,0,1
Chris Carter,6314,ED,BLT,12,0,3,2,7,0,0,1,0,10.1,9,1,5.6,0,0,1,1,91.8,89,97,9,5.1,0,2,6,1,89.9,80,8,5.0,0,0,0,0,0,1
Barkevious Mingo,7787,ED,CLV,16,0,8,0,8,0,0,1,1,24.4,19,1,2.6,0,0,0,1,53.8,78,145,8,5.1,0,0,7,0,75.6,59,7,5.9,0,0,1,0,0,1
Rufus Johnson,7964,LB,NE,1,0,19,0,1,0,0,0,0,10.0,1,0,0.0,0,0,0,0,100.0,10,10,1,5.0,0,0,1,0,90.0,9,1,5.6,0,1,1,0,1,1
Linval Joseph,5571,DI,MIN,13,1,18,4,20,0,1,9,0,49.6,134,10,3.7,0,0,1,0,100.0,282,282,26,5.0,1,3,9,0,50.4,136,14,5.9,2,3,2,2,3,3
Ross Cockrell,8744,CB,PIT,17,0,25,0,1,0,0,0,0,10.0,1,0,0.0,0,0,0,0,2.1,10,486,1,5.0,0,0,1,0,90.0,9,1,5.6,0,0,0,0,0,0
Robert Thomas,9022,DI,MIA,1,0,17,0,1,0,0,1,0,30.0,3,1,16.7,0,0,0,0,100.0,10,10,1,5.0,0,0,0,0,70.0,7,0,0.0,0,0,0,0,0,0
Kavell Conner,5763,LB,SD,4,0,27,0,1,0,0,0,0,40.0,4,0,0.0,0,0,0,0,10.3,10,97,1,5.0,0,0,1,0,60.0,6,1,8.3,0,0,0,0,0,0
Jonathan Freeny,6633,LB,NE,14,0,19,0,3,0,0,1,0,47.9,23,2,6.5,1,1,0,0,20.7,50,242,4,5.0,0,0,1,0,52.1,25,1,2.0,0,0,0,1,1,0
Shawn Williams,7865,S,CIN,15,0,7,0,1,0,0,0,0,10.0,1,0,0.0,0,0,0,0,2.7,10,376,1,5.0,0,0,1,0,90.0,9,1,5.6,0,1,1,0,1,1
Ropati Pitoitua,4707,DI,TEN,4,0,31,0,1,0,0,1,0,100.0,10,1,5.0,0,0,0,0,90.9,10,11,1,5.0,0,0,0,0,0.0,0,0,,0,0,0,0,0,0
Sean Weatherspoon,5544,LB,ARZ,14,1,1,1,2,0,0,0,0,48.3,14,0,0.0,0,0,0,0,26.1,30,115,3,5.0,1,0,2,0,51.7,15,2,6.7,0,0,0,0,0,0
Calais Campbell,4364,DI,ARZ,18,1,1,13,32,0,0,6,1,8.0,44,7,9.1,1,2,1,2,99.8,567,568,51,5.0,1,12,26,1,92.0,509,41,4.3,3,3,4,6,7,5
David Hawthorne,4693,LB,NO,9,0,20,1,0,0,0,0,0,44.4,4,0,0.0,0,0,0,0,10.6,10,94,1,5.0,0,1,0,0,55.6,5,1,10.0,0,0,0,0,0,0
Pat Sims,4391,DI,CIN,9,1,7,3,5,1,1,3,0,50.5,50,5,6.0,1,1,0,0,100.0,100,100,9,5.0,0,2,2,0,49.5,49,4,4.1,0,0,0,1,1,0
Akeem Spence,7882,DI,TB,8,0,30,4,11,0,2,4,0,36.4,56,6,5.4,0,0,0,0,99.4,154,155,15,4.9,0,2,7,0,63.6,98,9,4.6,0,0,0,0,0,0
Jaye Howard Jr.,7114,DI,KC,18,0,16,4,30,0,2,18,0,56.5,261,23,5.0,3,3,2,2,100.0,485,485,41,4.9,0,2,11,2,43.5,201,17,5.2,4,4,2,7,7,4
Kendall Langford,4380,DI,IND,16,1,14,11,24,1,8,20,1,79.4,390,34,5.1,6,7,3,1,99.8,497,498,42,4.9,0,3,4,0,20.6,101,8,4.5,1,1,1,7,8,4
Henry Anderson,9526,DI,IND,9,0,14,3,18,0,1,7,0,30.8,72,9,6.9,1,1,0,0,100.0,237,237,22,4.9,0,2,11,0,69.2,162,13,4.0,0,0,1,1,1,1
DeMeco Ryans,2978,LB,PHI,14,0,24,1,3,0,1,3,0,68.4,26,4,7.7,0,0,0,1,14.5,41,282,4,4.9,0,0,0,1,31.6,12,0,0.0,0,0,0,0,0,0
Karlos Dansby,1754,LB,CLV,16,1,8,5,2,1,0,1,0,50.0,36,1,1.4,0,0,0,0,13.0,72,552,7,4.9,0,5,1,0,50.0,36,6,8.3,0,0,0,0,0,0
Za'Darius Smith,9555,ED,BLT,15,1,3,2,9,0,0,1,0,21.9,51,3,4.9,2,2,1,0,91.7,233,254,17,4.9,1,2,8,0,78.1,182,14,4.9,4,6,5,6,8,6
Tyrunn Walker,7459,DI,DET,4,0,11,0,8,0,0,3,1,26.3,21,3,7.1,0,0,0,2,97.6,82,84,8,4.9,0,0,5,1,73.8,59,5,4.2,0,0,0,0,0,0
Bjoern Werner,7805,ED,IND,9,0,14,0,4,0,0,2,0,34.1,14,2,7.1,0,0,0,0,58.6,41,70,4,4.9,0,0,2,0,65.9,27,2,3.7,0,0,0,0,0,0
Andre Branch,7042,ED,JAX,13,0,15,3,22,0,2,20,1,81.4,294,27,5.4,5,6,3,2,95.0,361,380,30,4.8,0,1,2,1,18.6,67,3,2.2,0,0,0,5,6,3
Ethan Westbrooks,8976,ED,SL,13,0,26,2,9,0,1,5,0,46.4,71,8,7.0,2,2,0,0,99.4,156,157,13,4.8,0,1,4,0,53.6,82,5,3.0,0,1,1,2,3,1
Ra'Shede Hageman,8672,DI,ATL,16,0,2,5,10,0,3,4,0,55.1,98,7,3.6,0,0,1,0,98.3,178,181,16,4.8,0,2,6,0,44.9,80,9,6.3,1,2,1,1,2,2
Geneo Grissom,9530,DI,NE,9,0,19,1,6,0,0,0,0,25.3,23,1,4.3,1,1,0,1,96.9,93,96,8,4.8,0,1,6,1,74.7,68,7,5.1,0,0,0,1,1,0
Sharrif Floyd,7804,DI,MIN,14,0,18,2,19,0,0,6,2,36.3,113,7,3.5,1,1,1,2,99.7,323,324,26,4.8,0,2,13,0,63.7,198,19,5.8,4,3,1,5,4,2
Albert McClellan,6022,ED,BLT,13,0,3,0,4,0,0,1,1,30.2,19,2,7.9,1,1,0,1,69.2,63,91,5,4.8,0,0,3,0,69.8,44,3,3.4,0,1,1,1,2,1
Lamarr Woodley,3662,ED,ARZ,10,1,1,1,6,1,0,6,1,59.6,56,7,7.1,1,1,1,1,68.6,94,137,8,4.8,0,1,0,0,40.4,38,1,1.3,0,0,0,1,1,1
Malcolm Jenkins,4937,S,PHI,16,0,24,0,2,0,0,1,0,35.0,7,1,7.1,0,0,0,0,3.0,21,689,2,4.8,0,0,1,0,65.0,13,1,3.8,0,0,0,0,0,0
Kasim Edebali,9011,ED,NO,16,0,20,1,14,0,0,7,0,44.5,114,7,3.1,0,0,3,2,94.9,263,277,20,4.8,0,1,7,2,55.5,142,12,5.6,4,5,1,5,6,5
Nick Fairley,6165,DI,SL,15,0,26,5,13,0,3,5,0,56.9,111,9,4.5,1,1,3,0,97.3,215,221,19,4.7,0,2,6,0,43.1,84,8,4.8,0,0,0,1,1,3
George Selvie,5749,ED,NYG,12,1,21,4,12,1,1,3,1,27.0,57,5,5.3,1,1,1,2,95.9,211,220,18,4.7,0,3,9,1,73.0,154,13,4.5,1,2,2,2,3,3
Henry Melton,5028,DI,TB,16,1,30,9,14,0,6,7,1,47.1,144,14,5.2,1,1,2,1,100.0,306,306,26,4.7,1,3,7,0,52.9,162,12,4.3,2,2,2,3,3,4
Frostee Rucker,3036,DI,ARZ,15,0,1,10,15,0,7,14,2,95.9,305,23,4.1,2,6,4,2,99.4,329,331,28,4.7,0,2,0,0,4.1,13,3,15.4,1,1,0,3,7,4
Michael Wilhoite,6989,LB,SF,12,0,28,0,1,0,0,0,0,46.9,15,1,6.7,1,0,0,1,10.6,32,303,2,4.7,0,0,1,1,53.1,17,1,2.9,0,0,0,1,0,0
Xavier Williams,9809,DI,ARZ,4,0,1,1,2,0,1,2,0,73.1,19,3,7.9,0,1,1,0,97.0,32,33,3,4.7,0,0,0,0,26.9,7,0,0.0,0,0,0,0,1,1
Calvin Pace,1334,ED,NYJ,16,0,22,4,10,0,2,5,0,70.1,150,8,3.0,1,1,0,1,75.4,214,284,17,4.7,0,2,5,1,29.9,64,9,8.6,2,2,0,3,3,0
Jacquies Smith,7401,ED,TB,12,0,30,5,12,0,5,10,2,87.9,269,21,5.0,6,6,1,2,99.0,306,309,23,4.7,0,0,2,0,12.1,37,2,2.7,0,0,0,6,6,1
Rodney Gunter,9549,DI,ARZ,18,0,1,3,16,0,1,3,0,56.7,89,5,3.4,1,1,2,0,99.6,223,224,20,4.7,0,1,8,0,43.3,68,9,6.6,0,0,0,1,1,2
Mario Edwards Jr.,9468,DI,OAK,14,1,23,2,25,0,0,3,0,21.3,71,4,3.5,1,1,0,0,95.4,349,366,30,4.7,1,2,20,0,78.7,262,24,5.0,2,3,2,3,5,3
Stephon Tuitt,8681,DI,PIT,16,2,25,6,38,1,6,33,2,90.0,538,44,4.6,5,8,6,3,99.5,611,614,51,4.7,1,0,4,0,10.0,60,5,5.0,1,1,0,7,10,6
Tyson Alualu,5535,DI,JAX,16,0,15,8,18,0,4,9,2,52.0,171,13,3.8,0,0,0,2,99.1,329,332,28,4.6,0,4,9,0,48.0,158,15,5.4,2,2,0,2,2,0
Cam Johnson,7221,ED,CLV,1,0,8,0,1,0,0,1,0,54.5,6,1,8.3,0,0,0,0,91.7,11,12,1,4.5,0,0,0,0,45.5,5,0,0.0,0,0,0,0,0,0
Kiko Alonso,7827,LB,PHI,11,0,24,0,4,0,0,2,0,45.5,20,2,5.0,0,0,0,0,16.6,44,265,4,4.5,0,0,2,0,54.5,24,2,4.2,0,0,0,0,0,0
Mike Devito,3928,DI,KC,15,0,16,0,9,0,0,8,1,69.3,115,9,4.3,1,1,0,1,100.0,166,166,12,4.5,0,0,1,0,30.7,51,3,4.9,2,2,0,3,3,0
Erin Henderson,4656,LB,NYJ,11,1,22,0,4,0,0,1,0,25.0,9,1,5.6,0,0,0,0,32.4,44,136,4,4.5,0,0,2,0,75.0,27,2,3.7,0,0,0,0,0,0
Jason Babin,1748,ED,ARZ,2,0,1,1,1,0,0,1,1,77.3,17,1,2.9,0,0,0,1,88.0,22,25,2,4.5,0,1,0,0,22.7,5,1,10.0,0,0,0,0,0,0
Trumaine McBride,3837,CB,NYG,15,0,21,0,2,0,0,0,0,27.3,6,0,0.0,0,0,0,0,8.8,22,251,2,4.5,0,0,2,0,72.7,16,2,6.3,0,0,0,0,0,0
Preston Brown,8708,LB,BUF,16,0,4,6,6,0,1,2,1,49.6,62,3,2.4,0,0,0,1,21.6,134,620,12,4.5,0,3,4,0,50.4,63,7,5.6,0,0,0,0,0,0
Denico Autry,8982,DI,OAK,14,1,23,5,27,0,1,10,1,46.1,193,12,3.4,1,1,3,2,99.3,422,425,35,4.5,1,4,17,1,53.9,226,23,5.5,2,2,0,3,3,3
Jerod Mayo,4324,LB,NE,16,0,19,1,3,0,1,1,0,44.2,19,2,5.3,0,0,0,0,20.7,44,213,4,4.5,0,0,2,0,55.8,24,2,4.2,0,0,0,0,0,0
Darius Philon,9625,DI,SD,8,0,27,2,3,0,0,0,0,34.6,27,1,3.7,1,0,0,1,100.0,79,79,6,4.4,0,1,3,1,65.4,51,4,3.9,0,1,1,1,1,1
Kroy Biermann,4468,ED,ATL,16,0,2,6,9,0,2,5,0,47.2,101,9,5.4,2,2,1,1,91.5,214,234,17,4.4,0,4,4,1,52.8,113,8,3.5,0,0,1,2,2,2
Benson Mayowa,8196,ED,OAK,12,0,23,3,14,0,1,7,0,38.6,83,8,4.8,0,0,1,0,86.3,215,249,18,4.4,0,2,7,0,61.4,132,10,4.2,1,1,0,1,1,1
Corbin Bryant,6825,DI,BUF,16,0,4,6,20,0,4,8,0,59.3,185,13,3.8,1,0,0,1,95.8,320,334,27,4.4,0,2,12,1,40.7,127,14,5.5,0,0,0,1,0,0
Chris Canty,2349,DI,BLT,9,1,3,3,8,0,1,4,0,25.0,36,5,6.9,0,0,0,0,99.3,149,150,12,4.4,1,2,4,0,75.0,108,7,3.7,1,1,1,1,1,1
Stephen Bowen,3242,DI,NYJ,14,1,22,0,6,0,0,3,0,39.7,27,3,5.6,0,0,0,1,100.0,70,70,6,4.3,1,0,3,1,60.3,41,3,3.7,0,0,0,0,0,0
Bud Dupree,9455,ED,PIT,18,1,25,3,17,1,3,17,0,98.5,323,24,4.3,4,6,2,0,83.1,329,396,24,4.3,0,0,0,0,1.5,5,0,0.0,0,0,0,4,6,2
Nate Orchard,9484,ED,CLV,15,0,8,1,5,0,0,5,0,48.6,68,7,6.6,2,2,0,0,64.5,140,217,9,4.3,0,1,0,0,51.4,72,2,2.1,1,2,2,3,4,2
Chris Clemons,1585,ED,JAX,16,1,15,8,23,0,5,3,0,27.9,120,8,3.3,0,0,0,2,96.8,430,444,34,4.3,1,3,20,2,72.1,310,26,4.7,3,4,1,3,4,1
Vance Walker,5134,DI,DEN,18,1,10,2,13,0,2,9,1,62.7,133,11,4.1,0,0,0,1,100.0,220,220,17,4.3,0,0,4,0,37.3,79,6,5.1,2,2,0,2,2,0
Leon Hall,3634,CB,CIN,15,0,7,0,2,0,0,1,0,52.2,12,1,4.2,0,0,0,0,4.5,23,516,2,4.3,0,0,1,0,47.8,11,1,4.5,0,0,0,0,0,0
Brandon Boykin,7123,CB,PIT,11,0,25,0,0,0,0,0,0,39.1,9,0,0.0,0,0,0,0,8.6,23,266,1,4.3,0,0,0,0,60.9,14,1,7.1,1,1,0,1,1,0
Jonathan Babineaux,2276,DI,ATL,16,0,2,8,18,0,8,16,1,97.7,334,26,4.2,2,7,7,1,96.3,360,374,28,4.2,0,0,0,0,2.3,8,0,0.0,0,0,0,2,7,8
Kourtnei Brown,7679,ED,TB,5,0,30,1,4,0,1,2,0,64.4,38,3,3.9,0,0,0,0,95.2,59,62,5,4.2,0,0,2,0,35.6,21,2,4.8,0,0,1,0,0,1
Leger Douzable,4654,DI,NYJ,16,2,22,6,7,1,1,1,0,27.8,49,3,4.1,1,1,1,0,98.3,177,180,14,4.2,1,5,6,0,72.2,127,11,4.3,0,0,2,1,1,3
Jeremy Mincey,3136,ED,DAL,14,1,9,3,14,1,1,4,2,31.7,64,5,3.9,0,0,0,2,98.1,204,208,17,4.2,0,2,10,0,68.3,138,12,4.3,0,0,0,0,0,0
Darryl Tapp,3008,ED,DET,16,0,11,4,9,0,2,8,0,86.3,176,12,4.0,2,3,4,0,99.5,204,205,15,4.2,0,2,1,0,13.7,28,3,5.4,0,0,0,2,3,4
Brandon Mebane,3701,DI,SEA,17,0,29,1,17,0,0,4,0,44.8,116,6,3.4,2,2,0,0,97.0,262,270,20,4.2,0,1,13,0,55.2,143,14,4.9,0,0,1,2,2,1
Paul Soliai,3724,DI,ATL,14,0,2,6,6,0,0,2,0,48.4,61,2,1.6,0,0,0,0,98.0,144,147,12,4.2,0,4,3,0,51.6,65,7,5.4,0,1,1,0,1,2
Dashon Goldson,3742,S,WAS,16,0,32,1,0,0,0,0,0,25.0,3,0,0.0,0,0,0,0,2.0,12,601,1,4.2,0,1,0,0,75.0,9,1,5.6,0,0,0,0,0,0
David Bass,8016,ED,TEN,15,0,31,2,12,0,2,10,0,75.5,166,14,4.8,2,2,1,0,76.9,220,286,16,4.1,0,0,2,0,24.5,54,2,1.9,0,1,1,2,3,2
Roy Miller,5004,DI,JAX,16,2,15,2,10,0,0,6,0,42.6,107,8,4.7,2,3,1,0,100.0,271,271,17,4.1,2,0,4,0,57.4,144,7,3.5,3,3,0,5,6,1
Kevin Williams,1325,DI,NO,16,0,20,2,19,0,1,8,0,48.6,124,9,3.6,0,0,0,0,100.0,255,255,21,4.1,0,1,11,0,51.4,131,12,4.6,0,1,2,0,1,2
Allen Bailey,6238,DI,KC,14,0,16,3,20,0,2,12,0,51.8,214,18,5.1,4,5,3,0,99.8,416,417,28,4.0,0,1,8,0,48.2,199,10,2.8,1,1,1,5,6,4
Eugene Sims,5712,ED,SL,13,2,26,4,19,0,0,0,0,1.2,4,0,0.0,0,0,0,2,100.0,340,340,25,4.0,2,4,19,2,98.8,336,25,4.0,2,2,5,2,2,5
Ricky Jean Francois,5168,DI,WAS,17,1,32,0,13,1,0,4,0,23.9,51,4,3.9,0,0,0,3,100.0,213,213,15,4.0,0,0,9,3,76.1,162,11,4.0,2,4,2,2,4,2
Dan Williams,5551,DI,OAK,16,0,23,4,16,0,2,8,0,86.4,146,10,3.4,0,0,0,0,98.6,277,281,21,4.0,0,0,0,0,13.6,23,0,0.0,0,0,0,1,2,1
Courtney Upshaw,7039,ED,BLT,16,1,3,5,13,0,0,3,1,36.6,101,3,1.5,0,0,0,2,63.0,276,438,20,4.0,1,5,10,1,63.4,175,17,5.4,2,2,0,2,2,0
Cullen Jenkins,1637,DI,NYG,16,0,21,8,24,0,5,13,0,68.2,298,20,3.7,2,3,3,1,97.3,470,483,35,4.0,0,2,7,0,31.8,139,10,4.0,1,2,1,3,5,4
Mario Williams,2946,ED,BUF,15,0,4,6,25,0,5,23,1,95.9,486,33,3.9,5,6,2,1,94.9,507,534,36,4.0,0,1,2,0,4.1,21,3,7.1,0,0,0,5,6,2
Justin Ellis,8742,DI,OAK,12,1,23,0,13,0,0,1,0,18.6,19,1,2.6,0,0,0,0,98.2,164,167,13,4.0,1,0,7,0,81.4,83,7,4.2,0,0,0,0,0,0
Letroy Guion,4466,DI,GB,15,0,12,2,11,0,1,4,0,47.1,73,5,3.4,0,0,0,0,99.4,168,169,13,3.9,0,1,6,0,52.9,82,7,4.3,0,0,0,0,0,0
Randy Starks,1792,DI,CLV,15,0,8,4,14,0,4,10,1,71.4,175,15,4.6,1,2,2,2,99.2,258,260,19,3.9,0,0,4,0,28.6,70,4,2.9,0,0,0,1,2,2
Jared Odrick,5553,ED,JAX,16,0,15,4,22,0,2,11,1,57.7,269,14,2.8,1,1,1,1,100.0,483,483,32,3.9,0,2,10,0,42.3,197,16,5.1,4,4,0,6,5,1
Alan Branch,3649,DI,NE,18,1,19,1,14,1,1,9,0,80.4,156,11,3.8,1,1,0,0,100.0,246,246,17,3.9,0,0,2,0,19.6,38,2,2.6,0,0,1,2,2,1
Jordan Poyer,8000,S,CLV,14,0,8,1,0,0,0,0,0,53.8,7,0,0.0,0,0,0,0,5.2,13,252,1,3.8,0,1,0,0,46.2,6,1,8.3,0,0,0,0,0,0
Josh Shirley,9986,ED,TB,5,0,30,0,2,0,0,2,0,69.2,18,2,5.6,0,0,0,0,96.3,26,27,2,3.8,0,0,0,0,30.8,8,0,0.0,0,0,0,0,0,0
Joey Mbu,9772,DI,ATL,2,0,2,0,2,0,0,0,0,28.0,7,0,0.0,0,0,0,0,100.0,26,26,2,3.8,0,0,2,0,72.0,18,2,5.6,0,0,0,0,0,0
Justin Durant,3664,LB,ATL,13,0,2,0,2,0,0,1,0,42.3,11,1,4.5,0,0,0,0,6.9,26,375,2,3.8,0,0,1,0,57.7,15,1,3.3,0,0,0,0,0,0
Cassius Marsh,8743,ED,SEA,17,0,29,0,8,0,0,5,0,58.3,63,5,4.0,0,1,2,1,91.5,108,118,8,3.7,0,0,3,1,41.7,45,3,3.3,0,0,0,0,1,2
Jonathan Newsome,8801,ED,IND,13,0,14,1,6,0,1,3,0,51.6,63,4,3.2,0,0,0,1,68.2,122,179,8,3.7,0,0,3,1,48.4,59,4,4.2,1,1,0,1,1,0
Grady Jarrett,9570,DI,ATL,15,0,2,1,7,0,0,1,0,28.1,38,1,1.3,0,0,0,0,96.5,136,141,9,3.7,0,1,6,0,71.9,97,8,4.6,1,1,0,1,1,0
Chris Long,4316,ED,SL,12,0,26,0,14,0,0,14,0,96.0,285,17,3.5,3,2,2,0,100.0,297,297,18,3.7,0,0,0,0,4.0,12,1,8.3,1,1,0,4,3,2
Kendrick Lewis,5659,S,BLT,15,0,3,1,1,0,0,0,0,14.8,4,0,0.0,0,0,0,0,5.0,27,535,2,3.7,0,1,1,0,85.2,23,2,4.3,0,0,0,0,0,0
Jermelle Cudjo,5814,DI,DET,7,0,11,1,3,0,0,0,0,1.9,1,0,0.0,0,0,0,0,100.0,54,54,4,3.7,0,1,3,0,98.1,53,4,3.8,0,0,0,0,0,0
Cedric Thornton,6607,DI,PHI,13,0,24,1,12,0,1,12,0,99.0,203,14,3.7,1,2,2,0,100.0,205,205,14,3.7,0,0,0,0,1.0,2,0,0.0,0,0,0,1,2,2
Mitch Unrein,6031,DI,CHI,14,0,6,1,10,0,0,4,0,22.2,39,4,5.1,0,0,1,0,100.0,176,176,12,3.7,0,1,6,0,77.8,137,8,3.3,1,2,2,1,2,3
George Johnson,6112,ED,TB,11,1,30,3,13,1,0,9,1,30.8,66,9,6.8,0,0,0,2,99.1,214,216,16,3.7,0,3,4,1,69.2,148,7,2.4,0,0,0,0,0,0
J.T. Thomas,6347,LB,NYG,12,0,21,0,2,0,0,1,0,63.0,17,1,2.9,0,1,1,0,14.8,27,182,2,3.7,0,0,1,0,37.0,10,1,5.0,0,0,0,0,1,1
Trevor Reilly,8867,ED,NYJ,8,0,22,1,1,0,0,1,0,50.9,28,1,1.8,0,0,0,0,96.5,55,57,3,3.6,0,1,0,0,49.1,27,2,5.6,1,1,1,1,1,1
Jerel Worthy,7054,DI,BUF,2,0,4,0,1,0,0,0,0,7.1,1,0,0.0,0,0,0,0,100.0,14,14,1,3.6,0,0,1,0,92.9,13,1,3.8,0,0,0,0,0,0
Justin Bethel,7654,CB,ARZ,16,0,1,1,0,0,1,0,0,35.7,5,1,10.0,0,0,0,0,3.8,14,369,1,3.6,0,0,0,0,64.3,9,0,0.0,0,0,0,0,0,0
Coty Sensabaugh,7115,CB,TEN,16,0,31,0,1,0,0,1,1,50.0,7,1,7.1,0,0,0,1,2.5,14,550,1,3.6,0,0,0,0,50.0,7,0,0.0,0,0,0,0,0,0
Ian Williams,6472,DI,SF,16,0,28,1,17,0,1,8,1,93.4,170,10,3.2,1,1,0,1,99.3,281,283,19,3.6,0,0,2,0,6.6,12,2,8.3,0,0,0,1,1,0
Tyler Patmon,9135,CB,MIA,10,0,17,1,0,0,1,0,0,57.1,8,1,6.3,0,0,0,0,6.8,14,206,1,3.6,0,0,0,0,42.9,6,0,0.0,0,0,0,0,0,0
Earl Mitchell,5605,DI,MIA,12,2,17,3,13,0,0,1,0,1.4,3,1,16.7,0,0,0,1,96.9,222,229,16,3.6,2,3,11,1,98.6,211,14,3.3,0,0,1,0,0,1
Marcell Dareus,6155,DI,BUF,15,0,4,4,23,0,1,10,0,58.6,187,12,3.5,1,1,1,1,98.9,436,441,29,3.6,0,2,10,0,41.4,132,13,5.3,1,1,0,2,3,2
Angelo Blackson,9533,DI,TEN,16,0,31,0,2,0,0,2,0,49.5,50,5,8.0,3,4,1,0,97.3,110,113,5,3.6,0,0,0,0,50.5,51,0,0.0,0,0,0,3,4,1
John Hughes,7088,DI,CLV,16,0,8,1,10,0,0,4,0,52.8,102,6,3.9,2,1,0,0,97.7,208,213,13,3.6,0,1,5,0,47.2,91,6,3.3,0,0,0,2,1,0
Kyle Love,5806,DI,CAR,18,0,5,2,7,0,0,1,0,35.8,86,4,4.1,3,3,0,0,98.0,245,250,13,3.5,0,2,6,0,64.2,154,9,3.2,1,1,1,4,4,1
Quinton Dial,7939,DI,SF,15,3,28,4,11,0,1,1,0,12.3,37,2,2.7,0,1,2,1,100.0,302,302,18,3.5,3,3,10,1,87.7,264,16,3.6,3,5,4,3,6,6
Dwan Edwards,1772,DI,CAR,15,0,5,4,14,0,3,9,0,79.0,248,14,3.2,2,3,2,0,97.8,318,325,20,3.5,0,1,4,0,21.0,66,5,3.8,0,1,1,2,4,3
Malcom Brown,9465,DI,NE,18,1,19,1,14,0,1,0,0,25.6,72,3,3.5,2,2,0,0,100.0,304,304,18,3.5,0,0,11,0,74.4,209,12,3.1,1,1,1,3,3,1
Caraun Reid,8793,DI,DET,14,0,11,3,13,0,1,4,2,24.3,69,5,3.6,0,0,1,2,99.0,288,291,18,3.5,0,2,9,0,75.7,215,13,3.5,2,3,3,2,3,4
Corey Lemonier,7869,ED,SF,10,0,28,2,5,0,0,3,1,26.7,27,3,5.6,0,0,0,2,77.7,101,130,7,3.5,0,2,2,1,73.3,74,4,2.7,0,0,1,0,0,1
Terrance Knighton,4995,DI,WAS,16,0,32,1,7,0,1,2,0,44.0,70,5,5.0,2,3,1,0,100.0,171,171,10,3.5,0,0,4,0,56.0,89,4,2.2,0,1,1,2,4,2
Michael Brockers,7020,DI,SL,16,1,26,3,18,0,2,9,2,44.5,137,12,4.7,1,1,0,2,98.5,383,389,24,3.5,1,1,7,0,55.5,171,9,2.9,1,2,1,3,4,1
Damion Square,8042,DI,SD,6,0,27,3,2,0,1,1,0,57.4,39,2,2.6,0,0,0,0,100.0,71,71,5,3.5,0,2,1,0,42.6,29,3,5.2,0,1,1,0,1,1
Kyle Williams,3079,DI,BUF,6,1,4,5,7,0,2,5,2,42.9,87,8,5.2,1,1,0,2,94.1,206,219,13,3.4,1,3,2,0,57.1,116,5,2.2,0,1,1,1,2,1
Nick Williams,8006,DI,KC,14,0,16,0,7,0,0,4,0,51.0,53,4,3.8,0,0,0,0,100.0,104,104,7,3.4,0,0,3,0,49.0,51,3,2.9,0,0,0,0,0,0
Alex Carrington,5597,ED,BUF,7,0,4,2,5,0,1,4,0,79.4,81,5,3.1,0,1,2,0,99.0,103,104,7,3.4,0,1,1,0,20.6,21,2,4.8,0,0,0,0,1,2
Dan McCullers,8849,DI,PIT,11,1,25,0,4,1,0,1,0,85.3,29,1,1.7,0,0,0,0,98.3,59,60,4,3.4,0,0,0,0,14.7,5,0,0.0,0,0,0,0,0,0
Corey Liuget,6170,DI,SD,11,1,27,1,10,0,0,3,1,39.3,94,4,2.7,1,2,1,1,100.0,247,247,14,3.4,1,1,7,0,60.7,145,9,3.4,1,2,1,3,5,2
Johnathan Hankins,7830,DI,NYG,9,0,21,3,11,0,0,0,0,4.0,8,0,0.0,0,0,0,0,98.1,203,207,14,3.4,0,3,11,0,96.0,194,14,3.6,0,1,1,0,1,1
Shaq Thompson,9458,LB,CAR,17,0,5,0,2,0,0,2,0,62.1,18,2,5.6,0,0,0,0,11.6,29,250,2,3.4,0,0,0,0,37.9,11,0,0.0,0,0,0,0,0,0
Tony McDaniel,3423,DI,TB,14,0,30,1,3,0,0,1,0,35.3,41,2,3.7,1,1,0,0,100.0,116,116,6,3.4,0,1,2,0,64.7,75,4,3.3,1,1,0,2,2,0
Ahtyba Rubin,4504,DI,SEA,18,2,29,2,12,0,1,5,1,56.5,130,7,3.1,1,2,1,1,100.0,241,241,15,3.3,2,1,6,0,43.5,100,7,3.5,0,1,1,1,3,2
Tyeler Davison,9587,DI,NO,16,0,20,3,13,0,2,6,0,44.8,116,8,3.4,0,1,1,0,95.9,302,315,18,3.3,0,1,6,0,55.2,143,9,3.8,2,2,0,2,3,1
Jake Ryan,9562,LB,GB,10,0,12,0,1,0,0,1,0,57.1,8,1,6.3,0,0,0,0,9.3,15,162,1,3.3,0,0,0,0,42.9,6,0,0.0,0,0,0,0,0,0
B.J. Raji,4932,DI,GB,17,2,12,0,13,0,0,7,1,50.0,99,8,4.5,1,0,0,2,98.7,225,228,14,3.3,0,0,5,0,50.0,99,5,2.5,0,1,1,1,1,1
Jack Crawford,7151,DI,DAL,16,0,9,2,6,0,1,3,1,58.8,140,7,3.6,3,4,1,1,98.8,243,246,12,3.3,0,1,2,0,41.2,98,4,2.6,1,1,1,4,5,2
Jonathan Anderson,9998,LB,CHI,11,0,6,1,0,0,0,0,0,35.7,5,0,0.0,0,0,0,0,7.4,15,202,1,3.3,0,1,0,0,64.3,9,1,5.6,0,0,0,0,0,0
A.J. Francis,8261,DI,SEA,3,0,29,0,1,0,0,0,0,42.9,6,0,0.0,0,0,0,0,100.0,15,15,1,3.3,0,0,1,0,57.1,8,1,6.3,0,0,0,0,0,0
Jay Bromley,8709,DI,NYG,16,1,21,4,11,1,1,5,0,68.0,153,6,2.0,0,0,0,0,98.7,225,228,15,3.3,0,3,6,0,32.0,72,9,6.3,0,0,0,0,0,0
Brandon Williams,7875,DI,BLT,16,0,3,2,16,0,1,7,0,54.5,174,9,2.9,1,1,1,0,99.4,343,345,20,3.2,0,1,7,0,45.5,145,9,3.4,1,1,0,2,2,1
Justin Tuck,2291,DI,OAK,5,0,23,5,3,0,3,2,1,85.0,130,6,2.7,1,3,2,1,99.4,155,156,9,3.2,0,2,1,0,15.0,23,3,6.5,0,0,0,1,3,2
Malliciah Goodman,7909,ED,ATL,4,1,2,1,4,0,1,2,0,56.4,44,3,3.4,0,0,0,1,100.0,78,78,5,3.2,1,0,2,1,43.6,34,2,2.9,0,1,1,0,1,1
Xavier Cooper,9529,DI,CLV,14,0,8,0,7,0,0,1,0,43.9,76,2,2.0,1,1,1,0,99.4,174,175,9,3.2,0,0,6,0,56.1,97,7,4.1,1,1,0,2,2,1
Andre Fluellen,4401,DI,DET,4,0,11,0,3,0,0,3,0,89.6,43,3,3.5,0,0,0,0,100.0,48,48,3,3.1,0,0,0,0,10.4,5,0,0.0,0,0,0,0,0,0
Lerentee McCray,8159,ED,DEN,9,0,10,0,1,0,0,0,0,37.5,18,0,0.0,0,0,0,0,77.4,48,62,2,3.1,0,0,1,0,62.5,30,2,5.0,1,0,0,1,0,0
C.J. Mosley,2408,DI,MIA,11,0,17,3,4,0,1,2,0,56.6,64,3,2.3,0,0,0,0,99.1,114,115,7,3.1,0,2,2,0,43.4,49,4,4.1,0,0,0,0,0,0
Cam Thomas,5669,DI,PIT,17,0,25,0,7,0,0,4,0,32.4,33,4,6.1,0,0,1,0,98.2,112,114,7,3.1,0,0,3,0,67.6,69,3,2.2,0,0,0,0,0,1
Justin Trattou,6669,ED,MIN,3,0,18,0,1,0,0,0,0,56.3,9,0,0.0,0,0,0,0,94.1,16,17,1,3.1,0,0,1,0,43.8,7,1,7.1,0,0,0,0,0,0
Sylvester Williams,7809,DI,DEN,18,0,10,1,14,0,1,7,0,56.7,170,10,3.5,2,2,0,0,99.1,313,316,17,3.0,0,0,7,0,43.3,130,7,2.7,0,0,1,2,2,1
Kendall Reyes,7052,DI,SD,16,0,27,5,12,0,3,9,0,76.1,268,13,2.6,1,3,3,0,99.7,354,355,19,3.0,0,2,3,0,23.9,84,6,4.2,1,1,2,2,4,5
Brandon Thompson,7093,DI,CIN,9,0,7,1,3,0,0,1,0,62.2,61,2,2.5,1,1,0,0,100.0,99,99,5,3.0,0,1,2,0,37.8,37,3,4.1,0,1,1,1,2,1
Abry Jones,8177,DI,JAX,15,2,15,1,4,2,0,2,0,42.4,61,4,4.9,2,2,0,0,100.0,151,151,7,3.0,0,1,2,0,57.6,83,3,1.8,0,0,1,2,2,1
Manny Lawson,2967,LB,BUF,16,0,4,3,2,0,2,1,0,50.4,59,4,4.2,1,3,2,0,29.8,117,393,6,3.0,0,1,1,0,49.6,58,2,1.7,0,0,0,1,3,2
Owa Odighizuwa,9507,ED,NYG,4,0,21,0,4,0,0,1,0,35.3,24,1,2.1,0,0,1,1,100.0,68,68,4,2.9,0,0,3,1,64.7,44,3,3.4,0,0,0,0,0,1
Dontari Poe,7017,DI,KC,17,0,16,2,26,0,0,11,1,41.0,190,11,2.9,0,1,1,5,99.8,526,527,29,2.9,0,0,11,3,59.0,273,12,2.4,1,2,2,1,3,3
Tavaris Barnes,10099,ED,NO,11,0,20,2,1,0,2,1,0,65.4,34,3,4.4,0,0,0,0,100.0,52,52,3,2.9,0,0,0,0,34.6,18,0,0.0,0,0,0,0,0,0
Will Clarke,8723,ED,CIN,12,0,7,1,4,0,0,4,0,78.8,67,4,3.0,0,0,1,0,95.5,85,89,5,2.9,0,1,0,0,21.2,18,1,2.8,0,0,0,0,0,1
Thurston Armbrister,9825,LB,JAX,9,0,15,0,1,0,0,0,0,37.5,6,0,0.0,0,0,0,0,18.7,17,91,1,2.9,0,0,1,0,62.5,10,1,5.0,0,0,0,0,0,0
Sam Acho,6255,ED,CHI,15,0,6,2,2,0,1,2,1,36.1,39,4,6.4,1,0,1,1,54.2,109,201,5,2.8,0,1,0,0,63.9,69,1,0.7,0,0,0,1,0,1
Damon Harrison Sr.,7355,DI,NYJ,16,2,22,3,10,1,1,4,0,54.9,117,6,3.0,1,0,0,0,98.9,271,274,14,2.8,0,1,4,0,45.1,96,5,2.6,0,2,2,1,2,2
Billy Winn,7190,DI,IND,12,0,14,1,8,0,1,5,0,35.7,55,6,5.5,0,0,0,2,99.4,160,161,9,2.8,0,0,3,2,64.3,99,3,1.5,0,1,3,0,1,3
Josh Mauro,9003,ED,ARZ,16,0,1,1,5,0,0,1,0,52.5,74,2,2.0,1,1,0,1,98.6,142,144,7,2.8,0,1,4,1,47.5,67,5,3.7,0,1,1,1,2,1
Domata Peko Sr.,3068,DI,CIN,17,0,7,1,4,0,0,1,0,38.6,102,2,1.5,1,2,2,0,100.0,273,273,10,2.7,0,1,3,0,61.4,162,8,3.7,4,5,1,5,7,3
Ricardo Mathews,5761,DI,SD,16,1,27,0,14,0,0,6,0,37.3,110,7,3.6,1,2,1,1,100.0,296,296,15,2.7,1,0,8,1,62.7,185,8,2.2,0,0,0,1,2,1
Bennie Logan,7848,DI,PHI,14,0,24,1,11,0,1,5,1,58.6,119,6,2.5,0,0,1,1,99.6,265,266,13,2.6,0,0,4,0,41.4,84,5,3.6,1,1,0,1,3,3
Brandon Dunn,9262,DI,HST,13,0,13,0,3,0,0,2,1,44.8,26,2,3.8,0,0,1,1,100.0,58,58,3,2.6,0,0,1,0,55.2,32,1,1.6,0,3,3,0,3,4
Markus Kuhn,7223,DI,NYG,10,1,21,2,3,1,1,3,0,97.0,129,5,2.3,1,3,2,0,98.5,134,136,6,2.6,0,0,0,0,3.0,4,0,0.0,0,0,0,1,3,2
Demarcus Dobbs,6655,DI,SEA,13,0,29,0,4,0,0,3,0,40.0,30,3,5.0,0,0,0,0,98.7,76,77,4,2.6,0,0,1,0,60.0,45,1,1.1,0,0,1,0,0,1
Terrence Fede,8868,ED,MIA,13,0,17,1,4,0,1,1,1,27.8,27,2,3.7,0,0,0,1,99.0,97,98,5,2.6,0,0,3,0,72.2,70,3,2.1,0,0,0,0,0,0
Brandon Copeland,8378,ED,DET,9,0,11,0,2,0,0,1,0,36.8,14,1,3.6,0,0,0,0,100.0,38,38,2,2.6,0,0,1,0,63.2,24,1,2.1,0,0,0,0,0,0
Jared Crick,7126,DI,HST,17,2,13,5,13,2,3,7,1,35.2,151,11,4.0,1,1,0,1,99.8,446,447,20,2.5,0,2,5,0,64.8,278,8,1.6,1,0,1,2,1,1
Ed Stinson,8795,DI,ARZ,17,0,1,2,7,0,2,7,0,94.6,244,11,2.7,2,2,0,0,100.0,263,263,11,2.5,0,0,0,0,5.4,14,0,0.0,0,0,0,2,2,0
Jordan Phillips,9485,DI,MIA,15,0,17,1,5,0,0,1,0,7.7,15,1,3.3,0,0,0,0,96.7,204,211,8,2.5,0,1,4,0,92.3,181,6,1.9,1,1,1,2,2,1
David Parry,9584,DI,IND,16,0,14,2,10,0,2,5,0,47.7,125,8,3.6,1,1,1,1,99.3,286,288,13,2.4,0,0,4,1,52.3,137,4,1.5,0,0,0,1,1,1
Stefan Charles,8387,DI,BUF,13,0,4,2,3,0,0,1,0,22.9,22,1,2.3,0,0,0,1,99.1,106,107,5,2.4,0,2,2,1,77.1,74,4,2.7,0,0,0,0,0,0
DaQuan Jones,8747,DI,TEN,16,1,31,5,9,1,4,7,0,77.4,216,11,2.5,0,0,1,0,99.7,287,288,14,2.4,0,1,2,0,22.6,63,3,2.4,0,0,0,0,0,1
John Jenkins,7863,DI,NO,14,0,20,1,8,0,0,1,0,51.5,103,1,0.5,0,0,1,0,95.7,225,235,10,2.4,0,1,4,0,48.5,97,6,3.6,1,1,1,1,1,2
Ryan Carrethers,8800,DI,SD,14,0,27,1,3,0,0,0,0,46.8,29,0,0.0,0,0,0,0,100.0,87,87,4,2.3,0,1,0,0,53.2,33,1,1.5,0,0,0,0,0,0
Cory Redding,1381,DI,ARZ,11,0,1,0,5,0,0,0,0,15.1,16,0,0.0,0,0,0,1,99.1,109,110,5,2.3,0,0,5,1,84.9,90,5,2.8,0,0,0,0,0,0
Kedric Golston,3141,DI,WAS,16,0,32,1,3,0,0,2,0,50.6,42,2,2.4,0,0,0,0,100.0,88,88,4,2.3,0,1,1,0,49.4,41,2,2.4,0,0,0,0,0,0
Montori Hughes,7921,DI,NYG,7,0,21,0,2,0,0,1,0,26.7,12,1,4.2,0,0,0,0,95.8,46,48,2,2.2,0,0,1,0,73.3,33,1,1.5,0,0,0,0,0,0
Earl Okine,8155,DI,IND,5,0,14,0,1,0,0,0,0,56.5,13,0,0.0,0,0,0,0,100.0,23,23,1,2.2,0,0,1,0,43.5,10,1,5.0,0,0,0,0,0,0
Kerry Wynn,8938,ED,NYG,15,1,21,3,10,1,1,6,2,50.5,149,7,2.3,0,1,1,3,97.7,295,302,13,2.2,0,2,4,1,49.5,146,6,2.1,0,1,1,0,2,2
Jay Ratliff,2441,DI,CHI,2,0,6,1,1,0,1,1,0,95.3,41,2,2.4,0,0,0,0,100.0,45,45,2,2.2,0,0,0,0,4.7,2,0,0.0,0,0,0,0,0,0
Darius Kilgo,9636,DI,DEN,9,1,10,0,2,0,0,1,0,64.3,27,1,1.9,0,0,0,0,97.9,46,47,2,2.2,1,0,1,0,35.7,15,1,3.3,0,0,0,0,0,0
Star Lotulelei,7795,DI,CAR,17,0,5,2,13,0,1,10,1,74.9,266,11,2.1,0,1,1,1,98.6,361,366,15,2.1,0,0,3,0,25.1,89,3,1.7,0,1,1,0,2,2
Sealver Siliga,6483,DI,NE,15,0,19,0,5,0,0,4,1,65.6,63,4,3.2,0,0,0,1,100.0,121,121,5,2.1,0,0,0,0,34.4,33,0,0.0,0,0,0,0,0,0
Andy Mulumba,8151,LB,GB,4,0,12,0,1,0,0,0,0,25.0,6,0,0.0,0,0,0,0,100.0,24,24,1,2.1,0,0,1,0,75.0,18,1,2.8,0,0,0,0,0,0
Beau Allen,8858,DI,PHI,16,0,24,0,6,0,0,1,0,42.9,45,1,1.1,0,0,1,0,100.0,149,149,6,2.0,0,0,4,0,57.1,60,4,3.3,0,0,0,0,0,1
Ego Ferguson,8686,DI,CHI,4,0,6,0,2,0,0,0,0,2.1,1,0,0.0,0,0,0,0,100.0,49,49,2,2.0,0,0,2,0,97.9,47,2,2.1,0,0,2,0,0,2
Glenn Dorsey,4319,DI,SF,9,0,28,3,4,0,3,4,0,97.6,165,7,2.1,0,1,1,0,100.0,171,171,7,2.0,0,0,0,0,2.4,4,0,0.0,0,0,0,0,1,1
Davon Coleman,8917,DI,DAL,2,0,9,0,1,0,0,1,0,64.0,16,1,3.1,0,0,0,0,100.0,25,25,1,2.0,0,0,0,0,36.0,9,0,0.0,0,0,0,0,0,0
Tony Jerod-Eddie,7432,DI,SF,15,0,28,1,6,0,0,1,0,37.1,63,1,0.8,0,1,2,0,99.4,175,176,7,2.0,0,1,5,0,62.9,107,6,2.8,0,0,1,0,1,3
Will Sutton III,8717,DI,CHI,13,0,6,2,6,0,0,2,0,35.4,70,2,1.4,0,1,1,1,99.1,216,218,8,1.9,0,2,4,1,64.6,128,6,2.3,0,1,2,0,2,3
Keenan Robinson,7119,LB,WAS,12,0,32,0,1,0,0,0,0,38.1,8,0,0.0,0,1,1,0,8.2,26,319,1,1.9,0,0,1,0,61.9,13,1,3.8,0,0,0,0,1,1
Terrell Suggs,1326,ED,BLT,1,0,3,0,1,0,0,0,0,7.4,2,0,0.0,0,0,0,0,79.4,27,34,1,1.9,0,0,1,0,92.6,25,1,2.0,0,0,0,0,0,0
Jeoffrey Pagan,8812,ED,HST,5,0,13,0,1,0,0,0,0,25.0,6,0,0.0,0,0,0,0,100.0,26,26,1,1.9,0,0,0,0,75.0,18,0,0.0,0,0,0,0,0,0
Bobby Richardson,10091,ED,NO,15,0,20,0,9,0,0,5,0,53.0,148,5,1.7,0,0,0,1,99.0,284,287,10,1.9,0,0,4,1,47.0,131,5,2.3,1,2,2,1,2,2
Sean Lissemore,5757,DI,SD,11,0,27,1,3,0,1,1,0,51.6,49,2,2.0,0,1,1,0,100.0,106,106,4,1.9,0,0,1,0,48.4,46,1,1.1,0,0,0,0,1,1
Tyson Jackson,4926,DI,ATL,16,0,2,0,7,0,0,5,0,47.6,88,5,2.8,0,0,0,0,100.0,185,185,7,1.9,0,0,2,0,52.4,97,2,1.0,0,1,2,0,1,2
Danny Shelton,9445,DI,CLV,16,0,8,0,8,0,0,4,0,54.5,104,4,1.9,0,0,0,0,99.5,213,214,8,1.9,0,0,3,0,45.5,87,3,1.7,0,0,0,0,0,0
Brandon Bair,6529,ED,PHI,5,0,24,0,2,0,0,1,0,67.9,36,1,1.4,0,0,0,0,100.0,53,53,2,1.9,0,0,1,0,32.1,17,1,2.9,0,1,1,0,1,1
Vince Wilfork,1742,DI,HST,17,0,13,1,9,0,0,3,0,50.3,100,3,1.5,0,0,0,0,100.0,279,279,10,1.8,0,0,2,0,49.7,99,2,1.0,0,0,0,0,0,0
Steve McLendon,5232,DI,PIT,18,0,25,1,5,0,1,2,0,67.5,108,4,2.3,1,1,0,0,99.5,219,220,7,1.8,0,0,3,0,32.5,52,3,2.9,0,0,0,1,1,0
Scott Crichton,8707,ED,MIN,11,0,18,0,2,0,0,2,0,96.4,54,2,1.9,0,0,0,0,98.2,56,57,2,1.8,0,0,0,0,3.6,2,0,0.0,0,0,0,0,0,0
T.J. Barnes,8184,DI,BUF,8,0,4,0,1,0,0,0,0,87.0,20,0,0.0,0,0,0,0,100.0,28,28,1,1.8,0,0,1,0,13.0,3,1,16.7,0,0,0,0,0,0
Stacy McGee,7987,DI,OAK,16,1,23,1,7,0,1,4,0,58.1,122,5,2.0,0,0,1,0,99.6,227,228,8,1.8,1,0,3,0,41.9,88,3,1.7,0,0,0,0,0,1
Brian Cushing,4938,LB,HST,17,0,13,1,4,0,1,2,1,47.9,56,3,2.7,0,0,0,1,23.4,140,598,5,1.8,0,0,2,0,52.1,61,2,1.6,0,0,0,0,0,1
Mike Martin,7644,DI,TEN,4,0,31,0,1,0,0,0,0,21.4,6,0,0.0,0,0,1,0,96.8,30,31,1,1.7,0,0,1,0,78.6,22,1,2.3,0,0,0,0,0,1
C.J. Wilson,5753,DI,DET,12,0,11,0,2,0,0,0,0,6.9,7,0,0.0,0,0,0,1,100.0,119,119,3,1.7,0,0,2,0,93.1,95,3,2.1,1,1,1,1,1,1
Michael Bennett,9613,DI,JAX,13,0,15,1,1,0,0,0,0,62.7,74,1,1.4,1,2,1,1,99.2,118,119,3,1.7,0,1,1,1,37.3,44,2,2.3,0,0,0,1,2,1
Mike Purcell,8530,DI,SF,8,0,28,0,2,0,0,1,0,35.2,44,2,3.4,1,1,0,0,100.0,126,126,3,1.6,0,0,1,0,64.8,81,1,0.6,0,0,0,1,1,0
Colin Cole,1589,DI,CAR,2,0,5,0,1,0,0,1,0,34.4,11,1,4.5,0,0,0,0,100.0,32,32,1,1.6,0,0,0,0,65.6,21,0,0.0,0,0,0,0,0,0
Carl Davis,9523,DI,BLT,12,0,3,0,3,0,0,2,0,52.4,54,2,1.9,0,0,1,0,100.0,103,103,3,1.5,0,0,1,0,47.6,49,1,1.0,0,0,0,0,0,1
Al Woods,5646,DI,TEN,14,0,31,1,3,0,1,2,0,59.0,59,3,2.5,0,0,1,0,99.3,140,141,4,1.4,0,0,0,0,41.0,41,0,0.0,0,0,0,0,0,1
Kenrick Ellis,6246,DI,MIN,8,0,18,0,1,0,0,1,0,38.9,14,1,3.6,0,0,0,0,100.0,38,38,1,1.3,0,0,0,0,61.1,22,0,0.0,0,1,1,0,1,1
Gabe Wright,9546,DI,DET,7,0,11,0,2,0,0,0,0,62.2,46,0,0.0,0,0,0,0,100.0,75,75,2,1.3,0,0,2,0,37.8,28,2,3.6,0,1,1,0,1,1
Nick Hayden,4495,DI,DAL,16,0,9,1,5,0,0,1,0,43.2,101,1,0.5,0,1,1,0,98.4,251,255,6,1.2,0,1,4,0,56.8,133,5,1.9,0,0,0,0,1,1
Uani' Unga,10252,LB,NYG,10,0,21,1,0,0,1,0,0,26.3,10,1,5.0,0,0,1,0,14.5,41,283,1,1.2,0,0,0,0,73.7,28,0,0.0,0,0,0,0,0,1
Taylor Hart,8776,DI,PHI,14,1,24,1,2,0,0,2,0,52.2,71,2,1.4,0,0,0,0,100.0,138,138,3,1.1,1,1,0,0,47.8,65,1,0.8,0,1,1,0,1,1
Clinton McDonald,5173,DI,TB,6,0,30,1,1,0,0,0,0,43.6,44,0,0.0,0,0,1,0,99.0,101,102,2,1.0,0,1,1,0,56.4,57,2,1.8,0,1,1,0,1,2
Red Bryant,4435,DI,ARZ,7,0,1,0,1,0,0,1,0,89.1,49,1,1.0,0,0,0,0,100.0,57,57,1,0.9,0,0,0,0,10.9,6,0,0.0,0,0,0,0,0,0
Nate Palmer,7974,LB,GB,12,1,12,1,0,0,1,0,0,44.4,24,1,2.1,0,0,0,0,19.6,56,285,1,0.9,1,0,0,0,55.6,30,0,0.0,0,1,1,0,1,1
B.W. Webb,7896,CB,TEN,8,0,31,0,0,0,0,0,0,66.7,2,0,0.0,0,0,0,0,1.8,3,163,0,0.0,0,0,0,0,33.3,1,0,0.0,0,0,0,0,0,0
Charles Tillman,1351,CB,CAR,12,0,5,0,0,0,0,0,0,33.3,2,0,0.0,0,0,0,0,1.3,6,466,0,0.0,0,0,0,0,66.7,4,0,0.0,0,0,0,0,0,0
Rashean Mathis,1355,CB,DET,7,0,11,0,0,0,0,0,0,0.0,0,0,,0,0,0,0,0.8,2,240,0,0.0,0,0,0,0,100.0,2,0,0.0,0,0,0,0,0,0
DeAngelo Hall,1729,CB,WAS,12,0,32,0,0,0,0,0,0,66.7,2,0,0.0,0,0,0,0,0.9,3,330,0,0.0,0,0,0,0,33.3,1,0,0.0,0,0,0,0,0,0
Brandon Browner,2512,CB,NO,16,0,20,0,0,0,0,0,0,33.3,3,0,0.0,0,0,0,0,1.5,9,585,0,0.0,0,0,0,0,66.7,6,0,0.0,0,0,0,0,0,0
Will Blackmon,3060,CB,WAS,16,0,32,0,0,0,0,0,0,0.0,0,0,,0,0,0,0,0.4,2,518,0,0.0,0,0,0,0,100.0,2,0,0.0,0,0,0,0,0,0
Barry Cofield,3069,DI,NYG,2,0,21,0,0,0,0,0,0,28.6,2,0,0.0,0,0,0,0,100.0,7,7,0,0.0,0,0,0,0,71.4,5,0,0.0,0,0,0,0,0,0
Darrelle Revis,3630,CB,NYJ,14,0,22,0,0,0,0,0,0,100.0,1,0,0.0,0,0,0,0,0.2,1,561,0,0.0,0,0,0,0,0.0,0,0,,0,0,0,0,0,0
Jon Beason,3641,LB,NYG,4,0,21,0,0,0,0,0,0,33.3,1,0,0.0,0,0,0,0,9.5,6,63,0,0.0,0,0,0,0,66.7,2,0,0.0,0,0,0,0,0,0
Alan Ball,3853,CB,CHI,15,0,6,0,0,0,0,0,0,80.0,4,0,0.0,0,0,1,0,3.3,5,151,0,0.0,0,0,0,0,20.0,1,0,0.0,0,0,0,0,0,1
Leodis McKelvin,4325,CB,BUF,9,0,4,0,0,0,0,0,0,33.3,1,0,0.0,0,0,0,0,1.3,3,227,0,0.0,0,0,0,0,66.7,2,0,0.0,0,0,0,0,0,0
Dominique Rodgers-Cromartie,4330,CB,NYG,15,0,21,0,0,0,0,0,0,100.0,2,0,0.0,0,0,0,0,0.4,2,522,0,0.0,0,0,0,0,0.0,0,0,,0,0,0,0,0,0
Aqib Talib,4334,CB,DEN,18,0,10,0,0,0,0,0,0,0.0,0,0,,0,0,0,0,0.1,1,728,0,0.0,0,0,0,0,100.0,1,0,0.0,0,0,0,0,0,0
Ziggy Hood,4955,DI,CHI,2,0,6,0,0,0,0,0,0,27.3,6,0,0.0,0,0,0,0,100.0,22,22,0,0.0,0,0,0,0,72.7,16,0,0.0,0,0,0,0,0,0
William Moore,4978,S,ATL,11,0,2,0,0,0,0,0,0,50.0,1,0,0.0,0,0,0,0,1.1,3,274,0,0.0,0,0,0,0,50.0,1,0,0.0,0,0,0,0,0,0
Sen'Derrick Marks,4985,DI,JAX,4,0,15,0,0,0,0,0,1,54.7,52,0,0.0,0,0,0,1,100.0,99,99,0,0.0,0,0,0,0,45.3,43,0,0.0,0,0,0,0,0,0
Rashad Johnson,5018,S,ARZ,16,0,1,0,0,0,0,0,0,33.3,2,0,0.0,0,0,0,0,1.0,6,593,0,0.0,0,0,0,0,66.7,4,0,0.0,0,0,0,0,0,0
Sammie Lee Hill,5038,DI,TEN,10,1,31,0,0,0,0,0,0,44.8,26,0,0.0,0,0,0,0,100.0,78,78,0,0.0,1,0,0,0,55.2,32,0,0.0,0,0,0,0,0,0
Lawrence Sidbury,5049,ED,TB,1,0,30,0,0,0,0,0,0,0.0,0,0,,0,0,0,0,100.0,3,3,0,0.0,0,0,0,0,100.0,3,0,0.0,0,0,0,0,0,0
Greg Toler,5055,CB,IND,10,0,14,0,0,0,0,0,0,100.0,1,0,0.0,0,0,0,0,0.2,1,410,0,0.0,0,0,0,0,0.0,0,0,,0,0,0,0,0,0
Chris Clemons,5089,S,ARZ,8,0,1,0,0,0,0,0,0,0.0,0,0,,0,0,0,0,2.6,1,39,0,0.0,0,0,0,0,100.0,1,0,0.0,0,0,0,0,0,0
E.J. Biggers,5141,CB,PHI,15,1,24,0,0,0,0,0,0,66.7,6,0,0.0,0,0,0,0,2.4,9,382,0,0.0,1,0,0,0,33.3,3,0,0.0,0,0,0,0,0,0
Jamarca Sanford,5155,S,NO,10,0,20,0,0,0,0,0,0,40.0,2,0,0.0,0,0,0,0,7.8,5,64,0,0.0,0,0,0,0,60.0,3,0,0.0,0,0,0,0,0,0
Colt Anderson,5242,S,IND,8,0,14,0,0,0,0,0,0,50.0,1,0,0.0,0,0,0,0,3.4,3,88,0,0.0,0,0,0,0,50.0,1,0,0.0,0,0,0,0,0,0
Earl Thomas III,5539,S,SEA,18,0,29,0,0,0,0,0,0,100.0,2,0,0.0,0,0,0,0,0.3,2,643,0,0.0,0,0,0,0,0.0,0,0,,0,0,0,0,0,0
Nate Allen,5562,S,OAK,5,0,23,0,0,0,0,0,0,33.3,1,0,0.0,0,0,0,0,2.3,3,128,0,0.0,0,0,0,0,66.7,2,0,0.0,0,0,0,0,0,0
Taylor Mays,5574,S,OAK,11,0,23,0,0,0,0,0,0,66.7,6,0,0.0,0,1,1,0,4.2,9,212,0,0.0,0,0,0,0,33.3,3,0,0.0,0,0,0,0,1,1
D'Anthony Smith,5599,DI,CHI,2,0,6,0,0,0,0,0,0,40.7,11,0,0.0,0,0,0,0,100.0,28,28,0,0.0,0,0,0,0,59.3,16,0,0.0,0,0,0,0,0,0
Darrell Stuckey,5634,S,SD,11,0,27,0,0,0,0,0,0,50.0,2,0,0.0,0,0,0,0,7.0,4,57,0,0.0,0,0,0,0,50.0,2,0,0.0,0,0,0,0,0,0
Kam Chancellor,5656,S,SEA,13,0,29,0,0,0,0,0,0,25.0,1,0,0.0,0,0,0,0,0.9,4,442,0,0.0,0,0,0,0,75.0,3,0,0.0,0,0,0,0,0,0
Perrish Cox,5660,CB,TEN,13,0,31,0,0,0,0,0,0,0.0,0,0,,0,0,0,1,0.3,1,382,0,0.0,0,0,0,1,100.0,1,0,0.0,0,0,0,0,0,0
Sherrick McManis,5667,CB,CHI,9,0,6,0,0,0,0,0,0,60.0,3,0,0.0,0,0,0,0,2.6,5,189,0,0.0,0,0,0,0,40.0,2,0,0.0,0,0,0,0,0,0
Larry Asante,5683,S,OAK,12,0,23,0,0,0,0,0,0,20.0,2,0,0.0,0,0,0,0,4.4,10,226,0,0.0,0,0,0,0,80.0,8,0,0.0,0,0,0,0,0,0
Robert McClain,5771,CB,CAR,4,0,5,0,0,0,0,0,0,0.0,0,0,,0,0,0,0,2.0,3,151,0,0.0,0,0,0,0,100.0,3,0,0.0,0,0,0,0,0,0
Cassius Vaughn,5845,CB,SD,1,0,27,0,0,0,0,0,0,0.0,0,0,,0,0,0,0,4.3,1,23,0,0.0,0,0,0,0,100.0,1,0,0.0,0,0,0,0,0,0
Chris Maragos,5906,S,PHI,11,0,24,0,0,0,0,0,0,0.0,0,0,,0,0,0,0,0.5,1,208,0,0.0,0,0,0,0,100.0,1,0,0.0,0,0,0,0,0,0
Sam Shields,5943,CB,GB,13,0,12,0,0,0,0,0,0,0.0,0,0,,0,0,0,0,0.6,3,478,0,0.0,0,0,0,0,100.0,3,0,0.0,0,0,0,0,0,0
Prince Amukamara,6171,CB,NYG,11,0,21,0,0,0,0,0,0,33.3,1,0,0.0,0,0,0,0,0.6,3,464,0,0.0,0,0,0,0,66.7,2,0,0.0,0,0,0,0,0,0
Rahim Moore,6197,S,HST,7,0,13,0,0,0,0,0,0,100.0,1,0,0.0,0,0,0,0,0.4,1,241,0,0.0,0,0,0,0,0.0,0,0,,0,0,0,0,0,0
Marcus Gilchrist,6202,S,NYJ,16,0,22,0,0,0,0,0,0,60.0,12,0,0.0,0,0,0,0,3.1,21,667,0,0.0,0,0,0,0,40.0,8,0,0.0,0,0,0,0,0,0
Da'Quan Bowers,6203,DI,TB,3,0,30,0,0,0,0,0,0,47.1,8,0,0.0,0,0,0,0,100.0,17,17,0,0.0,0,0,0,0,52.9,9,0,0.0,0,0,0,0,0,0
Terrell McClain,6217,DI,DAL,2,0,9,0,0,0,0,0,0,40.0,10,0,0.0,0,0,0,0,100.0,25,25,0,0.0,0,0,0,0,60.0,15,0,0.0,0,0,0,0,0,0
Chris Prosinski,6273,S,CHI,7,0,6,0,0,0,0,0,0,100.0,3,0,0.0,0,1,1,0,1.6,3,185,0,0.0,0,0,0,0,0.0,0,0,,0,0,0,0,1,1
Josh Thomas,6295,CB,DAL,6,0,9,0,0,0,0,0,0,100.0,1,0,0.0,0,0,0,0,3.4,2,59,0,0.0,0,0,0,0,0.0,0,0,,0,0,0,0,0,0
Shiloh Keo,6296,S,DEN,5,0,10,0,0,0,0,0,0,66.7,4,0,0.0,0,0,0,0,6.1,6,98,0,0.0,0,0,0,0,33.3,2,0,0.0,0,0,0,0,0,0
Allen Bradford,6339,LB,ATL,2,0,2,0,0,0,0,0,0,50.0,1,0,0.0,0,0,0,0,4.9,2,41,0,0.0,0,0,0,0,50.0,1,0,0.0,0,0,0,0,0,0
Andrew Gachkar,6386,LB,DAL,7,0,9,0,0,0,0,0,0,33.3,1,0,0.0,0,0,0,0,5.9,3,51,0,0.0,0,0,0,0,66.7,2,0,0.0,0,0,0,0,0,0
Spencer Paysinger,6419,LB,MIA,8,0,17,0,0,0,0,0,0,0.0,0,0,,0,0,0,0,7.7,2,26,0,0.0,0,0,0,0,100.0,2,0,0.0,0,0,0,0,0,0
Chris Harris Jr.,6457,CB,DEN,19,0,10,0,0,0,0,0,0,33.3,1,0,0.0,0,0,0,0,0.4,3,777,0,0.0,0,0,0,0,66.7,2,0,0.0,0,0,0,0,0,0
Nick Bellore,6515,LB,SF,2,0,28,0,0,0,0,0,0,100.0,1,0,0.0,0,0,0,0,40.0,2,5,0,0.0,0,0,0,0,0.0,0,0,,0,0,0,0,0,0
Jeron Johnson,6621,S,WAS,8,0,32,0,0,0,0,0,0,20.0,1,0,0.0,0,0,0,0,5.0,5,101,0,0.0,0,0,0,0,80.0,4,0,0.0,0,0,0,0,0,0
Jamari Lattimore,6754,LB,NYJ,4,0,22,0,0,0,0,0,0,87.5,7,0,0.0,0,0,0,0,15.7,8,51,0,0.0,0,0,0,0,12.5,1,0,0.0,0,0,0,0,0,0
Mario Butler,6797,CB,BUF,6,0,4,0,0,0,0,0,0,100.0,1,0,0.0,0,0,0,0,1.2,1,85,0,0.0,0,0,0,0,0.0,0,0,,0,0,0,0,0,0
Orie Lemon,6800,LB,TB,1,0,30,0,0,0,0,0,0,100.0,1,0,0.0,0,0,0,0,20.0,1,5,0,0.0,0,0,0,0,0.0,0,0,,0,0,0,0,0,0
Ben Jacobs,6817,LB,CAR,3,0,5,0,0,0,0,0,0,100.0,1,0,0.0,0,0,0,0,3.6,1,28,0,0.0,0,0,0,0,0.0,0,0,,0,0,0,0,0,0
Sterling Moore,6871,CB,TB,15,0,30,0,0,0,0,0,0,62.5,5,0,0.0,0,0,0,0,2.1,8,390,0,0.0,0,0,0,0,37.5,3,0,0.0,0,0,0,0,0,0
Dre Kirkpatrick,7023,CB,CIN,17,0,7,0,0,0,0,0,0,100.0,2,0,0.0,0,0,0,0,0.3,2,702,0,0.0,0,0,0,0,0.0,0,0,,0,0,0,0,0,0
Jackrabbit Jenkins,7043,CB,SL,15,0,26,0,0,0,0,0,0,50.0,1,0,0.0,0,0,0,0,0.3,2,600,0,0.0,0,0,0,0,50.0,1,0,0.0,0,0,0,0,0,0
Jayron Hosley,7094,CB,NYG,13,0,21,0,0,0,0,0,0,100.0,1,0,0.0,0,0,0,0,0.3,1,309,0,0.0,0,0,0,0,0.0,0,0,,0,0,0,0,0,0
Ron Brooks,7124,CB,BUF,5,0,4,0,0,0,0,0,0,66.7,2,0,0.0,0,0,0,0,8.6,3,35,0,0.0,0,0,0,0,33.3,1,0,0.0,0,0,0,0,0,0
Robert Blanton,7136,S,MIN,9,0,18,0,0,0,0,0,0,0.0,0,0,,0,0,0,0,0.8,1,118,0,0.0,0,0,0,0,100.0,1,0,0.0,0,0,0,0,0,0
Tank Carder,7141,LB,CLV,5,0,8,0,0,0,0,0,0,0.0,0,0,,0,0,0,0,2.8,1,36,0,0.0,0,0,0,0,100.0,1,0,0.0,0,0,0,0,0,0
Darius Fleming,7157,LB,NE,4,0,19,0,0,0,0,0,0,0.0,0,0,,0,0,0,0,5.6,1,18,0,0.0,0,0,0,0,100.0,1,0,0.0,0,0,0,0,0,0
Jeremy Lane,7164,CB,SEA,8,0,29,0,0,0,0,0,0,100.0,3,0,0.0,0,0,0,0,1.3,3,225,0,0.0,0,0,0,0,0.0,0,0,,0,0,0,0,0,0
Josh Bush,7176,S,DEN,11,0,10,0,0,0,0,0,0,40.0,2,0,0.0,0,0,0,0,2.0,5,249,0,0.0,0,0,0,0,60.0,3,0,0.0,0,0,0,0,0,0
Audie Cole,7195,LB,MIN,2,0,18,0,0,0,0,0,0,100.0,1,0,0.0,0,0,0,0,8.3,1,12,0,0.0,0,0,0,0,0.0,0,0,,0,0,0,0,0,0
Rodney McLeod,7271,S,SL,16,0,26,0,0,0,0,0,0,42.9,6,0,0.0,0,0,0,0,2.3,15,665,0,0.0,0,0,0,0,57.1,8,0,0.0,0,0,0,0,0,0
Duke Ihenacho,7297,S,WAS,1,0,32,0,0,0,0,0,0,0.0,0,0,,0,0,0,0,20.0,1,5,0,0.0,0,0,0,0,100.0,1,0,0.0,0,0,0,0,0,0
Johnson Bademosi,7374,CB,CLV,9,0,8,0,0,0,0,0,0,33.3,1,0,0.0,0,0,0,0,3.2,3,95,0,0.0,0,0,0,0,66.7,2,0,0.0,0,0,0,0,0,0
Leonard Johnson,7385,CB,NE,4,0,19,0,0,0,0,0,0,50.0,1,0,0.0,0,0,0,0,1.9,2,105,0,0.0,0,0,0,0,50.0,1,0,0.0,0,0,0,0,0,0
Kelcie McCray,7396,S,SEA,6,0,29,0,0,0,0,0,0,0.0,0,0,,0,0,0,0,0.7,1,144,0,0.0,0,0,0,0,100.0,1,0,0.0,0,0,0,0,0,0
Sean Richardson,7456,S,GB,3,0,12,0,0,0,0,0,0,100.0,1,0,0.0,0,0,0,0,2.9,1,34,0,0.0,0,0,0,0,0.0,0,0,,0,0,0,0,0,0
Will Johnson,7639,FB,PIT,1,0,25,0,0,0,0,0,0,,0,0,,0,0,0,0,100.0,1,1,0,0.0,0,0,0,0,,0,0,,0,0,0,0,0,0
Will Tukuafu,7764,FB,SEA,3,0,29,0,0,0,0,0,0,33.3,2,0,0.0,0,0,0,0,100.0,6,6,0,0.0,0,0,0,0,66.7,4,0,0.0,0,0,0,0,0,0
Arthur Brown,7837,LB,BLT,2,0,3,0,0,0,0,0,0,100.0,3,0,0.0,0,0,0,0,37.5,3,8,0,0.0,0,0,0,0,0.0,0,0,,0,0,0,0,0,0
D.J. Swearinger Sr.,7838,S,ARZ,10,0,1,0,0,0,0,0,0,42.9,3,0,0.0,0,0,0,0,5.1,7,138,0,0.0,0,0,0,0,57.1,4,0,0.0,0,0,0,0,0,0
Robert Alford,7841,CB,ATL,15,0,2,0,0,0,0,0,0,28.6,2,0,0.0,0,0,0,0,1.3,7,521,0,0.0,0,0,0,0,71.4,5,0,0.0,0,0,0,0,0,0
Dwayne Gratz,7845,CB,JAX,12,0,15,0,0,0,0,0,0,0.0,0,0,,0,0,0,0,0.4,1,277,0,0.0,0,0,0,0,100.0,1,0,0.0,0,0,0,0,0,0
Shamarko Thomas,7893,S,PIT,4,0,25,0,0,0,0,0,0,100.0,1,0,0.0,0,0,0,0,14.3,1,7,0,0.0,0,0,0,0,0.0,0,0,,0,0,0,0,0,0
Charles Woodson,330,S,OAK,16,0,23,0,0,0,0,0,0,75.0,3,0,0.0,0,0,0,0,0.6,4,678,0,0.0,0,0,0,0,25.0,1,0,0.0,0,0,0,0,0,0
Lavar Edwards,7924,ED,BUF,1,0,4,0,0,0,0,0,0,50.0,1,0,0.0,0,0,0,0,100.0,2,2,0,0.0,0,0,0,0,50.0,1,0,0.0,0,0,0,0,0,0
Jonathan Meeks,7925,S,BUF,4,0,4,0,0,0,0,0,0,0.0,0,0,,0,0,0,0,20.0,2,10,0,0.0,0,0,0,0,100.0,1,0,0.0,0,0,0,0,0,0
Josh Evans,7951,S,JAX,14,0,15,0,0,0,0,0,0,33.3,1,0,0.0,0,0,0,0,1.1,4,372,0,0.0,0,0,0,0,66.7,2,0,0.0,0,0,0,0,0,0
Kapron Lewis-Moore,7981,ED,BLT,5,1,3,0,0,1,0,0,0,35.7,10,0,0.0,0,0,0,0,100.0,29,29,0,0.0,0,0,0,0,64.3,18,0,0.0,0,0,0,0,0,0
Michael Mauti,7995,LB,NO,9,0,20,0,0,0,0,0,0,100.0,4,0,0.0,0,0,0,0,6.2,4,65,0,0.0,0,0,0,0,0.0,0,0,,0,0,0,0,0,0
Josh McNary,8073,LB,IND,5,0,14,0,0,0,0,0,0,57.1,4,0,0.0,0,0,0,0,14.8,8,54,0,0.0,0,0,0,0,42.9,3,0,0.0,0,0,0,0,0,0
Daren Bates,8077,LB,SL,5,0,26,0,0,0,0,0,0,100.0,1,0,0.0,0,0,0,0,11.1,1,9,0,0.0,0,0,0,0,0.0,0,0,,0,0,0,0,0,0
Charles James II,8120,CB,HST,7,0,13,0,0,0,0,0,0,0.0,0,0,,0,0,0,0,3.5,4,114,0,0.0,0,0,0,0,100.0,4,0,0.0,0,0,0,0,0,0
Casey Walker,8355,DI,DAL,2,0,9,0,0,0,0,0,0,76.9,10,0,0.0,0,0,0,0,100.0,13,13,0,0.0,0,0,0,0,23.1,3,0,0.0,0,0,0,0,0,0
Jeff Heath,8396,S,DAL,13,0,9,0,0,0,0,0,0,50.0,1,0,0.0,0,0,0,0,1.7,2,120,0,0.0,0,0,0,0,50.0,1,0,0.0,0,0,0,0,0,0
Joplo Bartu,8455,LB,JAX,5,0,15,0,0,0,0,0,0,100.0,2,0,0.0,0,0,0,0,2.3,2,86,0,0.0,0,0,0,0,0.0,0,0,,0,0,0,0,0,0
Darryl Morris,8456,CB,HST,7,0,13,0,0,0,0,0,0,0.0,0,0,,0,0,0,0,2.3,1,44,0,0.0,0,0,0,0,100.0,1,0,0.0,0,0,0,0,0,0
Terence Garvin,8515,LB,PIT,3,0,25,0,0,0,0,0,0,,0,0,,0,0,0,0,16.7,1,6,0,0.0,0,0,0,0,,0,0,,0,0,0,0,0,0
Marcus Cromartie,8525,CB,SF,5,0,28,0,0,0,0,0,0,0.0,0,0,,0,0,0,0,1.3,1,78,0,0.0,0,0,0,0,100.0,1,0,0.0,0,0,0,0,0,0
Darqueze Dennard,8659,CB,CIN,9,0,7,0,0,0,0,0,0,33.3,1,0,0.0,0,0,0,0,2.2,3,138,0,0.0,0,0,0,0,66.7,2,0,0.0,0,0,0,0,0,0
Dexter McDougle,8715,CB,NYJ,3,0,22,0,0,0,0,0,0,50.0,1,0,0.0,0,0,0,0,4.9,2,41,0,0.0,0,0,0,0,50.0,1,0,0.0,0,0,0,0,0,0
Louis Nix III,8718,DI,NYG,3,0,21,0,0,0,0,0,0,22.2,2,0,0.0,0,0,0,0,100.0,9,9,0,0.0,0,0,0,0,77.8,7,0,0.0,0,0,0,0,0,0
Khyri Thornton,8720,DI,DET,6,0,11,0,0,0,0,0,0,88.2,45,0,0.0,0,0,0,0,100.0,52,52,0,0.0,0,0,0,0,11.8,6,0,0.0,0,0,0,0,0,0
Keith McGill,8751,CB,OAK,6,0,23,0,0,0,0,0,0,,0,0,,0,0,0,0,7.1,1,14,0,0.0,0,0,0,0,,0,0,,0,0,0,0,0,0
Walt Aikens,8760,S,MIA,11,0,17,0,0,0,0,0,0,20.0,1,0,0.0,0,0,0,0,2.0,5,254,0,0.0,0,0,0,0,80.0,4,0,0.0,0,0,0,0,0,0
Nevin Lawson,8768,CB,DET,11,0,11,0,0,0,0,0,0,50.0,1,0,0.0,0,0,0,0,0.6,2,336,0,0.0,0,0,0,0,50.0,1,0,0.0,0,0,0,0,0,0
Ricardo Allen,8782,S,ATL,15,0,2,0,0,0,0,0,0,100.0,1,0,0.0,0,0,0,0,0.2,1,464,0,0.0,0,0,0,0,0.0,0,0,,0,0,0,0,0,0
Jordan Tripp,8806,LB,JAX,3,0,15,0,0,0,0,0,0,0.0,0,0,,0,0,0,0,3.8,2,52,0,0.0,0,0,0,0,100.0,1,0,0.0,0,0,0,0,0,0
Kenneth Acker,8815,CB,SF,14,0,28,0,0,0,0,0,0,0.0,0,0,,0,0,0,0,0.5,2,433,0,0.0,0,0,0,0,100.0,2,0,0.0,0,0,0,0,0,0
Antone Exum Jr.,8817,S,MIN,3,0,18,0,0,0,0,0,0,0.0,0,0,,0,0,0,0,1.4,1,70,0,0.0,0,0,0,0,100.0,1,0,0.0,0,0,0,0,0,0
Zach Moore,8833,ED,MIN,1,0,18,0,0,0,0,0,0,100.0,6,0,0.0,0,0,0,0,100.0,6,6,0,0.0,0,0,0,0,0.0,0,0,,0,0,0,0,0,0
IK Enemkpali,8844,ED,BUF,11,0,4,0,0,0,0,0,0,38.5,25,0,0.0,0,0,0,0,89.0,65,73,0,0.0,0,0,0,0,61.5,40,0,0.0,0,0,1,0,0,1
Andre Hal,8850,S,HST,15,0,13,0,0,0,0,0,0,100.0,3,0,0.0,0,0,0,0,0.6,3,473,0,0.0,0,0,0,0,0.0,0,0,,0,0,0,0,0,0
Shamar Stephen,8854,DI,MIN,5,0,18,0,0,0,0,0,0,45.5,10,0,0.0,0,0,0,0,100.0,24,24,0,0.0,0,0,0,0,54.5,12,0,0.0,0,0,0,0,0,0
Randell Johnson,8855,LB,BUF,1,0,4,0,0,0,0,0,0,100.0,1,0,0.0,0,0,0,0,20.0,1,5,0,0.0,0,0,0,0,0.0,0,0,,0,0,0,0,0,0
Jeff Janis,8870,WR,GB,1,0,12,0,0,0,0,0,0,,0,0,,0,0,0,0,100.0,1,1,0,0.0,0,0,0,0,,0,0,,0,0,0,0,0,0
Corey Nelson,8876,LB,DEN,11,0,10,0,0,0,0,0,0,40.0,2,0,0.0,0,0,0,0,14.7,5,34,0,0.0,0,0,0,0,60.0,3,0,0.0,0,0,0,0,0,0
Ken Bishop,8885,DI,DAL,2,0,9,0,0,0,0,0,0,54.5,6,0,0.0,0,0,0,0,100.0,13,13,0,0.0,0,0,0,0,45.5,5,0,0.0,0,0,0,0,0,0
Lonnie Ballentine,8890,CB,HST,1,0,13,0,0,0,0,0,0,66.7,2,0,0.0,0,0,0,0,14.3,3,21,0,0.0,0,0,0,0,33.3,1,0,0.0,0,0,0,0,0,0
Max Bullough,8919,LB,HST,7,0,13,0,0,0,0,0,0,58.3,7,0,0.0,0,0,0,0,17.4,12,69,0,0.0,0,0,0,0,41.7,5,0,0.0,0,0,0,0,0,0
Malcolm Butler,9040,CB,NE,18,0,19,0,0,0,0,0,0,0.0,0,0,,0,0,0,0,0.1,1,752,0,0.0,0,0,0,0,100.0,1,0,0.0,0,0,0,0,0,0
Kenny Anunike,9082,ED,DEN,1,0,10,0,0,0,0,0,0,100.0,1,0,0.0,0,0,0,0,100.0,1,1,0,0.0,0,0,0,0,0.0,0,0,,0,0,0,0,0,0
Jackson Jeffcoat,9139,ED,WAS,5,1,32,0,0,1,0,0,1,37.5,9,0,0.0,0,1,1,1,96.0,24,25,0,0.0,0,0,0,0,62.5,15,0,0.0,0,0,0,0,1,1
DeAndre Coleman,9157,DI,MIA,4,0,17,0,0,0,0,0,0,57.1,16,0,0.0,0,0,0,0,93.3,28,30,0,0.0,0,0,0,0,42.9,12,0,0.0,0,0,0,0,0,0
Adrian Phillips,9177,S,SD,9,0,27,0,0,0,0,0,0,33.3,1,0,0.0,0,0,0,0,2.5,3,119,0,0.0,0,0,0,0,66.7,2,0,0.0,0,0,0,0,0,0
Dashaun Phillips,9198,CB,WAS,1,0,32,0,0,0,0,0,0,0.0,0,0,,0,0,0,0,11.1,1,9,0,0.0,0,0,0,0,100.0,1,0,0.0,0,0,0,0,0,0
Shayne Skov,9317,LB,SF,2,0,28,0,0,0,0,0,0,100.0,1,0,0.0,0,0,0,0,50.0,1,2,0,0.0,0,0,0,0,0.0,0,0,,0,0,0,0,0,0
T.J. Fatinikun,9412,ED,TB,2,0,30,0,0,0,0,0,0,0.0,0,0,,0,0,0,0,100.0,22,22,0,0.0,0,0,0,0,100.0,22,0,0.0,0,0,0,0,0,0
Kevin Johnson,9449,CB,HST,17,0,13,0,0,0,0,0,0,100.0,1,0,0.0,0,0,0,0,0.2,1,537,0,0.0,0,0,0,0,0.0,0,0,,0,0,0,0,0,0
Jordan Richards,9497,S,NE,13,0,19,0,0,0,0,0,0,0.0,0,0,,0,0,0,0,0.6,1,177,0,0.0,0,0,0,0,100.0,1,0,0.0,0,0,0,0,0,0
D'Joun Smith,9498,CB,IND,3,0,14,0,0,0,0,0,0,100.0,1,0,0.0,0,0,0,0,5.9,1,17,0,0.0,0,0,0,0,0.0,0,0,,0,0,0,0,0,0
Trey Flowers,9534,ED,NE,1,0,19,0,0,0,0,0,0,25.0,1,0,0.0,0,0,0,0,100.0,4,4,0,0.0,0,0,0,0,75.0,3,0,0.0,0,0,0,0,0,0
Ibraheim Campbell,9548,S,CLV,4,0,8,0,0,0,0,0,0,33.3,1,0,0.0,0,0,0,0,7.0,3,43,0,0.0,0,0,0,0,66.7,2,0,0.0,0,0,0,0,0,0
Josh Shaw,9553,CB,CIN,8,0,7,0,0,0,0,0,0,0.0,0,0,,0,0,0,0,1.2,1,85,0,0.0,0,0,0,0,100.0,1,0,0.0,0,0,0,0,0,0
Ryan Russell,9596,ED,DAL,1,0,9,0,0,0,0,0,0,44.4,8,0,0.0,0,0,0,0,100.0,18,18,0,0.0,0,0,0,0,55.6,10,0,0.0,0,0,0,0,0,0
Tony Steward,9621,LB,BUF,3,0,4,0,0,0,0,0,0,100.0,1,0,0.0,0,0,0,0,25.0,1,4,0,0.0,0,0,0,0,0.0,0,0,,0,0,0,0,0,0
Charles Gaines,9622,CB,CLV,6,0,8,0,0,0,0,0,0,100.0,2,0,0.0,0,0,0,0,1.4,2,145,0,0.0,0,0,0,0,0.0,0,0,,0,0,0,0,0,0
Derron Smith,9630,S,CIN,4,0,7,0,0,0,0,0,0,0.0,0,0,,0,0,0,0,6.7,1,15,0,0.0,0,0,0,0,100.0,1,0,0.0,0,0,0,0,0,0
L.T. Walton,9632,ED,PIT,6,0,25,0,0,0,0,0,0,64.3,9,0,0.0,0,0,0,0,100.0,14,14,0,0.0,0,0,0,0,35.7,5,0,0.0,0,0,0,0,0,0
Aaron Ripkowski,9639,FB,GB,1,0,12,0,0,0,0,0,0,,0,0,,0,0,0,0,100.0,1,1,0,0.0,0,0,0,0,,0,0,,0,0,0,0,0,0
Anthony Chickillo,9645,ED,PIT,1,0,25,0,0,0,0,0,0,7.7,1,0,0.0,0,0,0,0,72.2,13,18,0,0.0,0,0,0,0,92.3,12,0,0.0,0,0,0,0,0,0
Rakeem Nunez-Roches,9650,DI,KC,4,0,16,0,0,0,0,0,0,20.0,2,0,0.0,0,0,0,0,100.0,12,12,0,0.0,0,0,0,0,80.0,8,0,0.0,0,0,2,0,0,2
Edmond Robinson,9665,LB,MIN,3,0,18,0,0,0,0,0,0,100.0,2,0,0.0,0,0,0,0,10.5,2,19,0,0.0,0,0,0,0,0.0,0,0,,0,0,0,0,0,0
Robenson Therezie,9776,S,ATL,12,0,2,0,0,0,0,0,0,100.0,3,0,0.0,0,0,0,0,1.6,3,192,0,0.0,0,0,0,0,0.0,0,0,,0,0,0,0,0,0
Anthony Harris,9895,S,MIN,3,0,18,0,0,0,0,0,0,0.0,0,0,,0,0,0,0,1.1,1,92,0,0.0,0,0,0,0,100.0,1,0,0.0,0,0,0,0,0,0
Alonzo Harris,9926,HB,GB,1,0,12,0,0,0,0,0,0,,0,0,,0,0,0,0,100.0,1,1,0,0.0,0,0,0,0,,0,0,,0,0,0,0,0,0
Josh Keyes,9943,LB,TB,2,0,30,0,0,0,0,0,0,100.0,1,0,0.0,0,0,0,0,9.1,1,11,0,0.0,0,0,0,0,0.0,0,0,,0,0,0,0,0,0
Jordan Williams,9962,DI,MIA,1,0,17,0,0,0,0,0,0,100.0,3,0,0.0,0,0,0,0,100.0,3,3,0,0.0,0,0,0,0,0.0,0,0,,0,0,0,0,0,0
Leon Orr,9984,DI,OAK,3,1,23,0,0,1,0,0,0,64.6,31,0,0.0,0,0,1,0,96.2,51,53,0,0.0,0,0,0,0,35.4,17,0,0.0,0,0,0,0,0,1
Bryce Callahan,10000,CB,CHI,8,0,6,0,0,0,0,0,0,28.6,2,0,0.0,0,0,0,0,3.1,7,227,0,0.0,0,0,0,0,71.4,5,0,0.0,0,0,0,0,0,0
John Timu,10011,LB,CHI,3,0,6,0,0,0,0,0,0,33.3,1,0,0.0,0,0,0,0,4.8,4,84,0,0.0,0,0,0,0,66.7,2,0,0.0,0,0,0,0,0,0
Richard Ash,10047,DI,JAX,1,0,15,0,0,0,0,0,0,66.7,2,0,0.0,0,0,0,0,100.0,4,4,0,0.0,0,0,0,0,33.3,1,0,0.0,0,0,0,0,0,0
Kaleb Eulls,10098,DI,NO,4,0,20,0,0,0,0,0,0,50.0,16,0,0.0,0,0,0,0,94.3,33,35,0,0.0,0,0,0,0,50.0,16,0,0.0,0,0,0,0,0,0
Cody Riggs,10108,CB,TEN,8,0,31,0,0,0,0,0,0,100.0,1,0,0.0,0,0,0,0,0.9,1,116,0,0.0,0,0,0,0,0.0,0,0,,0,0,0,0,0,0
Houston Bates,10167,ED,WAS,3,0,32,0,0,0,0,0,0,36.8,7,0,0.0,0,1,1,0,100.0,19,19,0,0.0,0,0,0,0,63.2,12,0,0.0,0,0,0,0,1,1
