player,player_id,position,team_name,player_game_count,attempts,avoided_tackles,breakaway_attempts,breakaway_percent,breakaway_yards,declined_penalties,designed_yards,drops,elu_recv_mtf,elu_rush_mtf,elu_yco,elusive_rating,explosive,first_downs,franchise_id,fumbles,gap_attempts,grades_hands_fumble,grades_offense,grades_offense_penalty,grades_pass,grades_pass_block,grades_pass_route,grades_run,grades_run_block,longest,penalties,rec_yards,receptions,routes,run_plays,scramble_yards,scrambles,targets,total_touches,touchdowns,yards,yards_after_contact,yco_attempt,ypa,yprr,zone_attempts
Derrick Henry,10679,HB,TEN,8,219,32,9,28.2,264,0,937,0,3,32,728,49.1,20,49,31,1,98,82.5,75.1,41.3,70.7,54.4,69.4,72.6,72.2,76,1,154,18,120,239,0,0,20,237,10,937,728,3.32,4.3,1.28,121
Joe Mixon,11803,HB,CIN,8,137,24,4,14.9,85,0,572,0,2,24,445,54.8,13,26,7,1,38,73.0,79.6,84.1,,35.4,54.9,85.2,59.3,27,0,148,17,134,151,0,0,20,154,5,572,445,3.25,4.2,1.1,99
Alvin Kamara,11822,HB,NO,7,133,23,2,7.9,38,0,480,4,3,23,338,41.0,9,18,20,0,40,90.2,62.0,86.4,,16.4,67.7,62.5,58.3,23,0,256,28,152,173,0,0,36,161,2,480,338,2.54,3.6,1.68,85
Najee Harris,57121,HB,PIT,7,128,18,4,15.9,76,1,479,5,20,18,346,62.3,12,25,25,0,61,90.1,68.6,46.5,,63.7,70.5,67.4,42.4,20,1,273,37,214,146,0,0,49,165,3,479,346,2.7,3.7,1.28,60
Jonathan Taylor,57488,HB,IND,8,121,25,7,36.2,235,0,649,3,4,25,463,78.1,17,43,14,2,47,53.5,80.7,31.3,,23.8,67.7,86.3,45.2,83,1,265,21,137,136,0,0,25,142,6,649,463,3.83,5.4,1.93,69
Ezekiel Elliott,10638,HB,DAL,7,118,12,5,21.2,121,1,571,0,3,12,364,33.5,16,30,9,0,40,89.7,71.2,43.5,,28.5,67.1,74.7,55.5,47,1,128,20,188,139,0,0,25,138,5,571,364,3.08,4.8,0.68,73
Damien Harris,35134,HB,NE,8,118,24,6,29.0,150,0,517,0,4,24,366,67.8,12,28,19,2,82,50.0,86.7,80.9,,52.3,67.0,85.4,62.8,35,0,60,10,75,132,0,0,12,128,6,517,366,3.1,4.4,0.8,25
Antonio Gibson,78050,HB,WAS,8,111,10,3,13.1,58,1,442,4,6,10,309,34.8,7,27,32,4,35,26.6,59.4,27.9,,30.3,49.9,64.3,59.1,27,1,144,17,115,129,0,0,21,128,3,442,309,2.78,4.0,1.25,74
Darrell Henderson,41193,HB,LA,7,110,14,7,24.5,124,0,507,3,4,14,273,35.5,15,28,26,0,34,88.9,70.4,88.5,,75.0,47.4,78.7,59.8,29,0,141,16,177,128,0,0,25,126,5,507,273,2.48,4.6,0.8,75
Chuba Hubbard,57373,HB,CAR,8,108,11,1,6.6,26,0,391,4,3,11,281,28.9,7,22,5,1,37,68.7,62.8,27.7,,54.5,49.5,67.4,58.4,26,1,119,18,111,129,0,0,25,126,2,391,281,2.6,3.6,1.07,68
Nick Chubb,45783,HB,CLV,6,106,29,8,34.1,199,0,584,0,1,29,427,107.9,17,28,8,1,56,67.2,70.7,81.2,,66.8,56.1,71.4,59.6,52,0,43,6,75,116,0,0,6,112,4,584,427,4.03,5.5,0.57,49
Aaron Jones,11937,HB,GB,8,104,22,4,25.1,116,0,463,1,3,22,299,52.5,10,22,12,2,25,51.4,82.1,89.0,,85.8,78.2,78.6,59.1,57,0,237,33,178,116,0,0,39,137,3,463,299,2.88,4.5,1.33,76
Leonard Fournette,11759,HB,TB,8,101,17,4,16.6,73,0,439,4,9,17,298,58.6,10,25,30,1,57,69.1,69.8,84.8,60.0,57.5,54.8,75.8,60.0,21,0,239,30,191,114,0,0,39,131,4,439,298,2.95,4.3,1.25,43
Dalvin Cook,11796,HB,MIN,5,99,23,8,30.9,137,0,444,3,4,23,278,68.3,18,25,18,2,19,44.2,58.3,82.5,,53.5,45.6,62.1,60.0,23,0,73,12,112,107,0,0,17,111,2,444,278,2.81,4.5,0.65,76
Mark Ingram II,6180,HB,NO,8,98,16,1,7.5,24,0,321,0,4,16,262,50.0,5,14,20,0,50,87.9,66.8,79.9,,87.0,67.8,63.7,60.0,24,0,49,9,52,108,0,0,11,107,1,321,262,2.67,3.3,0.94,48
James Conner,11860,HB,ARZ,8,94,20,3,14.2,51,0,358,0,1,20,275,62.1,6,27,1,1,26,63.3,74.8,85.5,,85.7,54.7,72.4,78.7,18,0,34,5,75,128,0,0,5,99,8,358,275,2.93,3.8,0.45,62
D'Andre Swift,57212,HB,DET,8,90,5,2,10.7,31,0,289,2,17,5,174,31.0,9,15,11,1,35,69.8,58.7,45.9,60.0,26.7,74.9,53.8,37.6,16,1,415,47,225,105,0,0,55,137,3,289,174,1.93,3.2,1.84,41
Melvin Gordon III,9448,HB,DEN,8,88,18,1,17.6,70,1,397,0,4,18,247,58.3,7,20,10,1,39,59.7,70.0,27.7,,33.1,64.8,73.5,60.0,70,1,148,18,158,95,0,0,20,106,3,397,247,2.81,4.5,0.94,48
James Robinson,22425,HB,JAX,7,88,22,5,29.0,140,0,482,2,4,22,356,99.2,12,25,15,2,30,42.1,77.7,86.4,,32.7,44.1,90.3,69.9,58,0,133,18,146,107,0,0,24,106,5,482,356,4.05,5.5,0.91,56
Austin Ekeler,12164,HB,LAC,7,84,19,5,24.3,102,0,420,1,7,19,275,72.8,10,23,27,2,36,45.2,74.3,86.1,,39.5,65.2,79.5,59.4,28,0,302,33,179,100,0,0,39,117,5,420,275,3.27,5.0,1.69,45
Khalil Herbert,41668,HB,CHI,7,81,16,3,21.7,76,0,351,1,5,16,240,69.1,8,20,6,0,10,87.7,83.4,82.4,,62.8,60.9,85.5,66.1,29,0,44,9,87,92,0,0,10,90,1,351,240,2.96,4.3,0.51,68
Elijah Mitchell,57272,HB,SF,5,81,13,5,34.9,151,0,433,0,1,13,350,71.2,15,21,28,0,27,86.4,73.7,81.0,,53.8,52.0,77.2,58.2,39,0,30,4,67,107,0,0,4,85,3,433,350,4.32,5.3,0.45,54
Javonte Williams,77803,HB,DEN,8,78,28,4,35.5,126,0,355,3,5,28,267,113.0,11,17,10,1,34,62.8,71.2,83.7,,74.5,61.0,71.0,83.2,49,0,135,22,114,84,0,0,26,100,1,355,267,3.42,4.6,1.18,41
Lamar Jackson,46416,QB,BLT,7,46,19,3,10.8,52,0,219,0,0,9,109,46.4,15,29,3,5,40,41.5,85.4,86.7,81.9,,,76.6,60.0,31,1,0,0,0,184,261,30,0,46,2,480,266,3.5,6.3,,0
Mike Davis,9559,HB,ATL,7,75,14,2,13.6,35,1,258,1,13,14,208,76.4,7,12,2,1,16,62.7,61.8,84.6,,52.3,61.7,62.5,58.6,18,1,110,23,165,86,0,0,28,98,1,258,208,2.77,3.4,0.67,59
Chase Edmonds,45851,HB,ARZ,8,75,12,5,34.0,145,0,427,1,6,12,230,52.6,12,21,1,1,20,63.3,65.2,89.2,,66.3,55.4,70.6,55.6,54,0,211,30,180,108,0,0,36,105,1,427,230,3.07,5.7,1.17,49
Alex Collins,10805,HB,SEA,7,74,13,2,15.1,46,0,304,0,2,13,193,48.9,7,16,29,0,13,85.7,69.3,14.4,,67.3,60.3,70.7,60.0,25,1,65,6,71,84,0,0,6,80,2,304,193,2.61,4.1,0.92,61
Jalen Hurts,40291,QB,PHI,8,41,11,1,4.9,21,0,170,0,0,6,70,25.0,15,29,24,5,5,70.7,81.1,66.5,75.4,,60.0,82.3,60.0,27,3,0,0,1,169,262,32,1,41,5,432,166,2.27,5.9,0.0,23
Michael Carter,57337,HB,NYJ,7,73,19,1,6.5,18,0,279,4,11,19,201,83.4,5,16,22,1,20,62.3,66.6,0.0,,53.3,55.4,73.6,60.7,18,2,226,26,121,88,0,0,34,99,3,279,201,2.75,3.8,1.87,53
Jamaal Williams,11889,HB,DET,7,71,12,1,6.4,20,0,312,2,3,12,204,49.5,8,24,11,0,34,85.9,73.6,81.2,,55.5,58.5,76.2,59.8,20,0,99,16,70,77,0,0,18,87,2,312,204,2.87,4.4,1.41,33
Alexander Mattison,45817,HB,MIN,7,70,15,2,26.4,72,0,273,0,6,15,205,70.7,5,11,18,1,13,54.3,60.9,79.6,,31.9,75.1,57.6,60.0,48,0,115,17,70,74,0,0,18,87,0,273,205,2.93,3.9,1.64,55
Kareem Hunt,11841,HB,CLV,6,69,20,5,31.3,113,0,361,1,4,20,244,95.4,12,21,8,0,41,86.4,77.9,82.8,,67.2,68.7,77.9,60.0,33,0,161,20,89,79,0,0,23,89,5,361,244,3.54,5.2,1.81,23
David Montgomery,45719,HB,CHI,4,69,15,3,26.2,81,0,309,0,2,15,219,71.9,7,18,6,0,15,85.3,72.6,82.7,,85.9,72.9,68.1,73.1,41,0,49,6,71,80,0,0,8,75,3,309,219,3.17,4.5,0.69,53
A.J. Dillon,57165,HB,GB,8,68,14,3,25.2,78,0,309,1,2,14,230,69.4,4,18,12,2,26,29.7,73.0,13.6,,52.4,48.6,79.2,60.3,36,1,90,10,71,80,0,0,12,78,0,309,230,3.38,4.5,1.27,41
Tony Pollard,27126,HB,DAL,7,68,17,5,26.0,102,1,392,0,4,17,226,83.1,10,21,9,1,32,62.1,89.4,82.4,,27.8,69.4,90.4,74.8,28,1,116,16,59,79,0,0,16,84,1,392,226,3.32,5.8,1.97,32
Devin Singletary,40485,HB,BUF,7,67,17,4,29.8,101,0,339,2,4,17,187,72.4,7,13,4,4,20,22.9,56.1,85.5,,21.9,29.1,75.4,73.0,46,0,39,14,135,80,0,0,18,81,1,339,187,2.79,5.1,0.29,45
Myles Gaskin,45914,HB,MIA,8,66,10,5,28.3,79,0,279,1,8,10,149,41.9,8,12,17,1,32,61.9,70.4,85.3,,42.4,74.8,70.7,60.0,18,0,165,31,154,70,0,0,39,97,0,279,149,2.26,4.2,1.07,34
Clyde Edwards-Helaire,57279,HB,KC,5,65,10,3,15.8,48,0,304,0,2,10,157,39.7,7,10,16,2,12,29.0,53.6,17.4,,37.8,58.4,54.6,60.0,17,1,61,8,97,69,0,0,9,73,0,304,157,2.42,4.7,0.63,52
Darrel Williams,13014,HB,KC,8,65,3,0,0.0,0,0,230,1,4,3,141,18.1,4,21,16,0,24,85.7,61.0,87.0,,22.1,56.7,64.4,70.8,12,0,163,19,168,74,0,0,23,84,4,230,141,2.17,3.5,0.97,40
Sony Michel,27589,HB,LA,8,65,12,3,17.9,45,0,251,0,0,12,168,43.7,7,15,26,1,23,53.8,61.1,82.9,,49.2,51.1,65.1,60.0,15,0,34,6,55,71,0,0,7,71,1,251,168,2.58,3.9,0.62,42
Devontae Booker,10770,HB,NYG,7,64,6,1,8.8,19,0,216,3,3,6,146,25.3,7,10,21,0,34,85.5,51.9,85.4,,45.3,54.4,53.7,44.0,19,0,138,17,132,86,0,0,20,81,2,216,146,2.28,3.4,1.05,28
Cordarrelle Patterson,7810,HB,ATL,7,64,10,0,0.0,0,0,268,0,8,10,203,59.5,11,13,2,1,16,87.3,87.7,85.9,60.0,65.7,91.4,71.8,71.2,14,0,333,32,118,78,0,0,37,96,2,268,203,3.17,4.2,2.82,48
Miles Sanders,40555,HB,PHI,7,63,9,5,35.3,106,0,300,0,10,9,167,61.4,8,16,24,0,25,85.3,68.8,28.0,,50.0,69.8,69.3,69.5,24,1,118,19,143,89,0,0,22,82,0,300,167,2.65,4.8,0.83,37
Zack Moss,40341,HB,BUF,6,62,11,1,7.5,17,0,227,1,4,11,139,43.1,2,13,4,2,24,29.7,67.7,83.7,,24.1,53.4,77.9,52.4,17,0,148,16,110,93,0,0,21,78,3,227,139,2.24,3.7,1.35,32
Josh Jacobs,45953,HB,LV,5,60,12,1,7.4,15,0,204,1,5,12,143,54.8,4,11,23,0,17,85.2,75.2,82.6,,58.1,63.8,77.8,58.1,15,0,110,14,90,74,0,0,16,74,5,204,143,2.38,3.4,1.22,42
Latavius Murray,7962,HB,BLT,6,59,4,0,0.0,0,0,212,1,0,4,153,16.5,2,18,3,0,30,84.1,64.1,81.7,,42.5,42.2,70.6,63.2,14,0,25,4,62,85,0,0,5,63,4,212,153,2.59,3.6,0.4,29
Chris Carson,12004,HB,SEA,4,54,10,2,27.2,63,0,232,0,6,10,165,81.5,2,11,29,1,21,49.1,70.7,2.5,,35.0,58.1,75.0,59.4,33,1,29,6,55,61,0,0,6,60,3,232,165,3.06,4.3,0.53,31
Saquon Barkley,45791,HB,NYG,5,54,10,3,37.4,73,0,195,2,2,10,139,45.4,3,9,21,1,29,52.6,62.8,83.3,,80.2,51.7,66.2,59.6,41,0,130,14,113,68,0,0,20,68,2,195,139,2.57,3.6,1.15,23
Josh Allen,46601,QB,BUF,7,32,11,3,19.7,53,0,144,0,0,6,58,34.0,9,21,4,4,8,59.8,84.7,86.8,80.0,,90.8,77.9,60.0,34,2,0,0,1,168,125,20,0,32,3,269,110,2.12,5.2,0.0,7
Christian McCaffrey,11763,HB,CAR,3,52,10,3,24.4,49,0,201,0,7,10,140,67.3,5,7,5,0,24,84.1,77.8,80.7,,64.6,92.7,66.1,59.5,18,0,163,16,56,60,0,0,17,68,1,201,140,2.69,3.9,2.91,28
Kyler Murray,38334,QB,ARZ,8,36,1,0,0.0,0,0,50,0,0,1,21,1.6,4,12,1,7,3,46.7,85.6,67.5,89.5,,,49.2,60.7,18,1,0,0,0,220,97,13,0,36,3,147,29,0.59,3.0,,17
Daniel Jones,39395,QB,NYG,8,28,4,2,25.3,61,0,126,0,0,3,42,15.5,7,13,21,6,3,49.2,73.3,66.4,72.9,72.2,94.7,57.4,60.0,46,3,16,1,2,163,115,18,1,29,2,241,73,1.59,5.2,8.0,10
Ronald Jones,34001,HB,TB,8,44,3,1,9.8,19,0,194,0,1,3,104,19.7,4,9,30,2,32,25.8,53.9,0.0,,20.0,63.0,56.3,60.0,19,1,39,4,43,51,0,0,5,48,1,194,104,2.36,4.4,0.91,11
Justin Fields,82118,QB,CHI,8,18,9,0,0.0,0,0,26,0,0,3,18,16.7,10,13,6,8,2,27.9,55.7,11.8,52.1,,,71.0,60.5,22,4,0,0,0,181,217,26,0,18,2,243,197,4.48,5.5,,6
Kenyan Drake,10707,HB,LV,7,42,7,1,11.3,18,0,160,1,4,7,119,51.9,3,9,23,0,14,84.0,69.7,83.5,,45.0,68.3,74.2,39.6,18,0,187,18,112,54,0,0,21,60,2,160,119,2.83,3.8,1.67,27
Phillip Lindsay,12660,HB,HST,8,41,1,1,33.3,35,0,105,1,0,1,85,4.7,2,5,13,0,20,81.9,56.4,79.5,,81.7,51.0,58.0,44.3,35,0,37,3,25,51,0,0,4,44,1,105,85,2.07,2.6,1.48,19
Kenneth Gainwell,77737,HB,PHI,8,39,7,0,0.0,0,0,147,3,2,7,96,38.2,3,8,24,1,6,47.0,68.9,85.7,,70.3,80.8,61.9,43.3,13,0,164,19,103,51,0,0,27,58,2,147,96,2.46,3.8,1.59,32
Damien Williams,9205,HB,CHI,7,37,6,1,16.5,23,0,139,0,4,6,89,50.1,3,9,6,0,8,81.7,73.0,83.8,,67.3,74.2,70.3,58.0,23,0,64,11,56,44,0,0,14,48,2,139,89,2.41,3.8,1.14,25
Peyton Barber,10927,HB,LV,3,37,8,2,32.2,46,0,143,1,0,8,147,79.5,5,9,23,1,21,36.6,69.3,75.4,,84.1,44.0,70.7,60.0,27,0,31,3,20,42,0,0,5,40,1,143,147,3.97,3.9,1.55,16
Taylor Heinicke,9896,QB,WAS,8,8,2,0,0.0,0,0,20,0,0,0,0,0.0,9,13,32,4,0,57.9,57.9,66.9,56.4,,,63.8,60.0,38,1,-2,1,0,178,212,28,1,9,1,232,84,2.33,6.4,,2
Sam Darnold,29048,QB,CAR,8,22,4,0,0.0,0,0,27,0,0,0,7,0.0,7,19,5,5,1,55.9,66.0,10.4,63.3,,,76.3,60.0,30,5,0,0,0,214,142,13,0,22,5,169,54,1.54,4.8,,3
Ty Johnson,45769,HB,NYJ,7,35,6,1,14.7,17,0,116,3,5,6,79,47.7,3,7,22,0,14,46.5,63.6,85.1,,37.9,69.3,63.4,60.0,17,0,187,17,106,44,0,0,26,52,1,116,79,2.26,3.3,1.76,20
Nyheim Hines,48103,HB,IND,8,35,10,0,0.0,0,0,117,2,6,10,81,67.3,1,8,14,0,12,86.0,61.3,85.5,,42.9,61.1,63.0,58.2,11,0,153,20,109,50,0,0,27,55,1,117,81,2.31,3.3,1.4,20
Patrick Mahomes,11765,QB,KC,8,6,0,0,0.0,0,0,-5,0,0,0,0,0.0,10,16,16,5,0,30.7,73.0,50.4,70.3,,,74.4,60.1,23,3,0,0,0,167,234,29,0,6,1,229,38,1.09,6.5,,0
Salvon Ahmed,57472,HB,MIA,8,35,4,0,0.0,0,0,97,2,3,4,77,34.2,1,4,17,0,9,81.5,61.1,82.8,,84.2,59.7,59.8,60.0,12,0,99,10,65,37,0,0,16,45,0,97,77,2.2,2.8,1.52,25
Carlos Hyde,8692,HB,JAX,6,33,5,1,12.9,18,0,140,0,1,5,86,38.1,2,9,15,0,12,81.2,67.2,83.3,,29.6,58.0,74.1,60.0,18,0,54,8,82,38,0,0,10,41,0,140,86,2.61,4.2,0.66,17
Malcolm Brown,9902,HB,MIA,7,33,5,2,32.0,40,0,125,0,0,5,92,38.7,3,6,17,0,12,80.5,61.2,2.7,,91.7,54.0,56.8,60.0,24,1,10,3,38,41,0,0,4,36,1,125,92,2.79,3.8,0.26,21
Ty'Son Williams,38287,HB,BLT,5,33,7,3,39.4,71,0,180,0,0,7,109,55.1,6,7,3,1,26,37.1,63.2,82.2,,88.2,63.6,60.8,56.4,35,0,84,9,73,46,0,0,11,42,1,180,109,3.3,5.5,1.15,7
Jameis Winston,9434,QB,NO,7,15,5,0,0.0,0,0,4,0,0,0,4,0.0,9,17,20,2,0,56.8,74.2,59.5,66.3,,,90.0,61.2,20,4,0,0,0,172,162,17,0,15,1,166,110,3.44,5.2,,0
J.D. McKissic,11047,HB,WAS,8,32,1,0,0.0,0,1,132,2,3,1,61,11.7,3,9,32,0,11,82.8,66.3,29.0,,59.2,72.5,61.9,59.3,11,2,332,33,172,48,0,0,40,65,1,132,61,1.91,4.1,1.93,21
Trey Sermon,57372,HB,SF,4,31,7,2,23.0,31,0,135,1,0,7,92,63.0,2,7,28,0,16,79.9,65.3,78.6,,39.6,39.3,73.2,57.6,16,0,3,2,34,38,0,0,3,33,1,135,92,2.97,4.4,0.09,15
Samaje Perine,11869,HB,CIN,7,31,7,1,33.1,46,0,139,1,0,7,133,73.2,4,4,7,0,5,81.0,62.6,82.4,,56.5,62.2,62.5,60.0,46,0,93,10,70,38,0,0,12,41,1,139,133,4.29,4.5,1.33,25
Trevor Lawrence,77632,QB,JAX,7,16,4,0,0.0,0,0,42,0,0,2,24,18.8,5,8,15,3,1,81.9,58.1,43.5,57.3,,,63.2,60.0,12,2,0,0,0,150,90,13,0,16,2,132,69,2.38,4.6,,12
David Johnson,9519,HB,HST,8,29,3,0,0.0,0,0,108,0,4,3,72,35.5,2,2,13,1,9,40.5,59.1,86.3,,26.3,70.7,54.4,54.9,13,0,153,20,118,40,0,0,23,49,0,108,72,2.48,3.7,1.3,15
D'Ernest Johnson,45734,HB,CLV,6,29,7,2,22.3,40,0,179,2,3,7,92,96.1,6,8,8,0,17,80.3,80.8,80.6,,78.5,41.1,88.0,60.2,20,0,36,4,35,41,0,0,6,33,2,179,92,3.17,6.2,1.03,9
Larry Rountree III,57308,HB,LAC,5,28,2,0,0.0,0,0,71,1,0,2,58,14.3,1,4,27,0,10,81.4,40.8,77.1,,39.5,34.2,46.4,60.0,13,0,-1,1,27,33,0,0,2,29,0,71,58,2.07,2.5,-0.04,17
Trey Lance,91399,QB,SF,4,18,0,0,0.0,0,0,52,0,0,0,31,0.0,4,6,28,0,12,84.8,59.0,81.0,58.4,,,59.6,60.0,15,0,0,0,0,45,81,10,0,18,1,133,109,3.89,4.8,,2
Marlon Mack,11898,HB,IND,6,28,3,1,21.8,22,0,101,0,0,3,86,30.7,4,6,14,0,11,79.5,56.4,77.5,,82.2,57.8,55.6,60.0,22,0,8,2,21,32,0,0,4,30,0,101,86,3.07,3.6,0.38,17
Carson Wentz,10636,QB,IND,8,11,4,0,0.0,0,0,10,0,0,0,4,0.0,4,8,14,5,0,30.9,67.5,67.9,66.9,,,59.6,60.1,17,3,0,0,0,205,98,14,0,11,1,108,48,1.92,4.3,,2
Rhamondre Stevenson,98689,HB,NE,4,25,4,0,0.0,0,0,74,0,2,4,64,51.2,1,4,19,1,20,28.4,60.0,76.2,,21.2,47.7,64.6,58.7,11,0,53,5,21,30,0,0,6,30,1,74,64,2.56,3.0,2.52,2
Justin Herbert,28237,QB,LAC,7,13,0,0,0.0,0,0,2,0,0,0,5,0.0,4,9,27,1,1,90.9,86.8,86.8,83.7,,,72.9,60.0,11,0,0,0,0,156,79,10,0,13,1,81,90,3.91,3.5,,0
Ryan Tannehill,7014,QB,TEN,8,12,3,0,0.0,0,0,43,0,0,0,14,0.0,7,15,31,4,0,69.4,90.1,69.4,85.9,60.9,59.1,85.7,60.3,28,2,0,0,1,256,122,11,0,12,3,165,56,2.43,7.2,0.0,5
Dak Prescott,10769,QB,DAL,6,13,1,0,0.0,0,0,2,0,0,0,5,0.0,3,1,9,6,1,35.0,82.9,63.9,87.7,,58.4,29.4,60.2,21,1,0,0,1,184,68,9,0,13,0,70,70,3.18,3.2,0.0,2
Jimmy Garoppolo,8697,QB,SF,6,18,1,0,0.0,0,0,14,0,0,1,12,3.7,0,7,28,5,0,35.2,62.6,85.3,61.2,,,62.3,60.0,7,1,0,0,0,142,16,4,0,18,3,30,27,1.23,1.4,,5
Baker Mayfield,46518,QB,CLV,7,4,3,0,0.0,0,0,2,0,0,0,1,0.0,2,5,8,4,0,47.0,71.7,64.4,72.0,,60.0,54.4,60.1,12,3,11,0,1,204,78,17,0,4,1,80,27,1.29,3.8,11.0,1
Tevin Coleman,9506,HB,NYJ,4,21,2,1,23.3,17,0,73,0,0,2,68,28.2,1,5,22,0,8,78.4,59.4,75.3,,67.6,77.4,56.2,60.0,17,0,17,2,11,22,0,0,2,23,0,73,68,3.24,3.5,1.55,13
Royce Freeman,45747,HB,CAR,7,21,2,0,0.0,0,0,77,1,1,2,53,31.5,1,4,5,0,15,77.8,57.6,80.7,,65.6,43.2,65.2,60.0,13,0,15,3,58,24,0,0,5,24,0,77,53,2.52,3.7,0.26,6
Matthew Stafford,4924,QB,LA,8,15,0,0,0.0,0,0,-5,0,0,0,0,0.0,0,4,26,1,0,80.9,83.2,24.0,81.7,,,70.1,60.0,9,4,0,0,0,193,29,5,0,15,0,24,2,0.1,1.2,,2
Derek Carr,8671,QB,LV,7,13,0,0,0.0,0,0,4,0,0,0,3,0.0,0,4,23,5,0,81.1,89.1,65.6,89.9,,,47.6,60.4,8,2,0,0,0,169,25,7,0,13,0,29,13,0.65,1.5,,2
Devonta Freeman,8738,HB,BLT,6,20,6,2,43.1,47,0,109,0,1,6,51,68.7,3,6,3,0,11,78.0,70.5,81.1,,29.6,60.5,79.3,49.1,31,0,59,6,53,35,0,0,6,26,2,109,51,2.55,5.5,1.11,8
Jaret Patterson,77745,HB,WAS,6,20,4,0,0.0,0,0,74,0,0,4,52,47.3,1,5,32,0,8,77.7,65.5,75.3,,82.9,75.7,61.7,60.0,13,0,9,2,5,22,0,0,3,22,0,74,52,2.6,3.7,1.8,12
Tony Jones Jr.,40498,HB,NO,4,19,3,0,0.0,0,0,77,0,0,3,40,27.5,0,4,20,0,5,77.7,78.0,77.6,,80.5,58.7,79.5,60.0,9,0,10,4,24,25,0,0,5,23,0,77,40,2.11,4.1,0.42,13
Joe Burrow,28022,QB,CIN,8,12,1,0,0.0,0,1,11,0,0,0,8,0.0,0,5,7,1,0,80.2,87.1,86.6,85.4,,58.4,63.1,60.0,9,2,0,0,1,181,32,7,0,12,0,43,28,1.47,2.3,0.0,0
Boston Scott,39462,HB,PHI,3,19,1,1,22.6,19,0,84,1,0,1,42,10.0,1,7,24,0,5,77.6,65.5,79.4,,78.1,39.7,71.3,60.3,19,0,10,3,25,28,0,0,4,22,3,84,42,2.21,4.4,0.4,14
Aaron Rodgers,2241,QB,GB,8,9,1,0,0.0,0,0,-7,0,0,0,1,0.0,2,5,12,0,0,90.7,81.3,65.9,79.4,,,67.3,60.0,16,2,-4,1,0,192,54,9,1,10,2,47,33,1.83,2.6,,0
Teddy Bridgewater,8667,QB,DEN,8,8,2,0,0.0,0,0,4,0,0,0,1,0.0,3,9,10,1,0,80.5,77.2,65.4,75.6,,,65.8,60.0,13,1,0,0,0,177,66,10,0,8,0,70,49,2.72,3.9,,0
Mac Jones,60323,QB,NE,8,10,0,0,0.0,0,0,8,0,0,0,4,0.0,2,9,19,3,0,66.8,84.0,47.4,81.6,72.6,58.9,72.4,60.8,13,2,0,0,1,196,47,7,0,10,0,55,13,0.76,3.2,0.0,0
Le'Veon Bell,7829,HB,BLT,3,17,2,0,0.0,0,0,34,1,0,2,24,15.7,0,2,3,0,13,77.0,56.5,79.4,,60.2,36.9,61.0,73.0,7,0,-1,1,29,21,0,0,3,18,1,34,24,1.41,2.0,-0.03,3
Elijhaa Penny,11300,FB,NYG,8,17,1,0,0.0,0,0,54,0,0,1,46,14.2,0,6,21,0,6,76.6,63.9,0.0,,68.5,64.9,65.7,67.6,9,2,17,2,17,38,0,0,3,19,1,54,46,2.71,3.2,1.0,7
Russell Wilson,7077,QB,SEA,5,6,0,0,0.0,0,0,-3,0,0,0,0,0.0,4,6,29,1,1,88.6,90.3,48.2,89.5,,,69.7,60.0,16,1,0,0,0,98,74,10,0,6,1,71,12,0.75,4.4,,0
Taysom Hill,12112,QB,NO,5,14,9,0,0.0,0,0,63,0,1,7,47,158.0,1,8,20,0,13,77.5,75.6,82.2,40.2,43.6,68.5,90.7,48.2,14,0,37,3,32,66,14,2,4,17,3,77,55,3.44,4.8,1.16,0
Jacoby Brissett,10725,QB,MIA,6,5,1,0,0.0,0,0,3,0,0,0,2,0.0,2,7,17,4,0,54.2,75.6,84.2,73.6,,,67.1,60.6,19,2,0,0,0,59,54,11,0,5,1,57,13,0.81,3.6,,0
Rashaad Penny,27414,HB,SEA,3,15,0,0,0.0,0,0,24,0,0,0,16,0.0,0,0,29,0,7,75.5,43.3,76.7,,77.3,51.8,43.5,60.0,5,0,0,0,18,18,0,0,0,15,0,24,16,1.07,1.6,0.0,8
Ameer Abdullah,9487,HB,CAR,6,15,1,0,0.0,0,0,61,0,1,1,38,24.1,0,1,5,0,5,80.4,66.0,80.2,,26.4,67.9,65.9,59.1,9,0,52,6,45,22,0,0,8,21,0,61,38,2.53,4.1,1.16,10
Tom Brady,698,QB,TB,8,9,2,0,0.0,0,0,1,0,0,0,0,0.0,1,6,30,3,0,84.3,91.6,87.2,90.3,,58.9,77.6,60.0,13,0,0,0,1,165,38,5,0,9,1,39,15,1.07,2.8,0.0,0
Brandon Bolden,7469,HB,NE,7,14,3,1,44.4,24,0,54,0,5,3,53,89.1,2,3,19,0,8,79.1,68.4,82.3,,30.1,84.2,63.0,60.0,24,0,162,20,87,16,0,0,22,34,0,54,53,3.79,3.9,1.86,4
Tua Tagovailoa,60326,QB,MIA,5,5,0,0,0.0,0,0,2,0,0,0,1,0.0,0,5,17,1,1,70.7,73.0,84.5,71.0,,,67.3,60.6,9,1,0,0,0,89,60,9,0,5,2,62,16,1.14,4.4,,0
Justin Jackson,29539,HB,LAC,6,13,2,1,74.3,75,0,101,0,0,2,101,77.7,1,3,27,0,7,76.5,66.0,78.3,,27.5,64.4,70.7,60.0,75,0,34,7,32,17,0,0,7,20,0,101,101,7.77,7.8,1.06,6
J.J. Taylor,25512,HB,NE,4,13,0,1,57.7,15,0,26,0,1,0,20,9.0,1,3,19,1,7,24.4,63.9,75.7,,67.1,36.6,74.6,60.0,15,0,8,4,21,17,0,0,4,17,2,26,20,1.54,2.0,0.38,2
Jared Goff,10635,QB,DET,8,3,0,1,22.4,17,1,17,0,0,0,2,0.0,3,3,11,7,0,34.3,62.0,48.8,64.0,,60.0,37.7,60.0,26,5,0,0,1,174,59,10,0,3,0,76,17,1.31,5.8,0.0,1
JaMycal Hasty,25582,HB,SF,4,12,0,1,45.7,21,0,46,0,2,0,22,16.7,1,4,28,0,4,76.4,59.1,0.0,,12.3,68.8,59.9,67.9,21,1,80,10,50,19,0,0,13,22,1,46,22,1.83,3.8,1.6,8
Jordan Howard,10784,HB,PHI,1,12,2,0,0.0,0,0,57,0,0,2,44,61.1,2,6,24,0,1,74.3,75.7,72.1,,,58.0,73.2,60.0,10,0,0,0,2,14,0,0,0,12,2,57,44,3.67,4.8,0.0,11
Matt Ryan,4317,QB,ATL,7,7,4,0,0.0,0,0,-4,0,0,0,0,0.0,1,1,2,4,0,54.7,82.6,86.7,83.0,,58.9,37.8,60.7,17,2,0,0,1,158,33,5,0,7,0,29,25,2.08,2.4,0.0,1
Rondale Moore,62890,WR,ARZ,8,11,2,1,42.6,26,0,61,0,10,2,60,163.6,2,2,1,1,6,53.3,76.3,84.5,,,76.8,64.0,51.2,26,1,327,29,148,94,0,0,35,40,0,61,60,5.45,5.5,2.21,0
Derrick Gore,32342,HB,KC,2,11,1,0,0.0,0,0,48,0,0,1,19,14.4,1,5,16,0,8,74.5,71.1,74.3,,,64.2,69.9,,10,0,7,1,9,12,0,0,1,12,1,48,19,1.73,4.4,0.78,3
DeeJay Dallas,55632,HB,SEA,6,10,0,0,0.0,0,0,35,0,1,0,24,13.3,1,4,29,1,4,30.5,62.4,80.0,,,52.4,67.9,60.0,10,0,70,8,28,13,0,0,8,18,0,35,24,2.4,3.5,2.5,6
Kylin Hill,57306,HB,GB,4,10,0,0,0.0,0,0,24,0,0,0,19,0.0,0,1,12,0,3,78.7,55.5,75.3,,77.2,55.4,55.7,60.0,8,0,5,1,11,13,0,0,2,11,0,24,19,1.9,2.4,0.45,6
Mitchell Trubisky,11757,QB,BUF,3,8,0,0,0.0,0,0,-3,0,0,0,0,0.0,1,3,4,0,0,73.7,81.5,74.5,62.1,,,78.2,60.0,22,0,0,0,0,15,30,2,0,8,1,27,0,0.0,2.7,,0
James White,8765,HB,NE,3,10,1,0,0.0,0,0,38,0,1,1,14,12.7,1,4,19,0,6,76.4,78.1,78.0,,70.2,82.2,76.6,60.0,10,0,94,12,38,11,0,0,14,22,1,38,14,1.4,3.8,2.47,1
Kirk Cousins,7102,QB,MIN,7,3,1,0,0.0,0,0,0,0,0,0,1,0.0,3,5,18,4,0,45.7,90.6,66.7,89.7,,57.7,68.5,60.0,29,2,0,0,2,192,75,7,0,3,0,75,29,2.9,7.5,0.0,1
Travis Homer,45859,HB,SEA,8,9,1,1,43.3,26,0,60,0,5,1,36,141.2,2,2,29,0,4,76.1,66.2,82.7,,56.3,69.9,65.0,,26,0,105,8,42,9,0,0,8,17,0,60,36,4.0,6.7,2.5,5
Ben Roethlisberger,1732,QB,PIT,7,7,0,0,0.0,0,0,-7,0,0,0,0,0.0,0,1,25,5,0,29.1,57.4,86.7,55.9,,,67.2,60.0,8,0,0,0,0,169,13,2,0,7,0,6,0,0.0,0.7,,0
Geno Smith,7820,QB,SEA,4,5,2,0,0.0,0,0,5,0,0,1,8,32.0,2,3,29,1,0,60.5,73.9,0.0,71.4,,,78.4,60.0,12,2,0,0,0,84,37,4,0,5,1,42,24,2.67,4.7,,1
Benny Snell Jr.,45954,HB,PIT,5,8,1,0,0.0,0,0,21,1,0,1,12,16.7,0,0,25,0,6,72.5,44.6,77.2,,76.1,33.6,50.7,60.0,9,0,7,1,19,10,0,0,3,9,0,21,12,1.5,2.6,0.37,2
Wayne Gallman,11895,HB,ATL,3,8,2,0,0.0,0,0,33,0,0,2,25,78.1,2,2,2,0,1,72.1,62.5,71.7,,19.9,56.8,66.3,,13,0,0,0,5,8,0,0,0,8,0,33,25,3.13,4.1,0.0,7
Case Keenum,7323,QB,CLV,3,5,1,0,0.0,0,0,0,0,0,0,0,0.0,0,3,8,0,0,79.9,59.1,79.8,54.3,,,71.5,60.0,5,0,0,0,0,41,7,2,0,5,0,7,13,1.86,1.0,,0
Robert Woods,7822,WR,LA,8,7,0,1,40.0,16,0,40,4,3,0,15,14.3,1,1,26,0,1,79.3,73.8,87.2,,72.1,71.6,58.9,76.7,16,0,458,38,264,183,0,0,57,45,1,40,15,2.14,5.7,1.73,2
Kalen Ballage,45741,HB,PIT,4,7,3,0,0.0,0,0,12,0,0,3,17,104.1,1,1,25,0,2,72.1,56.1,76.3,,64.0,51.5,57.7,60.0,11,0,0,0,14,9,0,0,1,7,0,12,17,2.43,1.7,0.0,3
Jeremy McNichols,11917,HB,TEN,8,7,1,0,0.0,0,0,38,0,4,1,25,63.8,1,2,31,0,4,77.7,70.6,84.3,,37.8,83.9,70.0,60.0,11,0,203,21,101,14,0,0,24,28,0,38,25,3.57,5.4,2.01,3
Kyle Juszczyk,7912,FB,SF,7,7,0,0,0.0,0,0,16,1,2,0,11,14.3,0,2,28,0,0,75.8,64.0,47.1,,77.5,66.7,56.8,60.7,5,1,146,15,127,118,0,0,18,22,0,16,11,1.57,2.3,1.15,3
Zach Wilson,82096,QB,NYJ,6,3,0,0,0.0,0,0,0,0,0,0,0,0.0,2,2,22,2,0,74.0,59.5,85.1,57.6,,,70.2,60.0,10,0,0,0,0,108,25,4,0,3,0,25,23,3.29,3.6,,0
Davis Mills,52269,QB,HST,7,5,0,0,0.0,0,0,3,0,0,0,7,0.0,0,2,13,4,0,29.9,59.3,85.9,59.4,,58.9,52.3,60.5,3,1,0,0,1,134,5,2,0,5,0,8,19,2.71,1.1,0.0,2
Colt McCoy,5609,QB,ARZ,3,7,0,0,0.0,0,0,-6,0,0,0,0,0.0,0,0,1,0,0,71.4,63.0,73.5,,,,61.9,60.0,0,0,0,0,0,14,0,0,0,7,0,-6,0,0.0,-0.9,,0
Trayveon Williams,45775,HB,CIN,1,6,0,0,0.0,0,0,13,0,0,0,10,0.0,0,1,7,0,2,70.6,60.8,71.8,,,57.0,61.0,60.0,6,0,0,0,1,9,0,0,0,6,0,13,10,1.67,2.2,0.0,4
Blaine Gabbert,6162,QB,TB,3,6,0,0,0.0,0,0,-4,0,0,0,0,0.0,0,0,30,0,0,21.7,73.7,75.2,73.3,,,61.6,60.0,0,0,0,0,0,15,0,0,0,6,0,-4,0,0.0,-0.7,,0
Joshua Kelley,13750,HB,LAC,2,6,1,0,0.0,0,0,24,0,0,1,15,41.7,1,2,27,0,3,71.4,59.1,75.5,,69.1,50.7,61.8,60.0,14,0,0,0,27,8,0,0,0,6,0,24,15,2.5,4.0,0.0,3
C.J. Ham,11347,FB,MIN,7,6,2,1,88.2,30,0,34,0,0,2,28,77.8,1,3,18,0,1,73.5,68.0,0.0,,66.6,66.7,68.6,67.9,30,2,26,6,45,101,0,0,6,12,0,34,28,4.67,5.7,0.58,2
Giovani Bernard,7818,HB,TB,7,6,1,2,80.4,41,0,51,0,4,1,40,128.2,2,2,30,1,5,27.1,66.0,82.3,,54.3,69.0,67.5,60.0,24,0,109,20,82,9,0,0,23,26,0,51,40,6.67,8.5,1.33,1
Deebo Samuel,48274,WR,SF,7,6,4,0,0.0,0,0,22,8,7,4,21,77.0,1,1,28,2,1,24.4,86.1,86.8,,,85.3,70.2,59.1,13,0,819,44,222,138,0,0,67,50,1,22,21,3.5,3.7,3.69,3
Ke'Shawn Vaughn,45866,HB,TB,1,5,3,1,55.6,15,0,27,0,0,3,20,240.0,1,1,30,0,2,69.7,75.8,69.8,,,57.2,74.3,,15,0,0,0,3,5,0,0,0,5,0,27,20,4.0,5.4,0.0,3
Jonathan Ward,25859,HB,ARZ,3,5,0,0,0.0,0,0,21,0,0,0,10,0.0,0,2,1,0,0,69.7,74.6,72.9,,,,69.7,60.0,7,0,0,0,0,10,0,0,0,5,0,21,10,2.0,4.2,,5
Tyrod Taylor,6332,QB,HST,2,1,1,0,0.0,0,0,-1,0,0,0,0,0.0,2,2,13,1,0,80.8,75.8,80.8,72.3,,,71.3,60.3,29,0,0,0,0,51,56,4,0,1,1,55,32,6.4,11.0,,0
Keith Smith,9302,FB,ATL,7,5,0,0,0.0,0,0,18,1,1,0,9,20.0,0,2,2,0,2,73.5,60.3,81.3,,47.6,54.7,56.2,65.8,8,0,24,4,21,68,0,0,5,9,0,18,9,1.8,3.6,1.14,2
Buddy Howell,12888,HB,LA,1,5,0,0,0.0,0,0,11,0,0,0,12,0.0,0,0,26,0,0,69.7,66.6,69.6,,,59.7,65.5,,4,0,0,0,1,5,0,0,0,5,0,11,12,2.4,2.2,0.0,5
D.J. Moore,48267,WR,CAR,8,5,1,0,0.0,0,0,21,5,6,1,8,20.4,1,2,5,1,0,43.0,76.5,88.0,,,76.7,54.5,64.1,14,0,645,50,307,162,0,0,79,55,0,21,8,1.6,4.2,2.1,0
Mike White,46453,QB,NYJ,2,5,0,0,0.0,0,0,-1,0,0,0,0,0.0,0,2,22,0,0,84.5,59.6,81.5,55.3,,90.8,71.1,60.0,2,0,0,0,0,39,0,0,0,5,0,-1,0,0.0,-0.2,,0
Rex Burkhead,7971,HB,HST,7,5,1,0,0.0,0,0,20,0,0,1,16,32.0,1,3,13,0,2,72.6,60.3,80.2,60.0,37.4,63.6,63.4,,14,0,38,5,50,5,0,0,7,10,1,20,16,3.2,4.0,0.76,3
Tyreek Hill,10799,WR,KC,8,5,1,3,76.2,48,1,63,6,9,1,12,34.8,4,4,16,1,0,48.1,85.3,45.5,,,84.4,71.6,62.9,18,3,735,64,313,119,0,0,88,69,0,63,12,2.4,12.6,2.35,0
Scottie Phillips,83711,HB,HST,1,5,0,0,0.0,0,0,11,0,1,0,9,25.7,0,1,13,0,1,70.9,51.3,71.0,,25.4,63.0,53.0,,4,0,9,2,7,5,0,0,3,7,0,11,9,1.8,2.2,1.29,4
Jalen Richard,11395,HB,LV,3,5,0,0,0.0,0,0,8,0,0,0,8,0.0,0,0,23,0,2,72.6,62.4,77.8,,80.7,74.1,53.1,60.0,5,0,24,5,22,6,0,0,6,10,0,8,8,1.6,1.6,1.09,3
Freddie Swain,26448,WR,SEA,8,4,0,0,0.0,0,0,29,0,2,0,11,27.5,1,2,29,0,0,83.9,54.8,53.7,,76.7,55.6,59.2,48.6,11,1,169,16,183,107,0,0,23,20,0,29,11,2.75,7.3,0.92,0
Jalen Guyton,34164,WR,LAC,7,4,0,1,65.6,21,1,32,1,2,0,23,82.1,1,2,27,1,0,24.2,51.8,26.6,,,55.5,41.9,48.1,21,3,139,10,217,73,0,0,19,14,0,32,23,5.75,8.0,0.64,0
CeeDee Lamb,61570,WR,DAL,7,4,2,0,0.0,0,0,18,3,5,2,13,52.9,1,2,9,0,0,82.5,82.4,66.1,,64.9,83.1,63.6,57.2,13,1,609,39,251,163,0,0,55,43,0,18,13,3.25,4.5,2.43,2
Jalen Reagor,61697,WR,PHI,8,4,1,0,0.0,0,1,33,1,2,1,12,37.5,3,3,24,0,1,46.2,57.5,86.1,,,57.7,69.5,35.1,12,2,165,20,230,103,0,0,32,24,0,33,12,3.0,8.3,0.72,0
Mecole Hardman,42683,WR,KC,8,4,0,1,72.7,24,0,33,1,7,0,8,35.9,1,1,16,2,0,25.9,64.3,85.1,,,65.1,42.0,61.9,24,0,352,35,268,83,0,0,45,39,0,33,8,2.0,8.3,1.31,0
Andy Dalton,6187,QB,CHI,3,0,0,0,0.0,0,0,0,0,0,0,,100.0,2,2,6,1,0,81.4,80.1,80.2,72.1,,,89.0,60.0,14,0,0,0,0,30,38,4,0,0,0,38,12,3.0,9.5,,0
Chris Evans,27303,HB,CIN,5,4,0,0,0.0,0,0,18,0,3,0,14,87.5,0,0,7,0,1,72.7,80.4,76.3,,80.0,89.0,63.5,60.0,6,0,104,8,23,6,0,0,8,12,0,18,14,3.5,4.5,4.52,3
Dare Ogunbowale,12329,HB,JAX,4,4,0,0,0.0,0,0,12,0,0,0,8,0.0,0,0,15,0,2,70.0,51.8,76.9,,10.4,60.6,55.6,,5,0,28,2,20,4,0,0,2,6,0,12,8,2.0,3.0,1.4,2
Matt Breida,12271,HB,BUF,2,4,0,0,0.0,0,0,4,0,0,0,8,0.0,0,0,4,0,1,68.6,52.4,75.0,,,56.4,53.9,60.0,7,0,0,0,4,8,0,0,0,4,0,4,8,2.0,1.0,0.0,1
Laviska Shenault Jr.,61220,WR,JAX,7,4,0,0,0.0,0,0,28,4,11,0,15,128.9,1,1,15,0,2,77.0,65.7,58.5,,68.5,65.1,62.3,66.4,11,1,319,28,218,101,0,0,43,32,0,28,15,3.75,7.0,1.46,0
Chase Claypool,42312,WR,PIT,6,4,1,2,107.9,41,1,38,4,4,1,9,37.5,2,2,25,0,0,77.1,67.3,33.0,,,67.7,63.9,61.7,25,5,403,26,208,107,0,0,45,30,0,38,9,2.25,9.5,1.94,0
Jerick McKinnon,8731,HB,KC,8,4,0,0,0.0,0,0,12,0,2,0,5,25.0,0,0,16,0,1,72.0,59.0,83.5,,75.1,59.8,56.7,53.8,5,0,49,6,81,13,0,0,8,10,0,12,5,1.25,3.0,0.6,3
Jonnu Smith,11855,TE,NE,8,3,1,0,0.0,0,1,16,3,1,1,12,34.8,0,0,19,1,2,26.0,51.5,62.3,,59.9,57.7,76.8,40.3,6,3,189,20,106,159,0,0,30,23,0,16,12,4.0,5.3,1.78,0
Isaiah McKenzie,11927,WR,BUF,7,3,0,0,0.0,0,0,10,0,0,0,3,0.0,0,1,4,0,0,84.0,48.7,79.8,,,55.8,53.6,30.6,8,0,4,2,41,29,0,0,3,5,0,10,3,1.0,3.3,0.1,0
Alex Armah,11948,FB,NO,6,3,0,0,0.0,0,0,9,0,0,0,4,0.0,0,3,20,0,0,69.8,61.8,78.0,,74.0,54.4,71.4,54.3,5,0,1,1,9,34,0,0,1,4,0,9,4,1.33,3.0,0.11,0
JuJu Smith-Schuster,11817,WR,PIT,5,3,1,0,0.0,0,0,9,0,3,1,7,51.9,0,1,25,0,0,74.9,59.2,45.2,,,60.8,54.2,56.7,3,2,129,15,147,70,0,0,25,18,1,9,7,2.33,3.0,0.88,0
Corey Clement,12253,HB,DAL,3,3,0,0,,0,0,0,0,0,0,10,0.0,0,0,9,0,2,67.2,60.5,69.3,,,59.9,61.0,60.0,5,0,0,0,0,4,0,0,0,3,0,0,10,3.33,0.0,,1
Damarea Crockett,27436,HB,DEN,1,3,1,0,0.0,0,0,7,0,0,1,6,66.7,0,0,10,0,3,67.2,61.2,67.3,,,,60.7,60.0,6,0,0,0,0,4,0,0,0,3,0,7,6,2.0,2.3,,0
Brandon Allen,10835,QB,CIN,2,3,0,0,0.0,0,0,-3,0,0,0,0,0.0,0,0,7,0,0,69.8,57.3,74.7,55.1,,,60.5,60.0,-1,0,0,0,0,17,0,0,0,3,0,-3,0,0.0,-1.0,,0
Jordan Love,40306,QB,GB,2,3,0,0,0.0,0,0,-3,0,0,0,0,0.0,0,0,12,1,0,20.1,76.2,74.3,75.5,,,60.5,60.0,-1,0,0,0,0,10,0,0,0,3,0,-3,0,0.0,-1.0,,0
DeAndre Carter,9859,WR,WAS,8,3,0,1,67.5,27,0,40,1,0,0,6,0.0,2,1,32,1,1,45.5,63.4,83.8,,,65.3,40.8,68.3,27,0,141,9,113,64,0,0,16,12,0,40,6,2.0,13.3,1.25,0
Michael Burton,9601,FB,KC,7,3,0,0,0.0,0,0,9,0,0,0,7,0.0,0,3,16,0,0,70.4,71.7,76.3,,78.8,71.0,72.2,53.2,5,0,11,1,5,18,0,0,1,4,0,9,7,2.33,3.0,2.2,0
Demetric Felton,40568,WR,CLV,8,3,0,0,0.0,0,0,16,0,5,0,10,111.1,1,0,8,0,2,84.8,90.1,79.5,,,90.5,67.7,70.5,12,0,125,12,43,21,0,0,13,15,0,16,10,3.33,5.3,2.91,1
Reggie Gilliam,40951,FB,BUF,7,3,1,0,0.0,0,0,3,0,0,1,4,33.3,0,0,4,0,0,68.2,72.1,79.8,,79.0,56.8,53.0,80.6,2,0,8,1,16,54,0,0,2,4,0,3,4,1.33,1.0,0.5,0
Ty Montgomery,9527,WR,NO,7,3,0,0,0.0,0,0,11,0,0,0,10,0.0,0,0,20,0,0,72.3,56.9,83.2,,76.1,55.6,61.2,58.9,5,0,54,6,90,52,0,0,7,9,0,11,10,3.33,3.7,0.6,3
Jarvis Landry,8698,WR,CLV,4,2,2,0,0.0,0,0,10,2,3,2,7,97.2,0,3,8,1,0,24.0,69.9,27.5,,,66.2,81.8,67.0,8,1,182,16,81,60,8,1,23,18,1,18,10,3.33,6.0,2.25,1
Tyler Huntley,46448,QB,BLT,2,3,0,0,0.0,0,0,10,0,0,0,3,0.0,1,1,3,0,1,73.6,60.8,73.9,56.6,,,66.2,60.0,12,0,0,0,0,5,0,0,0,3,0,10,3,1.0,3.3,,0
Godwin Igwebuike,49166,HB,DET,2,3,0,0,0.0,0,0,18,0,1,0,5,27.8,0,1,11,0,1,77.6,81.7,72.7,,85.0,86.1,75.9,60.0,9,0,40,3,7,4,0,0,3,6,0,18,5,1.67,6.0,5.71,2
Henry Ruggs III,61102,WR,LV,7,3,1,0,0.0,0,0,16,2,4,1,7,43.2,0,1,23,0,0,77.9,73.4,59.1,,,73.9,64.3,52.9,7,1,469,24,218,103,0,0,35,27,0,16,7,2.33,5.3,2.15,0
Trenton Cannon,66446,HB,SF,3,3,0,0,0.0,0,0,4,0,0,0,3,0.0,0,0,28,0,2,23.7,58.1,73.4,,,54.4,62.4,60.0,3,0,0,0,7,4,0,0,0,3,0,4,3,1.0,1.3,0.0,0
Brian Hoyer,5277,QB,NE,1,3,0,0,0.0,0,0,-3,0,0,0,0,0.0,0,0,19,0,0,70.5,69.5,73.2,68.7,,,60.5,60.0,-1,0,0,0,0,8,0,0,0,3,0,-3,0,0.0,-1.0,,0
Anthony Schwartz,84135,WR,CLV,8,3,0,1,141.7,17,0,12,0,0,0,6,0.0,1,1,8,0,0,78.0,57.2,35.8,,,59.6,50.6,59.5,17,1,102,7,96,76,0,0,15,10,0,12,6,2.0,4.0,1.06,0
Elijah Moore,84302,WR,NYJ,6,2,0,1,82.6,19,2,23,1,1,0,1,2.9,1,1,22,0,0,74.4,55.8,9.2,,65.7,60.1,59.5,30.4,19,3,146,15,149,68,0,0,32,17,1,23,1,0.5,11.5,0.98,0
D'Wayne Eskridge,29573,WR,SEA,1,2,1,0,0.0,0,0,22,0,0,1,10,166.7,1,1,29,0,0,66.7,65.0,71.3,,,57.3,68.5,53.5,13,0,6,1,3,8,0,0,1,3,0,22,10,5.0,11.0,2.0,0
Michael Pittman Jr.,29049,WR,IND,8,2,0,0,0.0,0,0,8,1,4,0,4,17.0,0,0,14,0,0,79.4,76.5,49.4,,66.3,78.5,63.0,46.7,5,2,594,45,295,173,0,0,62,47,0,8,4,2.0,4.0,2.01,0
Mike Glennon,7854,QB,NYG,1,1,0,0,0.0,0,0,0,0,0,0,0,0.0,0,0,21,1,1,26.1,53.3,0.0,61.0,,,43.3,60.0,2,1,0,0,0,10,2,1,0,1,0,2,0,0.0,1.0,,0
Alec Ingold,34934,FB,LV,7,2,0,0,0.0,0,0,1,1,1,0,0,0.0,0,1,23,0,0,71.6,67.0,0.4,,78.1,59.6,60.2,72.9,1,1,52,6,39,71,0,0,8,8,0,1,0,0.0,0.5,1.33,0
Kendrick Bourne,12270,WR,NE,8,2,1,1,57.1,16,0,28,2,7,1,24,342.9,2,2,19,1,0,27.5,71.3,84.9,71.0,,69.8,68.9,47.9,16,1,388,26,205,56,0,0,33,28,0,28,24,12.0,14.0,1.89,0
Kadarius Toney,61245,WR,NYG,7,1,0,0,0.0,0,1,7,3,9,0,0,0.0,0,0,21,0,1,77.7,74.9,14.3,69.6,,76.2,53.8,55.2,7,1,343,27,125,56,1,1,33,28,0,8,4,2.0,4.0,2.74,0
Eno Benjamin,57136,HB,ARZ,1,2,0,0,0.0,0,0,7,0,0,0,5,0.0,0,0,1,0,0,67.7,67.3,68.5,,,,64.1,60.0,8,0,0,0,0,4,0,0,0,2,0,7,5,2.5,3.5,,1
John Wolford,46454,QB,LA,2,2,0,0,0.0,0,0,-1,0,0,0,1,0.0,0,0,26,0,0,70.2,39.2,74.7,38.6,,,58.1,60.0,0,0,0,0,0,14,0,0,0,2,0,-1,1,0.5,-0.5,,1
Gerald Everett,11799,TE,SEA,6,2,0,0,0.0,0,0,7,0,5,0,5,78.1,1,1,29,0,0,73.9,57.8,58.4,,70.4,62.4,59.5,44.6,12,1,135,14,128,82,0,0,15,16,0,7,5,2.5,3.5,1.05,0
Kalif Raymond,11028,WR,DET,8,2,0,0,0.0,0,0,10,2,2,0,3,10.7,0,1,11,0,0,82.5,63.8,86.1,,66.4,64.0,58.7,51.9,9,0,334,26,270,123,0,0,39,28,0,10,3,1.5,5.0,1.24,0
Phillip Walker,12134,QB,CAR,2,1,0,0,0.0,0,0,-1,0,0,0,0,0.0,1,1,5,0,0,75.5,30.0,0.0,31.0,,,64.5,60.0,13,1,0,0,0,9,13,1,0,1,0,12,0,0.0,6.0,,0
Braxton Berrios,47961,WR,NYJ,7,2,0,0,0.0,0,0,15,1,0,0,4,0.0,0,0,22,0,0,84.5,59.9,82.3,,,62.3,59.5,30.4,9,0,169,18,118,36,0,0,22,20,0,15,4,2.0,7.5,1.43,0
Devin Duvernay,40006,WR,BLT,7,2,0,0,0.0,0,0,9,0,2,0,5,33.3,1,1,3,0,0,47.9,57.1,84.1,,,57.6,59.9,48.8,11,1,130,13,171,95,0,0,18,15,0,9,5,2.5,4.5,0.76,0
Deonte Harris,91470,WR,NO,6,2,0,1,95.7,22,0,23,0,1,0,9,26.5,1,1,20,0,0,82.4,90.4,81.3,,,89.1,70.0,59.8,22,0,271,15,88,37,0,0,23,17,0,23,9,4.5,11.5,3.08,0
Logan Woodside,46517,QB,TEN,2,2,0,0,0.0,0,0,-2,0,0,0,0,0.0,0,0,31,0,0,65.2,60.5,66.9,,,,60.0,,-1,0,0,0,0,2,0,0,0,2,0,-2,0,0.0,-1.0,,0
Marquise Goodwin,7859,WR,CHI,8,2,0,0,0.0,0,1,-1,0,0,0,3,0.0,0,0,6,1,1,22.1,60.9,45.0,,,63.7,53.0,48.8,1,1,123,11,120,85,0,0,19,13,0,-1,3,1.5,-0.5,1.03,0
Cedrick Wilson,48170,WR,DAL,7,2,0,0,0.0,0,0,11,0,1,0,0,0.0,0,1,9,0,0,27.6,72.3,86.5,78.0,67.2,71.3,63.1,44.0,6,0,252,17,165,86,0,0,22,19,0,11,0,0.0,5.5,1.53,0
Odell Beckham Jr.,8647,WR,CLV,6,2,1,0,0.0,0,0,14,2,1,1,8,42.1,1,1,8,0,0,74.4,66.4,55.3,,,66.1,61.5,65.1,10,1,232,17,173,108,0,0,34,19,0,14,8,4.0,7.0,1.34,0
John Kelly,34761,HB,CLV,1,2,0,0,0.0,0,0,13,0,0,0,8,0.0,1,1,8,0,0,65.2,64.3,66.8,,,,62.7,60.0,11,0,0,0,0,3,0,0,0,2,0,13,8,4.0,6.5,,2
Andy Janovich,10810,FB,CLV,5,2,0,0,,0,0,0,1,0,0,0,0.0,0,1,8,0,1,66.7,52.2,77.5,,28.6,53.8,61.5,56.0,1,0,0,0,8,22,0,0,1,2,1,0,0,0.0,0.0,0.0,0
Johnny Stanton,46441,FB,CLV,2,2,0,0,0.0,0,0,5,0,0,0,3,0.0,0,2,8,0,1,67.8,63.1,0.0,,43.2,66.3,66.2,67.0,3,1,7,2,4,6,0,0,2,4,0,5,3,1.5,2.5,1.75,0
Nathan Peterman,11926,QB,LV,1,1,0,0,0.0,0,0,1,0,0,0,0,0.0,0,1,23,0,0,64.5,57.7,69.2,,,,58.4,60.0,1,0,0,0,0,3,1,1,0,1,0,2,2,1.0,1.0,,0
Mekhi Sargent,83684,HB,TEN,2,2,0,0,0.0,0,0,4,0,0,0,1,0.0,0,1,31,0,1,65.2,66.1,66.4,,,,64.3,,2,0,0,0,0,2,0,0,0,2,0,4,1,0.5,2.0,,1
Jamal Agnew,11920,WR,JAX,7,2,0,0,0.0,0,0,19,0,2,0,3,15.0,1,1,15,0,1,53.3,71.3,82.0,,,69.9,68.2,55.2,11,0,184,18,120,40,0,0,22,20,0,19,3,1.5,9.5,1.53,0
Jermar Jefferson,83740,HB,DET,1,2,0,0,0.0,0,0,6,0,0,0,4,0.0,0,1,11,0,0,69.4,72.0,73.9,,,83.2,64.6,60.0,8,0,23,4,7,3,0,0,4,6,1,6,4,2.0,3.0,3.29,2
Tommy Tremble,84025,TE,CAR,8,2,0,0,0.0,0,0,7,1,1,0,3,15.0,0,1,5,0,0,72.8,58.6,61.9,,63.3,57.9,59.1,60.3,7,1,72,8,109,94,0,0,13,10,1,7,3,1.5,3.5,0.66,0
Ja'Marr Chase,84270,WR,CIN,8,2,1,0,0.0,0,0,7,5,11,1,3,45.0,0,1,7,1,1,29.8,81.3,86.6,,,80.9,59.3,63.6,9,1,786,38,263,146,0,0,57,40,0,7,3,1.5,3.5,2.99,0
Brandon Aiyuk,84109,WR,SF,7,2,0,0,0.0,0,0,11,1,4,0,5,66.7,0,0,28,0,0,80.7,59.3,85.9,,,59.1,53.6,62.1,8,0,141,13,180,116,0,0,22,15,0,11,5,2.5,5.5,0.78,0
Cameron Batson,47669,WR,TEN,3,2,0,0,0.0,0,0,15,0,0,0,2,0.0,1,1,31,0,0,73.6,65.2,78.7,,,62.4,62.7,69.8,11,0,15,2,27,32,0,0,5,4,0,15,2,1.0,7.5,0.56,2
Jacques Patrick,45704,HB,SF,1,2,0,0,0.0,0,0,12,0,0,0,3,0.0,0,1,28,0,2,65.2,57.1,71.7,,,56.1,58.9,,8,0,0,0,4,2,0,0,0,2,0,12,3,1.5,6.0,0.0,0
Nelson Agholor,9453,WR,NE,8,2,1,0,0.0,0,0,5,1,2,1,2,12.5,0,0,19,0,0,75.4,69.1,86.6,,,68.1,59.2,68.6,4,0,335,22,256,125,0,0,38,24,0,5,2,1.0,2.5,1.31,0
Marcus Mariota,9435,QB,LV,2,2,0,1,88.6,31,0,35,0,0,0,9,0.0,1,1,23,0,0,65.2,70.9,66.9,,,,67.6,,31,0,0,0,0,2,0,0,0,2,0,35,9,4.5,17.5,,2
Darrynton Evans,40692,HB,TEN,1,2,0,0,0.0,0,0,7,0,0,0,6,0.0,0,0,31,0,1,69.4,60.8,69.4,,73.0,74.4,55.0,,5,0,11,2,3,2,0,0,2,4,0,7,6,3.0,3.5,3.67,1
Trevor Siemian,9683,QB,NO,1,1,0,0,0.0,0,0,-1,0,0,0,0,0.0,0,0,20,1,0,78.2,38.9,78.5,39.4,,,57.9,60.2,3,0,0,0,0,22,3,1,0,1,0,2,14,7.0,1.0,,0
Raheem Mostert,9783,HB,SF,1,2,0,0,0.0,0,0,20,0,0,0,15,0.0,1,1,28,0,0,65.2,58.0,66.3,,,59.4,58.9,60.0,11,0,0,0,1,3,0,0,0,2,0,20,15,7.5,10.0,0.0,2
Randall Cobb,6216,WR,GB,8,1,0,0,0.0,0,0,1,0,0,0,1,0.0,0,0,12,0,0,74.0,72.1,47.0,,,72.0,60.0,72.2,1,1,194,17,152,62,0,0,23,18,0,1,1,1.0,1.0,1.28,0
Evan Engram,11778,TE,NYG,6,1,0,0,0.0,0,0,-3,1,2,0,2,16.7,0,0,21,1,0,25.6,53.8,87.5,,76.7,56.1,56.9,43.1,-3,0,186,23,183,71,0,0,30,24,0,-3,2,2.0,-3.0,1.02,0
Curtis Samuel,11795,WR,WAS,2,1,0,0,0.0,0,0,8,0,1,0,2,40.0,0,0,32,0,0,68.3,71.4,76.6,,,69.9,63.1,58.8,8,0,19,4,15,12,0,0,5,5,0,8,2,2.0,8.0,1.27,0
Cooper Rush,12324,QB,DAL,2,0,0,0,0.0,0,0,0,0,0,0,,100.0,0,0,9,1,0,30.9,52.8,79.6,53.2,,58.9,58.3,60.0,2,0,0,0,1,26,2,1,0,0,0,2,0,0.0,2.0,0.0,0
Cole Kmet,60995,TE,CHI,8,1,0,0,,0,0,0,2,3,0,1,13.0,0,0,6,0,0,75.3,56.1,72.1,,20.9,60.7,,54.3,0,2,197,22,198,178,0,0,34,23,0,0,1,1.0,0.0,0.99,0
Ryan Fitzpatrick,2467,QB,WAS,1,0,0,0,0.0,0,0,0,0,0,0,,100.0,0,0,32,1,0,70.3,38.9,73.9,42.5,,,55.7,60.0,2,0,0,0,0,7,2,1,0,0,0,2,1,1.0,2.0,,0
Jerry Jeudy,61103,WR,DEN,2,1,0,0,,0,0,0,0,1,0,1,9.1,0,0,10,0,0,71.7,80.0,77.7,,,80.8,56.6,59.1,0,0,111,10,47,21,0,0,11,11,0,0,1,1.0,0.0,2.36,0
Amari Rodgers,61212,WR,GB,7,1,1,0,0.0,0,0,11,1,1,1,6,300.0,1,1,12,0,0,26.4,66.1,78.7,,65.9,64.8,63.1,56.8,11,0,40,3,22,31,0,0,5,4,0,11,6,6.0,11.0,1.82,0
Jaelon Darden,61522,WR,TB,3,1,0,0,0.0,0,0,11,0,0,0,1,0.0,1,1,30,0,0,77.3,58.8,75.6,,,56.4,63.1,59.6,11,0,11,4,17,8,0,0,5,5,0,11,1,1.0,11.0,0.65,0
Marquise Brown,61568,WR,BLT,7,1,0,0,0.0,0,0,5,2,6,0,3,47.4,0,1,3,1,0,29.6,79.9,36.4,,,80.1,62.0,61.8,5,2,566,37,247,106,0,0,57,38,0,5,3,3.0,5.0,2.29,0
Shi Smith,61643,WR,CAR,3,1,0,0,0.0,0,0,-3,0,0,0,0,0.0,0,0,5,0,0,69.1,58.6,77.4,,,57.6,56.9,74.5,-3,0,18,3,34,18,0,0,5,4,0,-3,0,0.0,-3.0,0.53,0
C.J. Board,12088,WR,NYG,6,1,0,0,0.0,0,0,6,0,1,0,4,80.0,0,0,21,0,0,80.4,61.4,79.2,,,60.0,59.2,76.3,6,2,51,4,48,26,0,0,6,5,0,6,4,4.0,6.0,1.06,0
Jamie Gillan,63303,P,CLV,1,1,0,0,0.0,0,0,-8,0,0,0,0,0.0,0,0,8,1,0,16.4,60.0,65.7,,,,60.0,,-8,0,0,0,0,1,0,0,0,1,0,-8,0,0.0,-8.0,,0
Antonio Brown,5718,WR,TB,5,1,1,0,0.0,0,0,6,1,4,1,2,33.3,0,0,30,0,0,76.7,87.4,39.8,,,86.3,63.4,56.6,6,1,418,29,148,37,0,0,42,30,0,6,2,2.0,6.0,2.82,0
Cooper Kupp,11824,WR,LA,8,1,0,0,0.0,0,0,-5,5,11,0,0,0.0,0,0,26,0,0,83.3,90.2,87.5,,70.0,90.5,56.2,60.0,-5,0,924,63,276,171,0,0,87,64,0,-5,0,0.0,-5.0,3.35,0
Emmanuel Sanders,5606,WR,BUF,7,1,0,0,0.0,0,2,7,1,0,0,3,0.0,0,1,4,0,0,75.8,66.7,0.0,,,70.5,62.1,41.7,7,6,413,24,267,130,0,0,41,25,0,7,3,3.0,7.0,1.55,0
Ashton Dulin,91479,WR,IND,8,1,2,0,0.0,0,1,-7,1,1,2,0,0.0,0,0,14,0,0,75.7,51.4,82.8,,,51.2,59.2,55.3,-7,1,47,7,73,75,0,0,14,8,0,-7,0,0.0,-7.0,0.64,0
Dyami Brown,77986,WR,WAS,6,1,0,0,0.0,0,0,-4,1,0,0,1,0.0,0,0,32,0,0,71.3,52.3,84.8,,,54.1,56.2,41.2,-4,0,81,8,140,83,0,0,19,9,0,-4,1,1.0,-4.0,0.58,0
Chad Henne,4371,QB,KC,1,0,0,0,0.0,0,0,0,0,0,0,,100.0,0,0,16,0,0,74.5,41.2,74.3,43.1,,,58.3,,4,0,0,0,0,0,4,1,0,0,0,4,0,0.0,4.0,,0
Chris Godwin,11839,WR,TB,8,1,0,0,0.0,0,0,2,3,10,0,0,0.0,0,1,30,1,0,38.4,79.6,87.4,,69.6,79.3,60.1,61.4,2,0,660,50,342,148,0,0,65,51,1,2,0,0.0,2.0,1.93,0
Jaylen Waddle,84088,WR,MIA,8,1,1,0,0.0,0,0,2,4,9,1,1,20.4,0,0,17,1,0,43.7,71.7,43.0,,,71.8,,62.9,2,2,413,48,309,109,0,0,66,49,0,2,1,1.0,2.0,1.34,0
Blake Bell,9550,TE,KC,7,1,0,0,0.0,0,0,2,1,0,0,1,0.0,0,1,16,0,0,68.3,66.0,77.0,,73.1,49.1,62.6,69.8,2,0,33,4,39,68,0,0,5,5,0,2,1,1.0,2.0,0.85,0
Ryan Nall,45753,HB,CHI,4,1,0,0,0.0,0,0,4,0,0,0,6,0.0,0,0,6,0,0,64.6,71.6,76.8,,76.9,56.1,62.2,69.8,4,0,4,1,9,5,0,0,1,2,0,4,6,6.0,4.0,0.44,1
Feleipe Franks,40217,QB,ATL,3,1,0,0,0.0,0,0,3,0,0,0,3,0.0,0,0,2,0,1,61.9,53.9,71.4,,,54.9,59.3,60.0,3,0,0,0,4,4,0,0,0,1,0,3,3,3.0,3.0,0.0,0
Gabe Nabers,40117,FB,LAC,6,1,0,0,0.0,0,0,2,0,0,0,3,0.0,0,1,27,0,0,68.3,68.5,77.8,,63.8,78.0,62.4,46.9,2,0,17,3,11,17,0,0,3,4,0,2,3,3.0,2.0,1.55,0
George Kittle,11901,TE,SF,4,1,0,0,0.0,0,0,9,1,8,0,4,160.0,0,0,28,1,1,24.4,78.4,63.1,,78.0,72.8,63.1,75.3,9,1,227,19,120,107,0,0,28,20,0,9,4,4.0,9.0,1.89,0
Brandin Cooks,8655,WR,HST,8,1,0,0,0.0,0,1,5,2,2,0,3,11.5,0,0,13,0,0,79.5,74.2,86.9,,,74.2,59.2,53.2,5,1,585,51,265,146,0,0,69,52,0,5,3,3.0,5.0,2.21,0
Jake Funk,45835,HB,LA,2,1,0,0,0.0,0,0,6,0,0,0,4,0.0,0,0,26,0,0,71.2,63.6,76.6,,78.7,52.2,62.9,60.0,6,0,0,0,13,2,0,0,0,1,0,6,4,4.0,6.0,0.0,1
Sterling Shepard,10674,WR,NYG,5,1,1,0,0.0,0,0,-9,4,3,1,-3,-36.4,0,0,21,0,0,77.2,68.3,82.7,,62.4,68.5,56.6,55.1,-9,0,324,32,161,66,0,0,43,33,0,-9,-3,-3.0,-9.0,2.01,0
Devine Ozigbo,45903,HB,NO,2,1,1,0,0.0,0,0,-3,0,0,1,1,50.0,0,0,20,0,0,66.7,60.9,69.6,,69.4,69.3,57.3,,-3,0,7,1,8,2,0,0,1,2,0,-3,1,1.0,-3.0,0.88,1
Eric Ebron,8645,TE,PIT,6,1,0,0,0.0,0,0,1,2,0,0,1,0.0,0,1,25,0,0,70.3,44.7,81.4,,75.8,44.2,62.0,42.9,1,0,47,7,131,45,0,0,12,8,1,1,1,1.0,1.0,0.36,0
Adam Thielen,8288,WR,MIN,7,1,0,0,0.0,0,0,2,2,3,0,3,20.5,0,0,18,1,0,33.3,73.1,87.1,,,72.6,,63.0,2,0,471,43,289,182,0,0,53,44,0,2,3,3.0,2.0,1.63,0
Preston Williams,38855,WR,MIA,3,1,1,0,0.0,0,0,7,1,1,1,5,166.7,0,0,17,0,0,68.0,61.5,80.9,,,59.3,,81.1,7,0,67,5,65,23,0,0,12,6,0,7,5,5.0,7.0,1.03,0
David Blough,46508,QB,DET,1,0,0,0,0.0,0,0,0,0,0,0,,100.0,0,0,11,1,0,13.6,26.2,69.2,60.0,,,58.3,60.0,6,0,0,0,0,2,6,1,0,0,0,6,4,4.0,6.0,,0
Kenny Stills,7926,WR,NO,5,1,0,0,0.0,0,0,1,1,0,0,1,0.0,0,0,20,0,0,68.3,57.7,81.1,,,58.7,59.2,50.3,1,0,34,3,68,47,0,0,11,4,0,1,1,1.0,1.0,0.5,0
Jordan Akins,47050,TE,HST,8,1,0,0,0.0,0,0,3,1,2,0,2,20.0,0,1,13,1,0,24.4,58.4,63.8,,24.6,65.0,61.4,47.1,3,4,177,19,156,76,0,0,24,20,0,3,2,2.0,3.0,1.13,0
Mike Gesicki,47153,TE,MIA,8,1,0,0,,0,1,0,0,3,0,0,0.0,0,0,17,1,0,78.3,72.5,63.7,,31.5,74.2,60.0,41.8,0,2,475,40,270,82,0,0,53,41,0,0,0,0.0,0.0,1.76,0
Christian Kirk,47546,WR,ARZ,8,1,0,0,0.0,0,0,11,2,1,0,3,8.6,1,1,1,0,0,77.5,78.4,60.8,,,79.1,63.1,55.2,11,0,454,34,211,140,0,0,42,35,0,11,3,3.0,11.0,2.15,0
Ray-Ray McCloud III,47895,WR,PIT,7,1,0,0,0.0,0,0,10,1,1,0,0,0.0,1,1,25,1,0,25.4,50.8,81.3,,65.3,49.6,63.4,51.4,10,0,54,7,94,49,0,0,9,8,0,10,0,0.0,10.0,0.57,0
Cam Sims,47908,WR,WAS,5,1,0,0,0.0,0,0,7,1,0,0,1,0.0,0,0,32,0,0,67.4,64.3,78.0,,,61.6,63.4,54.2,7,0,52,3,30,19,0,0,6,4,0,7,1,1.0,7.0,1.73,0
Equanimeous St. Brown,47967,WR,GB,6,1,0,0,0.0,0,0,13,0,1,0,7,175.0,1,1,12,0,0,68.3,52.0,83.2,,65.5,50.4,63.1,54.8,13,2,12,3,55,62,0,0,5,4,0,13,7,7.0,13.0,0.22,0
Jeff Smith,48055,WR,NYJ,4,1,0,0,0.0,0,0,-1,0,0,0,1,0.0,0,0,22,0,0,67.4,64.8,77.9,,,69.6,56.2,37.7,-1,0,58,3,36,18,0,0,5,4,0,-1,1,1.0,-1.0,1.61,0
Terry McLaurin,48229,WR,WAS,8,1,1,0,0.0,0,0,12,2,6,1,5,79.5,1,1,32,0,0,78.7,75.9,69.0,,,75.3,63.1,64.6,12,2,573,43,309,165,0,0,74,44,0,12,5,5.0,12.0,1.85,0
Darnell Mooney,48236,WR,CHI,8,1,2,0,0.0,0,0,10,2,3,2,3,44.1,1,1,6,0,1,77.7,73.6,87.0,,,73.5,62.7,58.1,10,0,409,33,246,167,0,0,52,34,0,10,3,3.0,10.0,1.66,0
Dwayne Washington,10870,HB,NO,2,1,1,0,0.0,0,0,5,0,0,1,4,200.0,0,0,20,0,1,64.6,69.5,69.4,,75.7,59.7,63.3,,5,0,6,1,4,1,0,0,1,2,0,5,4,4.0,5.0,1.5,0
Diontae Johnson,33441,WR,PIT,6,1,1,1,100.0,25,0,25,1,6,1,9,153.7,1,1,25,0,0,78.5,74.9,0.0,,,75.2,69.2,66.7,25,4,474,40,207,125,0,0,63,41,0,25,9,9.0,25.0,2.29,0
A.J. Brown,48327,WR,TEN,7,1,0,0,0.0,0,0,3,4,3,0,1,8.3,0,0,31,0,0,77.8,82.6,32.4,60.0,,82.6,59.2,76.2,3,2,509,35,194,122,0,0,52,36,0,3,1,1.0,3.0,2.62,0
Patrick Ricard,48862,FB,BLT,7,1,0,0,0.0,0,0,2,0,0,0,1,0.0,0,1,3,0,0,67.4,70.7,59.9,,59.2,47.4,61.4,85.9,2,1,19,3,67,158,0,0,4,4,0,2,1,1.0,2.0,0.28,0
Gary Brightwell,57133,HB,NYG,2,1,0,0,0.0,0,0,4,0,0,0,2,0.0,0,0,21,0,1,64.6,55.0,69.1,,,58.2,56.9,60.0,4,0,6,1,8,2,0,0,1,2,0,4,2,2.0,4.0,0.75,0
Chester Rogers,10918,WR,TEN,7,1,0,0,0.0,0,0,9,2,0,0,6,0.0,0,0,31,0,0,84.2,55.3,84.8,,,55.3,63.1,46.0,9,1,186,14,169,68,0,0,21,15,0,9,6,6.0,9.0,1.1,0
Marcus Johnson,11074,WR,TEN,4,1,0,0,0.0,0,0,5,1,1,0,4,80.0,0,1,31,0,0,71.0,55.0,29.1,,,56.8,62.1,46.6,5,1,60,4,68,71,0,0,11,5,0,5,4,4.0,5.0,0.88,0
Zach Ertz,7816,TE,ARZ,8,1,0,0,0.0,0,0,4,1,1,0,2,7.7,0,0,1,0,0,76.2,66.4,66.8,,67.3,70.1,56.2,49.7,4,1,297,25,189,98,0,0,37,26,0,4,2,2.0,4.0,1.57,0
Anthony McFarland Jr.,57289,HB,PIT,1,1,0,0,0.0,0,0,1,0,0,0,2,0.0,0,0,25,0,1,65.2,51.7,69.0,,,57.1,53.9,60.0,1,0,0,0,2,4,0,0,0,1,0,1,2,2.0,1.0,0.0,0
Robby Anderson,11254,WR,CAR,8,1,0,0,0.0,0,0,3,5,3,0,3,47.4,0,0,5,0,0,75.1,51.9,86.4,,,51.2,56.6,62.2,3,0,204,18,296,145,0,0,48,19,0,3,3,3.0,3.0,0.69,0
C.J. Moore,26617,S,DET,1,1,0,1,100.0,28,0,28,0,0,0,6,0.0,1,1,11,0,0,61.9,65.9,66.4,,63.8,,61.9,,28,0,0,0,0,1,0,0,0,1,0,28,6,6.0,28.0,,1
Johnny Hekker,7252,P,LA,2,1,0,0,,0,0,0,0,0,0,0,0.0,0,0,26,1,0,60.4,73.9,67.4,68.2,,,60.0,,0,0,0,0,0,1,0,0,0,1,0,0,0,0.0,0.0,,0
La'Mical Perine,26408,HB,NYJ,2,1,0,0,0.0,0,0,3,0,0,0,1,0.0,0,0,22,0,0,61.9,52.4,69.1,,65.8,57.2,56.3,59.8,3,0,0,0,3,3,0,0,0,1,0,3,1,1.0,3.0,0.0,1
K.J. Osborn,23503,WR,MIN,7,1,0,0,0.0,0,2,10,0,1,0,3,10.3,1,1,18,0,0,77.8,65.1,0.0,,,67.4,63.1,49.4,10,4,321,28,218,79,0,0,33,29,0,10,3,3.0,10.0,1.47,0
