player,player_id,position,team_name,player_game_count,base_dropbacks,blitz_accuracy_percent,blitz_aimed_passes,blitz_attempts,blitz_avg_depth_of_target,blitz_avg_time_to_throw,blitz_bats,blitz_big_time_throws,blitz_btt_rate,blitz_completion_percent,blitz_completions,blitz_def_gen_pressures,blitz_drop_rate,blitz_dropbacks,blitz_dropbacks_percent,blitz_drops,blitz_first_downs,blitz_grades_coverage_defense,blitz_grades_defense,blitz_grades_defense_penalty,blitz_grades_hands_drop,blitz_grades_hands_fumble,blitz_grades_offense,blitz_grades_offense_penalty,blitz_grades_overall_tackle,blitz_grades_pass,blitz_grades_pass_route,blitz_grades_pass_rush_defense,blitz_grades_run,blitz_grades_tackle,blitz_hit_as_threw,blitz_interceptions,blitz_passing_snaps,blitz_pressure_to_sack_rate,blitz_qb_rating,blitz_sack_percent,blitz_sacks,blitz_scrambles,blitz_spikes,blitz_thrown_aways,blitz_touchdowns,blitz_turnover_worthy_plays,blitz_twp_rate,blitz_yards,blitz_ypa,declined_penalties,franchise_id,grades_hands_fumble,grades_offense,grades_pass,grades_run,no_blitz_accuracy_percent,no_blitz_aimed_passes,no_blitz_attempts,no_blitz_avg_depth_of_target,no_blitz_avg_time_to_throw,no_blitz_bats,no_blitz_big_time_throws,no_blitz_btt_rate,no_blitz_completion_percent,no_blitz_completions,no_blitz_def_gen_pressures,no_blitz_drop_rate,no_blitz_dropbacks,no_blitz_dropbacks_percent,no_blitz_drops,no_blitz_first_downs,no_blitz_grades_coverage_defense,no_blitz_grades_defense,no_blitz_grades_defense_penalty,no_blitz_grades_hands_drop,no_blitz_grades_hands_fumble,no_blitz_grades_offense,no_blitz_grades_offense_penalty,no_blitz_grades_overall_tackle,no_blitz_grades_pass,no_blitz_grades_pass_route,no_blitz_grades_pass_rush_defense,no_blitz_grades_run,no_blitz_grades_tackle,no_blitz_hit_as_threw,no_blitz_interceptions,no_blitz_passing_snaps,no_blitz_pressure_to_sack_rate,no_blitz_qb_rating,no_blitz_sack_percent,no_blitz_sacks,no_blitz_scrambles,no_blitz_spikes,no_blitz_thrown_aways,no_blitz_touchdowns,no_blitz_turnover_worthy_plays,no_blitz_twp_rate,no_blitz_yards,no_blitz_ypa,no_pressure_accuracy_percent,no_pressure_aimed_passes,no_pressure_attempts,no_pressure_avg_depth_of_target,no_pressure_avg_time_to_throw,no_pressure_bats,no_pressure_big_time_throws,no_pressure_btt_rate,no_pressure_completion_percent,no_pressure_completions,no_pressure_def_gen_pressures,no_pressure_drop_rate,no_pressure_dropbacks,no_pressure_dropbacks_percent,no_pressure_drops,no_pressure_first_downs,no_pressure_grades_coverage_defense,no_pressure_grades_defense,no_pressure_grades_defense_penalty,no_pressure_grades_hands_drop,no_pressure_grades_hands_fumble,no_pressure_grades_offense,no_pressure_grades_offense_penalty,no_pressure_grades_overall_tackle,no_pressure_grades_pass,no_pressure_grades_pass_route,no_pressure_grades_pass_rush_defense,no_pressure_grades_run,no_pressure_grades_tackle,no_pressure_hit_as_threw,no_pressure_interceptions,no_pressure_passing_snaps,no_pressure_pressure_to_sack_rate,no_pressure_qb_rating,no_pressure_sack_percent,no_pressure_sacks,no_pressure_scrambles,no_pressure_spikes,no_pressure_thrown_aways,no_pressure_touchdowns,no_pressure_turnover_worthy_plays,no_pressure_twp_rate,no_pressure_yards,no_pressure_ypa,penalties,pressure_accuracy_percent,pressure_aimed_passes,pressure_attempts,pressure_avg_depth_of_target,pressure_avg_time_to_throw,pressure_bats,pressure_big_time_throws,pressure_btt_rate,pressure_completion_percent,pressure_completions,pressure_def_gen_pressures,pressure_drop_rate,pressure_dropbacks,pressure_dropbacks_percent,pressure_drops,pressure_first_downs,pressure_grades_coverage_defense,pressure_grades_defense,pressure_grades_defense_penalty,pressure_grades_hands_drop,pressure_grades_hands_fumble,pressure_grades_offense,pressure_grades_offense_penalty,pressure_grades_overall_tackle,pressure_grades_pass,pressure_grades_pass_route,pressure_grades_pass_rush_defense,pressure_grades_run,pressure_grades_tackle,pressure_hit_as_threw,pressure_interceptions,pressure_passing_snaps,pressure_pressure_to_sack_rate,pressure_qb_rating,pressure_sack_percent,pressure_sacks,pressure_scrambles,pressure_spikes,pressure_thrown_aways,pressure_touchdowns,pressure_turnover_worthy_plays,pressure_twp_rate,pressure_yards,pressure_ypa
Andrew Luck,7007,QB,IND,6,306,71.9,57,62,7.9,2.26,2,3,4.7,58.1,36,22,12.2,66,21.6,5,23,,,,,82.2,90.6,79.1,,86.8,,,69.8,,2,2,68,13.6,77.9,4.5,3,1,0,1,2,0,0.0,448,7.2,0,14,68.6,80.4,77.2,77.2,75.0,216,226,7.8,2.52,3,11,4.6,66.4,150,73,7.4,240,78.4,12,73,,,,,61.3,72.4,84.1,,70.6,,,67.6,,3,6,256,9.6,91.8,2.9,7,6,0,4,14,15,5.9,1344,5.9,78.0,200,206,7.4,2.22,4,10,4.6,68.4,141,0,9.6,211,69.0,15,67,,,,,90.1,87.6,83.6,,84.8,,,69.4,,0,4,222,,97.3,0.0,0,4,0,2,12,6,2.7,1329,6.5,3,64.4,73,82,9.0,3.02,1,4,4.6,54.9,45,95,4.3,95,31.0,2,29,,,,,28.8,58.1,80.6,,56.0,,,72.4,,5,4,102,10.5,67.3,10.5,10,3,0,3,4,9,8.8,463,5.6
Kirk Cousins,7102,QB,MIN,6,291,82.8,58,64,7.7,2.38,4,4,6.1,70.3,45,32,6.3,68,23.4,3,28,,,,,82.6,70.2,79.3,,69.8,,,58.3,,0,2,71,9.4,96.0,4.4,3,1,0,2,2,2,2.8,582,9.1,0,18,44.7,80.5,81.7,49.1,81.7,180,196,6.7,2.65,7,11,5.5,71.4,140,87,4.8,223,76.6,7,73,,,,,40.8,82.7,83.7,,82.6,,,52.3,,2,1,227,17.2,105.0,6.7,15,10,1,6,10,5,2.2,1339,6.8,84.2,152,165,6.8,2.27,9,10,6.0,73.9,122,0,4.7,172,59.1,6,65,,,,,89.0,91.4,82.7,,90.6,,,64.3,,0,1,175,,108.6,0.0,0,5,1,3,8,2,1.1,1238,7.5,1,77.9,86,95,7.1,3.04,2,5,5.1,66.3,63,119,6.0,119,40.9,4,36,,,,,26.1,58.2,81.3,,60.7,,,44.0,,2,2,123,15.1,92.6,15.1,18,6,0,5,4,5,4.1,683,7.2
Aaron Rodgers,2241,QB,GB,6,288,66.7,39,47,10.3,2.58,0,3,5.5,53.2,25,30,3.8,57,19.8,1,22,,,,,40.5,79.6,78.9,,77.7,,,64.5,,1,0,65,23.3,111.7,12.3,7,3,0,7,5,1,1.5,337,7.2,0,12,29.5,89.9,88.2,69.1,79.0,181,207,8.6,2.87,0,12,5.6,63.3,131,60,8.4,231,80.2,12,75,,,,,43.6,90.4,45.1,,87.3,,,81.3,,1,1,240,20.0,97.5,5.2,12,11,2,23,7,5,2.1,1660,8.0,81.2,181,190,8.2,2.41,0,10,5.1,71.6,136,0,7.5,198,68.8,11,76,,,,,90.0,93.7,83.3,,92.8,,,62.4,,0,1,206,,114.5,0.0,0,7,2,7,10,2,1.0,1705,9.0,7,56.4,39,64,12.1,3.68,0,5,7.0,31.3,20,90,9.1,90,31.3,2,21,,,,,21.1,62.3,0.3,,56.4,,,87.4,,2,0,99,21.1,57.6,21.1,19,7,0,23,2,4,4.0,292,4.6
Joe Flacco,4332,QB,BLT,6,279,66.1,59,66,11.6,2.41,4,4,5.6,51.5,34,18,12.8,70,25.1,5,24,,,,,45.9,66.4,79.5,,64.4,,,65.6,,0,1,76,11.1,73.6,2.9,2,1,0,3,2,2,2.6,393,6.0,0,3,67.2,74.4,72.9,67.0,78.8,179,198,8.5,2.64,7,6,2.9,65.7,130,50,7.8,209,74.9,11,67,,,,,73.5,75.8,83.6,,74.5,56.7,,61.2,,2,3,218,18.0,91.6,4.3,9,2,3,7,7,5,2.3,1395,7.0,76.9,195,209,8.6,2.31,8,9,4.1,65.1,136,0,9.3,211,75.6,14,74,,,,,90.1,82.9,83.6,,81.2,59.3,,58.3,,0,2,219,,94.5,0.0,0,1,3,3,8,3,1.4,1475,7.1,1,69.8,43,55,12.7,3.44,3,1,1.6,50.9,28,68,6.7,68,24.4,2,17,,,,,26.2,49.0,79.5,,47.2,58.9,,73.1,,2,2,75,16.2,59.1,16.2,11,2,0,7,1,4,5.3,313,5.7
Ben Roethlisberger,1732,QB,PIT,6,276,71.6,74,74,8.6,2.13,0,3,3.8,70.3,52,16,1.9,77,27.9,1,37,,,,,48.0,67.5,79.8,,66.7,,,,,0,2,82,18.8,118.9,3.9,3,0,0,0,6,3,3.7,754,10.2,0,25,53.6,64.9,62.5,73.7,70.9,175,187,8.4,2.68,4,12,5.9,63.1,118,55,4.8,199,72.1,6,65,,,,,56.0,61.6,83.5,,59.7,,,75.2,,3,4,216,10.9,84.9,3.0,6,5,0,5,6,10,4.6,1279,6.8,71.0,200,204,7.9,2.19,2,10,4.5,68.1,139,0,2.1,205,74.3,3,80,,,,,90.1,71.8,83.6,,70.2,,,63.9,,0,3,221,,102.4,0.0,0,1,0,2,10,5,2.3,1630,8.0,0,71.4,49,57,10.8,3.5,2,5,8.1,54.4,31,71,11.4,71,25.7,4,22,,,,,22.1,44.7,79.6,,42.7,,,71.8,,3,3,77,12.7,66.6,12.7,9,4,0,3,2,8,10.4,403,7.1
Blake Bortles,8638,QB,JAX,6,268,73.5,68,79,9.3,2.58,4,6,7.3,57.0,45,40,10.0,88,32.8,5,35,,,,,51.6,81.8,80.2,,80.3,,,60.6,,2,1,91,12.5,89.3,5.7,5,3,0,5,3,2,2.2,614,7.8,0,15,69.4,70.3,70.3,58.6,75.2,149,158,7.5,2.8,3,6,3.7,63.3,100,51,10.7,180,67.2,12,56,,,,,75.9,61.5,82.8,,61.1,,,60.5,,1,7,183,17.6,77.0,5.0,9,12,0,5,6,5,2.7,1060,6.7,75.8,157,166,8.0,2.49,5,9,5.3,65.7,109,0,8.4,177,66.0,10,72,,,,,89.3,77.5,82.8,,75.1,,,70.2,,0,6,182,,87.2,0.0,0,9,0,4,7,4,2.2,1253,7.5,1,71.7,60,71,8.2,3.19,2,3,4.2,50.7,36,91,16.3,91,34.0,7,19,,,,,30.0,55.1,80.2,,57.4,,,48.6,,3,2,92,15.4,66.7,15.4,14,6,0,6,2,3,3.3,421,5.9
Deshaun Watson,11767,QB,HST,6,267,75.0,48,53,10.8,2.7,1,1,1.7,64.2,34,38,5.6,63,23.6,2,27,,,,,42.6,82.6,79.2,,79.3,,,71.4,,0,2,69,15.8,79.1,9.5,6,3,1,3,0,1,1.4,500,9.4,0,13,25.0,77.2,74.5,72.5,73.3,150,164,10.2,3.26,2,7,3.9,64.6,106,88,3.6,204,76.4,4,72,,,,,28.4,75.3,83.6,,69.4,58.4,,86.4,,3,5,219,20.5,94.5,8.8,18,22,4,5,9,10,4.6,1298,7.9,77.2,123,131,8.5,2.51,2,3,2.2,70.2,92,0,3.2,141,52.8,3,59,,,,,87.7,87.9,82.0,,84.2,58.4,,76.4,,0,3,148,,102.3,0.0,0,10,5,1,7,2,1.4,1050,8.0,1,68.0,75,86,13.4,3.82,1,5,5.1,55.8,48,126,5.9,126,47.2,3,40,,,,,21.6,65.3,81.8,,58.8,,,85.6,,3,4,140,19.0,73.2,19.0,24,15,0,7,2,9,6.4,748,8.7
Derek Carr,8671,QB,OAK,6,255,76.9,52,53,6.4,2.18,0,2,3.5,71.7,38,18,5.0,60,23.5,2,21,,,,,81.8,74.0,78.9,,71.8,,,63.9,,0,2,64,33.3,84.3,10.0,6,1,0,1,0,1,1.6,486,9.2,0,23,64.3,71.2,70.3,65.8,83.7,166,180,6.2,2.49,2,7,3.7,71.7,129,59,7.2,195,76.5,10,64,,,,,54.9,69.4,83.4,,67.7,,,69.2,,3,6,210,18.6,90.9,5.6,11,4,3,6,7,8,3.8,1297,7.2,85.9,170,176,5.2,2.19,1,7,3.7,78.4,138,0,5.5,178,69.8,8,67,,,,,89.7,83.7,83.0,,81.3,,,66.5,,0,2,191,,107.2,0.0,0,2,3,2,7,3,1.6,1352,7.7,2,68.8,48,57,10.1,2.95,1,2,3.4,50.9,29,77,12.1,77,30.2,4,18,,,,,27.0,45.7,79.8,,44.4,,,69.2,,3,6,83,22.1,36.4,22.1,17,3,0,5,0,6,7.2,431,7.6
Eli Manning,1722,QB,NYG,6,253,81.0,42,45,5.8,2.27,0,1,2.1,68.9,31,23,8.8,55,21.7,3,18,,,,,35.6,59.4,78.5,,59.4,57.7,,,,1,0,57,43.5,97.0,18.2,10,0,0,2,1,1,1.8,325,7.2,0,21,34.8,65.6,64.8,57.7,74.3,175,185,8.1,2.56,2,8,4.1,68.6,127,66,2.3,198,78.3,3,60,,,,,37.8,65.8,83.4,,66.0,,,49.9,,3,4,209,15.2,89.4,5.1,10,3,0,5,5,11,5.3,1337,7.2,82.8,157,163,7.1,2.32,2,7,4.1,77.9,127,0,2.3,164,64.8,3,62,,,,,88.9,84.8,82.6,,83.2,,,56.8,,0,2,173,,105.0,0.0,0,1,0,4,5,4,2.3,1301,8.0,2,56.7,60,67,9.1,2.83,0,2,2.8,46.3,31,89,8.8,89,35.2,3,16,,,,,20.7,29.9,80.3,,32.0,57.7,,54.2,,4,2,93,22.5,55.6,22.5,20,2,0,3,1,8,8.6,361,5.4
Matt Ryan,4317,QB,ATL,6,252,77.0,61,67,11.6,2.46,4,3,4.3,67.2,45,35,4.3,77,30.6,2,32,,,,,48.5,73.0,79.7,,71.0,,,63.9,,0,1,81,25.7,111.0,11.7,9,1,0,2,4,1,1.2,631,9.4,0,2,63.4,76.8,75.4,64.6,80.1,146,157,9.1,2.73,1,5,3.0,70.7,111,48,5.1,175,69.4,6,64,,,,,70.1,74.8,34.9,,74.4,,,60.9,,2,1,186,16.7,114.7,4.6,8,10,0,8,10,4,2.2,1325,8.4,83.8,154,160,8.9,2.51,4,4,2.4,76.9,123,0,4.7,169,67.1,6,70,,,,,89.1,81.0,82.7,,78.8,,,67.5,,0,0,177,,125.6,0.0,0,9,0,2,11,2,1.1,1404,8.8,1,66.0,53,64,12.6,2.93,1,4,5.9,51.6,33,83,5.7,83,32.9,2,26,,,,,27.8,61.7,0.0,,63.3,,,54.6,,2,2,90,20.5,83.6,20.5,17,2,0,8,3,3,3.3,552,8.6
Case Keenum,7323,QB,DEN,6,250,73.5,68,72,8.4,2.38,1,4,5.2,62.5,45,38,10.0,81,32.4,5,28,,,,,27.5,71.2,80.0,,69.4,,,63.9,,2,1,86,21.1,81.6,9.9,8,1,0,1,0,4,4.7,574,8.0,0,10,34.7,59.6,57.6,73.5,73.5,151,161,8.7,2.58,2,4,2.3,63.4,102,51,8.1,169,67.6,9,48,,,,,50.7,50.7,82.9,,51.3,,,58.3,,4,7,184,13.7,80.1,4.1,7,1,0,4,7,9,4.9,1113,6.9,75.8,157,160,8.1,2.22,3,5,3.0,67.5,108,0,9.2,161,64.4,11,56,,,,,88.8,65.4,82.6,,64.2,,,63.9,,0,5,170,,87.0,0.0,0,1,0,0,5,6,3.5,1199,7.5,0,67.7,62,73,9.8,3.06,0,3,3.6,53.4,39,89,7.1,89,35.6,3,20,,,,,21.3,46.5,80.5,,47.5,,,58.3,,6,3,100,16.9,66.5,16.9,15,1,0,5,2,7,7.0,488,6.7
Andy Dalton,6187,QB,CIN,6,247,76.9,65,68,8.6,2.29,0,7,9.6,70.6,48,25,4.0,74,30.0,2,30,,,,,83.3,91.8,79.7,,90.6,,,63.9,,0,0,79,20.0,124.0,6.8,5,1,0,3,5,0,0.0,629,9.3,0,7,90.5,83.7,82.6,53.0,76.2,147,161,8.8,2.53,6,8,4.5,62.7,101,53,9.8,173,70.0,11,59,,,,,89.6,73.2,82.9,,73.1,,,50.8,,3,7,188,13.2,81.9,4.0,7,5,1,4,9,7,3.7,1045,6.5,79.5,161,166,8.2,2.22,4,9,5.0,71.7,119,0,7.0,169,68.4,9,69,,,,,89.3,90.2,82.8,,87.4,,,69.2,,0,4,182,,99.9,0.0,0,3,1,0,9,3,1.6,1198,7.2,0,66.7,51,63,10.5,2.97,2,6,8.6,47.6,30,78,11.8,78,31.6,4,20,,,,,83.8,61.5,79.9,,63.6,,,45.0,,3,3,85,15.4,79.9,15.4,12,3,0,7,5,4,4.7,476,7.6
Patrick Mahomes,11765,QB,KC,6,228,73.9,46,52,9.7,2.29,1,4,7.3,61.5,32,25,5.9,54,23.7,2,25,,,,,81.2,84.0,78.4,,82.4,58.7,,,,3,0,57,8.0,123.2,3.7,2,0,0,2,5,1,1.8,472,9.1,0,16,78.0,89.4,87.9,68.9,74.5,149,160,10.3,2.83,3,13,7.5,64.4,103,58,7.2,174,76.3,8,64,,,,,89.6,88.7,83.0,,85.0,,,76.2,,2,4,190,6.9,108.7,2.3,4,8,0,6,13,5,2.6,1393,8.7,80.6,134,138,8.4,2.16,3,7,4.7,73.9,102,0,5.6,145,63.6,6,63,,,,,88.1,86.9,82.2,,84.5,58.7,,67.8,,0,2,156,,133.2,0.0,0,5,0,1,15,3,1.9,1303,9.4,2,60.7,61,74,14.1,3.64,1,10,12.5,44.6,33,83,10.8,83,36.4,4,26,,,,,84.3,86.5,80.2,,82.6,,,75.2,,5,2,91,7.2,73.1,7.2,6,3,0,7,3,3,3.3,562,7.6
Tom Brady,698,QB,NE,6,224,80.0,30,31,5.8,2.25,0,2,6.1,74.2,23,9,4.2,33,14.7,1,16,,,,,78.3,85.7,76.7,,82.5,,,63.9,,0,0,35,11.1,138.4,3.0,1,1,0,1,3,0,0.0,314,10.1,0,19,65.2,89.8,86.0,78.6,74.3,175,183,9.2,2.5,0,12,6.3,66.7,122,51,6.2,191,85.3,8,63,,,,,58.7,85.8,83.2,,83.2,,,63.3,,1,6,199,13.7,91.5,3.7,7,1,0,7,10,7,3.5,1285,7.0,77.8,162,164,7.3,2.2,0,7,4.1,73.8,121,0,4.0,164,73.2,5,61,,,,,88.8,87.5,82.6,,85.1,,,,,0,4,171,,101.5,0.0,0,0,0,2,7,4,2.3,1333,8.1,1,65.1,43,50,13.9,3.16,0,7,13.2,48.0,24,60,14.3,60,26.8,4,18,,,,,26.4,79.8,78.8,,76.6,,,70.5,,1,2,63,13.3,87.2,13.3,8,2,0,6,6,3,4.8,266,5.3
Jared Goff,10635,QB,LA,6,211,76.9,52,57,8.4,2.8,1,5,8.2,70.2,40,23,0.0,60,28.4,0,32,,,,,81.9,81.2,78.9,,79.3,,,,,1,1,64,13.0,113.7,5.0,3,0,0,3,2,2,3.1,667,11.7,0,26,59.7,90.7,89.3,68.7,79.8,124,137,9.0,2.84,2,10,6.8,68.6,94,33,5.1,151,71.6,5,61,,,,,45.5,90.5,82.3,,88.2,,,71.2,,0,4,161,24.2,109.8,5.3,8,6,0,11,10,6,3.7,1261,9.2,80.4,143,152,8.4,2.58,3,9,5.6,73.0,111,0,3.5,155,73.5,4,76,,,,,88.5,93.7,82.4,,92.2,,,74.3,,0,3,164,,118.7,0.0,0,3,0,6,10,3,1.8,1533,10.1,0,72.7,33,42,10.9,3.5,0,6,12.8,54.8,23,56,4.2,56,26.5,1,17,,,,,24.4,59.8,78.7,,59.5,,,60.3,,1,2,61,19.6,82.9,19.6,11,3,0,8,2,5,8.2,395,9.4
Dak Prescott,10769,QB,DAL,6,205,68.6,51,55,8.0,2.55,2,5,8.2,54.5,30,30,14.3,64,31.2,5,16,,,,,82.5,77.9,79.2,,77.0,,,58.3,,0,2,70,26.7,75.6,12.5,8,1,0,2,3,1,1.4,331,6.0,0,9,40.6,75.8,77.3,60.2,72.9,107,116,8.8,3.36,0,3,2.4,65.5,76,47,2.6,141,68.8,2,44,,,,,36.4,73.5,82.0,,73.3,,,59.5,,0,2,148,23.4,90.2,7.8,11,14,0,9,4,4,2.7,813,7.0,76.9,117,120,7.5,2.74,1,6,4.6,72.5,87,0,3.3,128,62.4,3,45,,,,,87.2,90.4,81.8,,90.1,,,58.1,,0,4,138,,92.7,0.0,0,8,0,2,5,2,1.4,869,7.2,3,56.1,41,51,11.4,3.71,1,2,3.7,37.3,19,77,17.4,77,37.6,4,15,,,,,25.5,49.9,79.7,,49.7,,,59.5,,0,0,80,24.7,68.7,24.7,19,7,0,9,2,3,3.8,275,5.4
Matthew Stafford,4924,QB,DET,5,204,69.2,39,40,5.6,2.28,0,3,6.8,62.5,25,16,7.4,45,22.1,2,13,,,,,80.3,76.5,77.9,,75.9,,,58.3,,0,2,49,25.0,82.4,8.9,4,1,0,1,2,1,2.0,311,7.8,0,11,73.6,80.8,79.5,56.3,77.9,140,151,8.5,2.67,2,12,7.6,66.9,101,43,7.3,159,77.9,8,58,,,,,67.6,78.0,82.5,,77.4,,,52.0,,2,3,167,11.6,96.8,3.1,5,3,1,6,8,6,3.6,1074,7.1,78.3,138,144,7.7,2.32,2,10,6.6,70.1,101,0,6.5,145,71.1,7,59,,,,,88.0,85.7,82.1,,83.9,,,57.9,,0,3,153,,103.6,0.0,0,1,1,3,9,2,1.3,1070,7.4,0,68.3,41,47,8.3,3.23,0,5,10.0,53.2,25,59,10.7,59,28.9,3,12,,,,,39.4,60.2,78.8,,61.6,,,52.3,,2,2,63,15.3,63.7,15.3,9,3,0,4,1,5,7.9,315,6.7
Philip Rivers,1725,QB,LAC,6,202,70.7,41,45,6.7,2.25,1,2,3.9,57.8,26,21,10.3,46,22.8,3,17,,,,,80.6,60.2,78.2,,60.1,57.7,,,,0,1,52,4.8,89.6,2.2,1,0,0,3,2,0,0.0,365,8.1,0,27,90.2,85.5,83.2,70.6,82.6,138,149,9.5,2.43,4,7,4.5,71.8,107,49,6.1,156,77.2,7,64,,,,,88.5,90.3,82.4,,88.0,60.0,,66.4,,0,2,163,12.2,122.8,3.8,6,1,0,7,13,3,1.8,1337,9.0,81.8,121,132,8.6,2.22,5,6,4.3,72.0,95,0,4.0,132,65.3,4,54,,,,,87.2,82.6,81.8,,80.7,60.0,,,,0,3,138,,114.7,0.0,0,0,0,6,10,3,2.2,1168,8.8,2,75.9,58,62,9.2,2.71,0,3,4.5,61.3,38,70,13.6,70,34.7,6,27,,,,,83.2,80.2,79.6,,78.1,57.7,,66.4,,0,0,77,10.0,115.9,10.0,7,1,0,4,5,0,0.0,534,8.6
Drew Brees,802,QB,NO,5,200,84.6,52,55,7.1,2.18,0,1,1.6,78.2,43,22,2.3,60,30.0,1,27,,,,,82.1,86.6,79.0,,84.4,,,,,0,0,66,22.7,139.5,8.3,5,0,0,3,6,1,1.5,482,8.8,0,20,90.2,92.7,92.0,62.6,83.8,130,135,7.4,2.53,1,9,6.3,77.8,105,27,3.7,140,70.0,4,49,,,,,87.7,92.2,82.1,,91.3,59.3,,59.9,,0,0,148,11.1,115.3,2.1,3,2,0,4,5,2,1.4,1176,8.7,85.9,149,150,7.1,2.22,1,10,6.4,82.7,124,0,3.1,151,75.5,4,65,,,,,88.2,93.5,82.3,,92.3,59.3,,64.4,,0,0,158,,127.6,0.0,0,1,0,0,10,2,1.3,1393,9.3,0,75.8,33,40,8.2,3.06,0,0,0.0,60.0,24,49,4.0,49,24.5,1,11,,,,,81.1,76.5,78.4,,76.8,,,55.3,,0,0,56,16.3,88.0,16.3,8,1,0,7,1,1,1.8,265,6.6
Alex Smith,2218,QB,WAS,5,198,62.9,35,42,11.6,2.95,1,2,4.3,52.4,22,26,0.0,48,24.2,0,16,,,,,80.8,60.1,78.2,,62.9,,,48.3,,1,1,53,11.5,80.1,6.3,3,3,0,5,1,2,3.8,366,8.7,0,32,58.4,66.7,67.8,53.0,76.7,116,129,6.8,2.7,3,4,3.0,68.2,88,43,1.1,150,75.8,1,47,,,,,66.6,69.3,82.3,,68.6,,,62.0,,2,1,158,20.9,95.7,6.0,9,11,2,6,5,3,1.9,839,6.5,81.1,111,118,7.0,2.48,3,5,4.0,75.4,89,0,1.1,129,65.2,1,55,,,,,87.1,88.5,81.7,,86.4,,,67.1,,0,0,136,,110.8,0.0,0,10,2,2,4,0,0.0,979,8.3,2,52.5,40,53,10.3,3.3,1,1,1.8,39.6,21,69,0.0,69,34.8,0,8,,,,,45.5,29.4,79.5,,32.4,,,43.8,,3,2,75,17.4,49.7,17.4,12,4,0,9,2,5,6.7,226,4.3
Sam Darnold,29048,QB,NYJ,6,197,71.8,39,43,8.1,2.63,0,1,2.1,60.5,26,18,7.1,47,23.9,2,16,,,,,80.6,64.0,78.1,,64.2,,,58.3,,0,2,52,16.7,82.1,6.4,3,1,0,4,2,2,3.8,346,8.0,0,22,90.2,60.9,59.8,56.8,71.0,124,136,9.9,2.76,5,4,2.9,59.6,81,49,8.0,150,76.1,7,46,,,,,88.1,57.7,82.2,,58.0,,,56.4,,0,5,155,20.4,84.2,6.7,10,4,1,6,7,7,4.5,1000,7.4,75.0,120,129,8.4,2.37,5,2,1.5,64.3,83,0,7.8,130,66.0,7,46,,,,,87.1,67.1,81.7,,66.6,,,58.3,,0,4,135,,97.5,0.0,0,1,1,3,8,4,3.0,1053,8.2,1,60.5,43,50,12.3,3.43,0,3,5.6,48.0,24,67,7.7,67,34.0,2,16,,,,,82.7,47.1,79.3,,48.0,,,56.5,,0,3,72,19.4,48.2,19.4,13,4,0,7,1,5,6.9,293,5.9
Russell Wilson,7077,QB,SEA,6,192,68.4,38,42,11.1,2.87,0,7,15.2,61.9,26,25,0.0,50,26.0,0,12,,,,,81.0,88.7,78.3,,86.3,,,,,2,0,55,32.0,124.6,16.0,8,0,0,2,5,0,0.0,316,7.5,1,29,26.3,73.1,73.3,51.9,78.2,110,123,9.0,2.86,5,9,7.0,65.0,80,41,7.0,142,74.0,6,46,,,,,25.6,64.4,82.0,,63.9,,,60.6,,0,4,149,26.8,98.0,7.7,11,8,4,4,8,9,6.0,992,8.1,82.7,110,121,8.4,2.43,5,11,8.7,71.1,86,0,5.5,126,65.6,5,44,,,,,69.6,84.4,81.6,,84.4,,,50.2,,0,3,131,,114.9,0.0,0,5,4,2,10,5,3.8,1056,8.7,2,55.3,38,44,13.1,3.69,0,5,10.4,45.5,20,66,4.8,66,34.4,1,14,,,,,21.7,52.4,79.4,,50.1,,,72.6,,2,1,73,28.8,77.1,28.8,19,3,0,4,3,4,5.5,252,5.7
Cam Newton,6153,QB,CAR,5,189,64.9,37,40,10.7,2.75,0,1,2.4,55.0,22,21,8.3,45,23.8,2,15,,,,,29.6,53.4,0.0,,55.8,,,57.2,,0,1,47,9.5,84.2,4.4,2,3,0,3,3,5,10.6,208,5.2,0,5,60.4,76.7,76.0,66.5,80.3,122,130,7.5,2.63,2,5,3.6,69.2,90,36,8.2,144,76.2,8,56,,,,,87.9,85.6,82.1,,81.7,,,78.2,,0,3,153,16.7,96.0,4.2,6,7,2,4,6,4,2.6,950,7.3,83.9,124,129,7.4,2.33,2,6,4.5,73.6,95,0,8.7,132,69.8,9,53,,,,,87.1,91.1,81.7,,90.1,,,62.9,,0,1,136,,114.8,0.0,0,2,2,1,9,3,2.2,969,7.5,3,51.4,35,41,11.1,3.42,0,0,0.0,41.5,17,57,5.6,57,30.2,1,18,,,,,39.4,43.9,0.0,,40.2,,,72.2,,0,3,64,14.0,25.4,14.0,8,8,0,6,0,6,9.4,189,4.6
Mitchell Trubisky,11757,QB,CHI,5,186,71.8,39,41,5.1,2.4,0,1,2.2,68.3,28,15,0.0,49,26.3,0,18,,,,,32.8,41.0,78.2,,42.5,,,55.0,,1,1,53,33.3,102.7,10.2,5,3,0,1,3,2,3.8,290,7.1,0,6,40.2,58.8,56.6,66.8,74.1,116,120,10.1,2.83,0,9,6.7,70.8,85,30,1.2,137,73.7,1,40,,,,,43.2,65.4,82.1,,63.3,,,69.3,,0,3,151,23.3,106.6,5.1,7,10,0,4,8,8,5.3,971,8.1,75.9,133,135,8.8,2.38,0,9,6.2,74.1,100,0,1.0,141,75.8,1,51,,,,,87.9,70.8,82.1,,68.9,,,68.4,,0,4,151,,113.4,0.0,0,6,0,2,11,5,3.3,1126,8.3,1,59.1,22,26,8.9,3.76,0,1,2.9,50.0,13,45,0.0,45,24.2,0,7,,,,,19.2,30.0,78.2,,29.5,,,59.7,,1,0,53,26.7,65.4,26.7,12,7,0,3,0,5,9.4,135,5.2
Carson Wentz,10636,QB,PHI,4,181,81.6,38,44,4.7,2.49,0,0,0.0,63.6,28,22,9.7,51,28.2,3,19,,,,,80.5,56.0,78.1,,55.8,,,60.6,,4,1,52,22.7,80.9,9.8,5,2,0,2,1,3,5.8,292,6.6,0,24,76.6,81.1,81.3,57.2,81.5,108,114,9.3,2.81,1,8,6.6,70.2,80,41,9.1,130,71.8,8,44,,,,,70.6,89.2,81.8,,88.2,,,59.5,,3,0,140,19.5,113.9,6.2,8,8,1,1,7,1,0.7,900,7.9,84.1,113,115,7.2,2.37,1,4,3.4,75.7,87,0,8.4,118,65.2,8,50,,,,,86.4,87.7,81.3,,87.5,,,48.6,,0,1,123,,108.4,0.0,0,3,1,0,5,2,1.6,893,7.8,3,72.7,33,43,10.9,3.38,0,4,8.3,48.8,21,63,12.5,63,34.8,3,13,,,,,53.9,64.1,79.2,,61.2,,,68.8,,7,0,69,20.6,95.0,20.6,13,7,0,3,3,2,2.9,299,7.0
Josh Allen,46601,QB,BUF,6,178,66.7,45,48,10.4,2.85,0,2,4.0,52.1,25,34,16.7,65,36.5,5,19,,,,,25.3,58.4,79.1,,58.3,,,59.7,,2,2,68,29.4,54.3,15.4,10,7,0,1,0,5,7.4,301,6.3,0,4,55.3,51.0,50.2,58.0,65.1,83,91,9.9,3.18,1,3,3.1,54.9,50,40,7.4,113,63.5,4,26,,,,,86.3,50.0,81.3,,47.4,,,69.0,,1,3,122,27.5,65.8,9.7,11,10,0,6,2,5,4.1,531,5.8,74.5,94,96,7.4,2.59,1,1,1.0,68.8,66,0,5.7,104,58.4,4,36,,,,,57.1,60.1,80.9,,58.5,,,66.9,,0,2,110,,86.2,0.0,0,7,0,1,2,5,4.5,658,6.9,2,41.2,34,43,17.4,3.71,0,4,8.5,20.9,9,74,35.7,74,41.6,5,9,,,,,47.6,44.3,79.7,,42.1,,,63.4,,3,3,80,28.4,14.9,28.4,21,10,0,6,0,5,6.3,174,4.0
Baker Mayfield,46518,QB,CLV,4,171,77.1,48,55,8.6,2.52,3,2,3.6,60.0,33,20,10.8,61,35.7,4,17,,,,64.7,81.8,67.6,78.8,,63.4,65.0,,78.4,,0,1,62,25.0,78.3,8.2,5,1,1,3,0,3,4.8,446,8.1,0,8,56.5,82.0,77.2,85.3,70.0,90,98,11.1,2.83,2,10,9.8,53.1,52,35,17.5,110,64.3,11,32,,,,,39.7,84.7,81.1,,81.2,,,74.4,,2,4,117,22.9,69.7,7.3,8,4,0,4,4,2,1.7,630,6.4,75.7,107,114,10.1,2.31,5,12,10.2,60.5,69,0,14.8,116,67.8,12,38,,,,64.7,86.3,91.3,81.3,,89.9,65.0,,70.5,,0,2,121,,84.6,0.0,0,2,1,1,3,2,1.7,837,7.3,0,61.3,31,39,10.5,3.58,0,0,0.0,41.0,16,55,15.8,55,32.2,3,11,,,,,25.7,49.6,78.5,,44.2,,,81.9,,2,3,58,23.6,38.3,23.6,13,3,0,6,1,3,5.2,239,6.1
Marcus Mariota,9435,QB,TEN,5,148,80.0,40,45,7.2,2.63,1,0,0.0,64.4,29,25,9.4,58,39.2,3,17,,,,,24.2,70.5,78.6,,69.4,,,62.1,,0,1,59,48.0,82.0,20.7,12,1,0,4,1,3,5.1,303,6.7,0,31,47.4,73.1,71.1,69.1,69.4,72,73,9.0,2.97,0,4,5.1,63.0,46,30,8.0,90,60.8,4,28,,,,,84.6,75.1,80.4,,69.3,,,80.5,,0,3,96,16.7,70.0,5.6,5,12,0,1,1,4,4.2,490,6.7,72.1,86,87,7.2,2.39,1,2,2.2,65.5,57,0,8.1,93,62.8,5,31,,,,,84.7,80.7,80.4,,75.8,,,80.5,,0,3,97,,72.6,0.0,0,6,0,0,1,2,2.1,552,6.3,3,76.9,26,31,12.0,3.59,0,2,5.9,58.1,18,55,10.0,55,37.2,2,14,,,,,24.0,61.7,78.5,,58.6,,,68.5,,0,1,58,30.9,80.2,30.9,17,7,0,5,1,5,8.6,241,7.8
Ryan Fitzpatrick,2467,QB,TB,4,147,73.7,38,40,13.8,2.16,1,6,14.6,62.5,25,14,10.7,42,28.6,3,18,,,,,29.1,82.9,77.4,,80.8,,,,,0,3,43,14.3,99.7,4.8,2,0,0,1,3,4,9.3,497,12.4,0,30,67.9,90.5,90.0,64.1,75.9,87,89,10.7,2.63,0,9,9.5,69.7,62,38,6.1,105,71.4,4,42,,,,,85.7,88.1,80.9,,88.2,,,56.6,,0,2,111,13.2,121.0,4.8,5,10,0,2,8,2,1.8,859,9.7,78.4,88,89,11.7,2.34,1,11,11.8,70.8,63,0,8.7,95,64.6,6,43,,,,,84.9,95.3,80.5,,94.5,,,56.9,,0,2,99,,116.6,0.0,0,5,0,0,5,2,2.0,986,11.1,0,67.6,37,40,11.7,2.79,0,4,9.3,60.0,24,52,4.0,52,35.4,1,17,,,,,35.4,52.8,78.3,,53.1,,,58.3,,0,3,55,13.5,99.0,13.5,7,5,0,3,6,4,7.3,370,9.3
Ryan Tannehill,7014,QB,MIA,5,145,61.5,26,29,10.1,2.68,2,0,0.0,55.2,16,15,0.0,38,26.2,0,11,,,,,17.9,26.4,77.6,,26.7,,,62.9,,0,2,45,46.7,58.8,18.4,7,2,0,1,1,7,15.6,195,6.7,0,17,26.6,54.2,51.0,69.7,78.5,93,100,8.2,2.44,2,4,3.7,69.0,69,26,5.5,107,73.8,4,34,,,,,86.0,70.9,81.1,,67.2,,,81.9,,2,3,116,15.4,102.8,3.7,4,2,1,2,7,4,3.4,777,7.8,80.0,95,101,8.0,2.17,4,3,2.9,71.3,72,0,5.3,104,71.7,4,33,,,,,85.4,75.5,80.8,,73.5,,,66.4,,0,3,107,,102.5,0.0,0,2,1,1,6,5,4.7,813,8.0,0,54.2,24,28,11.1,3.33,0,1,2.6,46.4,13,41,0.0,41,28.3,0,12,,,,,19.3,25.8,78.3,,24.9,,,78.5,,2,2,54,26.8,58.5,26.8,11,2,0,2,2,6,11.1,159,5.7
C.J. Beathard,11859,QB,SF,4,129,78.0,41,46,7.4,2.5,3,1,2.0,63.0,29,24,9.4,55,42.6,3,19,,,,,36.3,72.8,78.5,,67.7,,,78.3,,0,2,58,20.8,86.1,9.1,5,4,0,2,2,2,3.4,387,8.4,0,28,47.4,70.6,70.1,59.3,77.4,62,68,5.7,2.48,4,1,1.4,64.7,44,19,8.3,74,57.4,4,26,,,,,83.2,68.3,79.7,,69.0,,,53.6,,1,3,79,10.5,88.2,2.7,2,4,0,1,4,2,2.5,505,7.4,83.1,77,84,5.6,2.27,6,1,1.1,67.9,57,0,10.9,86,66.7,7,32,,,,,84.3,80.2,80.2,,76.8,,,74.1,,0,3,91,,95.1,0.0,0,2,0,1,5,2,2.2,635,7.6,0,61.5,26,30,8.8,2.92,1,1,3.0,53.3,16,43,0.0,43,33.3,0,13,,,,,29.2,53.8,77.7,,53.4,,,59.8,,1,2,46,16.3,65.6,16.3,7,6,0,2,1,2,4.3,257,8.6
Jimmy Garoppolo,8697,QB,SF,3,107,72.7,22,23,5.7,2.6,0,1,4.0,69.6,16,13,0.0,27,25.2,0,11,,,,,77.4,66.5,76.1,,66.9,,,58.3,,0,2,30,23.1,74.9,11.1,3,1,0,1,1,2,6.7,202,8.8,0,28,33.3,62.6,60.5,63.2,62.9,62,66,10.8,3.08,2,3,4.2,56.1,37,35,5.1,80,74.8,2,25,,,,,27.6,58.9,80.0,,57.6,,,66.3,,0,1,87,28.6,95.3,12.5,10,4,0,2,4,3,3.4,516,7.8,69.1,55,57,7.7,2.62,1,1,1.6,66.7,38,0,0.0,59,55.1,0,25,,,,,81.9,72.9,78.9,,73.0,,,54.6,,0,1,64,,109.7,0.0,0,2,0,1,4,2,3.1,492,8.6,0,58.6,29,32,12.7,3.37,1,3,8.6,46.9,15,48,11.8,48,44.9,2,11,,,,,23.4,47.0,78.2,,44.9,,,69.5,,0,2,53,27.1,54.9,27.1,13,3,0,2,1,3,5.7,226,7.1
Tyrod Taylor,6332,QB,CLV,3,107,44.0,25,33,13.1,2.92,1,1,2.7,30.3,10,26,9.1,43,40.2,1,10,,,,,79.9,40.8,0.0,,37.0,,,82.4,,1,1,47,26.9,45.3,16.3,7,3,1,5,1,2,4.3,162,4.9,0,8,59.8,46.9,44.7,61.4,70.8,48,51,9.7,2.98,2,1,1.9,60.8,31,16,8.8,64,59.8,3,12,,,,,41.6,54.0,79.0,,55.7,,,53.5,,0,1,67,37.5,75.6,9.4,6,7,0,1,1,2,3.0,300,5.9,66.1,56,60,11.2,2.64,1,2,3.1,56.7,34,0,8.1,65,60.7,3,17,,,,,43.1,49.7,0.0,,53.7,,,48.1,,0,2,70,,74.6,0.0,0,5,1,2,2,3,4.3,404,6.7,1,47.1,17,24,9.7,3.45,2,0,0.0,29.2,7,42,12.5,42,39.3,1,5,,,,,79.5,45.3,77.5,,34.9,,,83.4,,1,0,44,31.0,39.6,31.0,13,5,0,4,0,1,2.3,58,2.4
Josh Rosen,35460,QB,ARZ,4,101,81.8,22,24,8.2,2.24,1,1,3.8,66.7,16,16,11.1,28,27.7,2,7,,,,,77.4,76.0,76.1,,74.6,,,,,0,0,30,25.0,80.4,14.3,4,0,0,1,0,0,0.0,131,5.5,0,1,85.9,65.9,66.8,48.2,64.5,62,66,9.2,2.57,0,7,9.6,51.5,34,28,15.0,73,72.3,6,20,,,,,83.4,59.5,79.7,,61.5,,,46.3,,0,2,80,10.7,73.7,4.1,3,3,1,3,2,3,3.8,495,7.5,74.1,54,56,7.4,2.12,0,4,6.6,66.1,37,0,7.5,57,56.4,3,20,,,,,81.7,63.8,78.8,,63.3,,,,,0,1,62,,99.3,0.0,0,0,1,1,2,2,3.2,507,9.1,0,60.0,30,34,11.7,2.95,1,4,10.5,38.2,13,44,27.8,44,43.6,5,7,,,,,80.1,65.6,77.8,,68.6,,,46.3,,0,1,48,15.9,36.3,15.9,7,3,0,3,0,1,2.1,119,3.5
Nick Foles,7089,QB,PHI,2,88,92.3,13,13,6.3,2.53,0,0,0.0,84.6,11,8,8.3,15,17.0,1,5,,,,,22.4,57.7,74.3,,57.7,,,,,0,0,18,25.0,106.7,13.3,2,0,0,0,0,1,5.6,125,9.6,0,24,28.9,61.1,56.8,67.4,70.8,65,69,7.5,2.79,0,1,1.3,62.3,43,19,6.5,73,83.0,3,15,,,,64.7,47.2,60.3,79.7,,57.1,90.6,,63.3,,0,1,79,15.8,72.5,4.1,3,1,1,3,1,2,2.5,326,4.7,77.2,57,60,6.0,2.42,0,1,1.5,68.3,41,0,6.8,61,69.3,3,14,,,,64.7,82.4,63.3,79.2,,59.5,90.6,,63.3,,0,1,68,,79.6,0.0,0,1,1,2,1,1,1.5,316,5.3,0,66.7,21,22,11.0,3.46,0,0,0.0,59.1,13,27,7.1,27,30.7,1,6,,,,,18.5,52.9,76.0,,53.3,,,,,0,0,29,18.5,76.9,18.5,5,0,0,1,0,2,6.9,135,6.1
Sam Bradford,5526,QB,ARZ,3,88,78.6,14,14,4.7,2.21,0,1,6.7,71.4,10,9,9.1,15,17.0,1,2,,,,,74.2,62.3,74.1,,63.4,,,58.3,,0,0,17,11.1,109.2,6.7,1,0,0,0,1,0,0.0,80,5.7,0,1,23.7,41.4,42.6,64.3,64.1,64,66,6.7,2.37,1,0,0.0,60.6,40,28,2.4,73,83.0,1,15,,,,,21.9,38.8,79.5,,38.7,,,64.4,,0,4,75,17.9,52.6,6.8,5,1,0,1,1,7,9.3,320,4.8,72.5,51,51,5.6,2.11,0,1,1.9,70.6,36,0,2.7,51,58.0,1,11,,,,,80.9,67.7,78.3,,66.9,,,,,0,1,54,,83.1,0.0,0,0,0,0,1,1,1.9,292,5.7,2,55.6,27,29,7.9,2.67,1,0,0.0,48.3,14,37,6.7,37,42.0,1,6,,,,,16.5,25.6,77.0,,25.7,,,64.1,,0,3,38,16.2,29.7,16.2,6,1,0,1,1,6,15.8,108,3.7
Jameis Winston,9434,QB,TB,2,69,90.0,10,10,11.4,2.67,0,0,0.0,80.0,8,3,11.1,11,15.9,1,6,,,,,20.5,67.8,73.2,,67.1,,,,,0,0,13,33.3,103.7,9.1,1,0,0,0,0,1,7.7,89,8.9,0,30,46.1,71.2,69.1,66.6,77.6,49,51,10.9,2.86,0,1,1.9,74.5,38,15,0.0,58,84.1,0,27,,,,,81.5,70.6,78.6,,68.1,,,69.1,,0,4,60,20.0,101.0,5.2,3,4,1,1,5,4,6.7,451,8.8,83.7,49,50,10.7,2.46,0,1,2.0,82.0,41,0,0.0,51,73.9,0,27,,,,,33.2,68.0,78.1,,67.8,,,58.3,,0,3,52,,107.7,0.0,0,1,1,0,4,5,9.6,472,9.4,0,60.0,10,11,12.6,3.87,0,0,0.0,45.5,5,18,16.7,18,26.1,1,6,,,,,75.4,73.2,74.9,,67.6,,,72.5,,0,1,21,22.2,58.1,22.2,4,3,0,1,1,0,0.0,68,6.2
Brock Osweiler,7059,QB,MIA,2,52,81.8,11,13,6.9,2.21,0,1,7.7,69.2,9,4,0.0,13,25.0,0,6,,,,,72.8,57.3,73.2,,57.4,,,,,1,0,13,0.0,141.7,0.0,0,0,0,1,2,1,7.7,132,10.2,0,17,81.3,58.0,59.5,56.7,78.8,33,36,6.5,2.49,0,0,0.0,63.9,23,10,11.5,39,75.0,3,13,,,,,79.5,58.4,77.4,,60.6,,,51.1,,0,2,43,0.0,83.4,0.0,0,2,1,2,2,2,4.7,283,7.9,85.3,34,36,5.9,2.17,0,1,2.6,72.2,26,0,10.3,38,73.1,3,15,,,,,79.2,64.3,77.3,,65.5,,,55.7,,0,2,41,,115.4,0.0,0,1,1,1,4,2,4.9,339,9.4,1,60.0,10,13,9.0,3.09,0,0,0.0,46.2,6,14,0.0,14,26.9,0,4,,,,,73.5,45.7,73.7,,47.4,,,58.3,,1,0,15,0.0,64.9,0.0,0,1,0,2,0,1,6.7,76,5.8
Blaine Gabbert,6162,QB,TEN,3,48,69.2,13,14,8.3,2.26,0,0,0.0,64.3,9,7,0.0,17,35.4,0,5,,,,,74.5,56.0,0.0,,59.5,,,,,0,0,18,42.9,112.8,17.6,3,0,0,1,1,0,0.0,112,8.0,0,31,80.7,51.9,54.2,52.7,61.3,31,31,5.0,2.12,0,0,0.0,51.6,16,1,15.8,31,64.6,3,9,,,,,77.7,51.9,76.6,,52.5,59.3,,,,0,1,33,0.0,49.1,0.0,0,0,0,0,0,1,3.0,130,4.2,67.5,40,40,5.1,2.08,0,0,0.0,60.0,24,0,11.1,40,83.3,3,13,,,,,79.3,66.3,0.0,,67.6,59.3,,,,0,1,42,,74.1,0.0,0,0,0,0,1,0,0.0,231,5.8,2,25.0,4,5,14.8,2.61,0,0,0.0,20.0,1,8,0.0,8,16.7,0,1,,,,,70.3,24.2,71.9,,25.4,,,,,0,0,9,37.5,39.6,37.5,3,0,0,1,0,1,11.1,11,2.2
Nathan Peterman,11926,QB,BUF,2,35,20.0,10,12,14.1,2.66,1,0,0.0,16.7,2,3,0.0,14,40.0,0,2,,,,,73.5,22.0,73.7,,23.2,,,58.3,,0,3,15,33.3,0.0,7.1,1,1,0,1,0,3,20.0,17,1.4,0,4,78.4,24.7,25.6,51.1,73.3,15,18,7.3,2.61,1,1,5.6,50.0,9,6,18.2,21,60.0,2,2,,,,,75.4,36.5,74.9,,40.0,,,55.7,,1,1,21,33.3,54.9,9.5,2,1,0,1,1,2,9.5,68,3.8,52.2,23,25,10.7,2.35,1,1,3.8,40.0,10,0,16.7,26,74.3,2,4,,,,,76.8,26.8,75.8,,27.9,,,58.3,,0,3,27,,23.0,0.0,0,1,0,1,1,3,11.1,83,3.3,0,50.0,2,5,2.0,3.46,1,0,0.0,20.0,1,9,0.0,9,25.7,0,0,,,,,70.9,26.0,71.9,,27.6,,,55.7,,1,1,9,33.3,0.0,33.3,3,1,0,1,0,2,22.2,2,0.4
DeShone Kizer,11807,QB,GB,1,9,100.0,1,1,12.0,2.3,0,0,0.0,100.0,1,1,0.0,1,11.1,0,1,,,,,60.4,73.3,64.6,,71.9,,,,,0,0,1,0.0,118.8,0.0,0,0,0,0,0,0,0.0,29,29.0,0,12,18.1,25.1,26.0,,50.0,6,6,8.7,2.95,0,0,0.0,50.0,3,3,0.0,8,88.9,0,2,,,,,17.4,21.1,71.5,,22.6,,,,,0,1,8,66.7,22.2,25.0,2,0,0,0,0,2,25.0,26,4.3,60.0,5,5,10.6,2.84,0,0,0.0,60.0,3,0,0.0,5,55.6,0,2,,,,,68.0,46.0,69.9,,47.1,,,,,0,0,5,,73.8,0.0,0,0,0,0,0,0,0.0,26,5.2,0,50.0,2,2,5.5,2.93,0,0,0.0,50.0,1,4,0.0,4,44.4,0,1,,,,,14.2,21.9,69.2,,23.5,,,,,0,1,4,50.0,56.3,50.0,2,0,0,0,0,2,50.0,29,14.5
Matt Schaub,1811,QB,ATL,1,7,100.0,1,1,15.0,2.0,0,0,0.0,0.0,0,0,100.0,1,14.3,1,0,,,,,60.4,54.5,64.6,,55.1,,,,,0,0,1,,39.6,0.0,0,0,0,0,0,0,0.0,0,0.0,0,2,17.7,39.8,55.0,45.9,100.0,6,6,2.7,1.98,0,0,0.0,83.3,5,0,16.7,6,85.7,1,1,,,,,68.9,57.6,70.6,,57.7,,,,,0,0,6,,80.6,0.0,0,0,0,0,0,0,0.0,20,3.3,100.0,7,7,4.4,1.99,0,0,0.0,71.4,5,0,28.6,7,100.0,2,1,,,,,69.6,54.7,71.1,,55.0,,,,,0,0,7,,74.1,0.0,0,0,0,0,0,0,0.0,20,2.9,0,,0,0,,,0,0,,,0,0,,0,0.0,0,0,,,,,,,,,,,,,,0,0,0,,0.0,,0,0,0,0,0,0,,0,
Lamar Jackson,46416,QB,BLT,2,7,0.0,1,2,16.0,4.6,0,0,0.0,0.0,0,1,,2,28.6,0,0,,,,,63.6,30.1,66.9,,33.0,,,,,0,0,2,0.0,39.6,0.0,0,0,0,1,0,1,50.0,0,0.0,0,3,77.4,63.7,40.4,77.1,33.3,3,3,11.7,4.32,0,0,0.0,33.3,1,3,0.0,5,71.4,0,1,,,,,68.0,51.3,75.5,,56.3,54.1,,58.3,,0,0,5,33.3,63.2,20.0,1,1,0,0,0,0,0.0,24,8.0,0.0,2,2,14.0,3.97,0,0,0.0,0.0,0,0,,3,42.9,0,0,,,,,65.5,32.6,75.5,,31.9,54.1,,58.3,,0,0,3,,39.6,0.0,0,1,0,0,0,1,33.3,0,0.0,0,50.0,2,3,11.5,4.73,0,0,0.0,33.3,1,4,0.0,4,57.1,0,1,,,,,66.9,58.9,68.7,,59.0,,,,,0,0,4,25.0,63.2,25.0,1,0,0,1,0,0,0.0,24,8.0
Matt Cassel,2447,QB,DET,1,6,0.0,2,2,6.0,1.9,0,0,0.0,0.0,0,1,,2,33.3,0,0,,,,,63.6,45.8,66.9,,47.1,,,,,0,0,2,0.0,39.6,0.0,0,0,0,0,0,0,0.0,0,0.0,0,11,69.9,35.5,36.3,60.0,50.0,4,4,8.3,1.93,0,0,0.0,50.0,2,0,0.0,4,66.7,0,0,,,,,66.9,39.3,69.2,,41.0,,,,,0,1,4,,18.8,0.0,0,0,0,0,0,0,0.0,14,3.5,40.0,5,5,8.0,1.92,0,0,0.0,40.0,2,0,0.0,5,83.3,0,0,,,,,68.0,37.4,69.9,,39.2,,,,,0,1,5,,8.3,0.0,0,0,0,0,0,0,0.0,14,2.8,0,0.0,1,1,5.0,1.9,0,0,0.0,0.0,0,1,,1,16.7,0,0,,,,,60.4,56.1,64.6,,57.2,,,,,0,0,1,0.0,39.6,0.0,0,0,0,0,0,0,0.0,0,0.0
Keenan Allen,7857,WR,LAC,2,2,,0,0,,7.0,0,0,,,0,1,,1,50.0,0,0,,,,72.1,68.0,62.5,78.3,,60.0,59.0,,,,0,0,1,100.0,0.0,100.0,1,0,0,0,0,0,0.0,0,,0,27,34.2,77.0,37.7,79.1,,0,0,,0.0,0,0,,,0,0,,1,50.0,0,0,,,,78.4,27.7,77.2,82.5,,60.0,80.1,,,,0,0,1,,0.0,0.0,0,0,0,0,0,0,0.0,0,,,0,0,,0.0,0,0,,,0,0,,1,50.0,0,0,,,,88.0,27.5,75.8,82.0,,60.0,79.0,,,,0,0,1,,0.0,0.0,0,0,0,0,0,0,0.0,0,,0,,0,0,,7.0,0,0,,,0,1,,1,50.0,0,0,,,,45.8,68.8,67.5,79.6,,60.0,64.4,,,,0,0,1,100.0,0.0,100.0,1,0,0,0,0,0,0.0,0,
Taysom Hill,12112,QB,NO,1,2,,0,0,,,0,0,,,0,0,,0,0.0,0,0,,,,,,52.7,66.1,,,52.7,,,,0,0,0,,0.0,,0,0,0,0,0,0,,0,,0,20,78.6,80.4,77.3,74.9,100.0,2,2,8.5,2.45,0,0,0.0,50.0,1,0,50.0,2,100.0,1,1,,,,64.7,65.6,78.9,70.4,,77.3,60.7,,,,0,0,2,,64.6,0.0,0,0,0,0,0,0,0.0,10,5.0,100.0,2,2,8.5,2.45,0,0,0.0,50.0,1,0,50.0,2,100.0,1,1,,,,64.7,65.6,74.2,71.1,,77.3,53.9,,,,0,0,2,,64.6,0.0,0,0,0,0,0,0,0.0,10,5.0,0,,0,0,,,0,0,,,0,0,,0,0.0,0,0,,,,,,,,,,,,,,0,0,0,,0.0,,0,0,0,0,0,0,,0,
Jacoby Brissett,10725,QB,IND,1,1,,0,0,,,0,0,,,0,0,,0,0.0,0,0,,,,,,,,,,,,,,0,0,0,,0.0,,0,0,0,0,0,0,,0,,0,14,60.4,59.6,59.7,,0.0,1,1,64.0,6.4,0,0,0.0,0.0,0,1,,1,100.0,0,0,,,,,60.4,59.6,64.6,,59.7,,,,,0,0,1,0.0,39.6,0.0,0,0,0,0,0,0,0.0,0,0.0,,0,0,,,0,0,,,0,0,,0,0.0,0,0,,,,,,,,,,,,,,0,0,0,,0.0,,0,0,0,0,0,0,,0,,0,0.0,1,1,64.0,6.4,0,0,0.0,0.0,0,1,,1,100.0,0,0,,,,,60.4,59.6,64.6,,59.7,,,,,0,0,1,0.0,39.6,0.0,0,0,0,0,0,0,0.0,0,0.0
Geno Smith,7820,QB,LAC,1,1,,0,0,,,0,0,,,0,0,,0,0.0,0,0,,,,,,,,,,,,,,0,0,0,,0.0,,0,0,0,0,0,0,,0,,0,27,68.2,62.7,60.4,60.5,100.0,1,1,-2.0,2.4,0,0,0.0,100.0,1,0,0.0,1,100.0,0,0,,,,,60.4,60.5,64.6,,60.4,,,,,0,0,1,,100.0,0.0,0,0,0,0,0,0,0.0,8,8.0,100.0,1,1,-2.0,2.4,0,0,0.0,100.0,1,0,0.0,1,100.0,0,0,,,,,60.4,60.5,64.6,,60.4,,,,,0,0,1,,100.0,0.0,0,0,0,0,0,0,0.0,8,8.0,0,,0,0,,,0,0,,,0,0,,0,0.0,0,0,,,,,,,,,,,,,,0,0,0,,0.0,,0,0,0,0,0,0,,0,
Johnny Hekker,7252,P,LA,1,1,,0,0,,,0,0,,,0,0,,0,0.0,0,0,,,,,,,,,,,,,,0,0,0,,0.0,,0,0,0,0,0,0,,0,,0,26,60.4,53.6,55.6,,0.0,1,1,40.0,2.8,0,0,0.0,0.0,0,0,,1,100.0,0,0,,,,,60.4,53.6,65.7,,55.6,,,,,0,0,1,,39.6,0.0,0,0,0,0,0,0,0.0,0,0.0,0.0,1,1,40.0,2.8,0,0,0.0,0.0,0,0,,1,100.0,0,0,,,,,60.4,53.6,65.7,,55.6,,,,,0,0,1,,39.6,0.0,0,0,0,0,0,0,0.0,0,0.0,0,,0,0,,,0,0,,,0,0,,0,0.0,0,0,,,,,,,,,,,,,,0,0,0,,0.0,,0,0,0,0,0,0,,0,
Odell Beckham Jr.,8647,WR,NYG,1,1,100.0,1,1,24.0,3.0,0,0,0.0,100.0,1,1,0.0,1,100.0,0,1,,,,54.5,70.6,77.9,79.7,,72.1,73.7,,,,0,0,1,0.0,158.3,0.0,0,0,0,0,1,0,0.0,57,57.0,0,21,82.1,85.0,72.1,48.1,,0,0,,,0,0,,,0,0,,0,0.0,0,0,,,,90.0,77.9,86.1,86.0,,,84.1,,,,0,0,0,,0.0,,0,0,0,0,0,0,,0,,,0,0,,,0,0,,,0,0,,0,0.0,0,0,,,,90.0,77.7,88.1,84.6,,,85.9,,,,0,0,0,,0.0,,0,0,0,0,0,0,,0,,0,100.0,1,1,24.0,3.0,0,0,0.0,100.0,1,1,0.0,1,100.0,0,1,,,,56.7,71.1,74.5,83.0,,72.1,71.1,,,,0,0,1,0.0,158.3,0.0,0,0,0,0,1,0,0.0,57,57.0
Albert Wilson,8943,WR,MIA,1,1,,0,0,,,0,0,,,0,0,,0,0.0,0,0,,,,75.6,69.5,78.3,77.2,,,76.3,,,,0,0,0,,0.0,,0,0,0,0,0,0,,0,,0,17,78.0,82.0,71.0,47.8,100.0,1,1,20.0,3.7,0,0,0.0,100.0,1,0,0.0,1,100.0,0,1,,,,71.3,74.9,82.6,83.2,,71.0,80.0,,,,0,0,1,,158.3,0.0,0,0,0,0,1,0,0.0,52,52.0,100.0,1,1,20.0,3.7,0,0,0.0,100.0,1,0,0.0,1,100.0,0,1,,,,73.5,75.6,82.9,83.5,,71.0,80.3,,,,0,0,1,,158.3,0.0,0,0,0,0,1,0,0.0,52,52.0,1,,0,0,,,0,0,,,0,0,,0,0.0,0,0,,,,72.1,67.0,77.7,77.0,,,75.9,,,,0,0,0,,0.0,,0,0,0,0,0,0,,0,
Nelson Agholor,9453,WR,PHI,1,1,,0,0,,,0,0,,,0,0,,0,0.0,0,0,,,,60.2,20.4,61.3,78.3,,,60.9,,,,0,0,0,,0.0,,0,0,0,0,0,0,,0,,0,24,29.7,63.6,68.5,58.7,100.0,1,1,9.0,3.2,0,0,0.0,100.0,1,0,0.0,1,100.0,0,1,,,,63.4,75.8,65.3,83.4,,68.5,63.9,,,,0,0,1,,118.8,0.0,0,0,0,0,0,0,0.0,15,15.0,100.0,1,1,9.0,3.2,0,0,0.0,100.0,1,0,0.0,1,100.0,0,1,,,,66.0,26.9,62.6,82.6,,68.5,61.3,,,,0,0,1,,118.8,0.0,0,0,0,0,0,0,0.0,15,15.0,2,,0,0,,,0,0,,,0,0,,0,0.0,0,0,,,,54.5,70.1,66.8,80.1,,,66.0,,,,0,0,0,,0.0,,0,0,0,0,0,0,,0,
Derrick Henry,10679,HB,TEN,1,1,,0,0,,,0,0,,,0,0,,0,0.0,0,0,,,,,,59.6,73.6,,,52.4,,,,0,0,0,,0.0,,0,0,0,0,0,0,,0,,0,31,85.8,65.9,61.2,62.5,100.0,1,1,-5.0,0.6,0,0,0.0,100.0,1,0,0.0,1,100.0,0,0,,,,72.1,68.0,71.1,73.7,,61.2,64.8,,,,0,0,1,,100.0,0.0,0,0,0,0,0,0,0.0,8,8.0,100.0,1,1,-5.0,0.6,0,0,0.0,100.0,1,0,0.0,1,100.0,0,0,,,,72.1,68.0,70.1,75.0,,61.2,61.2,,,,0,0,1,,100.0,0.0,0,0,0,0,0,0,0.0,8,8.0,0,,0,0,,,0,0,,,0,0,,0,0.0,0,0,,,,,,59.4,71.7,,,54.6,,,,0,0,0,,0.0,,0,0,0,0,0,0,,0,
Kevin Byard,10698,S,TEN,1,1,100.0,1,1,18.0,0.41,0,0,0.0,100.0,1,0,0.0,1,100.0,0,1,63.4,67.0,76.4,,60.4,73.1,60.4,82.4,68.8,,73.0,,82.4,0,0,1,,158.3,0.0,0,0,0,0,1,0,0.0,66,66.0,0,31,60.4,73.1,68.8,,,0,0,,,0,0,,,0,0,,0,0.0,0,0,69.7,71.2,78.9,,,,,85.6,,,,,85.6,0,0,0,,0.0,,0,0,0,0,0,0,,0,,100.0,1,1,18.0,0.41,0,0,0.0,100.0,1,0,0.0,1,100.0,0,1,63.1,63.4,80.2,,60.4,73.1,60.4,85.9,68.8,,55.5,,85.9,0,0,1,,158.3,0.0,0,0,0,0,1,0,0.0,66,66.0,1,,0,0,,,0,0,,,0,0,,0,0.0,0,0,74.4,80.7,74.3,,,,,81.9,,,80.9,,81.9,0,0,0,,0.0,,0,0,0,0,0,0,,0,
DeAndre Hopkins,7808,WR,HST,1,1,,0,0,,,0,0,,,0,0,,0,0.0,0,0,,,,82.7,23.6,92.5,79.9,,,91.8,,,,0,0,0,,0.0,,0,0,0,0,0,0,,0,,0,13,36.8,88.8,48.9,59.2,0.0,1,1,16.0,2.4,0,0,0.0,0.0,0,0,,1,100.0,0,0,67.4,67.9,64.3,88.0,76.8,80.0,84.4,,48.9,79.5,,,,0,0,1,,39.6,0.0,0,0,0,0,0,0,0.0,0,0.0,0.0,1,1,16.0,2.4,0,0,0.0,0.0,0,0,,1,100.0,0,0,67.4,67.9,64.3,87.6,27.4,82.8,82.9,,48.9,82.3,,,,0,0,1,,39.6,0.0,0,0,0,0,0,0,0.0,0,0.0,1,,0,0,,,0,0,,,0,0,,0,0.0,0,0,,,,83.2,74.1,89.9,82.6,,,87.9,,,,0,0,0,,0.0,,0,0,0,0,0,0,,0,
Corey Bojorquez,27626,P,BUF,1,1,,0,0,,,0,0,,,0,0,,0,0.0,0,0,,,,,,,,,,,,,,0,0,0,,0.0,,0,0,0,0,0,0,,0,,0,4,13.3,28.7,60.0,60.0,,0,1,,3.7,1,0,0.0,0.0,0,1,,1,100.0,0,0,,,,,60.4,60.0,60.5,,60.0,,,,,0,0,1,0.0,39.6,0.0,0,0,0,0,0,1,100.0,0,0.0,,0,0,,,0,0,,,0,0,,0,0.0,0,0,,,,,,,,,,,,,,0,0,0,,0.0,,0,0,0,0,0,0,,0,,0,,0,1,,3.7,1,0,0.0,0.0,0,1,,1,100.0,0,0,,,,,60.4,60.0,60.5,,60.0,,,,,0,0,1,0.0,39.6,0.0,0,0,0,0,0,1,100.0,0,0.0
J.K. Scott,38809,P,GB,1,1,,0,1,,3.0,0,0,0.0,0.0,0,0,,1,100.0,0,0,,,,,,60.0,60.5,,60.0,,,,,0,0,1,,39.6,0.0,0,0,0,1,0,0,0.0,0,0.0,0,12,,60.0,60.0,,,0,0,,,0,0,,,0,0,,0,0.0,0,0,,,,,,,,,,,,,,0,0,0,,0.0,,0,0,0,0,0,0,,0,,,0,1,,3.0,0,0,0.0,0.0,0,0,,1,100.0,0,0,,,,,,60.0,60.5,,60.0,,,,,0,0,1,,39.6,0.0,0,0,0,1,0,0,0.0,0,0.0,0,,0,0,,,0,0,,,0,0,,0,0.0,0,0,,,,,,,,,,,,,,0,0,0,,0.0,,0,0,0,0,0,0,,0,
