player,player_id,position,team_name,player_game_count,base_targets,declined_penalties,franchise_id,penalties,screen_avg_depth_of_target,screen_avoided_tackles,screen_caught_percent,screen_contested_catch_rate,screen_contested_receptions,screen_contested_targets,screen_drop_rate,screen_drops,screen_first_downs,screen_fumbles,screen_grades_hands_drop,screen_grades_pass_route,screen_interceptions,screen_longest,screen_pass_block_rate,screen_pass_blocks,screen_pass_plays,screen_receptions,screen_route_rate,screen_routes,screen_targeted_qb_rating,screen_targets,screen_targets_percent,screen_touchdowns,screen_yards,screen_yards_after_catch,screen_yards_after_catch_per_reception,screen_yards_per_reception,screen_yprr,slot_avg_depth_of_target,slot_avoided_tackles,slot_caught_percent,slot_contested_catch_rate,slot_contested_receptions,slot_contested_targets,slot_drop_rate,slot_drops,slot_first_downs,slot_fumbles,slot_grades_hands_drop,slot_grades_pass_route,slot_interceptions,slot_longest,slot_pass_block_rate,slot_pass_blocks,slot_pass_plays,slot_receptions,slot_route_rate,slot_routes,slot_targeted_qb_rating,slot_targets,slot_targets_percent,slot_touchdowns,slot_yards,slot_yards_after_catch,slot_yards_after_catch_per_reception,slot_yards_per_reception,slot_yprr
Adam Thielen,8288,WR,MIN,4,55,0,18,0,-2.0,0,100.0,,0,0,0.0,0,0,0,84.5,49.2,0,7,0.0,0,13,2,100.0,13,83.3,2,3.6,0,8,12,6.0,4.0,0.62,8.9,1,73.7,33.3,2,6,6.7,2,15,0,81.0,88.7,0,45,0.7,1,137,28,97.8,134,114.5,38,69.1,2,305,109,3.9,10.9,2.28
Antonio Brown,5718,WR,PIT,4,52,0,25,0,3.9,3,90.0,100.0,1,1,0.0,0,3,0,91.6,90.4,0,22,0.0,0,27,9,96.3,26,129.2,10,19.2,1,70,45,5.0,7.8,2.69,5.1,0,50.0,,0,0,0.0,0,2,0,85.9,72.5,1,15,0.0,0,31,5,96.8,30,17.5,10,19.2,0,32,26,5.2,6.4,1.07
Zach Ertz,7816,TE,PHI,4,46,0,24,0,-3.0,0,50.0,0.0,0,1,0.0,0,0,0,78.7,44.1,0,2,25.0,5,20,1,65.0,13,56.3,2,4.3,0,2,4,4.0,2.0,0.15,7.3,0,67.9,20.0,1,5,5.0,1,8,0,41.5,63.1,1,34,0.9,1,110,19,90.0,99,73.8,28,60.9,0,202,62,3.3,10.6,2.04
JuJu Smith-Schuster,11817,WR,PIT,4,46,0,25,0,-2.3,0,66.7,,0,0,0.0,0,2,0,90.2,55.0,0,11,0.0,0,29,4,96.6,28,70.1,6,13.0,0,11,20,5.0,2.8,0.39,8.1,1,66.7,16.7,1,6,0.0,0,16,0,83.9,74.2,1,67,0.0,0,175,24,94.3,165,94.7,36,78.3,1,340,172,7.2,14.2,2.06
DeAndre Hopkins,7808,WR,HST,4,44,0,13,0,-2.0,0,100.0,,0,0,0.0,0,0,0,90.2,72.1,0,9,0.0,0,11,2,72.7,8,85.4,2,4.5,0,9,13,6.5,4.5,1.13,9.7,1,90.0,100.0,2,2,0.0,0,6,0,90.9,91.4,0,24,0.0,0,42,9,100.0,42,112.5,10,22.7,0,110,31,3.4,12.2,2.62
Michael Thomas,10681,WR,NO,4,44,0,20,0,-3.0,2,100.0,,0,0,0.0,0,2,0,90.2,72.9,0,9,0.0,0,20,4,90.0,18,118.8,4,9.1,1,11,23,5.8,2.8,0.61,7.1,0,94.1,100.0,2,2,5.9,1,7,0,83.2,87.5,0,35,0.0,0,52,16,90.4,47,123.5,17,38.6,1,152,50,3.1,9.5,3.23
Alvin Kamara,11822,HB,NO,4,44,0,20,0,-4.5,2,90.0,,0,0,0.0,0,3,0,92.0,97.5,0,25,0.0,0,20,9,90.0,18,95.8,10,22.7,0,70,111,12.3,7.8,3.89,4.1,5,87.5,100.0,1,1,0.0,0,4,0,73.7,88.7,0,23,0.0,0,25,7,88.0,22,102.6,8,18.2,0,69,54,7.7,9.9,3.14
Julio Jones,6158,WR,ATL,4,43,0,2,0,6.0,0,100.0,,0,0,0.0,0,1,0,78.7,74.4,0,12,0.0,0,8,1,100.0,8,116.7,1,2.3,0,12,6,6.0,12.0,1.5,12.3,0,62.5,0.0,0,1,0.0,0,5,0,90.1,88.9,1,33,0.0,0,29,5,96.6,28,52.1,8,18.6,0,72,18,3.6,14.4,2.57
Odell Beckham Jr.,8647,WR,NYG,4,43,0,21,0,-4.0,1,100.0,,0,0,0.0,0,0,0,84.5,63.4,0,5,0.0,0,16,1,93.8,15,87.5,1,2.3,0,5,9,9.0,5.0,0.33,6.8,3,83.3,,0,0,0.0,0,5,0,90.4,85.3,0,30,0.0,0,58,10,93.1,54,105.9,12,27.9,0,113,64,6.4,11.3,2.09
Jarvis Landry,8698,WR,CLV,4,40,0,8,0,-2.0,0,100.0,,0,0,0.0,0,0,0,88.7,47.7,0,4,0.0,0,23,3,100.0,23,79.2,3,7.5,0,5,11,3.7,1.7,0.22,10.6,1,53.3,28.6,2,7,15.8,3,7,0,43.1,62.4,0,39,0.8,1,128,16,93.8,120,73.9,30,75.0,0,197,48,3.0,12.3,1.64
Davante Adams,8688,WR,GB,4,39,0,12,0,0.9,1,100.0,,0,0,0.0,0,2,0,91.4,90.5,0,25,0.0,0,22,8,100.0,22,134.4,8,20.5,1,54,47,5.9,6.8,2.45,2.7,1,66.7,,0,0,0.0,0,1,0,50.4,75.4,0,10,0.0,0,28,2,92.9,26,77.1,3,7.7,0,14,10,5.0,7.0,0.54
Corey Davis,11760,WR,TEN,4,39,0,31,0,-2.3,2,85.7,,0,0,0.0,0,2,1,90.9,68.2,0,18,0.0,0,28,6,100.0,28,92.3,7,17.9,0,43,59,9.8,7.2,1.54,7.3,2,66.7,50.0,1,2,0.0,0,5,1,60.0,77.5,0,18,0.0,0,34,8,97.1,33,113.2,12,30.8,1,80,49,6.1,10.0,2.42
Mike Evans,8642,WR,TB,4,39,0,30,0,,0,,,0,0,,0,0,0,,44.6,0,0,0.0,0,11,0,100.0,11,0.0,0,0.0,0,0,0,,,0.0,10.3,0,33.3,,0,0,0.0,0,0,0,69.5,73.9,2,5,0.0,0,27,1,85.2,23,2.8,3,7.7,0,5,1,1.0,5.0,0.22
Stefon Diggs,9579,WR,MIN,4,39,0,18,0,-2.6,1,100.0,,0,0,0.0,0,2,0,90.6,91.4,0,34,0.0,0,13,5,100.0,13,100.8,5,12.8,0,41,54,10.8,8.2,3.15,-0.9,1,100.0,100.0,1,1,0.0,0,2,0,90.3,79.2,0,34,0.0,0,44,9,97.7,43,126.9,9,23.1,1,50,58,6.4,5.6,1.16
Golden Tate,5585,WR,DET,4,38,0,11,0,-2.0,1,80.0,,0,0,20.0,1,0,0,28.1,40.1,0,6,0.0,0,14,4,100.0,14,80.0,5,13.2,0,16,24,6.0,4.0,1.14,8.2,5,73.9,50.0,1,2,10.5,2,10,0,37.8,76.6,0,67,0.0,0,119,17,97.5,116,141.4,23,60.5,2,269,135,7.9,15.8,2.32
T.Y. Hilton,7092,WR,IND,4,35,0,14,0,0.0,0,100.0,,0,0,0.0,0,1,0,78.7,61.3,0,22,0.0,0,16,1,100.0,16,118.8,1,2.9,0,22,22,22.0,22.0,1.38,10.5,0,30.0,20.0,1,5,0.0,0,3,0,66.6,57.3,1,15,0.0,0,43,3,88.4,38,0.8,10,28.6,0,32,8,2.7,10.7,0.84
Nelson Agholor,9453,WR,PHI,4,35,0,24,0,-3.4,2,100.0,,0,0,0.0,0,0,1,90.6,41.5,0,6,0.0,0,21,5,90.5,19,79.2,5,14.3,0,7,24,4.8,1.4,0.37,7.7,3,71.4,33.3,1,3,11.8,2,7,1,48.4,55.5,0,50,0.0,0,118,15,96.6,114,100.1,21,60.0,1,114,90,6.0,7.6,1.0
Michael Crabtree,4933,WR,BLT,4,34,0,3,0,1.0,0,100.0,,0,0,0.0,0,0,0,78.7,49.5,0,2,0.0,0,9,1,88.9,8,79.2,1,2.9,0,2,1,1.0,2.0,0.25,5.7,1,33.3,,0,0,50.0,2,2,0,26.6,53.6,0,12,0.0,0,25,2,88.0,22,45.1,6,17.6,0,22,5,2.5,11.0,1.0
Quincy Enunwa,8843,WR,NYJ,4,34,0,22,0,-1.6,3,100.0,,0,0,0.0,0,6,0,91.4,98.4,0,20,0.0,0,18,8,94.4,17,114.1,8,23.5,0,91,104,13.0,11.4,5.35,9.1,6,59.1,33.3,1,3,13.3,2,9,1,55.9,86.1,1,42,1.1,1,90,13,96.7,87,79.7,22,64.7,1,170,125,9.6,13.1,1.95
Jared Cook,5012,TE,OAK,4,34,0,23,0,-3.0,0,100.0,,0,0,0.0,0,0,0,78.7,56.5,0,8,10.0,2,20,1,80.0,16,100.0,1,2.9,0,8,11,11.0,8.0,0.5,9.8,1,80.0,66.7,2,3,11.1,1,6,0,73.7,90.5,1,45,0.0,0,50,8,96.0,48,112.5,10,29.4,1,144,73,9.1,18.0,3.0
Saquon Barkley,45791,HB,NYG,4,33,0,21,0,-5.5,2,87.5,,0,0,0.0,0,2,0,91.1,96.8,0,18,0.0,0,13,7,92.3,12,99.0,8,24.2,0,62,102,14.6,8.9,5.17,,0,,,0,0,,0,0,0,68.5,82.9,0,0,0.0,0,1,0,100.0,1,0.0,0,0.0,0,0,0,,,0.0
Demaryius Thomas,5547,WR,DEN,4,33,0,10,0,-2.0,1,80.0,,0,0,20.0,1,1,0,28.3,56.0,0,23,0.0,0,11,4,100.0,11,88.3,5,15.2,0,26,35,8.8,6.5,2.36,5.4,3,76.9,33.3,1,3,9.1,1,4,0,29.1,62.1,0,23,0.0,0,62,10,90.3,56,90.2,13,39.4,0,75,53,5.3,7.5,1.34
Travis Kelce,7844,TE,KC,4,33,0,16,0,-2.7,0,100.0,,0,0,0.0,0,2,0,88.7,89.1,0,17,0.0,0,20,3,90.0,18,141.0,3,9.1,1,25,33,11.0,8.3,1.39,11.2,2,78.9,50.0,1,2,0.0,0,7,0,86.3,90.1,0,31,0.0,0,69,15,89.9,62,151.5,19,57.6,2,227,73,4.9,15.1,3.66
Keenan Allen,7857,WR,LAC,4,33,0,27,0,,0,,,0,0,,0,0,0,,43.9,0,0,0.0,0,10,0,100.0,10,0.0,0,0.0,0,0,0,,,0.0,7.5,1,80.0,100.0,1,1,7.7,1,7,0,73.2,70.6,0,20,0.0,0,81,12,97.5,79,102.8,15,45.5,0,130,62,5.2,10.8,1.65
Tyler Boyd,10689,WR,CIN,4,33,0,7,0,-2.7,0,100.0,,0,0,0.0,0,1,0,88.7,66.1,0,9,0.0,0,14,3,100.0,14,95.8,3,9.1,0,21,29,9.7,7.0,1.5,10.7,0,69.6,66.7,2,3,0.0,0,11,0,90.0,82.8,0,49,0.0,0,110,16,92.7,102,100.3,23,69.7,0,222,81,5.1,13.9,2.18
A.J. Green,6156,WR,CIN,4,33,0,7,0,,0,,,0,0,,0,0,0,,59.4,0,0,0.0,0,15,0,100.0,15,0.0,0,0.0,0,0,0,,,0.0,18.7,1,90.0,100.0,5,5,0.0,0,8,0,88.3,87.7,0,38,0.0,0,41,9,92.7,38,158.3,10,30.3,4,181,49,5.4,20.1,4.76
Allen Robinson II,8696,WR,CHI,4,32,0,6,0,-2.0,0,100.0,,0,0,0.0,0,1,0,78.7,49.4,0,1,0.0,0,26,1,92.3,24,79.2,1,3.1,0,1,3,3.0,1.0,0.04,12.2,0,90.0,80.0,4,5,0.0,0,6,0,88.3,74.3,0,33,0.0,0,53,9,96.2,51,145.0,10,31.3,1,108,20,2.2,12.0,2.12
Robert Woods,7822,WR,LA,4,32,0,26,0,-2.3,0,100.0,,0,0,0.0,0,0,0,88.7,39.7,0,12,4.5,1,22,3,95.5,21,97.2,3,9.4,0,22,29,9.7,7.3,1.05,8.3,0,90.9,100.0,1,1,0.0,0,5,0,90.0,84.2,0,31,0.0,0,49,10,93.9,46,150.9,11,34.4,2,118,46,4.6,11.8,2.57
Brandin Cooks,8655,WR,LA,4,31,0,26,0,-2.7,1,100.0,,0,0,0.0,0,3,1,90.9,63.4,0,21,0.0,0,21,6,100.0,21,116.7,6,19.4,0,72,88,14.7,12.0,3.43,7.7,2,57.1,0.0,0,1,20.0,1,3,0,72.0,82.1,1,24,0.0,0,40,4,97.5,39,47.0,7,22.6,0,62,40,10.0,15.5,1.59
Kenny Golladay,11851,WR,DET,4,31,0,11,0,,0,,,0,0,,0,0,0,,43.8,0,0,0.0,0,15,0,100.0,15,0.0,0,0.0,0,0,0,,,0.0,16.7,0,66.7,100.0,1,1,0.0,0,4,0,89.3,79.5,0,25,0.0,0,50,4,96.0,48,109.7,6,19.4,0,80,18,4.5,20.0,1.67
Tyreek Hill,10799,WR,KC,4,31,0,16,0,-4.0,1,100.0,,0,0,0.0,0,1,0,88.7,84.7,0,21,0.0,0,18,3,88.9,16,100.0,3,9.7,0,24,36,12.0,8.0,1.5,9.3,3,100.0,100.0,2,2,0.0,0,5,0,79.4,85.1,0,34,0.0,0,49,9,98.0,48,118.8,9,29.0,0,134,50,5.6,14.9,2.79
Melvin Gordon III,9448,HB,LAC,4,31,0,27,0,-4.2,1,80.0,,0,0,0.0,0,1,0,90.2,90.2,0,20,0.0,0,8,4,100.0,8,86.7,5,16.1,0,24,43,10.8,6.0,3.0,1.0,0,100.0,,0,0,0.0,0,1,0,38.4,68.5,0,10,0.0,0,2,1,100.0,2,108.3,1,3.2,0,10,9,9.0,10.0,5.0
Eric Ebron,8645,TE,IND,4,30,0,14,0,,0,,,0,0,,0,0,0,,44.2,0,0,10.0,1,10,0,90.0,9,0.0,0,0.0,0,0,0,,,0.0,8.0,1,57.1,50.0,5,10,0.0,0,3,0,88.7,65.1,0,12,0.0,0,94,12,93.6,88,83.2,21,70.0,1,89,26,2.2,7.4,1.01
Emmanuel Sanders,5606,WR,DEN,4,30,0,10,0,-1.0,0,100.0,,0,0,0.0,0,0,0,88.7,54.3,0,8,0.0,0,11,3,100.0,11,90.3,3,10.0,0,17,20,6.7,5.7,1.55,5.8,2,85.7,0.0,0,2,0.0,0,4,0,68.8,78.8,0,21,0.0,0,92,12,94.6,87,100.6,14,46.7,0,114,49,4.1,9.5,1.31
Cooper Kupp,11824,WR,LA,4,29,0,26,0,-3.0,0,100.0,,0,0,0.0,0,0,0,84.5,45.6,0,4,4.5,1,22,2,95.5,21,79.2,2,6.9,0,-1,5,2.5,-0.5,-0.05,7.9,2,81.5,66.7,2,3,4.3,1,14,0,80.8,83.1,0,70,1.8,2,112,22,90.2,101,155.2,27,93.1,4,317,169,7.7,14.4,3.14
Taylor Gabriel,9002,WR,CHI,4,28,0,6,0,-3.3,1,100.0,,0,0,0.0,0,1,0,91.4,71.6,0,11,0.0,0,22,8,100.0,22,121.9,8,28.6,1,30,56,7.0,3.8,1.36,8.5,1,84.6,,0,0,0.0,0,3,0,89.7,73.6,0,33,0.0,0,49,11,98.0,48,122.1,13,46.4,1,93,47,4.3,8.5,1.94
Marvin Jones Jr.,7158,WR,DET,4,28,0,11,0,-1.0,0,100.0,,0,0,0.0,0,1,0,78.7,65.0,0,12,0.0,0,14,1,100.0,14,116.7,1,3.6,0,12,13,13.0,12.0,0.86,17.8,0,60.0,100.0,1,1,0.0,0,3,0,84.1,67.2,0,34,0.0,0,27,3,100.0,27,137.5,5,17.9,1,55,7,2.3,18.3,2.04
John Brown,8726,WR,BLT,4,28,0,3,0,,0,,,0,0,,0,0,0,,46.9,0,0,0.0,0,7,0,100.0,7,0.0,0,0.0,0,0,0,,,0.0,16.9,0,85.7,100.0,1,1,14.3,1,5,0,29.7,57.0,0,45,0.0,0,43,6,97.7,42,158.3,7,25.0,2,120,18,3.0,20.0,2.86
Amari Cooper,9437,WR,OAK,4,28,0,23,0,1.5,0,100.0,,0,0,0.0,0,1,0,84.5,43.7,0,13,0.0,0,25,2,96.0,24,104.2,2,7.1,0,18,15,7.5,9.0,0.75,9.8,0,62.5,,0,0,0.0,0,3,0,65.8,59.1,1,9,0.0,0,60,5,91.7,55,69.3,8,28.6,1,29,14,2.8,5.8,0.53
Sterling Shepard,10674,WR,NYG,4,28,0,21,0,0.7,0,100.0,,0,0,0.0,0,0,0,88.7,50.7,0,5,0.0,0,15,3,93.3,14,80.6,3,10.7,0,10,8,2.7,3.3,0.71,8.0,1,87.5,50.0,2,4,4.5,1,14,0,74.3,69.9,0,23,0.0,0,122,21,94.3,115,129.3,24,85.7,2,201,60,2.9,9.6,1.75
George Kittle,11901,TE,SF,4,28,0,28,0,-2.5,0,100.0,,0,0,0.0,0,0,0,88.7,94.0,0,9,0.0,0,9,2,88.9,8,102.1,2,7.1,0,17,22,11.0,8.5,2.13,17.8,0,40.0,,0,0,0.0,0,2,0,84.5,87.0,0,36,0.0,0,32,2,87.5,28,80.4,5,17.9,0,54,23,11.5,27.0,1.93
Theo Riddick,7980,HB,DET,4,27,0,11,0,-4.8,0,100.0,,0,0,0.0,0,1,0,90.6,93.0,0,11,0.0,0,7,5,100.0,7,88.3,5,18.5,0,26,50,10.0,5.2,3.71,6.7,0,33.3,,0,0,50.0,1,1,0,43.2,55.9,0,10,0.0,0,6,1,100.0,6,43.8,3,11.1,0,10,5,5.0,10.0,1.67
Phillip Dorsett,9462,WR,NE,4,27,0,19,0,,0,,,0,0,,0,0,0,,43.8,0,0,0.0,0,13,0,100.0,13,0.0,0,0.0,0,0,0,,,0.0,14.0,1,33.3,,0,0,0.0,0,0,0,55.6,58.4,1,13,0.0,0,27,1,100.0,27,8.3,3,11.1,0,13,9,9.0,13.0,0.48
James White,8765,HB,NE,4,27,0,19,0,-4.0,2,100.0,,0,0,0.0,0,2,0,90.9,96.5,0,27,0.0,0,13,6,100.0,13,110.4,6,22.2,0,63,87,14.5,10.5,4.85,1.6,0,80.0,,0,0,0.0,0,1,0,90.2,83.4,0,12,0.0,0,14,4,92.9,13,86.7,5,18.5,0,24,19,4.8,6.0,1.85
Geronimo Allison,11141,WR,GB,4,27,0,12,0,1.0,0,100.0,,0,0,0.0,0,1,0,78.7,60.5,0,17,0.0,0,18,1,100.0,18,118.8,1,3.7,0,17,16,16.0,17.0,0.94,3.3,0,100.0,,0,0,0.0,0,1,0,29.7,56.8,0,12,0.0,0,16,3,93.8,15,87.5,3,11.1,0,15,5,1.7,5.0,1.0
Christian McCaffrey,11763,HB,CAR,3,25,0,5,0,-6.0,3,100.0,,0,0,0.0,0,1,0,90.2,93.4,0,14,11.1,1,9,4,88.9,8,93.8,4,16.0,0,26,50,12.5,6.5,3.25,7.6,1,80.0,,0,0,0.0,0,1,0,90.1,79.9,0,7,0.0,0,13,4,100.0,13,81.7,5,20.0,0,18,7,1.8,4.5,1.38
Randall Cobb,6216,WR,GB,3,25,0,12,0,-2.4,2,80.0,,0,0,0.0,0,0,1,90.2,41.5,0,6,0.0,0,15,4,100.0,15,79.2,5,20.0,0,12,19,4.8,3.0,0.8,5.7,3,68.2,,0,0,11.8,2,8,1,40.8,60.6,0,75,0.0,0,127,15,92.1,117,107.0,22,88.0,1,174,136,9.1,11.6,1.49
Dede Westbrook,11865,WR,JAX,4,25,0,15,0,-1.2,1,100.0,,0,0,0.0,0,2,1,90.9,61.7,0,15,0.0,0,13,5,92.3,12,93.3,5,20.0,0,32,38,7.6,6.4,2.67,6.3,5,85.7,66.7,2,3,5.3,1,12,1,70.9,82.5,1,61,0.0,0,113,18,96.5,109,114.8,21,84.0,1,264,179,9.9,14.7,2.42
Nyheim Hines,48103,HB,IND,4,25,0,14,0,-4.8,0,100.0,100.0,1,1,0.0,0,1,0,90.6,95.2,0,9,11.1,1,9,5,88.9,8,79.2,5,20.0,0,8,32,6.4,1.6,1.0,7.5,0,100.0,100.0,2,2,0.0,0,1,0,42.1,61.2,0,14,0.0,0,6,2,100.0,6,131.3,2,8.0,1,12,1,0.5,6.0,2.0
Jordy Nelson,4350,WR,OAK,4,24,0,23,0,-0.7,1,66.7,,0,0,33.3,1,0,0,25.7,44.5,0,7,0.0,0,23,2,95.7,22,71.5,3,12.5,0,10,11,5.5,5.0,0.45,9.0,0,77.8,0.0,0,1,12.5,1,4,0,59.2,60.3,0,66,0.0,0,76,7,98.7,75,155.8,9,37.5,1,124,57,8.1,17.7,1.65
Larry Fitzgerald,1724,WR,ARZ,4,24,0,1,0,-3.0,1,100.0,,0,0,0.0,0,0,0,78.7,51.4,0,2,0.0,0,6,1,83.3,5,79.2,1,4.2,0,2,5,5.0,2.0,0.4,9.3,2,60.9,33.3,3,9,6.7,1,7,0,78.5,68.3,0,27,0.0,0,95,14,93.7,89,77.3,23,95.8,0,135,27,1.9,9.6,1.52
Rob Gronkowski,5567,TE,NE,4,24,0,19,0,,0,,,0,0,,0,0,0,,43.2,0,0,25.0,3,12,0,75.0,9,0.0,0,0.0,0,0,0,,,0.0,16.4,0,75.0,100.0,1,1,0.0,0,4,0,85.3,75.5,0,30,6.3,4,63,6,90.5,57,116.7,8,33.3,0,104,18,3.0,17.3,1.82
Jimmy Graham,5619,TE,GB,4,24,0,12,0,0.0,0,100.0,,0,0,0.0,0,0,0,78.7,40.5,0,3,0.0,0,20,1,100.0,20,79.2,1,4.2,0,3,3,3.0,3.0,0.15,8.8,1,84.6,50.0,1,2,0.0,0,5,0,86.5,57.1,0,34,2.8,3,107,11,91.6,98,109.0,13,54.2,0,132,53,4.8,12.0,1.35
Antonio Callaway,48101,WR,CLV,4,24,0,8,0,-2.6,0,80.0,,0,0,20.0,1,0,0,28.1,39.0,0,3,0.0,0,18,4,100.0,18,79.2,5,20.8,0,0,10,2.5,0.0,0.0,20.0,0,33.3,,0,0,50.0,1,0,0,28.3,60.6,1,1,0.0,0,8,1,100.0,8,2.8,3,12.5,0,1,5,5.0,1.0,0.13
Mohamed Sanu,7084,WR,ATL,4,23,0,2,0,-5.0,0,100.0,,0,0,0.0,0,0,0,78.7,49.1,0,-5,0.0,0,9,1,100.0,9,79.2,1,4.3,0,-5,0,0.0,-5.0,-0.56,10.9,0,60.0,33.3,1,3,0.0,0,4,0,84.9,60.2,0,36,0.0,0,108,9,93.5,101,97.6,15,65.2,1,84,14,1.6,9.3,0.83
Willie Snead IV,8999,WR,BLT,4,23,0,3,0,-2.0,0,100.0,,0,0,0.0,0,0,0,78.7,50.3,0,5,0.0,0,7,1,85.7,6,87.5,1,4.3,0,5,7,7.0,5.0,0.83,7.0,2,82.4,,0,0,0.0,0,10,0,77.8,67.8,0,20,0.0,0,109,14,92.7,101,123.5,17,73.9,1,152,62,4.4,10.9,1.5
Ryan Grant,8777,WR,IND,4,22,0,14,0,,0,,,0,0,,0,0,0,,44.0,0,0,0.0,0,13,0,100.0,13,0.0,0,0.0,0,0,0,,,0.0,8.0,0,50.0,0.0,0,1,0.0,0,2,0,77.8,64.7,0,13,0.0,0,21,2,85.7,18,65.6,4,18.2,0,21,14,7.0,10.5,1.17
DeSean Jackson,4363,WR,TB,4,22,0,30,0,,0,,,0,0,,0,0,0,,49.2,0,0,0.0,0,5,0,100.0,5,0.0,0,0.0,0,0,0,,,0.0,23.0,0,100.0,,0,0,0.0,0,2,0,86.5,89.9,0,58,0.0,0,19,2,100.0,19,158.3,2,9.1,1,69,23,11.5,34.5,3.63
James Conner,11860,HB,PIT,4,22,0,25,0,-4.3,3,100.0,,0,0,0.0,0,0,0,90.9,55.5,0,18,4.0,1,25,6,92.0,23,85.4,6,27.3,0,27,53,8.8,4.5,1.17,1.7,0,33.3,,0,0,0.0,0,0,0,86.5,55.1,0,6,0.0,0,20,1,90.0,18,42.4,3,13.6,0,6,8,8.0,6.0,0.33
David Njoku,11784,TE,CLV,4,22,0,8,0,-1.0,0,100.0,,0,0,0.0,0,0,0,78.7,31.7,0,0,8.7,2,23,1,91.3,21,79.2,1,4.5,0,0,1,1.0,0.0,0.0,7.7,1,66.7,,0,0,33.3,1,1,0,29.5,48.2,0,19,0.0,0,21,2,95.2,20,103.5,3,13.6,0,33,16,8.0,16.5,1.65
Jalen Richard,11395,HB,OAK,4,22,0,23,0,-2.4,1,80.0,,0,0,0.0,0,4,0,90.2,83.5,0,16,0.0,0,14,4,92.9,13,102.5,5,22.7,0,43,50,12.5,10.8,3.31,,0,,,0,0,,0,0,0,68.8,64.5,0,0,0.0,0,2,0,100.0,2,0.0,0,0.0,0,0,0,,,0.0
Keelan Cole,51593,WR,JAX,4,22,0,15,0,,0,,,0,0,,0,0,0,,44.0,0,0,0.0,0,16,0,93.8,15,0.0,0,0.0,0,0,0,,,0.0,5.3,0,66.7,,0,0,0.0,0,2,0,51.5,61.0,0,14,0.0,0,43,4,93.0,40,82.6,6,27.3,0,36,19,4.8,9.0,0.9
Will Fuller V,10655,WR,HST,3,22,0,13,0,,0,,,0,0,,0,0,0,,48.2,0,0,0.0,0,4,0,50.0,2,0.0,0,0.0,0,0,0,,,0.0,13.0,0,100.0,,0,0,0.0,0,1,0,81.7,72.1,0,37,0.0,0,24,2,79.2,19,118.8,2,9.1,0,43,17,8.5,21.5,2.26
Chris Thompson,7936,HB,WAS,3,22,0,32,0,-2.3,2,75.0,0.0,0,1,0.0,0,1,0,88.7,91.0,0,23,11.1,1,9,3,88.9,8,99.0,4,18.2,0,33,36,12.0,11.0,4.13,0.0,0,100.0,,0,0,0.0,0,0,0,90.1,79.2,0,3,0.0,0,7,1,85.7,6,79.2,1,4.5,0,3,3,3.0,3.0,0.5
Dion Lewis,6301,HB,TEN,4,21,0,31,0,-4.9,2,85.7,,0,0,0.0,0,1,0,90.9,90.8,1,7,10.0,2,20,6,90.0,18,39.6,7,33.3,0,17,46,7.7,2.8,0.94,3.0,0,100.0,,0,0,0.0,0,0,0,55.1,68.9,0,3,0.0,0,6,1,100.0,6,79.2,1,4.8,0,3,0,0.0,3.0,0.5
Cole Beasley,7330,WR,DAL,4,21,0,9,0,-4.0,0,100.0,,0,0,0.0,0,0,0,78.7,53.6,0,8,0.0,0,6,1,100.0,6,100.0,1,4.8,0,8,12,12.0,8.0,1.33,9.8,1,70.6,50.0,2,4,7.7,1,12,0,55.4,74.4,0,19,0.0,0,94,12,93.6,88,100.4,17,81.0,0,161,43,3.6,13.4,1.83
Ted Ginn Jr.,3625,WR,NO,4,21,0,20,0,-3.0,0,100.0,,0,0,0.0,0,0,0,78.7,63.7,0,2,0.0,0,14,1,92.9,13,79.2,1,4.8,0,2,5,5.0,2.0,0.15,23.8,0,60.0,,0,0,0.0,0,2,0,51.6,58.1,0,28,0.0,0,55,3,94.5,52,126.7,5,23.8,1,42,3,1.0,14.0,0.81
Donte Moncrief,8725,WR,JAX,4,21,0,15,0,2.0,0,100.0,,0,0,0.0,0,0,0,78.7,49.1,0,12,0.0,0,12,1,91.7,11,116.7,1,4.8,0,12,10,10.0,12.0,1.09,4.0,0,100.0,,0,0,0.0,0,0,0,55.9,58.1,0,4,0.0,0,10,1,90.0,9,83.3,1,4.8,0,4,0,0.0,4.0,0.44
Chris Godwin,11839,WR,TB,4,21,0,30,0,1.0,0,100.0,,0,0,0.0,0,1,0,78.7,69.8,0,19,0.0,0,10,1,100.0,10,118.8,1,4.8,0,19,18,18.0,19.0,1.9,11.7,2,85.7,50.0,1,2,0.0,0,4,1,86.9,86.5,0,20,0.0,0,28,6,92.9,26,157.4,7,33.3,1,86,22,3.7,14.3,3.31
Kyle Rudolph,6195,TE,MIN,4,21,0,18,0,,0,,,0,0,,0,0,0,,42.9,0,0,7.7,1,13,0,92.3,12,0.0,0,0.0,0,0,0,,,0.0,8.4,1,85.7,50.0,1,2,0.0,0,8,0,86.5,63.0,0,24,1.0,1,105,12,98.1,103,144.3,14,66.7,2,128,44,3.7,10.7,1.24
Calvin Ridley,48262,WR,ATL,4,21,0,2,0,-4.0,0,100.0,,0,0,0.0,0,0,0,78.7,50.9,0,7,0.0,0,7,1,100.0,7,95.8,1,4.8,0,7,11,11.0,7.0,1.0,7.0,0,75.0,100.0,1,1,25.0,1,2,0,30.0,71.2,0,10,0.0,0,34,3,91.2,31,131.3,4,19.0,1,26,11,3.7,8.7,0.84
Tyler Lockett,9502,WR,SEA,4,21,0,29,0,-3.0,0,100.0,,0,0,0.0,0,0,0,84.5,55.1,0,2,0.0,0,8,2,87.5,7,79.2,2,9.5,0,4,10,5.0,2.0,0.57,10.3,0,87.5,,0,0,0.0,0,3,1,86.5,69.8,0,51,0.0,0,89,7,94.4,84,158.3,8,38.1,1,118,40,5.7,16.9,1.4
Devin Funchess,9474,WR,CAR,3,20,0,5,0,,0,,,0,0,,0,0,0,,46.3,0,0,0.0,0,9,0,100.0,9,0.0,0,0.0,0,0,0,,,0.0,13.2,0,60.0,0.0,0,1,0.0,0,3,0,85.7,74.5,0,20,0.0,0,17,3,94.1,16,84.6,5,25.0,0,39,2,0.7,13.0,2.44
Christian Kirk,47546,WR,ARZ,4,20,0,1,0,-1.0,1,100.0,,0,0,0.0,0,1,0,88.7,91.6,0,11,0.0,0,8,3,87.5,7,90.3,3,15.0,0,17,20,6.7,5.7,2.43,7.0,2,62.5,,0,0,16.7,1,1,0,76.7,63.1,1,11,0.0,0,50,5,90.0,45,30.7,8,40.0,0,31,23,4.6,6.2,0.69
Pierre Garcon,4519,WR,SF,4,20,0,28,0,,0,,,0,0,,0,0,0,,46.5,0,0,0.0,0,9,0,88.9,8,0.0,0,0.0,0,0,0,,,0.0,8.6,0,20.0,0.0,0,3,0.0,0,0,0,38.4,50.7,0,5,3.2,1,31,1,90.3,28,39.6,5,25.0,0,5,2,2.0,5.0,0.18
Sammy Watkins,8639,WR,KC,4,20,0,16,0,-1.0,0,100.0,,0,0,0.0,0,0,0,78.7,49.2,0,1,0.0,0,9,1,100.0,9,79.2,1,5.0,0,1,2,2.0,1.0,0.11,10.3,2,62.5,0.0,0,1,0.0,0,4,0,73.5,73.1,0,25,0.0,0,48,5,89.6,43,84.4,8,40.0,0,58,31,6.2,11.6,1.35
Kelvin Benjamin,8663,WR,BUF,4,20,0,4,0,,0,,,0,0,,0,0,0,,45.4,0,0,0.0,0,11,0,90.9,10,0.0,0,0.0,0,0,0,,,0.0,20.0,1,66.7,,0,0,0.0,0,2,0,27.3,50.9,0,34,0.0,0,13,2,92.3,12,109.7,3,15.0,0,50,7,3.5,25.0,4.17
Chester Rogers,10918,WR,IND,4,20,0,14,0,-2.8,0,100.0,,0,0,0.0,0,0,0,90.6,56.2,0,8,0.0,0,14,5,100.0,14,90.0,5,25.0,0,28,42,8.4,5.6,2.0,5.7,1,83.3,100.0,2,2,0.0,0,9,0,60.4,62.7,0,22,0.0,0,142,15,95.1,135,96.3,18,90.0,0,128,76,5.1,8.5,0.95
Brandon Marshall,3064,WR,SEA,4,20,0,29,0,3.0,0,0.0,,0,0,,0,0,0,,50.1,0,0,0.0,0,5,0,100.0,5,39.6,1,5.0,0,0,0,,,0.0,5.0,0,100.0,,0,0,0.0,0,0,0,29.3,53.7,0,8,0.0,0,9,2,100.0,9,93.8,2,10.0,0,13,3,1.5,6.5,1.44
Ezekiel Elliott,10638,HB,DAL,4,20,0,9,0,-3.7,1,100.0,,0,0,0.0,0,2,0,40.5,73.6,0,38,7.7,1,13,7,76.9,10,139.6,7,35.0,1,56,82,11.7,8.0,5.6,11.3,0,66.7,100.0,1,1,0.0,0,1,0,65.0,72.9,0,34,0.0,0,14,2,100.0,14,104.9,3,15.0,0,34,6,3.0,17.0,2.43
Courtland Sutton,48164,WR,DEN,4,19,0,10,0,,0,,,0,0,,0,0,0,,45.8,0,0,0.0,0,8,0,100.0,8,0.0,0,0.0,0,0,0,,,0.0,11.3,0,66.7,0.0,0,1,0.0,0,1,0,43.8,54.4,0,25,0.0,0,24,2,91.7,22,92.4,3,15.8,0,25,16,8.0,12.5,1.14
Ricky Seals-Jones,12020,TE,ARZ,4,19,0,1,0,,0,,,0,0,,0,0,0,,44.5,0,0,11.1,1,9,0,77.8,7,0.0,0,0.0,0,0,0,,,0.0,11.3,0,66.7,50.0,1,2,0.0,0,3,0,65.6,53.3,1,35,0.0,0,61,4,95.1,58,106.3,6,31.6,1,70,31,7.8,17.5,1.21
Taywan Taylor,11827,WR,TEN,4,19,0,31,0,-2.5,1,100.0,,0,0,0.0,0,2,0,90.9,83.4,0,18,0.0,0,21,6,100.0,21,145.8,6,31.6,1,57,72,12.0,9.5,2.71,3.2,0,80.0,,0,0,20.0,1,3,0,29.3,58.1,0,8,0.0,0,15,4,100.0,15,90.8,5,26.3,0,29,26,6.5,7.3,1.93
Adam Humphries,10075,WR,TB,4,19,0,30,0,-2.3,2,83.3,,0,0,16.7,1,2,0,29.2,83.9,0,20,0.0,0,11,5,100.0,11,96.5,6,31.6,0,43,54,10.8,8.6,3.91,4.1,2,69.2,,0,0,0.0,0,5,0,65.0,57.4,0,20,0.0,0,113,9,93.8,106,85.7,13,68.4,0,81,52,5.8,9.0,0.76
Kenny Stills,7926,WR,MIA,4,18,0,17,0,-1.0,0,100.0,,0,0,0.0,0,0,0,78.7,45.0,0,11,0.0,0,17,1,100.0,17,112.5,1,5.6,0,11,12,12.0,11.0,0.65,21.2,0,60.0,,0,0,25.0,1,3,0,52.8,65.7,0,34,0.0,0,39,3,92.3,36,131.7,5,27.8,2,48,7,2.3,16.0,1.33
Javorius Allen,9558,HB,BLT,4,18,0,3,0,-3.5,0,100.0,,0,0,0.0,0,0,0,84.5,73.5,0,4,16.7,1,6,2,83.3,5,79.2,2,11.1,0,0,7,3.5,0.0,0.0,13.0,0,100.0,,0,0,0.0,0,1,0,45.6,58.1,0,16,0.0,0,10,1,70.0,7,118.8,1,5.6,0,16,3,3.0,16.0,2.29
David Johnson,9519,HB,ARZ,4,18,0,1,0,-2.3,1,100.0,,0,0,0.0,0,1,0,27.1,30.7,0,30,0.0,0,7,3,85.7,6,111.1,3,16.7,0,32,39,13.0,10.7,5.33,4.0,0,100.0,100.0,1,1,0.0,0,0,0,30.1,49.2,0,4,0.0,0,4,1,100.0,4,83.3,1,5.6,0,4,0,0.0,4.0,1.0
Laquon Treadwell,10657,WR,MIN,4,18,0,18,0,,0,,,0,0,,0,0,0,,44.2,0,0,0.0,0,12,0,100.0,12,0.0,0,0.0,0,0,0,,,0.0,3.8,0,60.0,,0,0,40.0,2,1,0,26.8,52.0,0,13,0.0,0,26,3,100.0,26,72.9,5,27.8,0,25,11,3.7,8.3,0.96
Tyler Eifert,7802,TE,CIN,4,18,0,7,0,-5.0,0,100.0,,0,0,0.0,0,0,0,78.7,48.7,0,2,12.5,1,8,1,87.5,7,79.2,1,5.6,0,2,7,7.0,2.0,0.29,9.9,0,88.9,66.7,2,3,11.1,1,5,0,50.4,65.4,0,16,0.0,0,55,8,92.7,51,142.1,9,50.0,1,83,9,1.1,10.4,1.63
T.J. Yeldon,9469,HB,JAX,4,18,0,15,0,-2.3,0,66.7,,0,0,0.0,0,0,0,84.5,67.8,0,10,0.0,0,6,2,100.0,6,82.6,3,16.7,0,18,23,11.5,9.0,3.0,4.0,0,0.0,,0,0,100.0,1,0,0,55.6,55.1,0,0,0.0,0,3,0,100.0,3,39.6,1,5.6,0,0,0,,,0.0
O.J. Howard,11774,TE,TB,4,17,0,30,0,0.0,0,100.0,,0,0,0.0,0,0,0,78.7,47.2,0,1,0.0,0,7,1,100.0,7,79.2,1,5.9,0,1,1,1.0,1.0,0.14,14.8,2,58.3,40.0,2,5,12.5,1,6,0,52.8,90.2,1,75,0.0,0,44,7,97.7,43,95.8,12,70.6,1,181,89,12.7,25.9,4.21
Rashard Higgins,10806,WR,CLV,4,17,0,8,0,-3.5,0,100.0,,0,0,0.0,0,0,0,84.5,46.3,0,4,0.0,0,22,2,100.0,22,79.2,2,11.8,0,1,8,4.0,0.5,0.05,19.0,0,100.0,,0,0,0.0,0,1,0,51.2,57.4,0,19,0.0,0,26,1,88.5,23,118.8,1,5.9,0,19,0,0.0,19.0,0.83
Benjamin Watson,1753,TE,NO,4,17,0,20,0,,0,,,0,0,,0,0,0,,44.0,0,0,16.7,2,12,0,83.3,10,0.0,0,0.0,0,0,0,,,0.0,8.6,0,90.9,75.0,3,4,0.0,0,5,0,86.5,72.1,0,21,1.6,1,62,10,95.2,59,104.2,11,64.7,0,99,17,1.7,9.9,1.68
Mike Williams,11762,WR,LAC,4,17,0,27,0,,0,,,0,0,,0,0,0,,50.8,0,0,0.0,0,3,0,100.0,3,0.0,0,0.0,0,0,0,,,0.0,15.2,0,80.0,100.0,1,1,0.0,0,4,0,83.6,72.1,0,20,0.0,0,33,4,97.0,32,158.3,5,29.4,1,67,8,2.0,16.8,2.09
Albert Wilson,8943,WR,MIA,4,17,0,17,0,-2.7,0,100.0,,0,0,0.0,0,1,0,91.4,80.0,0,74,0.0,0,17,7,94.1,16,158.3,7,41.2,1,89,108,15.4,12.7,5.56,-0.7,2,100.0,,0,0,0.0,0,3,0,86.5,85.9,0,74,3.6,1,28,7,78.6,22,158.3,7,41.2,2,119,124,17.7,17.0,5.41
Jordan Reed,7866,TE,WAS,3,17,0,32,0,-3.0,0,100.0,,0,0,0.0,0,0,0,78.7,53.2,0,6,0.0,0,6,1,100.0,6,91.7,1,5.9,0,6,9,9.0,6.0,1.0,4.4,1,85.7,,0,0,0.0,0,4,0,84.5,67.3,0,22,0.0,0,36,6,91.7,33,147.3,7,41.2,1,69,43,7.2,11.5,2.09
Tarik Cohen,11874,HB,CHI,4,16,0,6,0,-3.2,3,100.0,,0,0,0.0,0,3,0,90.9,87.8,0,31,0.0,0,14,6,92.9,13,104.2,6,37.5,0,54,73,12.2,9.0,4.15,30.0,0,100.0,,0,0,0.0,0,1,0,85.3,73.9,0,35,0.0,0,15,1,93.3,14,118.8,1,6.3,0,35,5,5.0,35.0,2.5
Bilal Powell,6278,HB,NYJ,4,16,0,22,0,-3.0,0,100.0,,0,0,0.0,0,1,0,88.7,87.9,0,10,27.3,3,11,2,63.6,7,91.7,2,12.5,0,12,18,9.0,6.0,1.71,10.0,0,50.0,,0,0,0.0,0,0,0,85.7,65.4,0,2,0.0,0,3,1,66.7,2,56.3,2,12.5,0,2,7,7.0,2.0,1.0
Giovani Bernard,7818,HB,CIN,4,16,0,7,0,-3.8,1,100.0,,0,0,0.0,0,2,0,90.9,93.7,0,17,0.0,0,8,6,100.0,8,92.4,6,37.5,0,37,60,10.0,6.2,4.63,,0,,,0,0,,0,0,0,84.1,59.8,0,0,0.0,0,1,0,100.0,1,0.0,0,0.0,0,0,0,,,0.0
Trey Burton,9185,TE,CHI,4,16,0,6,0,-1.0,0,100.0,,0,0,0.0,0,1,0,78.7,50.3,0,3,4.5,1,22,1,90.9,20,118.8,1,6.3,1,3,4,4.0,3.0,0.15,17.8,0,66.7,0.0,0,1,0.0,0,3,0,81.1,61.7,0,47,0.0,0,60,4,95.0,57,149.3,6,37.5,1,102,24,6.0,25.5,1.79
Todd Gurley II,9443,HB,LA,4,16,0,26,0,-4.8,2,100.0,,0,0,0.0,0,5,1,91.6,87.3,0,56,5.6,1,18,9,94.4,17,155.8,9,56.3,1,142,185,20.6,15.8,8.35,-0.3,0,100.0,,0,0,0.0,0,1,0,74.4,66.7,0,19,0.0,0,15,4,100.0,15,146.9,4,25.0,1,39,40,10.0,9.8,2.6
Austin Seferian-Jenkins,8673,TE,JAX,4,16,0,15,0,,0,,,0,0,,0,0,0,,42.1,0,0,0.0,0,7,0,100.0,7,0.0,0,0.0,0,0,0,,,0.0,8.8,0,66.7,100.0,1,1,0.0,0,3,0,83.6,80.8,0,21,0.0,0,24,4,100.0,24,122.2,6,37.5,1,36,7,1.8,9.0,1.5
Torrey Smith,6210,WR,CAR,3,15,0,5,0,,0,,,0,0,,0,0,0,,46.4,0,0,0.0,0,9,0,100.0,9,0.0,0,0.0,0,0,0,,,0.0,25.0,0,0.0,,0,0,,0,0,0,34.1,57.4,0,0,0.0,0,25,0,92.0,23,39.6,2,13.3,0,0,0,,,0.0
John Ross,11764,WR,CIN,4,15,0,7,0,,0,,,0,0,,0,0,0,,45.6,0,0,0.0,0,6,0,100.0,6,0.0,0,0.0,0,0,0,,,0.0,6.0,1,75.0,100.0,1,1,0.0,0,2,0,29.2,57.8,0,13,0.0,0,11,3,100.0,11,90.6,4,26.7,0,25,5,1.7,8.3,2.27
Austin Hooper,10715,TE,ATL,4,15,0,2,0,,0,,,0,0,,0,0,0,,44.5,0,0,12.5,1,8,0,87.5,7,0.0,0,0.0,0,0,0,,,0.0,6.0,0,66.7,,0,0,0.0,0,0,0,81.7,56.5,0,7,0.0,0,55,2,94.5,52,75.7,3,20.0,0,13,1,0.5,6.5,0.25
Zay Jones,11792,WR,BUF,4,15,0,4,0,,0,,,0,0,,0,0,0,,43.2,0,0,0.0,0,15,0,93.3,14,0.0,0,0.0,0,0,0,,,0.0,20.6,0,60.0,,0,0,0.0,0,1,0,80.0,52.1,1,57,0.0,0,81,3,98.8,80,64.6,5,33.3,0,76,9,3.0,25.3,0.95
Martavis Bryant,8753,WR,OAK,3,15,0,23,0,-2.7,0,66.7,,0,0,33.3,1,1,0,27.0,49.5,0,16,0.0,0,15,2,93.3,14,75.7,3,20.0,0,13,17,8.5,6.5,0.93,16.0,0,0.0,0.0,0,1,,0,0,0,43.5,62.4,0,0,0.0,0,5,0,100.0,5,39.6,1,6.7,0,0,0,,,0.0
Tyrell Williams,10154,WR,LAC,4,15,0,27,0,,0,,,0,0,,0,0,0,,44.5,0,0,0.0,0,10,0,100.0,10,0.0,0,0.0,0,0,0,,,0.0,13.8,0,80.0,100.0,1,1,0.0,0,2,1,82.2,61.7,0,24,0.0,0,57,4,94.7,54,115.0,5,33.3,0,58,19,4.8,14.5,1.07
Duke Johnson Jr.,9510,HB,CLV,4,15,0,8,0,0.2,1,50.0,,0,0,25.0,1,2,0,27.0,68.4,0,19,0.0,0,12,3,100.0,12,63.2,6,40.0,0,28,22,7.3,9.3,2.33,0.5,0,50.0,,0,0,50.0,1,1,0,39.8,53.6,0,8,0.0,0,6,1,83.3,5,60.4,2,13.3,0,8,8,8.0,8.0,1.6
Danny Amendola,4717,WR,MIA,4,15,0,17,0,-1.7,0,100.0,,0,0,0.0,0,0,0,88.7,48.8,0,5,0.0,0,17,3,94.1,16,84.7,3,20.0,0,13,18,6.0,4.3,0.81,6.0,0,92.3,66.7,2,3,0.0,0,5,0,84.9,59.4,0,18,0.0,0,86,12,90.7,78,102.9,13,86.7,0,113,47,3.9,9.4,1.45
Robby Anderson,11254,WR,NYJ,4,15,0,22,0,,0,,,0,0,,0,0,0,,41.2,0,0,0.0,0,17,0,100.0,17,0.0,0,0.0,0,0,0,,,0.0,19.6,0,60.0,0.0,0,1,0.0,0,1,1,80.6,48.0,0,17,0.0,0,50,3,98.0,49,74.6,5,33.3,0,27,5,1.7,9.0,0.55
Austin Ekeler,12164,HB,LAC,4,14,0,27,0,-2.0,1,100.0,,0,0,0.0,0,0,0,78.7,94.4,0,5,0.0,0,2,1,100.0,2,87.5,1,7.1,0,5,7,7.0,5.0,2.5,2.0,0,100.0,,0,0,0.0,0,0,0,84.9,96.2,0,3,0.0,0,6,1,100.0,6,79.2,1,7.1,0,3,1,1.0,3.0,0.5
Ty Montgomery,9527,HB,GB,4,14,0,12,0,-3.0,1,50.0,,0,0,0.0,0,0,0,78.7,84.2,1,9,0.0,0,9,1,100.0,9,22.9,2,14.3,0,9,14,14.0,9.0,1.0,,0,,,0,0,,0,0,0,84.9,83.1,0,0,0.0,0,6,0,100.0,6,0.0,0,0.0,0,0,0,,,0.0
Jack Doyle,8520,TE,IND,2,14,0,14,0,,0,,,0,0,,0,0,0,,46.2,0,0,0.0,0,9,0,100.0,9,0.0,0,0.0,0,0,0,,,0.0,8.4,0,71.4,100.0,2,2,0.0,0,1,1,82.2,51.9,1,13,0.0,0,44,5,95.5,42,48.8,7,50.0,0,45,14,2.8,9.0,1.07
Mark Andrews,47436,TE,BLT,4,14,0,3,0,,0,,,0,0,,0,0,0,,48.0,0,0,0.0,0,3,0,100.0,3,0.0,0,0.0,0,0,0,,,0.0,8.3,0,100.0,,0,0,0.0,0,5,0,83.6,77.6,0,29,0.0,0,44,6,93.2,41,150.7,6,42.9,1,64,15,2.5,10.7,1.56
Jakeem Grant,10820,WR,MIA,4,14,0,17,0,0.5,1,100.0,100.0,1,1,0.0,0,4,0,90.9,94.8,0,18,0.0,0,15,6,93.3,14,153.5,6,42.9,1,68,65,10.8,11.3,4.86,8.6,1,60.0,,0,0,0.0,0,2,0,82.2,74.6,1,18,0.0,0,13,3,69.2,9,79.6,5,35.7,1,33,33,11.0,11.0,3.67
Geoff Swaim,9679,TE,DAL,4,14,0,9,0,-5.0,0,100.0,,0,0,0.0,0,1,0,78.7,65.9,0,11,7.7,1,13,1,76.9,10,112.5,1,7.1,0,11,16,16.0,11.0,1.1,5.5,0,75.0,0.0,0,1,0.0,0,0,0,81.1,49.2,0,20,0.0,0,55,3,98.2,54,96.9,4,28.6,0,31,12,4.0,10.3,0.57
Keke Coutee,47698,WR,HST,1,14,0,13,0,-2.0,0,75.0,,0,0,25.0,1,1,0,27.0,61.0,0,12,0.0,0,5,3,100.0,5,79.2,4,28.6,0,14,26,8.7,4.7,2.8,2.5,0,81.8,,0,0,18.2,2,5,0,43.3,73.0,0,19,0.0,0,34,9,100.0,34,102.7,11,78.6,0,95,84,9.3,10.6,2.79
Trent Taylor,11932,WR,SF,4,14,0,28,0,-3.5,1,100.0,,0,0,0.0,0,0,0,84.5,72.4,0,7,0.0,0,9,2,88.9,8,91.7,2,14.3,0,12,19,9.5,6.0,1.5,8.1,0,50.0,0.0,0,2,0.0,0,1,0,82.2,54.1,1,10,0.0,0,63,5,92.1,58,19.6,10,71.4,0,37,16,3.2,7.4,0.64
Terrelle Pryor Sr.,6944,WR,NYJ,4,13,0,22,0,,0,,,0,0,,0,0,0,,42.8,0,0,0.0,0,12,0,100.0,12,0.0,0,0.0,0,0,0,,,0.0,16.0,0,100.0,,0,0,0.0,0,1,0,29.2,61.7,0,18,0.0,0,15,1,100.0,15,118.8,1,7.7,0,18,2,2.0,18.0,1.2
Jeff Heuerman,9525,TE,DEN,4,13,0,10,0,,0,,,0,0,,0,0,0,,39.7,0,0,0.0,0,10,0,100.0,10,0.0,0,0.0,0,0,0,,,0.0,4.5,0,50.0,,0,0,0.0,0,1,0,60.2,52.8,1,4,0.0,0,18,1,88.9,16,16.7,2,15.4,0,4,2,2.0,4.0,0.25
Vance McDonald,7836,TE,PIT,3,13,0,25,0,-3.7,0,100.0,,0,0,0.0,0,3,0,90.4,94.8,0,11,13.3,2,15,3,80.0,12,112.5,3,23.1,0,33,44,14.7,11.0,2.75,6.0,1,100.0,,0,0,0.0,0,1,0,84.0,79.4,0,13,0.0,0,11,2,100.0,11,106.3,2,15.4,0,19,7,3.5,9.5,1.73
Zach Pascal,12303,WR,IND,4,13,0,14,0,0.5,0,50.0,,0,0,0.0,0,0,0,78.7,54.5,0,3,0.0,0,5,1,100.0,5,56.3,2,15.4,0,3,6,6.0,3.0,0.6,11.5,1,100.0,100.0,1,1,0.0,0,2,0,80.6,70.0,0,18,0.0,0,12,2,91.7,11,118.8,2,15.4,0,25,2,1.0,12.5,2.27
Chris Hogan,6468,WR,NE,4,13,0,19,0,,0,,,0,0,,0,0,0,,43.1,0,0,0.0,0,14,0,100.0,14,0.0,0,0.0,0,0,0,,,0.0,12.7,0,66.7,0.0,0,2,0.0,0,4,0,81.7,61.1,0,29,0.0,0,89,6,94.4,84,131.0,9,69.2,2,73,28,4.7,12.2,0.87
Evan Engram,11778,TE,NYG,3,13,0,21,0,-5.0,0,100.0,,0,0,0.0,0,1,0,78.7,78.4,0,11,11.1,1,9,1,88.9,8,112.5,1,7.7,0,11,16,16.0,11.0,1.38,6.0,0,83.3,0.0,0,1,0.0,0,2,0,83.2,64.7,0,18,2.0,1,49,5,93.9,46,141.0,6,46.2,1,50,20,4.0,10.0,1.09
Nick Vannett,10728,TE,SEA,4,13,0,29,0,,0,,,0,0,,0,0,0,,44.8,0,0,50.0,3,6,0,50.0,3,0.0,0,0.0,0,0,0,,,0.0,5.5,0,100.0,,0,0,0.0,0,1,0,80.0,57.2,0,11,0.0,0,35,2,97.1,34,95.8,2,15.4,0,14,3,1.5,7.0,0.41
Ryan Switzer,11888,WR,PIT,4,13,0,25,0,-2.5,0,100.0,,0,0,0.0,0,1,0,84.5,92.9,0,11,0.0,0,4,2,100.0,4,79.2,2,15.4,0,6,11,5.5,3.0,1.5,2.9,0,85.7,100.0,1,1,0.0,0,3,0,60.3,73.0,0,11,0.0,0,27,6,81.5,22,88.1,7,53.8,0,36,19,3.2,6.0,1.64
Nick Boyle,9604,TE,BLT,4,13,0,3,0,1.0,0,100.0,,0,0,0.0,0,1,0,88.7,93.0,0,19,20.0,1,5,2,60.0,3,118.8,2,15.4,0,28,26,13.0,14.0,9.33,5.8,0,50.0,0.0,0,1,50.0,2,1,0,26.6,41.8,0,17,0.0,0,10,2,100.0,10,65.6,4,30.8,0,21,7,3.5,10.5,2.1
Paul Richardson Jr.,8680,WR,WAS,3,13,0,32,0,-3.0,0,100.0,,0,0,0.0,0,0,0,78.7,49.6,0,7,0.0,0,11,1,100.0,11,95.8,1,7.7,0,7,10,10.0,7.0,0.64,10.5,0,100.0,,0,0,0.0,0,1,0,81.7,57.4,0,34,0.0,0,33,2,87.9,29,118.8,2,15.4,0,41,20,10.0,20.5,1.41
Antonio Gates,1609,TE,LAC,4,12,0,27,0,-1.0,0,0.0,,0,0,,0,0,0,,48.0,0,0,0.0,0,2,0,100.0,2,39.6,1,8.3,0,0,0,,,0.0,8.3,1,100.0,,0,0,0.0,0,4,0,81.7,71.4,0,27,4.5,2,44,4,90.9,40,152.1,4,33.3,1,44,19,4.8,11.0,1.1
Marshawn Lynch,3628,HB,OAK,4,12,0,23,0,-2.3,1,100.0,,0,0,0.0,0,1,0,88.7,99.9,0,14,12.5,1,8,3,75.0,6,95.8,3,25.0,0,21,28,9.3,7.0,3.5,1.0,1,100.0,,0,0,0.0,0,1,0,37.9,74.7,0,14,0.0,0,1,1,100.0,1,118.8,1,8.3,0,14,13,13.0,14.0,14.0
Jarius Wright,7118,WR,CAR,3,12,0,5,0,-3.0,2,100.0,,0,0,0.0,0,0,1,78.7,52.0,0,10,0.0,0,5,1,100.0,5,108.3,1,8.3,0,10,13,13.0,10.0,2.0,6.2,0,72.7,66.7,2,3,11.1,1,7,0,57.4,67.3,0,22,0.0,0,65,8,95.4,62,124.1,11,91.7,1,82,24,3.0,10.3,1.32
Jermaine Kearse,7428,WR,NYJ,3,12,0,22,0,-2.0,0,50.0,,0,0,0.0,0,0,0,78.7,48.8,0,-1,0.0,0,8,1,100.0,8,56.3,2,16.7,0,-1,0,0.0,-1.0,-0.13,11.0,0,50.0,0.0,0,1,0.0,0,3,0,80.0,66.4,1,12,1.7,1,60,5,93.3,56,22.1,10,83.3,0,43,5,1.0,8.6,0.77
Deonte Thompson,7513,WR,DAL,4,12,0,9,0,,0,,,0,0,,0,0,0,,46.6,0,0,0.0,0,9,0,88.9,8,0.0,0,0.0,0,0,0,,,0.0,5.0,0,100.0,,0,0,0.0,0,0,0,53.3,68.4,0,5,0.0,0,12,1,91.7,11,87.5,1,8.3,0,5,0,0.0,5.0,0.45
Kyle Juszczyk,7912,FB,SF,4,12,0,28,0,,0,,,0,0,,0,0,0,,49.9,0,0,0.0,0,3,0,100.0,3,0.0,0,0.0,0,0,0,,,0.0,30.0,1,100.0,,0,0,0.0,0,1,0,77.3,74.8,0,56,0.0,0,6,1,100.0,6,118.8,1,8.3,0,56,26,26.0,56.0,9.33
Bruce Ellington,8741,WR,HST,3,12,0,13,0,,0,,,0,0,,0,0,0,,48.1,0,0,0.0,0,3,0,100.0,3,0.0,0,0.0,0,0,0,,,0.0,10.8,1,55.6,0.0,0,4,16.7,1,4,0,57.4,68.0,0,23,0.0,0,58,5,94.8,55,84.0,9,75.0,0,77,27,5.4,15.4,1.4
Allen Hurns,8931,WR,DAL,4,12,0,9,0,,0,,,0,0,,0,0,0,,45.0,0,0,0.0,0,9,0,88.9,8,0.0,0,0.0,0,0,0,,,0.0,18.0,0,100.0,,0,0,0.0,0,1,0,80.0,66.1,0,20,0.0,0,13,1,84.6,11,118.8,1,8.3,0,20,2,2.0,20.0,1.82
Maxx Williams,9488,TE,BLT,4,12,0,3,0,,0,,,0,0,,0,0,0,,43.5,0,0,50.0,1,2,0,50.0,1,0.0,0,0.0,0,0,0,,,0.0,5.0,0,100.0,,0,0,0.0,0,1,0,78.0,66.2,0,4,0.0,0,13,1,84.6,11,83.3,1,8.3,0,4,-1,-1.0,4.0,0.36
Jesse James,9593,TE,PIT,4,12,0,25,0,,0,,,0,0,,0,0,0,,34.3,0,0,7.1,1,14,0,92.9,13,0.0,0,0.0,0,0,0,,,0.0,11.3,0,50.0,,0,0,33.3,1,2,0,51.2,75.9,1,32,0.0,0,31,2,90.3,28,51.0,4,33.3,0,45,16,8.0,22.5,1.61
Kenyan Drake,10707,HB,MIA,4,12,0,17,0,-3.0,0,100.0,,0,0,0.0,0,1,0,88.7,77.0,0,13,6.7,1,15,3,86.7,13,88.9,3,25.0,0,16,25,8.3,5.3,1.23,,0,,,0,0,,0,0,0,63.2,53.0,0,0,0.0,0,2,0,100.0,2,0.0,0,0.0,0,0,0,,,0.0
Jordan Howard,10784,HB,CHI,4,12,0,6,0,-3.3,0,66.7,0.0,0,1,0.0,0,1,0,84.5,91.6,0,13,7.1,1,14,2,85.7,12,82.6,3,25.0,0,18,25,12.5,9.0,1.5,,0,,,0,0,,0,0,0,81.1,69.3,0,0,,0,0,0,,0,0.0,0,0.0,0,0,0,,,
Chad Williams,11853,WR,ARZ,4,12,0,1,0,,0,,,0,0,,0,0,0,,47.8,0,0,0.0,0,7,0,85.7,6,0.0,0,0.0,0,0,0,,,0.0,,0,,,0,0,,0,0,0,68.3,45.1,0,0,0.0,0,9,0,100.0,9,0.0,0,0.0,0,0,0,,,0.0
Matt Breida,12271,HB,SF,4,12,0,28,0,-5.0,3,100.0,,0,0,0.0,0,2,0,90.2,99.9,0,20,0.0,0,7,4,85.7,6,107.3,4,33.3,0,39,59,14.8,9.8,6.5,2.3,3,75.0,,0,0,0.0,0,1,0,82.2,83.0,0,20,0.0,0,12,3,91.7,11,97.9,4,33.3,0,32,42,14.0,10.7,2.91
Michael Gallup,26075,WR,DAL,4,12,0,9,0,,0,,,0,0,,0,0,0,,49.4,0,0,0.0,0,3,0,66.7,2,0.0,0,0.0,0,0,0,,,0.0,6.0,0,0.0,0.0,0,1,,0,0,0,25.8,46.7,0,0,0.0,0,9,0,77.8,7,39.6,1,8.3,0,0,0,,,0.0
Will Dissly,30762,TE,SEA,4,12,0,29,0,,0,,,0,0,,0,0,0,,48.4,0,0,40.0,2,5,0,60.0,3,0.0,0,0.0,0,0,0,,,0.0,9.0,1,100.0,,0,0,0.0,0,2,0,76.5,66.5,0,34,0.0,0,31,2,93.5,29,158.3,2,16.7,1,36,19,9.5,18.0,1.24
Kerryon Johnson,34455,HB,DET,4,12,0,11,0,-4.7,1,66.7,,0,0,0.0,0,0,0,84.5,93.7,0,9,0.0,0,8,2,100.0,8,81.3,3,25.0,0,17,27,13.5,8.5,2.13,,0,,,0,0,,0,0,0,81.7,84.0,0,0,,0,0,0,,0,0.0,0,0.0,0,0,0,,,
Dallas Goedert,47272,TE,PHI,4,12,0,24,0,,0,,,0,0,,0,0,0,,45.7,0,0,0.0,0,4,0,100.0,4,0.0,0,0.0,0,0,0,,,0.0,6.5,0,100.0,100.0,1,1,0.0,0,1,0,79.4,60.8,0,12,0.0,0,25,2,92.0,23,104.2,2,16.7,0,18,5,2.5,9.0,0.78
Rhett Ellison,7128,TE,NYG,4,11,0,21,0,,0,,,0,0,,0,0,0,,41.8,0,0,12.5,1,8,0,75.0,6,0.0,0,0.0,0,0,0,,,0.0,9.5,0,50.0,,0,0,0.0,0,1,0,77.3,54.0,0,16,5.7,2,35,1,94.3,33,116.7,2,18.2,1,16,3,3.0,16.0,0.48
Anthony Miller,48160,WR,CHI,3,11,0,6,0,-1.0,0,100.0,,0,0,0.0,0,1,0,88.7,67.1,0,15,0.0,0,12,2,83.3,10,104.2,2,18.2,0,18,20,10.0,9.0,1.8,5.0,0,85.7,100.0,1,1,0.0,0,3,0,54.3,62.2,0,15,0.0,0,52,6,90.4,47,90.5,7,63.6,0,40,31,5.2,6.7,0.85
Jake Butt,11900,TE,DEN,3,11,0,10,0,0.0,0,100.0,,0,0,0.0,0,0,0,78.7,53.2,0,8,0.0,0,4,1,100.0,4,100.0,1,9.1,0,8,8,8.0,8.0,2.0,4.8,1,75.0,0.0,0,1,0.0,0,1,0,78.0,65.1,1,14,0.0,0,19,3,89.5,17,53.1,4,36.4,0,27,18,6.0,9.0,1.59
Jamison Crowder,9538,WR,WAS,3,11,0,32,0,-2.0,0,100.0,,0,0,0.0,0,0,0,84.5,52.3,0,6,0.0,0,10,2,100.0,10,79.2,2,18.2,0,6,10,5.0,3.0,0.6,7.5,1,80.0,,0,0,0.0,0,4,0,82.2,55.8,0,18,0.0,0,87,8,93.1,81,130.4,10,90.9,1,73,40,5.0,9.1,0.9
Ryan Griffin,7982,TE,HST,4,11,0,13,0,,0,,,0,0,,0,0,0,,44.0,0,0,0.0,0,6,0,50.0,3,0.0,0,0.0,0,0,0,,,0.0,12.4,0,60.0,0.0,0,1,0.0,0,2,0,75.6,52.5,0,32,0.0,0,76,3,92.1,70,104.2,5,45.5,0,63,25,8.3,21.0,0.9
Devontae Booker,10770,HB,DEN,4,11,0,10,0,-4.0,0,100.0,,0,0,0.0,0,0,0,84.5,59.7,0,9,14.3,1,7,2,85.7,6,100.0,2,18.2,0,16,24,12.0,8.0,2.67,1.0,0,100.0,,0,0,0.0,0,1,0,81.4,70.7,0,7,0.0,0,6,1,100.0,6,95.8,1,9.1,0,7,6,6.0,7.0,1.17
Charles Clay,6326,TE,BUF,4,11,0,4,0,-2.5,0,100.0,,0,0,0.0,0,1,0,84.5,81.5,0,13,10.0,1,10,2,90.0,9,104.2,2,18.2,0,18,23,11.5,9.0,2.0,4.6,1,80.0,,0,0,0.0,0,3,0,78.7,55.1,0,17,2.0,1,49,4,91.8,45,100.0,5,45.5,0,40,20,5.0,10.0,0.89
Dalvin Cook,11796,HB,MIN,3,11,0,18,0,-5.6,8,80.0,,0,0,20.0,1,1,0,28.1,83.2,0,15,14.3,1,7,4,85.7,6,85.0,5,45.5,0,22,44,11.0,5.5,3.67,3.0,0,100.0,,0,0,0.0,0,0,0,52.8,90.8,0,8,0.0,0,3,1,100.0,3,100.0,1,9.1,0,8,5,5.0,8.0,2.67
Chris Conley,9509,WR,KC,4,11,0,16,0,-2.0,0,100.0,,0,0,0.0,0,0,0,78.7,44.2,0,2,0.0,0,19,1,89.5,17,79.2,1,9.1,0,2,4,4.0,2.0,0.12,7.4,3,80.0,0.0,0,1,0.0,0,1,1,82.2,57.3,0,15,2.2,2,89,4,83.1,74,125.4,5,45.5,1,23,7,1.8,5.8,0.31
Tevin Coleman,9506,HB,ATL,4,11,0,2,0,-8.0,0,100.0,,0,0,0.0,0,1,0,78.7,91.6,0,26,0.0,0,4,1,100.0,4,118.8,1,9.1,0,26,34,34.0,26.0,6.5,3.0,0,100.0,,0,0,0.0,0,0,0,81.1,67.4,0,4,0.0,0,8,1,100.0,8,83.3,1,9.1,0,4,1,1.0,4.0,0.5
Andre Holmes,6489,WR,BUF,4,11,0,4,0,-3.0,0,100.0,,0,0,0.0,0,0,0,78.7,48.8,0,4,0.0,0,9,1,100.0,9,83.3,1,9.1,0,4,7,7.0,4.0,0.44,3.0,0,100.0,100.0,1,1,0.0,0,0,0,27.1,44.7,0,3,0.0,0,10,1,100.0,10,79.2,1,9.1,0,3,0,0.0,3.0,0.3
Cordarrelle Patterson,7810,WR,NE,4,11,0,19,0,-3.8,0,75.0,,0,0,25.0,1,1,0,27.0,55.3,0,18,0.0,0,10,3,100.0,10,88.5,4,36.4,0,23,33,11.0,7.7,2.3,2.0,1,60.0,0.0,0,1,25.0,1,1,0,49.6,60.7,0,55,0.0,0,15,3,100.0,15,137.5,5,45.5,1,55,43,14.3,18.3,3.67
Lamar Miller,7097,HB,HST,4,10,0,13,0,-6.0,0,100.0,,0,0,0.0,0,0,0,84.5,59.7,0,-2,0.0,0,8,1,62.5,5,79.2,1,10.0,0,-2,4,4.0,-2.0,-0.4,,0,,,0,0,,0,0,0,54.3,41.1,0,0,0.0,0,1,0,100.0,1,0.0,0,0.0,0,0,0,,,0.0
Corey Clement,12253,HB,PHI,3,10,0,24,0,-6.5,1,100.0,,0,0,0.0,0,2,0,90.2,92.5,0,19,0.0,0,6,4,100.0,6,111.5,4,40.0,0,43,69,17.3,10.8,7.17,-4.0,0,100.0,,0,0,0.0,0,0,0,80.6,57.8,0,15,0.0,0,2,1,100.0,2,118.8,1,10.0,0,15,19,19.0,15.0,7.5
C.J. Ham,11347,FB,MIN,4,10,0,18,0,,0,,,0,0,,0,0,0,,,0,0,,0,0,0,,0,0.0,0,0.0,0,0,0,,,,1.0,0,0.0,,0,0,,0,0,0,58.5,64.2,0,0,0.0,0,3,0,100.0,3,39.6,1,10.0,0,0,0,,,0.0
Joshua Perkins,11051,TE,PHI,4,10,0,24,0,,0,,,0,0,,0,0,0,,50.7,0,0,0.0,0,2,0,100.0,2,0.0,0,0.0,0,0,0,,,0.0,9.0,0,66.7,50.0,1,2,20.0,1,3,0,27.4,57.5,0,30,0.0,0,22,4,95.5,21,97.2,6,60.0,0,57,11,2.8,14.3,2.71
Corey Grant,9827,HB,JAX,4,10,0,15,0,-3.3,0,66.7,,0,0,0.0,0,0,0,84.5,58.5,0,-1,0.0,0,11,2,90.9,10,70.1,3,30.0,0,-2,4,2.0,-1.0,-0.2,-3.3,2,100.0,,0,0,0.0,0,1,0,79.4,89.1,0,13,0.0,0,7,3,100.0,7,95.8,3,30.0,0,21,31,10.3,7.0,3.0
LeSean McCoy,4976,HB,BUF,3,10,0,4,0,-5.3,0,100.0,,0,0,0.0,0,0,0,90.2,74.7,0,8,0.0,0,7,4,100.0,7,80.2,4,40.0,0,13,34,8.5,3.3,1.86,,0,,,0,0,,0,0,0,62.1,53.0,0,0,0.0,0,1,0,100.0,1,0.0,0,0.0,0,0,0,,,0.0
Josh Doctson,10656,WR,WAS,3,10,0,32,0,,0,,,0,0,,0,0,0,,45.7,0,0,0.0,0,11,0,100.0,11,0.0,0,0.0,0,0,0,,,0.0,,0,,,0,0,,0,0,0,49.2,51.5,0,0,0.0,0,23,0,91.3,21,0.0,0,0.0,0,0,0,,,0.0
James Washington,47792,WR,PIT,4,10,0,25,0,,0,,,0,0,,0,0,0,78.7,43.4,0,0,0.0,0,20,0,95.0,19,0.0,0,0.0,0,0,0,,,0.0,12.0,0,100.0,100.0,2,2,0.0,0,2,0,80.0,54.5,0,13,0.0,0,11,2,100.0,11,118.8,2,20.0,0,25,1,0.5,12.5,2.27
Virgil Green,6356,TE,LAC,4,9,0,27,0,,0,,,0,0,,0,0,0,,41.2,0,0,14.3,1,7,0,85.7,6,0.0,0,0.0,0,0,0,,,0.0,,0,,,0,0,,0,0,0,77.3,61.2,0,0,0.0,0,17,0,100.0,17,0.0,0,0.0,0,0,0,,,0.0
Jason Croom,12145,TE,BUF,4,9,0,4,0,,0,,,0,0,,0,0,0,,48.5,0,0,25.0,1,4,0,75.0,3,0.0,0,0.0,0,0,0,,,0.0,8.8,0,100.0,,0,0,0.0,0,3,0,77.3,65.1,0,26,0.0,0,17,4,100.0,17,158.3,4,44.4,1,55,20,5.0,13.8,3.24
Wendell Smallwood,10787,HB,PHI,4,9,0,24,0,-6.5,0,100.0,,0,0,0.0,0,0,0,88.7,64.7,0,-3,11.1,1,9,2,77.8,7,79.2,2,22.2,0,-11,2,1.0,-5.5,-1.57,,0,,,0,0,,0,0,0,38.4,41.7,0,0,0.0,0,2,0,50.0,1,0.0,0,0.0,0,0,0,,,0.0
Tajae Sharpe,10774,WR,TEN,4,9,0,31,0,,0,,,0,0,,0,0,0,,44.1,0,0,0.0,0,8,0,100.0,8,0.0,0,0.0,0,0,0,,,0.0,16.7,0,33.3,0.0,0,1,0.0,0,1,0,49.2,64.0,0,11,0.0,0,17,1,100.0,17,84.7,3,33.3,1,11,0,0.0,11.0,0.65
Ian Thomas,42130,TE,CAR,3,9,0,5,0,-6.0,0,100.0,,0,0,0.0,0,0,0,78.7,50.5,0,-3,0.0,0,7,1,100.0,7,79.2,1,11.1,0,-3,3,3.0,-3.0,-0.43,11.3,0,33.3,,0,0,50.0,1,1,0,29.7,43.9,0,8,1.7,1,58,1,98.3,57,42.4,3,33.3,0,8,3,3.0,8.0,0.14
Robert Foster,48230,WR,BUF,4,9,0,4,0,-4.0,0,100.0,,0,0,0.0,0,1,0,78.7,75.6,0,11,0.0,0,7,1,100.0,7,112.5,1,11.1,0,11,15,15.0,11.0,1.57,46.0,0,0.0,0.0,0,1,,0,0,0,64.7,51.4,0,0,0.0,0,9,0,100.0,9,39.6,2,22.2,0,0,0,,,0.0
Cameron Brate,9207,TE,TB,4,9,0,30,0,,0,,,0,0,,0,0,0,,45.3,0,0,14.3,1,7,0,85.7,6,0.0,0,0.0,0,0,0,,,0.0,10.8,0,50.0,100.0,1,1,33.3,1,1,0,35.3,46.3,1,16,0.0,0,47,2,97.9,46,67.7,4,44.4,1,23,6,3.0,11.5,0.5
Marquise Goodwin,7859,WR,SF,3,9,0,28,0,,0,,,0,0,,0,0,0,,49.5,0,0,0.0,0,3,0,100.0,3,0.0,0,0.0,0,0,0,,,0.0,9.5,0,50.0,50.0,1,2,0.0,0,1,0,75.6,62.0,0,13,0.0,0,15,1,100.0,15,70.8,2,22.2,0,13,0,0.0,13.0,0.87
Alex Collins,10805,HB,BLT,4,9,0,3,0,-2.0,1,100.0,,0,0,0.0,0,0,0,78.7,93.1,0,8,0.0,0,3,1,66.7,2,100.0,1,11.1,0,8,10,10.0,8.0,4.0,-3.0,0,100.0,,0,0,0.0,0,0,0,77.3,59.1,0,-3,0.0,0,2,1,100.0,2,79.2,1,11.1,0,-3,0,0.0,-3.0,-1.5
Alshon Jeffery,7048,WR,PHI,1,9,0,24,0,-2.0,0,100.0,,0,0,0.0,0,1,0,78.7,73.7,0,15,0.0,0,8,1,100.0,8,118.8,1,11.1,0,15,17,17.0,15.0,1.88,26.0,0,50.0,100.0,1,1,0.0,0,1,0,80.6,74.8,0,31,0.0,0,12,1,100.0,12,95.8,2,22.2,0,31,3,3.0,31.0,2.58
Chase Edmonds,45851,HB,ARZ,4,9,0,1,0,-1.0,0,100.0,,0,0,0.0,0,0,0,78.7,74.4,0,5,0.0,0,2,1,100.0,2,87.5,1,11.1,0,5,6,6.0,5.0,2.5,,0,,,0,0,,0,0,0,82.2,83.4,0,0,0.0,0,2,0,100.0,2,0.0,0,0.0,0,0,0,,,0.0
C.J. Uzomah,9590,TE,CIN,4,8,0,7,0,,0,,,0,0,,0,0,0,,46.7,0,0,33.3,2,6,0,66.7,4,0.0,0,0.0,0,0,0,,,0.0,5.5,0,50.0,,0,0,50.0,1,0,0,29.2,40.0,0,6,0.0,0,27,1,96.3,26,56.3,2,25.0,0,6,1,1.0,6.0,0.23
Jaron Brown,8128,WR,SEA,4,8,0,29,0,,0,,,0,0,,0,0,0,,51.1,0,0,25.0,1,4,0,75.0,3,0.0,0,0.0,0,0,0,,,0.0,9.7,0,100.0,,0,0,0.0,0,1,0,78.0,58.0,0,19,0.0,0,28,3,100.0,28,115.3,3,37.5,0,35,6,2.0,11.7,1.25
Latavius Murray,7962,HB,MIN,4,8,0,18,0,,0,,,0,0,,0,0,0,,48.3,0,0,40.0,2,5,0,60.0,3,0.0,0,0.0,0,0,0,,,0.0,,0,,,0,0,,0,0,0,79.4,63.1,0,0,,0,0,0,,0,0.0,0,0.0,0,0,0,,,
Jordan Akins,47050,TE,HST,4,8,0,13,0,,0,,,0,0,,0,0,0,,47.0,0,0,0.0,0,4,0,100.0,4,0.0,0,0.0,0,0,0,,,0.0,4.8,1,100.0,,0,0,0.0,0,3,0,81.1,60.4,0,18,0.0,0,48,5,95.8,46,110.0,5,62.5,0,52,28,5.6,10.4,1.13
Doug Baldwin,6615,WR,SEA,2,8,0,29,0,,0,,,0,0,,0,0,0,,55.9,0,0,0.0,0,1,0,100.0,1,0.0,0,0.0,0,0,0,,,0.0,9.5,0,62.5,0.0,0,1,0.0,0,1,0,78.7,55.6,0,18,0.0,0,28,5,92.9,26,75.5,8,100.0,0,41,9,1.8,8.2,1.58
Joe Mixon,11803,HB,CIN,2,8,0,7,0,-3.7,0,100.0,,0,0,0.0,0,2,0,88.7,92.1,0,21,0.0,0,5,3,100.0,5,118.8,3,37.5,0,41,52,17.3,13.7,8.2,-3.0,0,100.0,,0,0,0.0,0,0,0,52.1,53.6,0,5,0.0,0,2,1,100.0,2,87.5,1,12.5,0,5,8,8.0,5.0,2.5
Ito Smith,45932,HB,ATL,3,8,0,2,0,,0,,,0,0,,0,0,0,,51.3,0,0,0.0,0,2,0,100.0,2,0.0,0,0.0,0,0,0,,,0.0,,0,,,0,0,,0,0,0,77.3,68.8,0,0,,0,0,0,,0,0.0,0,0.0,0,0,0,,,
Rashaad Penny,27414,HB,SEA,4,7,0,29,0,-5.0,0,100.0,,0,0,0.0,0,0,0,78.7,75.5,0,4,0.0,0,2,1,100.0,2,83.3,1,14.3,0,4,9,9.0,4.0,2.0,,0,,,0,0,,0,0,0,28.4,34.7,0,0,,0,0,0,,0,0.0,0,0.0,0,0,0,,,
Wayne Gallman,11895,HB,NYG,4,7,0,21,0,-5.0,0,50.0,0.0,0,1,0.0,0,0,0,78.7,63.3,0,-1,0.0,0,3,1,100.0,3,56.3,2,28.6,0,-1,3,3.0,-1.0,-0.33,,0,,,0,0,,0,0,0,79.4,80.5,0,0,,0,0,0,,0,0.0,0,0.0,0,0,0,,,
Dante Pettis,48113,WR,SF,3,7,0,28,0,,0,,,0,0,,0,0,0,,46.8,0,0,0.0,0,6,0,83.3,5,0.0,0,0.0,0,0,0,,,0.0,18.4,0,60.0,0.0,0,1,0.0,0,3,0,73.4,69.9,0,39,0.0,0,28,3,100.0,28,143.8,5,71.4,1,96,37,12.3,32.0,3.43
Seth Roberts,9079,WR,OAK,3,7,0,23,0,0.0,0,100.0,,0,0,0.0,0,2,0,84.5,89.9,0,13,0.0,0,10,2,90.0,9,116.7,2,28.6,0,24,24,12.0,12.0,2.67,7.5,0,83.3,,0,0,16.7,1,3,0,29.5,54.2,0,20,0.0,0,59,5,89.8,53,145.1,6,85.7,1,56,27,5.4,11.2,1.06
Marcus Murphy,9663,HB,BUF,3,7,0,4,0,-3.0,0,100.0,,0,0,0.0,0,0,0,78.7,61.0,0,1,0.0,0,3,1,100.0,3,79.2,1,14.3,0,1,4,4.0,1.0,0.33,,0,,,0,0,,0,0,0,25.9,26.6,0,0,0.0,0,3,0,100.0,3,0.0,0,0.0,0,0,0,,,0.0
Kendrick Bourne,12270,WR,SF,4,7,0,28,0,,0,,,0,0,,0,0,0,,47.8,0,0,0.0,0,3,0,100.0,3,0.0,0,0.0,0,0,0,,,0.0,,0,,,0,0,,0,0,0,73.4,72.8,0,0,20.0,2,10,0,70.0,7,0.0,0,0.0,0,0,0,,,0.0
Chris Herndon,47164,TE,NYJ,4,7,0,22,0,-9.0,0,100.0,,0,0,0.0,0,0,0,78.7,45.5,0,-8,10.0,1,10,1,80.0,8,79.2,1,14.3,0,-8,1,1.0,-8.0,-1.0,11.0,1,100.0,,0,0,0.0,0,3,1,60.2,57.9,0,18,0.0,0,30,4,83.3,25,118.8,4,57.1,0,55,11,2.8,13.8,2.2
Chris Carson,12004,HB,SEA,3,7,0,29,0,,0,,,0,0,,0,0,0,78.7,96.3,0,0,0.0,0,4,0,75.0,3,0.0,0,0.0,0,0,0,,,0.0,,0,,,0,0,,0,0,0,58.5,67.8,0,0,,0,0,0,,0,0.0,0,0.0,0,0,0,,,
Luke Willson,7940,TE,DET,4,7,0,11,0,,0,,,0,0,,0,0,0,,38.8,0,0,18.2,2,11,0,81.8,9,0.0,0,0.0,0,0,0,,,0.0,21.0,0,0.0,,0,0,,0,0,0,72.1,46.5,1,0,5.6,1,18,0,94.4,17,0.0,1,14.3,0,0,0,,,0.0
Jacquizz Rodgers,6297,HB,TB,4,7,0,30,0,-1.5,0,100.0,,0,0,0.0,0,0,0,84.5,78.5,0,13,0.0,0,4,2,100.0,4,97.9,2,28.6,0,15,18,9.0,7.5,3.75,,0,,,0,0,,0,0,0,78.0,61.7,0,0,,0,0,0,,0,0.0,0,0.0,0,0,0,,,
Kamar Aiken,6671,WR,PHI,3,7,0,24,0,,0,,,0,0,,0,0,0,,45.2,0,0,0.0,0,9,0,77.8,7,0.0,0,0.0,0,0,0,,,0.0,11.5,0,100.0,100.0,1,1,0.0,0,1,0,78.7,53.5,0,18,0.0,0,16,2,81.3,13,118.8,2,28.6,0,28,5,2.5,14.0,2.15
Mike Gesicki,47153,TE,MIA,4,7,0,17,0,-1.0,0,100.0,,0,0,0.0,0,0,0,78.7,36.1,0,1,0.0,0,14,1,92.9,13,79.2,1,14.3,0,1,2,2.0,1.0,0.08,11.0,0,100.0,100.0,1,1,0.0,0,0,0,75.6,57.3,0,11,7.1,1,14,1,85.7,12,112.5,1,14.3,0,11,0,0.0,11.0,0.92
Jordan Wilkins,26618,HB,IND,4,7,0,14,0,-6.0,0,100.0,,0,0,0.0,0,0,0,84.5,61.1,0,6,0.0,0,10,2,100.0,10,79.2,2,28.6,0,6,18,9.0,3.0,0.6,-4.5,0,100.0,,0,0,0.0,0,0,0,80.6,52.7,0,1,0.0,0,3,2,100.0,3,79.2,2,28.6,0,1,10,5.0,0.5,0.33
Delanie Walker,3120,TE,TEN,1,7,0,31,0,,0,,,0,0,,0,0,0,,39.5,0,0,0.0,0,5,0,100.0,5,0.0,0,0.0,0,0,0,,,0.0,8.7,0,33.3,,0,0,0.0,0,1,0,72.1,72.7,1,15,0.0,0,9,1,100.0,9,11.1,3,42.9,0,15,4,4.0,15.0,1.67
Phillip Lindsay,12660,HB,DEN,4,6,0,10,0,-5.0,0,100.0,,0,0,0.0,0,0,0,78.7,61.1,0,5,0.0,0,3,1,100.0,3,87.5,1,16.7,0,5,10,10.0,5.0,1.67,-0.5,0,100.0,,0,0,0.0,0,0,0,77.3,64.6,0,5,0.0,0,5,2,100.0,5,87.5,2,33.3,0,10,11,5.5,5.0,2.0
Isaiah Crowell,9295,HB,NYJ,4,6,0,22,0,-6.0,0,100.0,,0,0,0.0,0,0,0,84.5,54.2,0,3,0.0,0,9,2,100.0,9,79.2,2,33.3,0,0,12,6.0,0.0,0.0,,0,,,0,0,,0,0,0,76.5,54.3,0,0,0.0,0,3,0,100.0,3,0.0,0,0.0,0,0,0,,,0.0
Darren Sproles,2347,HB,PHI,1,6,0,24,0,,0,,,0,0,,0,0,0,,53.5,0,0,0.0,0,1,0,100.0,1,0.0,0,0.0,0,0,0,,,0.0,6.0,0,0.0,,0,0,,0,0,0,29.8,39.6,0,0,0.0,0,2,0,100.0,2,39.6,1,16.7,0,0,0,,,0.0
Josh Hill,8200,TE,NO,4,6,0,20,0,-4.5,1,100.0,,0,0,0.0,0,1,0,84.5,75.3,0,15,10.0,1,10,2,80.0,8,108.3,2,33.3,0,20,29,14.5,10.0,2.5,13.0,0,100.0,,0,0,0.0,0,1,0,75.6,61.3,0,20,0.0,0,24,1,95.8,23,118.8,1,16.7,0,20,7,7.0,20.0,0.87
Chris Ivory,6007,HB,BUF,4,6,0,4,0,-5.5,2,50.0,,0,0,0.0,0,1,0,78.7,95.3,0,30,16.7,1,6,1,66.7,4,95.8,2,33.3,0,30,37,37.0,30.0,7.5,,0,,,0,0,,0,0,0,74.6,81.1,0,0,,0,0,0,,0,0.0,0,0.0,0,0,0,,,
James Develin,6142,FB,NE,4,6,0,19,0,,0,,,0,0,,0,0,0,,53.3,0,0,0.0,0,1,0,100.0,1,0.0,0,0.0,0,0,0,,,0.0,,0,,,0,0,,0,0,0,72.1,55.5,0,0,0.0,0,2,0,100.0,2,0.0,0,0.0,0,0,0,,,0.0
Adrian Peterson,3623,HB,WAS,3,6,0,32,0,-5.0,1,100.0,,0,0,0.0,0,2,0,84.5,98.7,0,21,33.3,1,3,2,66.7,2,118.8,2,33.3,0,39,49,24.5,19.5,19.5,,0,,,0,0,,0,0,0,73.4,43.9,0,0,,0,0,0,,0,0.0,0,0.0,0,0,0,,,
Tavon Austin,7789,WR,DAL,4,6,0,9,0,-4.0,0,100.0,,0,0,0.0,0,1,0,84.5,79.9,0,3,0.0,0,7,1,85.7,6,118.8,1,16.7,1,3,7,7.0,3.0,0.5,,0,,,0,0,,0,0,0,72.1,50.6,0,0,0.0,0,12,0,100.0,12,0.0,0,0.0,0,0,0,,,0.0
Carlos Hyde,8692,HB,CLV,4,6,0,8,0,-4.5,0,75.0,100.0,1,1,0.0,0,0,0,88.7,69.5,0,7,8.3,1,12,3,91.7,11,77.1,4,66.7,0,10,24,8.0,3.3,0.91,,0,,,0,0,,0,0,0,72.1,53.1,0,0,0.0,0,1,0,100.0,1,0.0,0,0.0,0,0,0,,,0.0
Luke Stocker,6256,TE,TEN,4,6,0,31,0,5.0,0,100.0,,0,0,0.0,0,1,0,78.7,90.2,0,11,22.2,2,9,1,77.8,7,112.5,1,16.7,0,11,6,6.0,11.0,1.57,,0,,,0,0,,0,0,0,,48.3,0,0,0.0,0,3,0,100.0,3,0.0,0,0.0,0,0,0,,,0.0
Rishard Matthews,7211,WR,TEN,3,6,0,31,0,-3.0,0,50.0,,0,0,0.0,0,0,0,78.7,46.7,0,4,0.0,0,14,1,100.0,14,56.3,2,33.3,0,4,6,6.0,4.0,0.29,2.6,0,60.0,50.0,1,2,0.0,0,0,0,72.1,42.6,0,4,0.0,0,46,3,95.7,44,64.6,5,83.3,0,11,6,2.0,3.7,0.25
Zach Line,8420,FB,NO,4,6,0,20,0,,0,,,0,0,,0,0,0,,,0,0,100.0,2,2,0,0.0,0,0.0,0,0.0,0,0,0,,,,3.0,0,0.0,,0,0,,0,0,0,24.8,26.5,0,0,0.0,0,2,0,100.0,2,39.6,1,16.7,0,0,0,,,0.0
D.J. Chark Jr.,47702,WR,JAX,4,6,0,15,0,,0,,,0,0,,0,0,0,,87.5,0,0,0.0,0,5,0,100.0,5,0.0,0,0.0,0,0,0,,,0.0,1.0,0,100.0,,0,0,0.0,0,0,0,29.9,49.4,0,6,0.0,0,8,1,100.0,8,91.7,1,16.7,0,6,5,5.0,6.0,0.75
Rex Burkhead,7971,HB,NE,3,6,0,19,0,-1.0,0,100.0,,0,0,0.0,0,1,0,78.7,96.1,0,19,0.0,0,3,1,100.0,3,118.8,1,16.7,0,19,20,20.0,19.0,6.33,9.0,0,0.0,0.0,0,1,,0,0,0,73.4,71.4,0,0,0.0,0,5,0,100.0,5,39.6,2,33.3,0,0,0,,,0.0
Jonnu Smith,11855,TE,TEN,4,6,0,31,0,,0,,,0,0,,0,0,0,,30.3,0,0,33.3,8,24,0,66.7,16,0.0,0,0.0,0,0,0,,,0.0,10.5,0,50.0,100.0,1,1,0.0,0,1,0,28.0,44.7,0,12,0.0,0,28,1,89.3,25,68.8,2,33.3,0,12,1,1.0,12.0,0.48
Travis Benjamin,7100,WR,LAC,2,6,0,27,0,-1.0,0,100.0,,0,0,0.0,0,0,0,78.7,84.9,0,1,0.0,0,5,1,100.0,5,79.2,1,16.7,0,1,2,2.0,1.0,0.2,29.7,0,33.3,,0,0,50.0,1,0,0,28.6,52.2,0,1,0.0,0,16,1,87.5,14,42.4,3,50.0,0,1,2,2.0,1.0,0.07
Mike Davis,9559,HB,SEA,3,6,0,29,0,-6.0,0,100.0,,0,0,0.0,0,1,0,84.5,95.1,0,16,0.0,0,2,2,100.0,2,97.9,2,33.3,0,15,27,13.5,7.5,7.5,,0,,,0,0,,0,0,0,78.0,63.2,0,0,0.0,0,1,0,100.0,1,0.0,0,0.0,0,0,0,,,0.0
Kareem Hunt,11841,HB,KC,4,6,0,16,0,,0,,,0,0,,0,0,0,78.7,82.6,0,0,11.1,1,9,0,77.8,7,0.0,0,0.0,0,0,0,,,0.0,,0,,,0,0,,0,0,0,49.2,51.6,0,0,0.0,0,4,0,75.0,3,0.0,0,0.0,0,0,0,,,0.0
Demetrius Harris,8524,TE,KC,3,6,0,16,0,,0,,,0,0,,0,0,0,,47.3,0,0,0.0,0,3,0,66.7,2,0.0,0,0.0,0,0,0,,,0.0,,0,,,0,0,,0,0,0,29.7,69.2,0,0,0.0,0,3,0,66.7,2,0.0,0,0.0,0,0,0,,,0.0
Sony Michel,27589,HB,NE,3,5,0,19,0,,0,,,0,0,,0,0,0,,,0,0,,0,0,0,,0,0.0,0,0.0,0,0,0,,,,,0,,,0,0,,0,0,0,45.8,50.6,0,0,,0,0,0,,0,0.0,0,0.0,0,0,0,,,
Austin Carr,12215,WR,NO,4,5,0,20,0,,0,,,0,0,,0,0,0,,43.6,0,0,0.0,0,11,0,100.0,11,0.0,0,0.0,0,0,0,,,0.0,10.0,0,50.0,,0,0,0.0,0,0,0,72.1,49.7,0,11,0.0,0,42,2,92.9,39,64.6,4,80.0,0,20,7,3.5,10.0,0.51
Demarcus Robinson,10760,WR,KC,4,5,0,16,0,,0,,,0,0,,0,0,0,,44.6,0,0,0.0,0,8,0,87.5,7,0.0,0,0.0,0,0,0,,,0.0,26.0,0,66.7,,0,0,0.0,0,1,0,45.8,59.8,0,23,0.0,0,13,2,84.6,11,100.7,3,60.0,0,31,0,0.0,15.5,2.82
T.J. Jones,8824,WR,DET,4,5,0,11,0,,0,,,0,0,,0,0,0,,47.2,0,0,0.0,0,5,0,100.0,5,0.0,0,0.0,0,0,0,,,0.0,11.5,0,50.0,0.0,0,1,0.0,0,0,0,72.1,46.4,0,6,0.0,0,37,1,94.6,35,56.3,2,40.0,0,6,1,1.0,6.0,0.17
Tyler Kroft,9518,TE,CIN,4,5,0,7,0,,0,,,0,0,,0,0,0,,43.7,0,0,60.0,3,5,0,40.0,2,0.0,0,0.0,0,0,0,,,0.0,5.0,0,100.0,,0,0,0.0,0,1,0,45.8,56.4,0,5,0.0,0,5,1,80.0,4,87.5,1,20.0,0,5,0,0.0,5.0,1.25
Eric Tomlinson,9786,TE,NYJ,4,5,0,22,0,-7.0,2,100.0,,0,0,0.0,0,1,0,78.7,97.3,0,24,28.6,2,7,1,71.4,5,118.8,1,20.0,0,24,31,31.0,24.0,4.8,24.0,0,0.0,,0,0,,0,0,0,68.3,56.7,0,0,13.3,2,15,0,80.0,12,39.6,1,20.0,0,0,0,,,0.0
Lance Kendricks,6199,TE,GB,4,5,0,12,0,,0,,,0,0,,0,0,0,,39.3,0,0,0.0,0,1,0,100.0,1,0.0,0,0.0,0,0,0,,,0.0,34.0,0,0.0,,0,0,100.0,1,0,0,25.9,33.7,0,0,6.7,1,15,0,93.3,14,39.6,1,20.0,0,0,0,,,0.0
Devonta Freeman,8738,HB,ATL,1,5,0,2,0,-7.0,1,100.0,,0,0,0.0,0,0,0,78.7,69.8,0,-7,0.0,0,3,1,100.0,3,79.2,1,20.0,0,-7,0,0.0,-7.0,-2.33,-0.5,0,0.0,,0,0,100.0,1,0,0,29.3,36.3,0,0,0.0,0,3,0,100.0,3,39.6,2,40.0,0,0,0,,,0.0
Justin Hunter,7815,WR,PIT,1,5,0,25,0,,0,,,0,0,,0,0,0,,44.7,0,0,0.0,0,7,0,100.0,7,0.0,0,0.0,0,0,0,,,0.0,,0,,,0,0,,0,0,0,29.3,58.2,0,0,0.0,0,4,0,100.0,4,0.0,0,0.0,0,0,0,,,0.0
Cameron Meredith,10008,WR,NO,2,5,0,20,0,,0,,,0,0,,0,0,0,,47.6,0,0,0.0,0,5,0,80.0,4,0.0,0,0.0,0,0,0,,,0.0,11.3,0,66.7,,0,0,0.0,0,0,0,75.6,61.1,0,11,0.0,0,31,2,90.3,28,74.3,3,60.0,0,12,2,1.0,6.0,0.43
James O'Shaughnessy,9606,TE,JAX,4,5,0,15,0,,0,,,0,0,,0,0,0,,48.9,0,0,20.0,1,5,0,80.0,4,0.0,0,0.0,0,0,0,,,0.0,9.0,1,100.0,,0,0,0.0,0,3,0,73.4,78.8,0,17,0.0,0,5,3,100.0,5,118.8,3,60.0,0,45,18,6.0,15.0,9.0
Jay Ajayi,9582,HB,PHI,3,5,0,24,0,-2.0,0,100.0,,0,0,0.0,0,1,0,88.7,94.2,0,12,40.0,2,5,3,60.0,3,81.9,3,60.0,0,11,17,5.7,3.7,3.67,,0,,,0,0,,0,0,0,76.5,64.1,0,0,,0,0,0,,0,0.0,0,0.0,0,0,0,,,
Cody Latimer,8691,WR,NYG,3,5,0,21,0,,0,,,0,0,,0,0,0,,46.1,0,0,0.0,0,11,0,100.0,11,0.0,0,0.0,0,0,0,,,0.0,7.0,0,100.0,,0,0,0.0,0,1,0,75.6,55.7,0,15,0.0,0,9,1,100.0,9,118.8,1,20.0,0,15,8,8.0,15.0,1.67
Josh Gordon,7618,WR,NE,2,5,0,19,0,,0,,,0,0,,0,0,0,,48.6,0,0,0.0,0,6,0,100.0,6,0.0,0,0.0,0,0,0,,,0.0,52.0,0,0.0,0.0,0,1,,0,0,0,75.6,84.4,0,0,0.0,0,5,0,100.0,5,39.6,1,20.0,0,0,0,,,0.0
Marquez Valdes-Scantling,47809,WR,GB,4,5,0,12,0,3.0,0,0.0,,0,0,,0,0,0,,46.1,0,0,0.0,0,8,0,100.0,8,39.6,1,20.0,0,0,0,,,0.0,3.0,0,0.0,,0,0,,0,0,0,72.1,48.7,0,0,0.0,0,30,0,100.0,30,39.6,1,20.0,0,0,0,,,0.0
Darren Fells,8549,TE,CLV,4,5,0,8,0,-4.0,1,100.0,,0,0,0.0,0,1,0,78.7,97.4,0,12,33.3,1,3,1,66.7,2,116.7,1,20.0,0,12,16,16.0,12.0,6.0,6.0,0,0.0,,0,0,,0,0,0,68.3,56.8,0,0,0.0,0,3,0,100.0,3,39.6,1,20.0,0,0,0,,,0.0
Jamaal Williams,11889,HB,GB,4,5,0,12,0,-4.0,0,100.0,,0,0,0.0,0,1,0,84.5,66.0,0,11,10.0,1,10,2,90.0,9,95.8,2,40.0,0,14,22,11.0,7.0,1.56,2.0,0,100.0,,0,0,0.0,0,0,0,78.7,52.7,0,2,0.0,0,3,1,100.0,3,79.2,1,20.0,0,2,0,0.0,2.0,0.67
Jordan Matthews,8677,WR,PHI,2,5,0,24,0,,0,,,0,0,,0,0,0,,45.5,0,0,0.0,0,9,0,88.9,8,0.0,0,0.0,0,0,0,,,0.0,,0,,,0,0,,0,0,0,29.2,53.0,0,0,0.0,0,10,0,90.0,9,0.0,0,0.0,0,0,0,,,0.0
Chris Moore,10741,WR,BLT,4,5,0,3,0,,0,,,0,0,,0,0,0,,48.4,0,0,0.0,0,1,0,0.0,0,0.0,0,0.0,0,0,0,,,,9.0,0,100.0,,0,0,0.0,0,1,0,74.6,50.6,0,19,0.0,0,23,2,91.3,21,114.6,2,40.0,0,23,5,2.5,11.5,1.1
De'Anthony Thomas,8759,WR,KC,4,4,0,16,0,-2.5,0,100.0,,0,0,0.0,0,2,0,88.7,95.4,0,15,0.0,0,4,2,75.0,3,139.6,2,50.0,1,16,21,10.5,8.0,5.33,,0,,,0,0,,0,0,0,74.6,64.9,0,0,0.0,0,5,0,100.0,5,0.0,0,0.0,0,0,0,,,0.0
Derek Carrier,7406,TE,OAK,4,4,0,23,0,1.0,0,100.0,,0,0,0.0,0,0,0,78.7,52.3,0,8,16.7,1,6,1,66.7,4,100.0,1,25.0,0,8,7,7.0,8.0,2.0,1.0,0,100.0,,0,0,0.0,0,0,0,74.6,52.4,0,8,0.0,0,7,1,100.0,7,100.0,1,25.0,0,8,7,7.0,8.0,1.14
Derrick Henry,10679,HB,TEN,4,4,0,31,0,-4.8,0,75.0,,0,0,0.0,0,1,0,88.7,85.3,0,13,0.0,0,10,3,90.0,9,77.1,4,100.0,0,12,27,9.0,4.0,1.33,,0,,,0,0,,0,0,0,72.1,62.3,0,0,,0,0,0,,0,0.0,0,0.0,0,0,0,,,
Garrett Celek,7274,TE,SF,4,4,0,28,0,,0,,,0,0,,0,0,0,,38.8,0,0,0.0,0,2,0,100.0,2,0.0,0,0.0,0,0,0,,,0.0,,0,,,0,0,,0,0,0,41.6,51.6,0,0,0.0,0,1,0,100.0,1,0.0,0,0.0,0,0,0,,,0.0
Vernon Davis,2951,TE,WAS,3,4,0,32,0,2.0,1,100.0,,0,0,0.0,0,1,0,78.7,81.9,0,20,28.6,2,7,1,71.4,5,118.8,1,25.0,0,20,18,18.0,20.0,4.0,6.0,0,100.0,,0,0,0.0,0,1,0,74.6,65.1,0,7,0.0,0,13,1,100.0,13,95.8,1,25.0,0,7,1,1.0,7.0,0.54
Alfred Morris,7165,HB,SF,4,4,0,28,0,,0,,,0,0,,0,0,0,,51.1,0,0,0.0,0,2,0,100.0,2,0.0,0,0.0,0,0,0,,,0.0,,0,,,0,0,,0,0,0,72.1,67.1,0,0,0.0,0,1,0,100.0,1,0.0,0,0.0,0,0,0,,,0.0
Tyler Higbee,10744,TE,LA,4,4,0,26,0,,0,,,0,0,,0,0,0,,34.4,0,0,47.1,8,17,0,52.9,9,0.0,0,0.0,0,0,0,,,0.0,,0,,,0,0,,0,0,0,73.4,54.3,0,0,0.0,0,7,0,100.0,7,0.0,0,0.0,0,0,0,,,0.0
Tre'Quan Smith,48228,WR,NO,4,4,0,20,0,,0,,,0,0,,0,0,0,,45.4,0,0,0.0,0,7,0,85.7,6,0.0,0,0.0,0,0,0,,,0.0,13.0,0,0.0,,0,0,,0,0,0,,46.7,0,0,0.0,0,14,0,100.0,14,39.6,1,25.0,0,0,0,,,0.0
David Morgan,10822,TE,MIN,3,4,0,18,0,,0,,,0,0,,0,0,0,,,0,0,,0,0,0,,0,0.0,0,0.0,0,0,0,,,,,0,,,0,0,,0,0,0,64.7,51.7,0,0,0.0,0,1,0,100.0,1,0.0,0,0.0,0,0,0,,,0.0
Peyton Barber,10927,HB,TB,4,4,0,30,0,,0,,,0,0,,0,0,0,,46.1,0,0,14.3,1,7,0,85.7,6,0.0,0,0.0,0,0,0,,,0.0,3.0,0,100.0,,0,0,0.0,0,1,0,70.5,60.7,0,7,0.0,0,2,1,100.0,2,95.8,1,25.0,0,7,4,4.0,7.0,3.5
Keith Smith,9302,FB,OAK,4,4,0,23,0,,0,,,0,0,,0,0,0,,,0,0,,0,0,0,,0,0.0,0,0.0,0,0,0,,,,,0,,,0,0,,0,0,0,64.7,57.5,0,0,,0,0,0,,0,0.0,0,0.0,0,0,0,,,
Leonard Fournette,11759,HB,JAX,2,4,0,15,0,-4.0,0,100.0,,0,0,0.0,0,1,0,84.5,93.0,0,11,20.0,1,5,2,80.0,4,89.6,2,50.0,0,11,19,9.5,5.5,2.75,,0,,,0,0,,0,0,0,72.1,65.2,0,0,,0,0,0,,0,0.0,0,0.0,0,0,0,,,
Mark Walton,45996,HB,CIN,2,4,0,7,0,-3.0,0,0.0,,0,0,,0,0,0,,47.9,0,0,0.0,0,3,0,100.0,3,39.6,1,25.0,0,0,0,,,0.0,,0,,,0,0,,0,0,0,28.9,38.3,0,0,,0,0,0,,0,0.0,0,0.0,0,0,0,,,
Gerald Everett,11799,TE,LA,4,4,0,26,0,,0,,,0,0,,0,0,0,,48.6,0,0,20.0,1,5,0,80.0,4,0.0,0,0.0,0,0,0,,,0.0,,0,,,0,0,,0,0,0,72.1,60.8,0,0,0.0,0,2,0,100.0,2,0.0,0,0.0,0,0,0,,,0.0
D.J. Moore,48267,WR,CAR,3,4,0,5,0,-5.0,0,100.0,,0,0,0.0,0,0,0,78.7,59.9,0,3,0.0,0,2,1,100.0,2,79.2,1,25.0,0,3,8,8.0,3.0,1.5,9.7,1,66.7,,0,0,0.0,0,1,0,72.1,81.5,0,51,0.0,0,14,2,92.9,13,149.3,3,75.0,1,54,42,21.0,27.0,4.15
Lee Smith,6311,TE,OAK,4,4,0,23,0,,0,,,0,0,,0,0,0,,43.5,0,0,50.0,1,2,0,0.0,0,0.0,0,0.0,0,0,0,,,,,0,,,0,0,,0,0,0,,46.5,0,0,,0,0,0,,0,0.0,0,0.0,0,0,0,,,
Niles Paul,6307,TE,JAX,4,4,0,15,0,,0,,,0,0,,0,0,0,,48.4,0,0,33.3,1,3,0,33.3,1,0.0,0,0.0,0,0,0,,,0.0,,0,,,0,0,,0,0,0,68.3,49.6,0,0,0.0,0,8,0,100.0,8,0.0,0,0.0,0,0,0,,,0.0
Jeremy Kerley,6305,WR,BUF,1,4,0,4,0,-5.0,0,100.0,,0,0,0.0,0,0,0,78.7,60.0,0,3,0.0,0,2,1,100.0,2,79.2,1,25.0,0,3,8,8.0,3.0,1.5,4.5,1,50.0,0.0,0,1,0.0,0,0,0,74.6,58.3,0,4,0.0,0,27,2,92.6,25,56.3,4,100.0,0,7,13,6.5,3.5,0.28
Tim Patrick,12087,WR,DEN,4,4,0,10,0,,0,,,0,0,,0,0,0,,53.3,0,0,0.0,0,1,0,100.0,1,0.0,0,0.0,0,0,0,,,0.0,36.0,0,0.0,0.0,0,1,,0,0,0,27.3,63.9,0,0,0.0,0,4,0,100.0,4,39.6,1,25.0,0,0,0,,,0.0
Jordan Thomas,42062,TE,HST,4,4,0,13,0,,0,,,0,0,,0,0,0,,42.6,0,0,0.0,0,4,0,75.0,3,0.0,0,0.0,0,0,0,,,0.0,7.0,0,100.0,,0,0,0.0,0,1,0,74.6,88.7,0,14,0.0,0,9,1,88.9,8,118.8,1,25.0,0,14,7,7.0,14.0,1.75
Frank Gore,2282,HB,MIA,4,4,0,17,0,,0,,,0,0,,0,0,0,,44.2,0,0,11.1,1,9,0,88.9,8,0.0,0,0.0,0,0,0,,,0.0,,0,,,0,0,,0,0,0,75.6,70.8,0,0,0.0,0,2,0,100.0,2,0.0,0,0.0,0,0,0,,,0.0
Russell Shepard,8254,WR,NYG,2,4,0,21,0,,0,,,0,0,,0,0,0,,47.6,0,0,0.0,0,4,0,75.0,3,0.0,0,0.0,0,0,0,,,0.0,,0,,,0,0,,0,0,0,64.7,50.5,0,0,0.0,0,3,0,66.7,2,0.0,0,0.0,0,0,0,,,0.0
Jordan Leggett,11905,TE,NYJ,3,4,0,22,0,,0,,,0,0,,0,0,0,,47.3,0,0,0.0,0,2,0,50.0,1,0.0,0,0.0,0,0,0,,,0.0,5.0,0,100.0,,0,0,0.0,0,0,0,70.5,63.8,0,9,0.0,0,9,1,88.9,8,104.2,1,25.0,0,9,4,4.0,9.0,1.13
Damien Williams,9205,HB,KC,4,3,0,16,0,-3.0,0,100.0,,0,0,0.0,0,0,0,84.5,71.0,0,9,0.0,0,4,2,100.0,4,89.6,2,66.7,0,11,17,8.5,5.5,2.75,,0,,,0,0,,0,0,0,77.3,56.1,0,0,0.0,0,2,0,100.0,2,0.0,0,0.0,0,0,0,,,0.0
Dion Sims,7888,TE,CHI,4,3,0,6,0,,0,,,0,0,,0,0,0,,34.9,0,0,30.0,3,10,0,60.0,6,0.0,0,0.0,0,0,0,,,0.0,,0,,,0,0,,0,0,0,64.7,44.1,0,0,0.0,0,9,0,66.7,6,0.0,0,0.0,0,0,0,,,0.0
DeVante Parker,9447,WR,MIA,1,3,0,17,0,,0,,,0,0,,0,0,0,,52.5,0,0,0.0,0,1,0,100.0,1,0.0,0,0.0,0,0,0,,,0.0,,0,,,0,0,,0,0,0,72.1,69.8,0,0,0.0,0,3,0,33.3,1,0.0,0,0.0,0,0,0,,,0.0
C.J. Anderson,8101,HB,CAR,3,3,0,5,0,-4.0,0,100.0,,0,0,0.0,0,1,0,78.7,96.4,0,24,0.0,0,1,1,100.0,1,158.3,1,33.3,1,24,28,28.0,24.0,24.0,,0,,,0,0,,0,0,0,24.4,20.8,0,0,,0,0,0,,0,0.0,0,0.0,0,0,0,,,
Rico Gathers,10851,TE,DAL,3,3,0,9,0,,0,,,0,0,,0,0,0,,,0,0,,0,0,0,,0,0.0,0,0.0,0,0,0,,,,,0,,,0,0,,0,0,0,,53.9,0,0,,0,0,0,,0,0.0,0,0.0,0,0,0,,,
Mike Wallace,5007,WR,PHI,2,3,0,24,0,,0,,,0,0,,0,0,0,78.7,91.8,0,0,0.0,0,3,0,66.7,2,0.0,0,0.0,0,0,0,,,0.0,36.0,0,0.0,,0,0,,0,0,0,68.3,54.2,0,0,0.0,0,10,0,90.0,9,39.6,1,33.3,0,0,0,,,0.0
Spencer Ware,7975,HB,KC,4,3,0,16,0,-6.0,0,100.0,,0,0,0.0,0,0,0,78.7,67.6,0,14,0.0,0,4,1,100.0,4,118.8,1,33.3,0,14,20,20.0,14.0,3.5,3.0,0,100.0,,0,0,0.0,0,0,0,74.6,62.3,0,8,0.0,0,1,1,100.0,1,100.0,1,33.3,0,8,5,5.0,8.0,8.0
C.J. Prosise,10724,HB,SEA,3,3,0,29,0,,0,,,0,0,,0,0,0,,,0,0,,0,0,0,,0,0.0,0,0.0,0,0,0,,,,,0,,,0,0,,0,0,0,73.4,55.1,0,0,,0,0,0,,0,0.0,0,0.0,0,0,0,,,
David Moore,11981,WR,SEA,4,3,0,29,0,,0,,,0,0,,0,0,0,,48.9,0,0,0.0,0,3,0,66.7,2,0.0,0,0.0,0,0,0,,,0.0,,0,,,0,0,,0,0,0,72.1,52.8,0,0,0.0,0,5,0,100.0,5,0.0,0,0.0,0,0,0,,,0.0
Logan Thomas,8755,TE,BUF,2,3,0,4,0,,0,,,0,0,,0,0,0,,,0,0,100.0,1,1,0,0.0,0,0.0,0,0.0,0,0,0,,,,14.5,0,100.0,,0,0,0.0,0,2,0,72.1,61.7,0,24,0.0,0,13,2,92.3,12,118.8,2,66.7,0,31,2,1.0,15.5,2.58
Josh Bellamy,7472,WR,CHI,3,3,0,6,0,-2.0,0,100.0,,0,0,0.0,0,1,0,84.5,56.5,0,6,0.0,0,5,2,100.0,5,83.3,2,66.7,0,8,12,6.0,4.0,1.6,5.3,0,100.0,,0,0,0.0,0,2,0,74.6,66.9,0,20,0.0,0,10,3,100.0,10,145.1,3,100.0,1,28,12,4.0,9.3,2.8
Jacob Hollister,12051,TE,NE,1,3,0,19,0,,0,,,0,0,,0,0,0,,,0,0,,0,0,0,,0,0.0,0,0.0,0,0,0,,,,9.0,0,100.0,,0,0,0.0,0,0,0,73.4,67.8,0,9,0.0,0,5,1,100.0,5,104.2,1,33.3,0,9,0,0.0,9.0,1.8
Josh Malone,11883,WR,CIN,4,3,0,7,0,,0,,,0,0,,0,0,0,,,0,0,,0,0,0,,0,0.0,0,0.0,0,0,0,,,,2.0,0,0.0,0.0,0,1,100.0,1,0,0,29.9,55.4,0,0,0.0,0,6,0,100.0,6,39.6,1,33.3,0,0,0,,,0.0
Neal Sterling,9653,TE,NYJ,2,3,0,22,0,-6.0,0,100.0,,0,0,0.0,0,0,0,78.7,47.6,0,11,0.0,0,6,1,100.0,6,112.5,1,33.3,0,11,17,17.0,11.0,1.83,4.0,0,100.0,,0,0,0.0,0,0,0,73.4,57.6,0,4,0.0,0,15,1,93.3,14,83.3,1,33.3,0,4,0,0.0,4.0,0.29
Levine Toilolo,7915,TE,DET,4,3,0,11,0,-7.0,0,100.0,,0,0,0.0,0,0,0,78.7,52.3,0,4,25.0,1,4,1,75.0,3,83.3,1,33.3,0,4,11,11.0,4.0,1.33,,0,,,0,0,,0,0,0,68.3,46.8,0,0,0.0,0,1,0,100.0,1,0.0,0,0.0,0,0,0,,,0.0
J.J. Nelson,9592,WR,ARZ,3,3,0,1,0,,0,,,0,0,,0,0,0,,50.5,0,0,0.0,0,4,0,100.0,4,0.0,0,0.0,0,0,0,,,0.0,,0,,,0,0,,0,0,0,27.9,38.8,0,0,0.0,0,3,0,100.0,3,0.0,0,0.0,0,0,0,,,0.0
Doug Martin,7035,HB,OAK,4,3,0,23,0,0.0,0,100.0,,0,0,0.0,0,0,0,78.7,68.3,0,0,0.0,0,3,1,100.0,3,79.2,1,33.3,0,0,0,0.0,0.0,0.0,,0,,,0,0,,0,0,0,72.1,63.3,0,0,,0,0,0,,0,0.0,0,0.0,0,0,0,,,
Marvin Hall,11440,WR,ATL,4,3,0,2,0,-1.0,0,100.0,,0,0,0.0,0,0,0,78.7,57.1,0,2,0.0,0,3,1,100.0,3,79.2,1,33.3,0,2,3,3.0,2.0,0.67,,0,,,0,0,,0,0,0,68.3,59.4,0,0,0.0,0,3,0,100.0,3,0.0,0,0.0,0,0,0,,,0.0
Darius Jennings,10038,WR,TEN,4,3,0,31,0,-4.0,0,100.0,,0,0,0.0,0,0,0,78.7,61.3,0,6,0.0,0,1,1,100.0,1,91.7,1,33.3,0,6,10,10.0,6.0,6.0,44.0,0,0.0,,0,0,100.0,1,0,0,28.6,43.9,0,0,0.0,0,13,0,84.6,11,39.6,1,33.3,0,0,0,,,0.0
Marcus Johnson,11074,WR,IND,3,3,0,14,0,,0,,,0,0,,0,0,0,,54.0,0,0,0.0,0,1,0,100.0,1,0.0,0,0.0,0,0,0,,,0.0,,0,,,0,0,,0,0,0,28.0,52.2,0,0,0.0,0,1,0,100.0,1,0.0,0,0.0,0,0,0,,,0.0
LeGarrette Blount,5863,HB,DET,4,3,0,11,0,,0,,,0,0,,0,0,0,,50.1,0,0,0.0,0,2,0,100.0,2,0.0,0,0.0,0,0,0,,,0.0,,0,,,0,0,,0,0,0,70.5,57.3,0,0,,0,0,0,,0,0.0,0,0.0,0,0,0,,,
Aldrick Robinson,6330,WR,MIN,2,3,0,18,0,,0,,,0,0,,0,0,0,,,0,0,,0,0,0,,0,0.0,0,0.0,0,0,0,,,,,0,,,0,0,,0,0,0,72.1,77.9,0,0,0.0,0,2,0,100.0,2,0.0,0,0.0,0,0,0,,,0.0
Logan Paulsen,5795,TE,ATL,4,3,0,2,0,-3.0,0,100.0,,0,0,0.0,0,1,0,78.7,99.8,0,10,66.7,2,3,1,33.3,1,108.3,1,33.3,0,10,13,13.0,10.0,10.0,,0,,,0,0,,0,0,0,68.3,81.1,0,0,,0,0,0,,0,0.0,0,0.0,0,0,0,,,
A.J. Derby,9635,TE,MIA,3,3,0,17,0,,0,,,0,0,,0,0,0,,45.4,0,0,42.9,3,7,0,57.1,4,0.0,0,0.0,0,0,0,,,0.0,,0,,,0,0,,0,0,0,70.5,65.5,0,0,0.0,0,5,0,100.0,5,0.0,0,0.0,0,0,0,,,0.0
Hakeem Valles,10960,TE,DET,3,3,0,11,0,,0,,,0,0,,0,0,0,,,0,0,,0,0,0,,0,0.0,0,0.0,0,0,0,,,,18.0,0,0.0,,0,0,,0,0,0,68.3,45.4,0,0,0.0,0,13,0,92.3,12,39.6,1,33.3,0,0,0,,,0.0
Vyncint Smith,66957,WR,HST,2,3,0,13,0,,0,,,0,0,,0,0,0,,47.9,0,0,0.0,0,3,0,33.3,1,0.0,0,0.0,0,0,0,,,0.0,27.0,0,100.0,,0,0,0.0,0,1,0,68.3,53.9,0,28,0.0,0,36,1,88.9,32,118.8,1,33.3,0,28,1,1.0,28.0,0.88
Malcolm Brown,9902,HB,LA,4,3,0,26,0,-3.0,0,0.0,,0,0,,0,0,0,,49.8,0,0,25.0,1,4,0,75.0,3,39.6,1,33.3,0,0,0,,,0.0,,0,,,0,0,,0,0,0,73.4,86.2,0,0,0.0,0,1,0,100.0,1,0.0,0,0.0,0,0,0,,,0.0
Rod Smith,9996,HB,DAL,4,2,0,9,0,-4.0,0,0.0,,0,0,,0,0,0,,51.2,0,0,0.0,0,3,0,100.0,3,39.6,1,50.0,0,0,0,,,0.0,,0,,,0,0,,0,0,0,64.7,55.3,0,0,,0,0,0,,0,0.0,0,0.0,0,0,0,,,
Erik Swoope,9303,TE,IND,2,2,0,14,0,,0,,,0,0,,0,0,0,,,0,0,,0,0,0,,0,0.0,0,0.0,0,0,0,,,,6.0,0,100.0,,0,0,0.0,0,0,0,68.3,58.0,0,7,0.0,0,3,1,100.0,3,95.8,1,50.0,0,7,1,1.0,7.0,2.33
Benny Cunningham,8283,HB,CHI,2,2,0,6,0,-5.0,0,100.0,,0,0,0.0,0,1,0,78.7,92.1,0,9,0.0,0,2,1,100.0,2,104.2,1,50.0,0,9,14,14.0,9.0,4.5,,0,,,0,0,,0,0,0,64.7,68.5,0,0,,0,0,0,,0,0.0,0,0.0,0,0,0,,,
Terrance Williams,7855,WR,DAL,3,2,0,9,0,,0,,,0,0,,0,0,0,,50.3,0,0,0.0,0,2,0,100.0,2,0.0,0,0.0,0,0,0,,,0.0,,0,,,0,0,,0,0,0,68.3,53.3,0,0,0.0,0,2,0,100.0,2,0.0,0,0.0,0,0,0,,,0.0
Matt LaCosse,9840,TE,DEN,2,2,0,10,0,,0,,,0,0,,0,0,0,,47.4,0,0,0.0,0,1,0,100.0,1,0.0,0,0.0,0,0,0,,,0.0,16.0,0,0.0,,0,0,,0,0,0,64.7,62.9,0,0,0.0,0,5,0,100.0,5,39.6,1,50.0,0,0,0,,,0.0
Derrick Coleman,7377,FB,ARZ,2,2,0,1,0,,0,,,0,0,,0,0,0,,,0,0,,0,0,0,,0,0.0,0,0.0,0,0,0,,,,,0,,,0,0,,0,0,0,,,0,0,,0,0,0,,0,0.0,0,0.0,0,0,0,,,
Andy Janovich,10810,FB,DEN,4,2,0,10,0,,0,,,0,0,,0,0,0,,52.5,0,0,0.0,0,1,0,100.0,1,0.0,0,0.0,0,0,0,,,0.0,,0,,,0,0,,0,0,0,64.7,54.4,0,0,0.0,0,1,0,100.0,1,0.0,0,0.0,0,0,0,,,0.0
Alex Erickson,11107,WR,CIN,3,2,0,7,0,-4.0,0,100.0,,0,0,0.0,0,0,0,78.7,56.4,0,8,0.0,0,3,1,100.0,3,100.0,1,50.0,0,8,12,12.0,8.0,2.67,-4.0,0,100.0,,0,0,0.0,0,0,0,70.5,49.4,0,8,0.0,0,10,1,80.0,8,100.0,1,50.0,0,8,12,12.0,8.0,1.0
Dwayne Allen,7066,TE,NE,4,2,0,19,0,-6.0,0,100.0,,0,0,0.0,0,0,0,78.7,58.1,0,-4,0.0,0,2,1,100.0,2,79.2,1,50.0,0,-4,2,2.0,-4.0,-2.0,32.0,0,0.0,,0,0,,0,0,0,64.7,48.8,0,0,9.1,1,11,0,81.8,9,39.6,1,50.0,0,0,0,,,0.0
Dwayne Harris,6328,WR,OAK,2,2,0,23,0,-2.0,0,100.0,,0,0,0.0,0,0,0,84.5,93.2,0,7,0.0,0,2,2,100.0,2,89.6,2,100.0,0,11,15,7.5,5.5,5.5,-2.0,0,100.0,,0,0,0.0,0,0,0,73.4,71.6,0,7,0.0,0,2,2,100.0,2,89.6,2,100.0,0,11,15,7.5,5.5,5.5
Anthony Sherman,6288,FB,KC,4,2,0,16,0,-4.0,2,100.0,,0,0,0.0,0,1,0,78.7,99.9,0,16,0.0,0,1,1,100.0,1,118.8,1,50.0,0,16,20,20.0,16.0,16.0,,0,,,0,0,,0,0,0,68.3,91.2,0,0,0.0,0,1,0,100.0,1,0.0,0,0.0,0,0,0,,,0.0
Marlon Mack,11898,HB,IND,1,2,0,14,0,-4.0,0,0.0,,0,0,,0,0,0,,53.5,0,0,0.0,0,1,0,100.0,1,39.6,1,50.0,0,0,0,,,0.0,,0,,,0,0,,0,0,0,68.3,64.2,0,0,,0,0,0,,0,0.0,0,0.0,0,0,0,,,
Shelton Gibson,11921,WR,PHI,4,2,0,24,0,,0,,,0,0,,0,0,0,,47.7,0,0,0.0,0,5,0,100.0,5,0.0,0,0.0,0,0,0,,,0.0,,0,,,0,0,,0,0,0,,50.0,0,0,0.0,0,1,0,100.0,1,0.0,0,0.0,0,0,0,,,0.0
Aaron Jones,11937,HB,GB,2,2,0,12,0,-3.0,2,100.0,,0,0,0.0,0,1,0,78.7,97.1,0,17,0.0,0,3,1,100.0,3,118.8,1,50.0,0,17,20,20.0,17.0,5.67,,0,,,0,0,,0,0,0,72.1,75.0,0,0,,0,0,0,,0,0.0,0,0.0,0,0,0,,,
Mo Alie-Cox,12078,TE,IND,1,2,0,14,0,,0,,,0,0,,0,0,0,,,0,0,,0,0,0,,0,0.0,0,0.0,0,0,0,,,,8.0,0,0.0,0.0,0,1,100.0,1,0,0,26.5,42.0,0,0,0.0,0,2,0,100.0,2,39.6,1,50.0,0,0,0,,,0.0
Blake Jarwin,12320,TE,DAL,4,2,0,9,0,,0,,,0,0,,0,0,0,,39.5,0,0,25.0,1,4,0,50.0,2,0.0,0,0.0,0,0,0,,,0.0,20.5,0,0.0,0.0,0,1,,0,0,0,,47.8,1,0,0.0,0,20,0,90.0,18,0.0,2,100.0,0,0,0,,,0.0
Mike Boone,31615,HB,MIN,2,2,0,18,0,,0,,,0,0,,0,0,0,,52.5,0,0,0.0,0,1,0,100.0,1,0.0,0,0.0,0,0,0,,,0.0,-5.0,0,100.0,,0,0,0.0,0,0,0,70.5,54.1,0,0,0.0,0,2,1,100.0,2,79.2,1,50.0,0,0,5,5.0,0.0,0.0
Ronald Jones,34001,HB,TB,1,2,0,30,0,-5.0,0,0.0,,0,0,100.0,1,0,0,21.6,12.2,0,0,0.0,0,1,0,100.0,1,39.6,1,50.0,0,0,0,,,0.0,,0,,,0,0,,0,0,0,27.3,27.7,0,0,,0,0,0,,0,0.0,0,0.0,0,0,0,,,
Royce Freeman,45747,HB,DEN,4,2,0,10,0,,0,,,0,0,,0,0,0,,50.8,0,0,0.0,0,2,0,100.0,2,0.0,0,0.0,0,0,0,,,0.0,7.0,0,0.0,,0,0,,0,0,0,64.7,57.3,0,0,0.0,0,1,0,100.0,1,39.6,1,50.0,0,0,0,,,0.0
Jermaine Gresham,5546,TE,ARZ,2,2,0,1,0,,0,,,0,0,,0,0,0,,,0,0,100.0,1,1,0,0.0,0,0.0,0,0.0,0,0,0,,,,,0,,,0,0,,0,0,0,,54.0,0,0,,0,0,0,,0,0.0,0,0.0,0,0,0,,,
Shaun Wilson,45993,HB,TB,3,2,0,30,0,-1.0,0,100.0,,0,0,0.0,0,0,0,78.7,62.6,0,4,0.0,0,1,1,100.0,1,83.3,1,50.0,0,4,5,5.0,4.0,4.0,,0,,,0,0,,0,0,0,73.4,60.6,0,0,,0,0,0,,0,0.0,0,0.0,0,0,0,,,
Tyler Conklin,47124,TE,MIN,4,2,0,18,0,,0,,,0,0,,0,0,0,,43.5,0,0,0.0,0,1,0,100.0,1,0.0,0,0.0,0,0,0,,,0.0,,0,,,0,0,,0,0,0,64.7,49.8,0,0,0.0,0,3,0,100.0,3,0.0,0,0.0,0,0,0,,,0.0
Greg Olsen,3647,TE,CAR,1,2,0,5,0,,0,,,0,0,,0,0,0,,53.2,0,0,50.0,1,2,0,50.0,1,0.0,0,0.0,0,0,0,,,0.0,16.0,0,100.0,,0,0,0.0,0,0,0,68.3,79.3,0,19,0.0,0,4,1,50.0,2,118.8,1,50.0,0,19,3,3.0,19.0,9.5
Alfred Blue,8816,HB,HST,4,2,0,13,0,,0,,,0,0,,0,0,0,,53.5,0,0,50.0,1,2,0,50.0,1,0.0,0,0.0,0,0,0,,,0.0,,0,,,0,0,,0,0,0,28.8,41.0,0,0,,0,0,0,,0,0.0,0,0.0,0,0,0,,,
Eric Saubert,11929,TE,ATL,4,1,0,2,0,,0,,,0,0,,0,0,0,,,0,0,,0,0,0,,0,0.0,0,0.0,0,0,0,,,,10.0,0,0.0,0.0,0,1,,0,0,0,,50.2,0,0,0.0,0,5,0,100.0,5,39.6,1,100.0,0,0,0,,,0.0
Roc Thomas,27875,HB,MIN,1,1,0,18,0,,0,,,0,0,,0,0,0,,,0,0,,0,0,0,,0,0.0,0,0.0,0,0,0,,,,,0,,,0,0,,0,0,0,,56.8,0,0,,0,0,0,,0,0.0,0,0.0,0,0,0,,,
Jehu Chesson,11894,WR,WAS,1,1,0,32,0,,0,,,0,0,,0,0,0,,,0,0,,0,0,0,,0,0.0,0,0.0,0,0,0,,,,,0,,,0,0,,0,0,0,,52.4,0,0,,0,0,0,,0,0.0,0,0.0,0,0,0,,,
Justin Hardy,9540,WR,ATL,4,1,0,2,0,-1.0,0,100.0,,0,0,0.0,0,0,0,78.7,63.6,0,4,0.0,0,1,1,100.0,1,83.3,1,100.0,0,4,5,5.0,4.0,4.0,-1.0,0,100.0,,0,0,0.0,0,0,0,64.7,49.8,0,4,0.0,0,11,1,100.0,11,83.3,1,100.0,0,4,5,5.0,4.0,0.36
Mike Gillislee,7946,HB,NO,4,1,0,20,0,,0,,,0,0,,0,0,0,,52.8,0,0,0.0,0,1,0,100.0,1,0.0,0,0.0,0,0,0,,,0.0,,0,,,0,0,,0,0,0,64.7,61.9,0,0,,0,0,0,,0,0.0,0,0.0,0,0,0,,,
Trenton Cannon,66446,HB,NYJ,1,1,0,22,0,,0,,,0,0,,0,0,0,,,0,0,,0,0,0,,0,0.0,0,0.0,0,0,0,,,,,0,,,0,0,,0,0,0,68.3,90.1,0,0,,0,0,0,,0,0.0,0,0.0,0,0,0,,,
Javon Wims,41406,WR,CHI,1,1,0,6,0,,0,,,0,0,,0,0,0,,,0,0,,0,0,0,,0,0.0,0,0.0,0,0,0,,,,5.0,0,0.0,,0,0,,0,0,0,,55.6,0,0,0.0,0,1,0,100.0,1,39.6,1,100.0,0,0,0,,,0.0
Stevan Ridley,6225,HB,PIT,2,1,0,25,0,,0,,,0,0,,0,0,0,,,0,0,,0,0,0,,0,0.0,0,0.0,0,0,0,,,,,0,,,0,0,,0,0,0,,55.1,0,0,0.0,0,1,0,100.0,1,0.0,0,0.0,0,0,0,,,0.0
Michael Roberts,11882,TE,DET,2,1,0,11,0,,0,,,0,0,,0,0,0,,,0,0,,0,0,0,,0,0.0,0,0.0,0,0,0,,,,,0,,,0,0,,0,0,0,68.3,88.8,0,0,,0,0,0,,0,0.0,0,0.0,0,0,0,,,
Scott Simonson,8954,TE,NYG,4,1,0,21,0,,0,,,0,0,,0,0,0,,43.5,0,0,0.0,0,1,0,100.0,1,0.0,0,0.0,0,0,0,,,0.0,,0,,,0,0,,0,0,0,,50.0,0,0,0.0,0,1,0,100.0,1,0.0,0,0.0,0,0,0,,,0.0
Sammie Coates,9520,WR,HST,2,1,0,13,0,,0,,,0,0,,0,0,0,,49.7,0,0,0.0,0,4,0,75.0,3,0.0,0,0.0,0,0,0,,,0.0,7.0,0,100.0,,0,0,0.0,0,1,0,70.5,64.0,0,12,0.0,0,8,1,87.5,7,116.7,1,100.0,0,12,5,5.0,12.0,1.71
Josh Reynolds,11872,WR,LA,4,1,0,26,0,,0,,,0,0,,0,0,0,,52.5,0,0,0.0,0,1,0,100.0,1,0.0,0,0.0,0,0,0,,,0.0,,0,,,0,0,,0,0,0,,56.0,0,0,,0,0,0,,0,0.0,0,0.0,0,0,0,,,
Taiwan Jones,6277,HB,BUF,1,1,0,4,0,,0,,,0,0,,0,0,0,,,0,0,,0,0,0,,0,0.0,0,0.0,0,0,0,,,,,0,,,0,0,,0,0,0,,58.7,0,0,,0,0,0,,0,0.0,0,0.0,0,0,0,,,
Jeremy Hill,8690,HB,NE,1,1,0,19,0,,0,,,0,0,,0,0,0,,,0,0,,0,0,0,,0,0.0,0,0.0,0,0,0,,,,,0,,,0,0,,0,0,0,68.3,67.8,0,0,,0,0,0,,0,0.0,0,0.0,0,0,0,,,
Nick Bellore,6515,FB,DET,4,1,0,11,0,,0,,,0,0,,0,0,0,,,0,0,,0,0,0,,0,0.0,0,0.0,0,0,0,,,,,0,,,0,0,,0,0,0,64.7,56.5,0,0,,0,0,0,,0,0.0,0,0.0,0,0,0,,,
Lamar Jackson,46416,QB,BLT,4,1,0,3,0,,0,,,0,0,,0,0,0,,53.3,0,0,0.0,0,1,0,100.0,1,0.0,0,0.0,0,0,0,,,0.0,,0,,,0,0,,0,0,0,,52.7,0,0,0.0,0,6,0,83.3,5,0.0,0,0.0,0,0,0,,,0.0
Patrick DiMarco,6997,FB,BUF,3,1,0,4,0,,0,,,0,0,,0,0,0,,,0,0,,0,0,0,,0,0.0,0,0.0,0,0,0,,,,,0,,,0,0,,0,0,0,64.7,79.7,0,0,,0,0,0,,0,0.0,0,0.0,0,0,0,,,
Tommy Bohanon,7997,FB,JAX,3,1,0,15,0,,0,,,0,0,,0,0,0,,46.8,0,0,0.0,0,1,0,100.0,1,0.0,0,0.0,0,0,0,,,0.0,,0,,,0,0,,0,0,0,,60.0,0,0,,0,0,0,,0,0.0,0,0.0,0,0,0,,,
Tre Madden,11286,FB,SEA,4,1,0,29,0,,0,,,0,0,,0,0,0,,,0,0,,0,0,0,,0,0.0,0,0.0,0,0,0,,,,,0,,,0,0,,0,0,0,,59.9,0,0,,0,0,0,,0,0.0,0,0.0,0,0,0,,,
Nick Foles,7089,QB,PHI,2,1,0,24,0,,0,,,0,0,,0,0,0,,,0,0,0.0,0,9,0,0.0,0,0.0,0,0.0,0,0,0,,,,,0,,,0,0,,0,0,0,64.7,90.6,0,0,,0,0,0,,0,0.0,0,0.0,0,0,0,,,
Durham Smythe,47257,TE,MIA,4,1,0,17,0,,0,,,0,0,,0,0,0,,36.2,0,0,0.0,0,3,0,100.0,3,0.0,0,0.0,0,0,0,,,0.0,,0,,,0,0,,0,0,0,,48.7,0,0,,0,0,0,,0,0.0,0,0.0,0,0,0,,,
Alan Cross,10931,TE,TB,4,1,0,30,0,,0,,,0,0,,0,0,0,,53.5,0,0,0.0,0,1,0,100.0,1,0.0,0,0.0,0,0,0,,,0.0,,0,,,0,0,,0,0,0,27.9,28.9,0,0,0.0,0,1,0,100.0,1,0.0,0,0.0,0,0,0,,,0.0
Orson Charles,7116,TE,CLV,4,1,0,8,0,,0,,,0,0,,0,0,0,,,0,0,,0,0,0,,0,0.0,0,0.0,0,0,0,,,,,0,,,0,0,,0,0,0,,55.4,0,0,0.0,0,2,0,50.0,1,0.0,0,0.0,0,0,0,,,0.0
Jonathan Williams,10790,HB,NO,3,1,0,20,0,,0,,,0,0,,0,0,0,,48.2,0,0,0.0,0,1,0,0.0,0,0.0,0,0.0,0,0,0,,,,,0,,,0,0,,0,0,0,64.7,55.8,0,0,,0,0,0,,0,0.0,0,0.0,0,0,0,,,
Freddie Martino,9292,WR,TB,3,1,0,30,0,,0,,,0,0,,0,0,0,,50.9,0,0,0.0,0,3,0,100.0,3,0.0,0,0.0,0,0,0,,,0.0,,0,,,0,0,,0,0,0,,52.6,0,0,0.0,0,1,0,100.0,1,0.0,0,0.0,0,0,0,,,0.0
Tyler Ervin,10753,HB,HST,1,1,0,13,0,,0,,,0,0,,0,0,0,,,0,0,100.0,1,1,0,0.0,0,0.0,0,0.0,0,0,0,,,,,0,,,0,0,,0,0,0,68.3,61.5,0,0,,0,0,0,,0,0.0,0,0.0,0,0,0,,,
Ryan Kelly,10652,C,IND,4,1,0,14,0,,0,,,0,0,,0,0,0,,,0,0,100.0,18,18,0,0.0,0,0.0,0,0.0,0,0,0,,,,,0,,,0,0,,0,0,0,72.8,72.4,0,0,,0,0,0,,0,0.0,0,0.0,0,0,0,,,
Roosevelt Nix,10269,FB,PIT,3,1,0,25,0,,0,,,0,0,,0,0,0,,,0,0,,0,0,0,,0,0.0,0,0.0,0,0,0,,,,,0,,,0,0,,0,0,0,,59.9,0,0,0.0,0,1,0,100.0,1,0.0,0,0.0,0,0,0,,,0.0
Ray-Ray McCloud III,47895,WR,BUF,2,1,0,4,0,-3.0,0,100.0,,0,0,0.0,0,0,0,78.7,58.5,0,6,0.0,0,3,1,66.7,2,91.7,1,100.0,0,6,9,9.0,6.0,3.0,,0,,,0,0,,0,0,0,64.7,50.4,0,0,0.0,0,21,0,90.5,19,0.0,0,0.0,0,0,0,,,0.0
Riley McCarron,48033,WR,NE,1,1,0,19,0,,0,,,0,0,,0,0,0,,53.2,0,0,0.0,0,1,0,100.0,1,0.0,0,0.0,0,0,0,,,0.0,27.0,0,0.0,,0,0,,0,0,0,,48.7,0,0,0.0,0,10,0,90.0,9,39.6,1,100.0,0,0,0,,,0.0
Khari Lee,10018,TE,BUF,2,1,0,4,0,,0,,,0,0,,0,0,0,,50.5,0,0,0.0,0,2,0,50.0,1,0.0,0,0.0,0,0,0,,,0.0,,0,,,0,0,,0,0,0,64.7,53.5,0,0,0.0,0,3,0,100.0,3,0.0,0,0.0,0,0,0,,,0.0
DeAndre Carter,9859,WR,PHI,2,1,0,24,0,,0,,,0,0,,0,0,0,,46.7,0,0,0.0,0,3,0,100.0,3,0.0,0,0.0,0,0,0,,,0.0,5.0,0,100.0,,0,0,0.0,0,1,0,64.7,50.2,0,10,0.0,0,19,1,89.5,17,108.3,1,100.0,0,10,5,5.0,10.0,0.59
Raheem Mostert,9783,HB,SF,3,1,0,28,0,-3.0,0,100.0,,0,0,0.0,0,0,0,78.7,79.2,0,8,0.0,0,1,1,100.0,1,100.0,1,100.0,0,8,11,11.0,8.0,8.0,,0,,,0,0,,0,0,0,,58.8,0,0,,0,0,0,,0,0.0,0,0.0,0,0,0,,,
Michael Burton,9601,FB,CHI,1,1,0,6,0,,0,,,0,0,,0,0,0,,,0,0,,0,0,0,,0,0.0,0,0.0,0,0,0,,,,,0,,,0,0,,0,0,0,,54.1,0,0,0.0,0,1,0,100.0,1,0.0,0,0.0,0,0,0,,,0.0
Tim White,12144,WR,BLT,1,1,0,3,0,,0,,,0,0,,0,0,0,,,0,0,,0,0,0,,0,0.0,0,0.0,0,0,0,,,,14.0,0,100.0,100.0,1,1,0.0,0,1,0,68.3,90.8,0,14,0.0,0,1,1,100.0,1,118.8,1,100.0,0,14,0,0.0,14.0,14.0
Justin Hardee,18348,CB,NO,1,1,0,20,0,,0,,,0,0,,0,0,0,,,0,0,,0,0,0,,0,0.0,0,0.0,0,0,0,,,,,0,,,0,0,,0,0,0,,,0,0,,0,0,0,,0,0.0,0,0.0,0,0,0,,,
Antony Auclair,24606,TE,TB,4,1,0,30,0,,0,,,0,0,,0,0,0,,,0,0,100.0,2,2,0,0.0,0,0.0,0,0.0,0,0,0,,,,,0,,,0,0,,0,0,0,,52.3,0,0,0.0,0,4,0,100.0,4,0.0,0,0.0,0,0,0,,,0.0
Dane Cruikshank,25546,S,TEN,1,1,0,31,0,,0,,,0,0,,0,0,0,,,0,0,,0,0,0,,0,0.0,0,0.0,0,0,0,,,,,0,,,0,0,,0,0,0,,,0,0,,0,0,0,,0,0.0,0,0.0,0,0,0,,,
De'Lance Turner,25681,HB,BLT,1,1,0,3,0,,0,,,0,0,,0,0,0,,,0,0,,0,0,0,,0,0.0,0,0.0,0,0,0,,,,,0,,,0,0,,0,0,0,64.7,62.0,0,0,,0,0,0,,0,0.0,0,0.0,0,0,0,,,
Marcus Kemp,12137,WR,KC,1,1,0,16,0,-1.0,1,100.0,,0,0,0.0,0,0,0,78.7,96.7,0,7,0.0,0,1,1,100.0,1,95.8,1,100.0,0,7,8,8.0,7.0,7.0,,0,,,0,0,,0,0,0,70.5,92.1,0,0,,0,0,0,,0,0.0,0,0.0,0,0,0,,,
Taysom Hill,12112,QB,NO,2,1,0,20,0,-5.0,0,100.0,,0,0,0.0,0,0,0,78.7,80.1,0,-4,0.0,0,1,1,100.0,1,79.2,1,100.0,0,-4,1,1.0,-4.0,-4.0,,0,,,0,0,,0,0,0,64.7,58.9,0,0,,0,0,0,,0,0.0,0,0.0,0,0,0,,,
Stacy Coley,11974,WR,NYG,2,1,0,21,0,,0,,,0,0,,0,0,0,,,0,0,,0,0,0,,0,0.0,0,0.0,0,0,0,,,,,0,,,0,0,,0,0,0,25.5,38.4,0,0,0.0,0,1,0,100.0,1,0.0,0,0.0,0,0,0,,,0.0
