player,player_id,position,team_name,player_game_count,comp_pct_diff,declined_penalties,dropbacks,franchise_id,no_screen_accuracy_percent,no_screen_aimed_passes,no_screen_attempts,no_screen_avg_depth_of_target,no_screen_avg_time_to_throw,no_screen_bats,no_screen_big_time_throws,no_screen_btt_rate,no_screen_completion_percent,no_screen_completions,no_screen_def_gen_pressures,no_screen_drop_rate,no_screen_dropbacks,no_screen_dropbacks_percent,no_screen_drops,no_screen_first_downs,no_screen_grades_coverage_defense,no_screen_grades_defense,no_screen_grades_defense_penalty,no_screen_grades_hands_drop,no_screen_grades_hands_fumble,no_screen_grades_offense,no_screen_grades_offense_penalty,no_screen_grades_overall_tackle,no_screen_grades_pass,no_screen_grades_pass_route,no_screen_grades_run,no_screen_grades_run_defense,no_screen_grades_tackle,no_screen_hit_as_threw,no_screen_interceptions,no_screen_passing_snaps,no_screen_pressure_to_sack_rate,no_screen_qb_rating,no_screen_sack_percent,no_screen_sacks,no_screen_scrambles,no_screen_spikes,no_screen_thrown_aways,no_screen_touchdowns,no_screen_turnover_worthy_plays,no_screen_twp_rate,no_screen_yards,no_screen_ypa,npa_accuracy_percent,npa_aimed_passes,npa_attempts,npa_avg_depth_of_target,npa_avg_time_to_throw,npa_bats,npa_big_time_throws,npa_btt_rate,npa_completion_percent,npa_completions,npa_def_gen_pressures,npa_drop_rate,npa_dropbacks,npa_dropbacks_percent,npa_drops,npa_first_downs,npa_grades_coverage_defense,npa_grades_defense,npa_grades_defense_penalty,npa_grades_hands_drop,npa_grades_hands_fumble,npa_grades_offense,npa_grades_offense_penalty,npa_grades_overall_tackle,npa_grades_pass,npa_grades_pass_route,npa_grades_run,npa_grades_run_defense,npa_grades_tackle,npa_hit_as_threw,npa_interceptions,npa_passing_snaps,npa_pressure_to_sack_rate,npa_qb_rating,npa_sack_percent,npa_sacks,npa_scrambles,npa_spikes,npa_thrown_aways,npa_touchdowns,npa_turnover_worthy_plays,npa_twp_rate,npa_yards,npa_ypa,pa_accuracy_percent,pa_aimed_passes,pa_attempts,pa_avg_depth_of_target,pa_avg_time_to_throw,pa_bats,pa_big_time_throws,pa_btt_rate,pa_completion_percent,pa_completions,pa_def_gen_pressures,pa_drop_rate,pa_dropbacks,pa_dropbacks_percent,pa_drops,pa_first_downs,pa_grades_coverage_defense,pa_grades_defense,pa_grades_defense_penalty,pa_grades_hands_drop,pa_grades_hands_fumble,pa_grades_offense,pa_grades_offense_penalty,pa_grades_overall_tackle,pa_grades_pass,pa_grades_pass_route,pa_grades_run,pa_grades_run_defense,pa_grades_tackle,pa_hit_as_threw,pa_interceptions,pa_passing_snaps,pa_pressure_to_sack_rate,pa_qb_rating,pa_sack_percent,pa_sacks,pa_scrambles,pa_spikes,pa_thrown_aways,pa_touchdowns,pa_turnover_worthy_plays,pa_twp_rate,pa_yards,pa_ypa,penalties,screen_accuracy_percent,screen_aimed_passes,screen_attempts,screen_avg_depth_of_target,screen_avg_time_to_throw,screen_bats,screen_big_time_throws,screen_btt_rate,screen_completion_percent,screen_completions,screen_def_gen_pressures,screen_drop_rate,screen_dropbacks,screen_dropbacks_percent,screen_drops,screen_first_downs,screen_grades_coverage_defense,screen_grades_defense,screen_grades_defense_penalty,screen_grades_hands_drop,screen_grades_hands_fumble,screen_grades_offense,screen_grades_offense_penalty,screen_grades_overall_tackle,screen_grades_pass,screen_grades_pass_route,screen_grades_run,screen_grades_run_defense,screen_grades_tackle,screen_hit_as_threw,screen_interceptions,screen_passing_snaps,screen_pressure_to_sack_rate,screen_qb_rating,screen_sack_percent,screen_sacks,screen_scrambles,screen_spikes,screen_thrown_aways,screen_touchdowns,screen_turnover_worthy_plays,screen_twp_rate,screen_yards,screen_ypa,ypa_diff
Tom Brady,698,QB,TB,20,1.27,0,780,30,71.5,621,652,11.6,2.53,6,56,8.0,61.8,403,180,9.2,682,87.4,41,265,,,,,90.3,94.0,70.9,,93.0,,67.5,,,4,13,729,14.4,103.3,3.8,26,4,4,17,49,15,2.1,5156,7.9,73.2,557,586,9.3,2.32,7,37,5.9,64.2,376,150,7.8,614,78.7,32,211,,,,,89.8,89.4,69.5,,87.0,,67.5,,,3,12,654,15.3,92.8,3.7,23,4,4,15,30,13,2.0,4045,6.9,76.8,155,162,11.8,2.75,0,19,11.1,65.4,106,35,10.9,166,21.3,13,76,,,,,89.0,96.2,82.7,,94.8,,,,,1,3,175,11.4,130.9,2.4,4,0,0,6,20,3,1.7,1649,10.2,0,91.2,91,96,-2.3,1.54,1,0,0.0,82.3,79,5,4.8,98,12.6,4,22,,,,,84.9,59.9,80.5,,59.6,,,,,0,2,100,20.0,84.8,1.0,1,0,0,4,1,1,1.0,538,5.6,3.28
Patrick Mahomes,11765,QB,KC,18,1.93,0,779,16,75.8,591,638,9.8,3.02,9,50,7.4,64.1,409,266,8.7,710,91.1,39,282,,,,,63.9,92.2,90.4,,90.9,59.4,79.3,,,6,7,755,9.8,102.1,3.7,26,46,2,30,33,23,3.0,5200,8.2,75.6,459,490,8.6,2.94,7,36,6.8,65.5,321,203,7.5,546,70.1,26,214,,,,,53.7,89.9,89.7,,87.3,59.4,71.7,,,4,7,588,10.3,102.8,3.8,21,35,2,18,30,18,3.1,3724,7.6,80.7,197,215,8.4,2.82,3,14,6.4,67.4,145,67,8.8,233,29.9,14,91,,,,,90.3,90.6,83.9,,87.1,59.4,82.0,,,2,1,239,7.5,111.1,2.1,5,12,0,13,12,5,2.1,1866,8.7,0,89.2,65,67,-3.1,1.76,1,0,0.0,85.1,57,4,1.7,69,8.9,1,23,,,,,82.7,63.1,79.3,,64.3,59.4,55.7,,,0,1,72,0.0,124.3,0.0,0,1,0,1,9,0,0.0,390,5.8,1.08
Josh Allen,46601,QB,BUF,19,-6.85,0,767,4,77.0,569,610,10.8,3.2,9,45,6.9,67.4,411,271,6.2,683,89.0,27,269,,,,,47.5,90.7,58.5,,89.5,60.0,76.0,,,5,11,732,12.2,104.9,4.8,33,40,0,27,38,28,3.8,4899,8.0,80.3,432,457,8.4,2.96,5,26,5.2,70.7,323,183,6.9,511,66.6,24,186,,,,64.7,42.0,82.3,53.0,,79.0,90.6,75.8,,,4,7,556,14.2,101.7,5.1,26,28,0,16,22,22,4.0,3405,7.5,75.4,211,235,11.1,3.18,5,19,7.8,63.8,150,97,5.7,256,33.4,9,103,,,,,77.4,91.9,84.3,,91.0,60.0,68.0,,,1,4,264,7.2,111.2,2.7,7,14,0,18,20,7,2.7,1956,8.3,0,91.9,74,82,-2.6,1.72,1,0,0.0,75.6,62,9,8.8,84,11.0,6,20,,,,64.7,84.1,64.4,80.1,,59.9,90.6,66.5,,,0,0,88,0.0,104.8,0.0,0,2,0,7,4,1,1.1,462,5.6,0.87
Russell Wilson,7077,QB,SEA,17,6.92,0,696,29,77.0,501,536,10.3,3.14,5,47,8.3,65.5,351,263,9.1,642,92.2,35,234,,,,,81.1,91.0,45.3,,89.8,,78.0,,,4,13,679,18.6,103.9,7.6,49,57,1,25,41,17,2.5,4103,7.7,76.1,410,435,9.6,2.91,4,38,8.3,65.7,286,195,8.3,517,74.3,26,168,,,,,75.5,86.6,52.3,,84.0,,74.5,,,3,11,547,21.5,99.7,8.1,42,39,1,17,30,13,2.4,3170,7.3,86.2,138,150,7.8,3.37,1,9,5.7,72.7,109,76,8.4,179,25.7,10,74,,,,,89.5,89.9,32.2,,87.5,,73.2,,,1,3,187,11.8,114.8,5.0,9,19,0,10,12,5,2.7,1216,8.1,0,95.7,47,49,-3.4,1.68,0,0,0.0,89.8,44,8,2.2,54,7.8,1,8,,,,,81.0,60.2,78.3,,60.7,,58.3,,,0,1,55,25.0,89.0,3.7,2,1,0,2,1,1,1.8,283,5.8,0.82
Ben Roethlisberger,1732,QB,PIT,16,-8.31,0,694,25,72.7,567,596,8.9,2.28,17,29,4.5,62.9,375,143,9.0,613,88.3,37,207,,,,,79.7,67.8,67.4,,67.2,,50.5,,,6,14,664,8.4,91.9,2.0,12,3,0,6,35,21,3.2,3954,6.6,76.1,586,611,7.6,2.2,15,28,4.3,66.8,408,132,8.5,627,90.3,38,201,,,,,79.9,73.3,78.7,,72.4,,50.5,,,6,13,669,8.3,95.1,1.8,11,3,0,4,35,15,2.2,3974,6.5,68.3,60,65,7.2,2.08,3,1,1.4,58.5,38,13,7.3,67,9.7,3,22,,,,,83.1,40.7,0.0,,43.1,,,,,0,1,76,15.4,75.8,3.0,2,0,0,2,2,6,7.9,330,5.1,0,94.9,79,80,-2.4,1.47,1,0,0.0,88.8,71,2,5.3,81,11.7,4,16,,,,,83.5,72.2,79.7,,71.1,,,,,0,0,81,50.0,93.2,1.2,1,0,0,0,2,0,0.0,350,4.4,-1.42
Matt Ryan,4317,QB,ATL,16,6.32,0,683,2,75.1,539,588,10.0,2.81,10,31,5.0,63.6,374,232,7.7,645,94.4,31,242,,,,,74.6,83.1,79.3,,81.9,55.8,54.0,,,6,11,679,17.7,92.6,6.4,41,16,1,32,25,21,3.1,4394,7.5,73.8,424,458,9.3,2.64,10,21,4.3,63.3,290,178,7.3,507,74.2,23,172,,,,,76.0,76.7,89.5,,76.2,55.8,49.0,,,6,8,540,20.2,88.1,7.1,36,13,1,17,17,15,2.8,3091,6.7,84.0,150,168,9.4,3.07,1,10,5.8,69.6,117,55,7.1,176,25.8,9,78,,,,,69.5,88.6,33.7,,86.2,,69.8,,,0,3,181,9.1,107.5,2.8,5,3,0,17,9,6,3.3,1490,8.9,0,97.1,35,38,-1.7,1.81,1,0,0.0,86.8,33,1,2.9,38,5.6,1,8,,,,,79.3,68.6,77.3,,68.9,,58.3,,,0,0,42,0.0,95.9,0.0,0,0,0,2,1,0,0.0,187,4.9,2.12
Aaron Rodgers,2241,QB,GB,18,3.48,0,660,12,78.8,482,524,10.0,2.87,3,49,8.8,67.7,355,156,6.6,573,86.8,25,239,,,,,85.2,95.6,68.6,,95.3,,53.5,,,2,6,612,16.0,122.3,4.4,25,24,3,34,52,14,2.3,4461,8.5,79.3,400,431,8.2,2.56,3,33,7.2,69.1,298,115,6.0,469,71.1,19,178,,,,,80.7,91.0,66.0,,90.7,,58.9,,,1,6,500,19.1,111.1,4.7,22,16,3,24,31,15,3.0,3435,8.0,86.0,164,179,8.7,2.97,0,16,8.6,72.6,130,45,7.8,191,28.9,11,86,,,,,90.0,97.3,83.2,,96.7,,53.4,,,1,0,200,6.7,137.2,1.6,3,9,0,14,22,0,0.0,1506,8.4,0,95.1,82,86,-1.7,1.42,0,0,0.0,84.9,73,4,6.4,87,13.2,5,25,,,,,84.0,69.0,80.1,,66.5,,65.9,,,0,0,88,0.0,93.8,0.0,0,1,0,4,1,1,1.1,480,5.6,0.44
Deshaun Watson,11767,QB,HST,16,-2.28,0,656,13,76.4,471,498,10.6,3.09,6,42,8.0,68.1,339,233,5.8,607,92.5,21,235,,,,,66.2,92.7,65.3,,91.4,,82.1,,,1,7,636,20.6,111.9,7.9,48,61,2,18,32,14,2.2,4484,9.0,78.0,409,430,8.8,2.92,3,34,7.6,70.7,304,188,4.7,517,78.8,15,186,,,,,60.3,90.2,62.5,,88.4,,74.1,,,1,4,540,20.2,107.1,7.4,38,49,2,15,19,12,2.2,3633,8.4,80.2,106,114,11.9,3.21,4,8,6.6,68.4,78,48,8.2,139,21.2,7,60,,,,,87.7,92.9,82.0,,90.6,,87.9,,,0,3,147,22.9,131.2,7.9,11,13,0,4,14,2,1.4,1190,10.4,0,100.0,44,46,-2.9,1.7,1,0,0.0,93.5,43,3,2.3,49,7.5,1,11,,,,,80.5,67.8,78.0,,68.2,,57.9,,,0,0,51,33.3,104.6,2.0,1,1,0,1,1,0,0.0,339,7.4,1.99
Justin Herbert,28237,QB,LAC,15,5.36,0,653,27,73.2,488,525,9.3,2.72,11,31,5.6,64.0,336,233,5.9,583,89.3,21,203,,,,,70.7,80.0,78.6,,78.6,,63.8,,,11,10,615,13.7,96.9,5.5,32,25,4,11,29,16,2.6,3909,7.4,74.6,409,439,7.9,2.44,10,20,4.3,65.1,286,173,6.2,479,73.4,19,162,,,,,64.5,75.0,77.0,,74.0,,60.7,,,10,7,506,13.3,93.1,4.8,23,16,4,6,20,12,2.4,2970,6.8,79.2,144,156,7.4,3.09,2,11,6.7,70.5,110,66,3.5,174,26.6,4,66,,,,,89.3,83.0,82.9,,80.5,,69.1,,,2,3,183,13.6,112.8,5.2,9,9,0,8,11,4,2.2,1366,8.8,0,95.4,65,70,-4.0,1.73,1,0,0.0,85.7,60,6,3.2,70,10.7,2,25,,,,,82.9,67.0,79.4,,66.3,,,,,1,0,74,0.0,101.6,0.0,0,0,0,3,2,0,0.0,427,6.1,1.99
Jared Goff,10635,QB,LA,17,0.44,0,651,26,77.3,475,524,8.1,2.78,12,14,2.6,65.5,343,198,6.5,577,88.6,24,196,,,,,69.6,71.6,47.8,,72.0,,55.1,,,8,12,595,14.6,91.8,5.0,29,24,2,27,22,20,3.4,3868,7.4,78.0,368,406,6.9,2.4,13,9,2.1,66.7,271,138,5.6,437,67.1,16,133,,,,,60.6,66.3,53.8,,65.8,,57.8,,,7,8,451,17.4,89.4,5.5,24,7,2,16,14,14,3.1,2768,6.8,80.7,171,192,6.7,3.18,2,5,2.5,67.2,129,62,6.5,214,32.9,9,83,,,,,90.1,76.4,42.0,,77.6,,54.2,,,1,5,221,8.1,93.9,2.3,5,17,0,18,8,6,2.7,1513,7.9,0,90.6,64,74,-3.0,1.68,3,0,0.0,77.0,57,2,1.7,74,11.4,1,20,,,,,83.2,62.9,79.6,,62.4,,,,,0,1,77,0.0,83.9,0.0,0,0,0,7,0,0,0.0,413,5.6,1.06
Kyler Murray,38334,QB,ARZ,16,2.13,0,638,1,73.6,443,488,9.9,2.99,10,27,5.2,64.3,314,165,3.7,563,88.2,12,217,,,,,80.2,83.3,56.9,,77.1,,87.4,,,1,12,596,15.8,94.2,4.6,26,49,8,26,25,17,2.9,3708,7.6,75.5,359,395,7.8,2.65,8,20,4.7,66.6,263,117,3.0,447,70.1,8,147,,,,,83.4,77.3,52.8,,72.1,,81.1,,,1,9,476,15.4,88.0,4.0,18,34,8,19,16,10,2.1,2505,6.3,79.1,148,163,9.4,3.23,3,7,4.1,68.7,112,55,4.3,191,29.9,5,80,,,,,71.4,85.1,37.6,,80.0,,86.5,,,0,3,198,16.4,109.6,4.7,9,17,0,12,10,7,3.5,1466,9.0,0,96.9,64,70,-2.9,1.57,1,0,0.0,87.1,61,7,1.6,75,11.8,1,10,,,,,83.2,65.2,0.0,,67.6,,54.5,,,0,0,78,14.3,87.1,1.3,1,2,0,5,1,0,0.0,263,3.8,2.65
Baker Mayfield,46518,QB,CLV,18,5.04,0,612,8,74.7,458,512,9.9,2.99,11,34,6.3,60.9,312,149,8.8,566,92.5,30,205,,,,64.7,62.3,86.2,69.3,,85.4,90.6,58.1,,,3,9,600,17.4,94.5,4.6,26,27,5,35,29,18,3.0,3698,7.2,75.8,359,397,8.6,2.79,10,22,5.2,61.2,243,106,10.7,435,71.1,29,145,,,,,70.8,80.6,77.7,,80.7,58.9,55.1,,,2,8,464,16.0,86.1,3.9,17,20,5,21,17,14,3.0,2588,6.5,78.0,141,160,9.3,3.26,1,12,7.2,66.3,106,49,3.6,177,28.9,4,77,,,,64.7,50.8,86.4,0.0,,84.0,90.6,68.1,,,1,1,184,20.4,119.3,5.6,10,7,0,17,13,4,2.2,1442,9.0,0,95.2,42,45,-2.8,2.14,0,0,0.0,82.2,37,6,7.5,46,7.5,3,17,,,,,80.1,64.8,0.0,,66.7,58.9,,,,0,0,48,16.7,104.8,2.2,1,0,0,3,1,0,0.0,332,7.4,2.49
Philip Rivers,1725,QB,IND,17,-1.13,0,610,14,73.5,476,512,9.5,2.5,11,29,5.3,63.9,327,143,6.6,532,87.2,23,196,,,,,90.3,78.6,67.2,,77.0,,59.6,,,5,11,567,13.3,94.8,3.6,19,1,3,17,25,22,3.9,3949,7.7,76.5,429,459,7.6,2.33,10,25,5.1,67.5,310,107,5.5,475,77.9,18,168,,,,,91.7,81.1,78.1,,79.3,,59.6,,,4,8,507,14.0,96.4,3.2,15,1,3,13,20,16,3.2,3395,7.4,78.7,122,131,7.9,2.55,2,4,3.0,66.4,87,36,9.4,135,22.1,9,49,,,,,63.4,65.5,17.5,,65.6,,,,,1,3,140,11.1,97.6,3.0,4,0,0,6,6,6,4.3,1083,8.3,0,98.7,75,78,-4.0,1.51,1,0,0.0,89.7,70,0,5.4,78,12.8,4,21,,,,,83.4,73.3,79.7,,72.2,,,,,0,0,80,,99.2,0.0,0,0,0,2,1,0,0.0,529,6.8,0.87
Matthew Stafford,4924,QB,DET,16,1.32,0,583,11,71.7,445,473,10.8,2.63,6,32,6.3,61.9,293,164,8.2,527,90.4,26,197,,,,,83.2,82.5,64.6,,79.1,58.4,82.5,,,5,9,566,23.2,96.9,7.2,38,16,7,10,26,13,2.3,3727,7.9,73.0,371,393,9.1,2.48,5,25,6.0,63.9,251,135,7.4,445,76.3,20,155,,,,,69.6,77.2,61.7,,73.8,,81.5,,,4,8,470,28.1,95.3,8.5,38,14,7,6,21,12,2.6,2888,7.3,76.2,126,135,10.0,2.75,3,7,4.6,65.2,88,31,8.3,138,23.7,8,60,,,,,88.1,83.6,82.2,,81.3,58.4,66.4,,,1,2,156,3.2,99.5,0.7,1,2,0,5,5,2,1.3,1196,8.9,0,92.3,52,55,-3.3,1.76,2,0,0.0,83.6,46,2,4.2,56,9.6,2,18,,,,,38.7,64.1,78.6,,63.6,,,,,0,1,60,50.0,86.1,1.8,1,0,0,1,0,1,1.7,357,6.5,1.51
Kirk Cousins,7102,QB,MIN,16,-7.06,0,572,18,77.2,429,477,9.8,2.8,9,24,4.7,66.5,317,215,4.2,532,93.0,14,210,,,,,58.4,83.6,45.4,,80.7,,79.2,,,8,13,571,17.7,104.0,7.1,38,17,3,28,33,18,3.2,3985,8.4,79.6,339,369,8.3,2.54,8,14,3.6,69.6,257,154,4.8,408,71.3,13,150,,,,,57.0,79.9,39.2,,77.3,,78.3,,,7,9,435,17.5,97.6,6.6,27,12,3,12,17,11,2.5,2859,7.7,75.8,128,147,10.0,3.28,1,10,6.3,62.6,92,67,5.2,164,28.7,5,72,,,,,69.1,81.1,82.7,,78.8,,68.0,,,1,4,178,17.9,122.3,7.3,12,5,0,17,18,7,3.9,1406,9.6,0,94.7,38,39,-3.0,2.09,0,0,0.0,82.1,32,6,11.1,40,7.0,4,12,,,,,79.3,66.8,77.3,,66.1,,,,,0,0,42,16.7,113.7,2.5,1,0,0,1,2,0,0.0,280,7.2,1.81
Derek Carr,8671,QB,LV,16,-0.52,0,566,23,76.4,437,474,9.5,2.87,7,37,7.3,65.0,308,169,7.8,523,92.4,26,196,,,,,39.4,84.5,89.6,,83.8,60.0,55.7,,,5,9,560,15.4,101.2,5.0,26,23,4,21,27,18,3.2,3858,8.1,78.6,359,387,9.1,2.76,6,35,8.4,67.4,261,139,7.4,425,75.1,21,151,,,,,37.6,87.7,89.1,,87.3,60.0,53.0,,,2,7,456,16.5,106.0,5.4,23,15,4,16,23,15,3.3,3295,8.5,78.2,119,130,6.8,2.78,1,2,1.5,66.9,87,31,6.5,141,24.9,6,52,,,,,64.8,66.1,82.0,,65.0,,63.9,,,3,2,148,9.7,87.6,2.1,3,8,0,7,4,3,2.0,808,6.2,0,100.0,41,43,-2.5,1.47,0,0,0.0,93.0,40,1,2.4,43,7.6,1,7,,,,,79.6,71.1,77.5,,70.2,,,,,0,0,44,0.0,90.4,0.0,0,0,0,2,0,0,0.0,245,5.7,-2.29
Teddy Bridgewater,8667,QB,CAR,15,-3.55,0,560,5,77.8,405,434,9.0,2.71,9,17,3.7,68.0,295,167,6.3,501,89.5,20,178,,,,,64.6,65.8,63.6,,66.2,58.4,53.9,,,2,10,534,18.6,91.0,6.2,31,36,2,16,11,19,3.6,3483,8.0,79.4,355,379,7.2,2.48,8,13,3.3,69.9,265,130,6.0,434,77.5,17,145,,,,,68.8,65.3,61.2,,66.7,,49.3,,,2,9,458,18.5,89.2,5.5,24,30,2,12,8,15,3.3,2880,7.6,80.2,101,113,8.9,3.04,2,4,3.3,66.4,75,43,7.4,126,22.5,6,44,,,,,62.7,65.2,81.7,,62.8,58.4,73.0,,,0,2,136,16.3,102.1,5.6,7,6,0,10,7,5,3.7,853,7.5,0,94.1,51,58,-3.8,1.79,1,0,0.0,77.6,45,6,6.3,59,10.5,3,11,,,,,81.5,64.2,78.6,,63.7,,,,,0,1,60,0.0,100.4,0.0,0,0,0,6,4,1,1.7,250,4.3,-0.05
Ryan Tannehill,7014,QB,TEN,17,-5.43,0,556,31,75.6,435,474,9.5,2.67,8,20,4.0,65.4,310,167,5.8,521,93.7,19,219,,,,,75.1,91.1,79.4,,87.3,58.9,90.9,,,10,8,549,14.4,107.4,4.6,24,23,0,21,34,21,3.8,3866,8.2,77.1,306,330,7.9,2.33,7,13,3.7,67.6,223,109,5.5,355,63.8,13,139,,,,,53.4,83.5,77.0,,79.2,,83.4,,,6,5,378,17.4,103.1,5.4,19,5,0,11,22,17,4.5,2281,6.9,74.7,158,177,10.4,3.18,3,7,3.8,62.1,110,62,6.8,201,36.2,8,83,,,,,90.0,91.3,83.4,,87.4,58.9,89.6,,,4,3,208,9.7,109.5,3.0,6,18,0,12,12,6,2.9,1703,9.6,0,86.2,29,33,-2.4,2.05,2,0,0.0,69.7,23,4,8.0,35,6.3,2,3,,,,,27.6,53.7,76.9,,53.8,,,,,0,0,37,25.0,75.1,2.9,1,0,0,2,0,2,5.4,118,3.6,2.71
Lamar Jackson,46416,QB,BLT,17,1.88,0,519,3,73.8,370,395,10.1,3.23,8,24,5.8,63.3,250,193,8.4,486,93.6,23,170,,,,,43.9,79.4,67.3,,75.1,,77.8,,,3,11,507,18.7,95.6,7.4,36,55,4,10,25,20,3.9,2969,7.5,74.2,252,270,8.6,3.07,6,11,3.9,63.7,172,129,8.0,331,63.8,15,109,,,,,37.7,71.0,63.0,,65.4,,74.3,,,2,7,346,20.2,89.9,7.9,26,35,4,6,14,12,3.5,1831,6.8,76.0,146,154,10.3,3.21,3,13,8.1,65.6,101,65,9.0,188,36.2,10,67,,,,,71.1,88.3,83.1,,83.9,,79.3,,,1,4,195,16.9,106.2,5.9,11,20,0,4,12,8,4.1,1267,8.2,0,89.3,28,29,-2.8,1.49,1,0,0.0,79.3,23,1,8.0,33,6.4,2,6,,,,,78.1,64.1,76.6,,63.6,,,,,0,0,34,100.0,96.7,3.0,1,0,0,0,1,0,0.0,129,4.4,1.45
Daniel Jones,39395,QB,NYG,14,-4.79,0,516,21,72.8,383,415,8.9,2.74,9,24,5.4,60.5,251,202,10.0,483,93.6,28,165,,,,,30.6,78.2,75.8,,74.1,,78.8,,,8,10,518,22.3,79.7,9.3,45,22,2,13,11,17,3.3,2829,6.8,76.0,304,326,7.6,2.61,5,21,6.0,63.8,208,147,10.0,377,73.1,23,121,,,,,29.3,74.6,73.6,,70.4,,77.2,,,6,8,404,21.8,79.7,8.5,32,18,2,9,8,15,3.7,2072,6.4,71.6,109,122,9.3,2.95,5,3,2.3,59.0,72,61,7.7,139,26.9,6,47,,,,,64.6,79.7,82.0,,77.1,,70.7,,,2,2,148,21.3,82.4,9.4,13,4,0,6,3,2,1.4,871,7.1,0,100.0,30,33,-3.0,2.04,1,0,0.0,87.9,29,6,3.3,33,6.4,1,3,,,,,78.1,68.5,76.7,,67.7,,,,,0,0,34,0.0,81.1,0.0,0,0,0,2,0,0,0.0,114,3.5,0.78
Carson Wentz,10636,QB,PHI,12,0.57,0,509,24,68.0,362,394,10.8,2.99,5,20,4.7,55.3,218,185,11.4,463,91.0,28,134,,,,,35.8,65.1,88.7,,59.8,53.2,83.5,,,6,15,497,26.5,72.3,10.6,49,20,1,20,16,24,4.8,2504,6.4,69.6,293,316,9.5,2.78,5,17,5.0,57.3,181,132,11.3,367,72.1,23,103,,,,,35.4,69.0,88.1,,62.6,59.3,85.5,,,4,10,393,26.5,74.4,9.5,35,16,1,13,12,18,4.6,1904,6.0,71.3,108,121,9.1,3.16,1,3,2.3,57.9,70,58,9.1,142,27.9,7,35,,,,,60.5,53.6,82.2,,54.5,53.7,55.3,,,2,5,151,25.9,68.8,10.6,15,5,0,10,4,6,4.0,716,5.9,0,89.7,39,43,-3.7,1.77,1,0,0.0,76.7,33,5,5.7,46,9.0,2,4,,,,,80.0,61.0,77.8,,61.6,,58.3,,,0,0,47,20.0,78.5,2.2,1,1,0,3,0,0,0.0,116,2.7,-0.11
Drew Lock,39517,QB,DEN,13,11.31,0,484,10,67.6,386,423,10.4,2.82,8,30,6.7,55.8,236,159,9.6,463,95.7,25,146,,,,,29.3,63.7,75.3,,63.5,,54.2,,,11,15,489,11.9,74.0,4.1,19,21,2,16,16,23,4.7,2799,6.6,65.8,313,340,10.0,2.68,6,24,6.7,54.7,186,125,9.7,368,76.0,20,105,,,,,32.8,58.0,73.1,,57.2,,58.3,,,9,15,387,9.6,64.1,3.3,12,16,2,10,9,20,5.2,2124,6.2,78.5,93,103,9.0,3.13,2,6,5.5,66.0,68,35,6.8,116,24.0,5,46,,,,,33.8,76.0,81.3,,77.3,,46.3,,,2,0,123,20.0,112.5,6.0,7,6,0,6,7,3,2.4,809,7.9,0,90.0,20,20,-3.0,2.18,0,0,0.0,90.0,18,1,0.0,21,4.3,0,5,,,,,75.4,58.4,74.9,,59.7,,58.3,,,0,0,21,0.0,94.6,0.0,0,1,0,0,0,0,0.0,134,6.7,1.6
Drew Brees,802,QB,NO,14,-3.98,0,478,20,76.9,394,415,7.6,2.55,5,16,3.7,68.4,284,120,6.3,430,90.0,19,158,,,,,68.5,71.7,75.2,,69.6,56.8,70.2,,,3,9,449,10.8,101.1,3.0,13,2,2,11,25,22,4.9,3086,7.4,78.4,366,383,6.4,2.39,5,14,3.5,70.2,269,99,6.3,396,82.8,18,132,,,,,66.0,70.3,74.5,,68.2,56.8,70.2,,,3,8,413,11.1,99.8,2.8,11,2,2,7,22,18,4.4,2639,6.9,81.2,69,80,6.7,2.89,2,2,2.4,66.3,53,23,5.4,82,17.2,3,36,,,,,83.8,70.0,79.9,,69.0,,,,,0,1,85,8.7,109.5,2.4,2,0,0,9,5,4,4.7,702,8.8,0,97.6,41,48,-4.4,1.79,2,0,0.0,79.2,38,2,5.0,48,10.0,2,10,,,,,80.3,63.4,77.9,,62.9,,,,,0,0,49,0.0,102.7,0.0,0,0,0,5,2,0,0.0,255,5.3,1.89
Joe Burrow,28022,QB,CIN,10,-5.09,0,453,7,71.4,346,369,10.0,2.67,3,15,3.9,62.9,232,145,6.1,418,92.3,15,147,,,,,27.8,75.7,88.2,,74.9,,58.0,,,6,4,436,22.1,89.8,7.7,32,16,3,11,13,14,3.2,2484,6.7,74.1,297,316,8.5,2.5,2,12,3.6,66.5,210,114,4.5,354,78.1,10,116,,,,,27.9,71.8,87.8,,70.8,57.6,60.3,,,4,3,371,21.1,89.4,6.8,24,13,3,10,8,13,3.5,2085,6.6,71.4,84,88,10.1,2.93,1,3,3.3,61.4,54,32,10.0,99,21.9,6,39,,,,,54.7,76.8,80.6,,76.5,,52.2,,,2,2,101,25.0,91.2,8.1,8,3,0,1,5,2,2.0,603,6.9,0,94.3,35,35,-2.4,1.75,0,0,0.0,91.4,32,1,3.0,35,7.7,1,8,,,,,78.4,59.6,76.9,,59.6,57.6,,,,0,1,36,0.0,79.0,0.0,0,0,0,0,0,1,2.8,204,5.8,0.25
Sam Darnold,29048,QB,NYJ,12,-2.32,0,425,22,68.8,282,321,9.6,3.0,5,9,2.6,54.8,176,178,9.3,382,89.9,18,106,,,,,75.5,56.8,72.7,,50.8,,87.7,,,9,11,406,19.7,66.6,9.2,35,26,3,22,8,17,4.2,1910,6.0,71.9,267,293,7.5,2.71,3,8,2.6,60.1,176,132,8.3,336,79.1,16,84,,,,,72.2,57.4,71.3,,51.3,,87.8,,,6,10,354,18.2,71.6,7.1,24,19,3,14,9,16,4.5,1651,5.6,75.4,57,71,10.8,3.33,2,1,1.3,57.7,41,47,4.7,89,20.9,2,33,,,,,84.4,62.1,80.4,,59.8,,69.4,,,3,1,95,23.4,77.0,12.4,11,7,0,9,0,1,1.1,557,7.8,0,97.6,42,43,-2.1,1.41,0,0,0.0,95.3,41,1,0.0,43,10.1,0,11,,,,,79.5,71.5,77.4,,70.5,,,,,0,0,43,0.0,103.3,0.0,0,0,0,1,1,0,0.0,298,6.9,2.22
Cam Newton,6153,QB,NE,15,-1.46,0,420,19,74.9,283,312,9.3,3.0,11,11,3.3,62.5,195,124,8.0,363,86.4,17,124,,,,68.3,73.1,70.5,75.2,,67.3,97.1,66.2,,,6,9,385,25.0,80.2,8.5,31,20,2,10,6,10,2.6,2370,7.6,78.6,220,243,7.3,2.83,11,7,2.7,66.3,161,88,6.9,278,66.2,12,86,,,,64.7,67.3,63.3,73.2,,59.3,94.8,64.1,,,4,6,293,25.0,82.8,7.9,22,13,2,6,5,7,2.4,1686,6.9,77.2,114,125,7.3,2.88,2,4,3.1,64.8,81,42,8.0,142,33.8,7,55,,,,64.7,87.9,82.8,82.2,,78.8,90.2,71.8,,,2,4,151,21.4,83.1,6.3,9,7,0,7,3,3,2.0,971,7.8,0,96.1,51,56,-3.6,1.83,2,0,0.0,83.9,47,6,4.1,57,13.6,2,17,,,,,81.3,67.0,78.6,,66.2,,,,,0,1,59,0.0,92.5,0.0,0,0,0,3,2,0,0.0,287,5.1,0.83
Gardner Minshew,41401,QB,JAX,9,9.24,0,378,15,73.8,279,302,9.4,2.85,2,16,5.0,64.9,196,128,4.9,353,93.4,10,123,,,,,49.9,68.7,67.7,,66.9,59.8,67.7,,,3,5,371,21.1,96.0,7.6,27,24,1,17,16,9,2.4,2104,7.0,73.8,248,270,8.1,2.73,2,11,3.9,64.4,174,102,4.9,309,81.7,9,99,,,,,44.0,64.8,65.7,,62.6,,69.6,,,2,4,324,18.6,92.0,6.1,19,20,1,17,12,8,2.5,1785,6.6,81.5,54,57,10.4,2.97,0,5,8.3,73.7,42,28,4.5,69,18.3,2,28,,,,,82.7,73.5,79.4,,73.5,59.8,57.0,,,1,1,72,28.6,114.2,11.6,8,4,0,2,4,2,2.8,474,8.3,0,91.3,23,25,-2.9,1.61,0,0,0.0,80.0,20,2,4.8,25,6.6,1,4,,,,,76.3,54.2,75.5,,54.4,,,,,0,0,25,0.0,92.5,0.0,0,0,0,2,0,1,4.0,155,6.2,1.71
Andy Dalton,6187,QB,DAL,11,9.81,0,376,9,73.8,279,299,8.7,2.6,4,11,3.5,61.9,185,111,10.2,339,90.2,21,114,,,,,72.5,69.8,69.3,,69.7,60.0,55.7,,,5,8,354,21.6,84.9,7.1,24,15,0,11,13,11,3.1,2004,6.7,74.5,251,267,7.6,2.42,5,10,3.5,62.9,168,91,10.2,305,81.1,19,96,,,,,70.1,70.7,68.1,,70.4,,57.4,,,4,7,321,23.1,80.5,6.9,21,13,0,7,8,7,2.2,1725,6.5,83.3,60,66,7.1,2.73,0,1,1.5,72.7,48,20,4.0,71,18.9,2,25,,,,,82.7,62.3,79.4,,63.1,60.0,54.5,,,1,1,72,15.0,114.8,4.2,3,2,0,5,6,4,5.6,445,6.7,0,96.9,32,34,-2.8,1.32,1,0,0.0,91.2,31,0,0.0,37,9.8,0,7,,,,,78.9,64.9,77.2,,64.6,60.0,,,,0,0,39,,96.8,0.0,0,0,0,1,1,0,0.0,166,4.9,0.28
Mitchell Trubisky,11757,QB,CHI,10,7.68,0,367,6,70.9,296,307,9.1,2.77,2,13,4.1,65.5,201,93,4.3,346,94.3,9,135,,,,,35.3,63.0,70.3,,60.5,,69.6,,,2,8,353,20.4,90.8,5.5,19,19,0,7,15,22,6.2,2119,6.9,69.6,204,209,8.5,2.61,1,9,4.2,64.1,134,60,5.6,237,64.6,8,88,,,,,30.0,60.2,66.4,,56.9,,70.1,,,1,6,243,23.3,89.0,5.9,14,14,0,3,12,16,6.6,1318,6.3,77.5,111,117,8.1,2.86,1,4,3.4,71.8,84,34,2.3,130,35.4,2,53,,,,,61.7,68.3,81.6,,66.4,,68.1,,,1,2,131,14.7,102.4,3.8,5,6,0,4,5,6,4.6,936,8.0,0,94.7,19,19,-3.3,1.59,0,0,0.0,89.5,17,1,5.6,21,5.7,1,6,,,,,75.4,66.4,74.9,,61.0,,65.9,,,0,0,21,0.0,131.4,0.0,0,1,0,0,2,0,0.0,135,7.1,1.69
Nick Mullens,12282,QB,SF,10,6.22,0,348,28,72.9,266,291,8.2,2.65,9,10,3.3,61.5,179,127,7.7,311,89.4,15,110,,,,,57.5,55.9,50.6,,55.8,,55.9,,,11,12,328,14.2,78.2,5.8,18,2,0,5,10,21,6.4,2139,7.4,75.0,212,232,6.4,2.38,8,6,2.4,62.9,146,91,8.2,244,70.1,13,73,,,,,63.2,51.4,46.0,,51.2,,57.7,,,11,9,259,11.0,74.5,4.1,10,1,0,1,6,15,5.8,1533,6.6,77.0,87,94,7.9,2.86,3,4,4.2,69.1,65,40,3.0,104,29.9,2,47,,,,,56.8,69.3,80.8,,68.8,,58.3,,,0,3,106,22.5,107.8,8.7,9,1,0,4,6,6,5.7,904,9.6,0,97.0,33,35,-3.9,1.48,2,0,0.0,91.4,32,4,0.0,37,10.6,0,10,,,,,78.6,65.9,76.9,,65.3,,,,,0,0,37,25.0,121.2,2.7,1,0,0,0,2,0,0.0,298,8.5,3.01
Nick Foles,7089,QB,CHI,9,10.26,0,335,6,70.9,258,282,9.5,2.46,6,17,5.8,63.1,178,114,2.7,305,91.0,5,93,,,,,70.1,66.3,43.3,,66.7,,51.9,,,5,8,319,15.8,81.3,5.9,18,4,1,12,10,11,3.4,1800,6.4,69.1,220,239,8.3,2.3,5,12,4.8,62.3,149,93,2.0,255,76.1,3,67,,,,,65.5,60.3,38.6,,60.6,,55.9,,,5,8,268,15.1,75.5,5.5,14,2,1,8,9,10,3.7,1313,5.5,87.5,64,73,8.3,2.69,2,5,6.7,72.6,53,25,5.4,80,23.9,3,27,,,,,83.6,80.3,79.8,,80.2,,52.3,,,0,0,82,16.0,97.9,5.0,4,2,0,7,1,1,1.2,539,7.4,0,96.2,26,30,-3.8,1.65,1,0,0.0,80.0,24,4,4.0,30,9.0,1,1,,,,,77.6,64.4,76.3,,63.9,,,,,0,0,31,0.0,79.2,0.0,0,0,0,3,0,0,0.0,52,1.7,1.89
Tua Tagovailoa,60326,QB,MIA,10,3.56,0,326,17,72.7,249,262,9.3,2.59,2,7,2.5,62.6,164,93,9.4,298,91.4,17,98,,,,,82.4,65.7,68.0,,64.2,53.2,65.4,,,2,5,318,21.5,85.2,6.7,20,16,3,6,10,13,4.1,1645,6.3,74.0,196,206,8.9,2.48,2,7,3.2,63.1,130,77,10.3,235,72.1,15,78,,,,,78.3,68.9,86.7,,66.6,58.4,66.7,,,2,5,250,20.8,84.7,6.8,16,13,3,3,8,9,3.6,1343,6.5,74.7,79,84,5.9,2.62,0,0,0.0,66.7,56,18,5.1,91,27.9,3,29,,,,,84.7,55.0,1.0,,56.6,53.7,57.2,,,0,0,97,22.2,92.9,4.4,4,3,0,5,3,4,4.1,471,5.6,0,88.5,26,28,-4.0,1.7,0,0,0.0,78.6,22,2,4.3,28,8.6,1,9,,,,,77.2,59.5,76.1,,59.6,57.6,,,,0,0,29,0.0,103.7,0.0,0,0,0,2,1,0,0.0,169,6.0,-0.91
Ryan Fitzpatrick,2467,QB,MIA,9,9.18,0,299,17,76.6,231,244,9.2,2.4,6,12,4.6,66.8,163,96,7.9,276,92.3,14,111,,,,,90.7,74.8,86.7,,70.3,,80.0,,,3,8,293,14.6,95.5,5.1,14,18,1,3,13,14,4.8,1973,8.1,76.1,205,217,8.4,2.34,5,12,5.2,66.8,145,82,7.1,243,81.3,11,89,,,,,90.5,71.8,86.4,,68.3,,73.9,,,3,7,259,13.4,94.0,4.5,11,15,1,3,11,11,4.2,1705,7.9,87.2,47,50,7.1,2.49,3,0,0.0,76.0,38,16,7.3,56,18.7,3,26,,,,,81.2,78.3,78.5,,72.8,,81.7,,,0,1,57,18.8,102.6,5.4,3,3,0,0,2,3,5.3,386,7.7,0,95.2,21,23,-3.0,1.96,2,0,0.0,87.0,20,2,0.0,23,7.7,0,4,,,,,75.9,67.8,75.2,,67.1,,,,,0,0,23,0.0,88.0,0.0,0,0,0,0,0,0,0.0,118,5.1,-0.14
Alex Smith,2218,QB,WAS,8,3.57,0,277,32,76.6,201,224,6.4,2.58,5,10,4.2,63.8,143,92,7.1,249,89.9,11,67,,,,,77.8,65.3,17.6,,66.3,,51.6,,,2,8,261,23.9,76.0,8.8,22,3,0,16,6,7,2.7,1433,6.4,76.7,172,190,5.5,2.47,4,9,4.5,65.8,125,77,5.3,212,76.5,7,53,,,,,74.6,62.9,11.7,,64.2,,51.6,,,2,6,222,24.7,76.9,9.0,19,3,0,12,5,6,2.7,1112,5.9,83.9,56,62,5.2,2.52,1,1,1.6,69.4,43,17,8.5,65,23.5,4,21,,,,,82.2,71.3,79.1,,70.2,,,,,0,2,67,17.6,83.4,4.6,3,0,0,5,1,1,1.5,470,7.6,0,92.6,27,28,-2.4,1.55,0,0,0.0,89.3,25,2,0.0,28,10.1,0,7,,,,,77.0,67.0,75.9,,66.3,,,,,0,0,28,0.0,88.8,0.0,0,0,0,1,0,0,0.0,149,5.3,1.73
Dwayne Haskins,41897,QB,WAS,7,-1.83,0,269,32,66.0,203,214,8.1,2.61,5,6,2.7,57.9,124,72,7.5,242,90.0,10,70,,,,,62.7,46.8,86.0,,45.8,58.9,59.8,,,3,7,250,27.8,69.2,8.3,20,7,0,3,5,10,4.0,1265,5.9,70.2,178,186,7.0,2.45,4,5,2.6,61.8,115,57,8.0,206,76.6,10,59,,,,,58.1,51.9,85.6,,50.0,58.9,64.8,,,2,5,212,24.6,75.3,6.8,14,5,0,2,4,7,3.3,1150,6.2,65.4,52,55,6.3,2.7,1,1,1.8,60.0,33,16,2.9,63,23.4,1,18,,,,,81.8,44.3,78.9,,46.9,,49.4,,,1,2,65,37.5,64.9,9.5,6,2,0,1,1,3,4.6,289,5.3,0,92.6,27,27,-2.3,1.58,0,0,0.0,88.9,24,1,4.0,27,10.0,1,7,,,,,76.8,66.8,75.8,,66.2,,,,,0,0,27,0.0,93.5,0.0,0,0,0,0,0,0,0.0,174,6.4,-0.93
Dak Prescott,10769,QB,DAL,5,-0.38,0,240,9,75.7,185,197,9.6,2.69,3,12,5.9,65.5,129,65,7.9,215,89.6,11,90,,,,64.7,71.7,85.4,85.3,,80.5,91.2,78.9,,,4,4,220,15.4,100.4,4.7,10,8,1,4,9,9,4.1,1748,8.9,76.2,151,160,8.8,2.59,2,9,5.5,68.1,109,47,5.2,173,72.1,6,68,,,,64.7,67.2,81.7,84.7,,77.0,91.2,75.8,,,4,3,177,12.8,103.0,3.5,6,7,1,2,9,8,4.5,1277,8.0,82.8,58,62,6.9,2.61,1,3,4.6,67.7,42,20,12.5,67,27.9,6,29,,,,,82.3,81.9,79.2,,78.6,,65.6,,,0,1,70,20.0,90.7,6.0,4,1,0,3,0,1,1.4,579,9.3,0,95.8,24,25,-2.3,1.78,0,0,0.0,88.0,22,2,4.3,25,10.4,1,7,,,,,76.8,67.6,75.8,,66.9,,,,,0,0,27,0.0,84.7,0.0,0,0,0,1,0,0,0.0,108,4.3,1.36
Mike Glennon,7854,QB,JAX,5,3.03,0,192,15,69.7,152,162,9.8,2.51,3,11,6.6,60.5,98,48,7.5,175,91.1,8,54,,,,,69.7,68.6,50.2,,70.6,,36.3,,,2,5,181,18.8,80.2,5.1,9,4,2,3,7,9,5.0,1018,6.3,72.8,136,148,7.9,2.29,4,9,5.9,61.5,91,39,8.1,157,81.8,8,42,,,,,67.2,68.8,47.8,,71.0,,36.5,,,2,4,162,15.4,72.8,3.8,6,3,2,4,4,7,4.3,772,5.2,70.0,30,31,12.7,3.0,0,2,6.3,64.5,20,9,4.8,35,18.2,1,15,,,,,78.4,59.8,76.8,,60.3,,58.3,,,0,1,36,33.3,115.0,8.6,3,1,0,1,3,3,8.3,300,9.7,0,100.0,14,17,-2.1,1.52,1,0,0.0,76.5,13,0,7.1,17,8.9,1,3,,,,,74.2,54.2,74.1,,54.4,,,,,0,0,17,,79.0,0.0,0,0,0,2,0,1,5.9,54,3.2,4.46
Jalen Hurts,40291,QB,PHI,10,17.91,0,185,24,60.6,109,130,12.2,3.52,3,7,5.0,47.7,62,68,6.1,166,89.7,4,50,,,,,22.5,55.3,55.6,,56.5,54.1,55.4,,,5,4,178,16.2,71.0,6.6,11,25,1,12,5,9,5.1,911,7.0,61.2,103,121,10.4,3.33,2,5,3.9,48.8,59,55,6.3,150,81.1,4,45,,,,64.7,23.5,54.4,54.0,,55.0,56.4,56.0,,,4,4,159,12.7,66.4,4.7,7,22,1,11,4,7,4.4,768,6.3,82.6,23,27,8.5,3.55,1,2,6.7,66.7,18,15,5.3,35,18.9,1,11,,,,,28.1,65.0,77.3,,66.2,58.0,56.4,,,1,0,38,33.3,127.5,14.3,5,3,0,2,2,2,5.3,293,10.9,0,94.1,17,18,-3.2,2.03,0,0,0.0,83.3,15,2,6.3,19,10.3,1,6,,,,64.7,75.1,65.5,75.4,,65.6,59.5,,,,0,0,19,50.0,119.9,5.3,1,0,0,1,1,0,0.0,150,8.3,4.5
Taysom Hill,12112,QB,NO,13,-4.67,0,155,20,81.8,99,103,9.1,3.14,0,3,2.7,72.8,75,55,7.4,137,88.4,6,49,,,,38.4,19.2,71.5,26.2,,70.8,55.6,73.9,,,1,1,145,27.3,107.4,10.9,15,18,0,3,4,7,4.8,884,8.6,83.1,83,85,6.7,2.71,1,2,2.2,74.1,63,31,8.7,104,67.1,6,31,,,,52.1,17.8,65.0,20.1,,69.7,56.2,67.5,,,0,2,109,32.3,90.8,9.6,10,8,0,1,2,5,4.6,589,6.9,81.3,32,36,8.8,3.61,0,1,2.6,69.4,25,27,3.8,51,32.9,1,21,,,,36.2,81.1,71.3,80.4,,64.3,52.8,87.0,,,1,0,54,18.5,117.7,9.8,5,10,0,3,2,2,3.7,339,9.4,0,87.5,16,18,-3.7,1.98,1,0,0.0,72.2,13,3,7.1,18,11.6,1,3,,,,64.7,74.8,39.2,75.4,,55.0,53.8,,,,0,1,18,0.0,51.6,0.0,0,0,0,1,0,0,0.0,44,2.4,2.49
Jimmy Garoppolo,8697,QB,SF,6,13.86,0,155,28,71.2,118,119,8.4,2.64,1,4,3.3,63.0,75,36,10.7,134,86.5,9,46,,,,,87.6,66.5,84.6,,64.3,,66.3,,,0,5,138,30.6,85.7,8.2,11,4,0,0,6,4,2.9,909,7.6,70.8,96,97,7.4,2.42,1,3,3.0,62.9,61,27,10.3,105,67.7,7,40,,,,,86.0,66.1,84.2,,64.1,,64.2,,,0,5,109,22.2,87.6,5.7,6,2,0,0,7,3,2.8,711,7.3,83.3,42,43,4.5,2.72,0,1,2.3,76.7,33,11,5.7,50,32.3,2,16,,,,,80.3,67.2,78.0,,65.7,,64.1,,,0,0,50,45.5,103.3,10.0,5,2,0,1,0,1,2.0,385,9.0,0,95.0,20,21,-4.7,1.72,0,0,0.0,90.5,19,2,0.0,21,13.5,0,10,,,,,75.4,68.8,74.9,,68.0,,,,,0,0,21,0.0,119.6,0.0,0,0,0,1,1,0,0.0,187,8.9,1.62
Brandon Allen,10835,QB,CIN,5,16.57,0,155,7,66.7,114,121,9.0,2.61,2,6,4.6,57.0,69,35,9.2,134,86.5,7,35,,,,,65.9,54.4,84.2,,53.6,58.9,58.8,,,2,4,144,20.0,71.2,5.2,7,6,0,3,4,9,6.3,707,5.8,66.7,90,95,7.2,2.31,2,3,2.9,57.9,55,23,8.3,104,67.1,5,25,,,,,60.2,52.4,83.6,,49.9,,65.6,,,1,2,112,26.1,76.3,5.8,6,3,0,2,3,5,4.5,551,5.8,82.2,45,47,7.0,2.92,0,3,5.9,74.5,35,13,5.4,51,32.9,2,17,,,,,81.0,65.6,78.4,,68.0,58.9,49.0,,,1,2,55,7.7,93.8,2.0,1,3,0,1,2,4,7.3,374,8.0,0,100.0,21,21,-3.1,1.84,0,0,0.0,100.0,21,1,0.0,21,13.5,0,7,,,,,75.9,70.2,75.2,,69.3,,,,,0,0,23,0.0,125.8,0.0,0,0,0,0,1,0,0.0,218,10.4,2.16
Joe Flacco,4332,QB,NYJ,5,-4.92,0,146,22,65.8,111,126,12.2,2.87,2,9,6.5,53.2,67,64,8.2,138,94.5,6,39,,,,,65.4,55.6,46.4,,55.8,58.9,57.8,,,1,3,152,10.9,79.5,5.1,7,5,0,12,6,8,5.3,821,6.5,67.4,92,101,10.9,2.68,1,7,6.3,56.4,57,49,8.1,111,76.0,5,31,,,,,60.1,54.8,41.9,,54.2,58.9,64.5,,,1,2,123,14.3,82.0,6.3,7,3,0,7,5,6,4.9,596,5.9,66.7,27,33,12.8,3.32,1,2,5.7,51.5,17,16,5.6,35,24.0,1,8,,,,,78.6,60.2,76.9,,62.2,,52.3,,,0,1,37,0.0,76.3,0.0,0,2,0,5,1,2,5.4,268,8.1,0,87.5,8,8,-0.6,2.18,0,0,0.0,87.5,7,1,0.0,8,5.5,0,0,,,,,70.3,60.4,71.5,,60.2,,,,,0,0,8,0.0,89.1,0.0,0,0,0,0,0,0,0.0,43,5.4,2.22
Jake Luton,17287,QB,JAX,3,1.21,0,118,15,67.0,88,98,9.6,2.71,4,4,3.9,52.0,51,41,13.6,106,89.8,8,28,,,,,57.1,38.9,82.8,,36.7,,70.8,,,2,6,111,17.1,51.0,6.6,7,1,0,4,2,9,8.1,570,5.8,66.7,84,92,8.3,2.53,3,3,3.1,54.3,50,34,10.7,100,84.7,6,26,,,,,55.2,35.2,82.7,,32.8,,70.8,,,1,5,104,20.6,55.9,7.0,7,1,0,4,2,8,7.7,529,5.8,85.7,14,18,9.2,2.99,1,1,5.3,55.6,10,8,16.7,18,15.3,2,6,,,,,74.8,66.4,74.5,,65.8,,,,,1,1,19,0.0,47.2,0.0,0,0,0,2,0,1,5.3,95,5.3,0,90.0,10,12,-2.3,1.63,0,0,0.0,75.0,9,1,0.0,12,10.2,0,4,,,,,72.4,59.3,72.9,,59.2,,,,,0,0,12,0.0,83.3,0.0,0,0,0,2,0,0,0.0,54,4.5,-0.47
C.J. Beathard,11859,QB,SF,6,-0.37,0,114,28,77.2,92,100,9.0,2.5,1,4,3.7,62.0,62,40,12.7,110,96.5,9,42,,,,,60.8,67.7,82.8,,64.9,,68.5,,,2,0,118,22.5,106.1,8.2,9,1,1,4,6,4,3.4,777,7.8,78.5,79,85,9.1,2.43,1,3,3.3,63.5,54,36,12.9,95,83.3,8,35,,,,,56.8,67.7,82.5,,64.7,,68.5,,,2,0,101,25.0,100.4,9.5,9,1,1,2,3,4,4.0,686,8.1,76.5,17,19,5.0,2.67,0,1,4.5,63.2,12,5,7.7,19,16.7,1,7,,,,,75.6,63.5,75.0,,63.0,,,,,0,0,22,0.0,116.4,0.0,0,0,0,2,3,0,0.0,101,5.3,0,100.0,4,4,-6.0,1.78,0,0,0.0,100.0,4,1,0.0,4,3.5,0,0,,,,,68.0,61.9,69.9,,61.7,,,,,0,0,5,0.0,79.2,0.0,0,0,0,0,0,0,0.0,10,2.5,-2.75
Kyle Allen,26152,QB,WAS,4,-20.11,0,98,32,81.3,64,72,7.9,2.99,1,3,3.8,69.4,50,30,3.8,83,84.7,2,31,,,,,53.0,70.1,29.6,,68.2,,70.2,,,1,1,91,23.3,103.7,8.4,7,4,0,6,4,3,3.3,536,7.4,84.3,51,55,5.0,2.7,1,1,1.7,76.4,42,15,2.3,60,61.2,1,22,,,,,41.7,69.6,20.2,,66.8,,73.5,,,1,0,63,13.3,99.1,3.3,2,3,0,2,1,2,3.2,360,6.5,76.9,26,32,9.1,2.98,1,2,5.6,56.3,18,16,10.0,38,38.8,2,11,,,,,79.6,63.6,77.5,,63.9,,58.3,,,0,1,44,31.3,99.7,13.2,5,1,0,5,3,1,2.3,250,7.8,0,84.6,13,15,-1.2,1.79,1,0,0.0,66.7,10,1,9.1,15,15.3,1,2,,,,,73.9,56.5,73.9,,56.5,,,,,0,0,16,0.0,78.2,0.0,0,0,0,1,0,0,0.0,74,4.9,1.26
Jeff Driskel,10841,QB,DEN,2,-11.15,0,78,10,68.4,57,61,11.6,2.63,2,2,3.0,52.5,32,36,17.9,74,94.9,7,19,,,,,83.8,55.1,81.0,,50.8,,78.1,,,0,2,81,30.6,78.2,14.9,11,2,0,2,3,3,3.7,435,7.1,70.6,51,53,11.0,2.5,2,2,3.4,56.6,30,29,16.7,64,82.1,6,16,,,,,83.0,53.0,80.6,,48.7,,74.9,,,0,2,71,27.6,79.8,12.5,8,3,0,0,3,3,4.2,348,6.6,66.7,9,11,9.9,3.19,0,0,0.0,45.5,5,8,16.7,14,17.9,1,3,,,,,73.2,64.9,73.5,,64.4,,,,,0,0,14,37.5,71.8,21.4,3,0,0,2,0,0,0.0,84,7.6,0,100.0,3,3,-4.7,2.63,0,0,0.0,100.0,3,1,0.0,4,5.1,0,0,,,,,66.9,59.4,69.2,,62.8,,58.3,,,0,0,4,0.0,79.2,0.0,0,1,0,0,0,0,0.0,-3,-1.0,1.07
Taylor Heinicke,9896,QB,WAS,2,-18.01,0,75,32,74.6,59,63,11.3,3.1,1,7,10.8,60.3,38,21,13.6,75,100.0,6,27,,,,,83.2,92.5,80.4,,90.1,,84.8,,,0,1,78,14.3,85.6,4.0,3,9,0,3,2,1,1.3,443,7.0,72.5,51,52,11.5,3.08,0,6,10.9,63.5,33,18,10.8,63,84.0,4,24,,,,,82.2,91.6,79.9,,86.6,,87.9,,,0,1,67,16.7,89.3,4.8,3,8,0,1,2,1,1.5,369,7.1,87.5,8,11,10.0,3.22,1,1,9.1,45.5,5,3,28.6,12,16.0,2,3,,,,,72.4,82.4,72.9,,83.4,,58.3,,,0,0,12,0.0,68.0,0.0,0,1,0,2,0,0,0.0,74,6.7,0,,0,0,,,0,0,0.0,,0,0,,0,0.0,0,0,,,,,60.4,58.7,64.6,,58.9,,,,,0,0,1,,0.0,,0,0,0,0,0,0,0.0,0,,-0.37
Colt McCoy,5609,QB,NYG,4,5.52,0,75,21,59.7,62,62,10.1,2.69,0,1,1.6,58.1,36,24,2.7,71,94.7,1,18,,,,,83.4,60.1,81.9,,62.3,,45.6,,,0,1,74,20.8,74.1,7.0,5,4,0,0,1,2,2.7,372,6.0,61.2,49,49,9.4,2.39,0,1,2.0,59.2,29,18,3.3,56,74.7,1,14,,,,,81.9,63.6,81.4,,65.0,,49.4,,,0,1,57,27.8,67.6,8.9,5,2,0,0,0,1,1.8,290,5.9,64.7,17,17,8.8,3.26,0,0,0.0,64.7,11,6,0.0,19,25.3,0,5,,,,,75.4,53.5,74.9,,56.6,,52.3,,,0,0,21,0.0,96.4,0.0,0,2,0,0,1,1,4.8,85,5.0,0,100.0,4,4,-3.5,1.2,0,0,0.0,100.0,4,0,0.0,4,5.3,0,1,,,,,66.9,64.4,69.2,,63.9,,,,,0,0,4,,79.2,0.0,0,0,0,0,0,0,0.0,3,0.8,-0.92
Phillip Walker,12134,QB,CAR,4,-3.23,0,60,5,63.0,46,49,12.5,2.68,2,4,8.2,53.1,26,18,10.3,53,88.3,3,16,,,,,81.5,55.5,3.5,,55.7,58.4,62.6,,,0,5,54,22.2,43.0,7.5,4,0,0,1,1,2,3.7,347,7.1,66.7,42,45,10.7,2.35,2,3,6.7,57.8,26,14,7.1,48,80.0,2,14,,,,,80.8,55.6,0.0,,57.7,,53.8,,,0,3,48,21.4,58.0,6.3,3,0,0,1,1,1,2.1,304,6.8,72.7,11,11,9.3,3.13,0,1,9.1,54.5,6,4,25.0,12,20.0,2,3,,,,,72.8,61.7,73.5,,56.8,58.4,65.9,,,0,2,13,25.0,32.2,8.3,1,0,0,0,0,1,7.7,64,5.8,0,100.0,7,7,-3.6,1.14,0,0,0.0,85.7,6,0,14.3,7,11.7,1,1,,,,,69.6,66.3,71.1,,65.7,,,,,0,0,7,,79.2,0.0,0,0,0,0,0,0,0.0,21,3.0,-0.94
Ben DiNucci,34311,QB,DAL,2,-46.83,0,51,9,58.8,34,37,10.4,2.96,1,1,2.6,48.6,18,20,10.0,45,88.2,2,9,,,,,16.0,24.5,80.2,,24.4,55.3,52.5,,,0,0,46,35.0,62.8,15.6,7,1,1,1,0,6,13.0,179,4.8,72.7,33,36,7.7,2.61,1,1,2.8,61.1,22,18,8.3,43,84.3,2,10,,,,,15.6,27.2,80.0,,27.0,60.0,52.5,,,0,0,43,33.3,76.7,14.0,6,1,1,1,0,5,11.6,205,5.7,28.6,7,7,12.1,3.6,0,0,0.0,14.3,1,4,50.0,8,15.7,1,1,,,,,70.9,28.9,72.3,,29.4,57.7,,,,0,0,9,25.0,39.6,12.5,1,0,0,0,0,1,11.1,14,2.0,0,100.0,6,6,-2.3,1.28,0,0,0.0,83.3,5,2,16.7,6,11.8,1,2,,,,,68.9,65.2,70.6,,64.7,,,,,0,0,6,0.0,94.4,0.0,0,0,0,0,0,0,0.0,40,6.7,-3.69
Jarrett Stidham,13725,QB,NE,5,-22.92,0,50,19,65.5,29,37,9.2,3.06,2,0,0.0,45.9,17,19,10.5,43,86.0,2,11,,,,,80.8,40.8,79.6,,43.1,,49.4,,,1,3,46,21.1,48.3,9.3,4,2,0,5,2,2,4.3,210,5.7,69.2,26,32,6.0,2.86,2,0,0.0,56.3,18,16,0.0,36,72.0,0,10,,,,,79.8,44.7,79.2,,45.3,,55.0,,,1,2,38,18.8,56.4,8.3,3,1,0,3,1,2,5.3,177,5.5,66.7,9,12,9.3,3.06,0,0,0.0,33.3,4,5,33.3,14,28.0,2,3,,,,,73.5,47.1,73.7,,51.5,,54.9,,,0,1,15,20.0,50.3,7.1,1,1,0,3,1,0,0.0,79,6.6,0,83.3,6,7,-4.3,2.0,0,0,0.0,71.4,5,2,0.0,7,14.0,0,2,,,,,69.6,63.4,71.1,,63.0,,,,,0,0,7,0.0,89.0,0.0,0,0,0,1,0,0,0.0,46,6.6,1.05
Chad Henne,4371,QB,KC,4,-24.11,0,50,16,74.3,35,37,7.4,2.36,1,0,0.0,70.3,26,8,0.0,41,82.0,0,16,,,,,80.7,60.5,80.0,,59.1,,62.0,,,0,1,44,37.5,94.0,7.3,3,1,0,1,2,1,2.3,236,6.4,87.1,31,32,3.8,2.03,1,0,0.0,81.3,26,6,3.7,35,70.0,1,15,,,,,79.8,65.4,79.7,,64.1,,62.0,,,0,0,37,33.3,112.1,5.7,2,1,0,0,1,0,0.0,269,8.4,61.5,13,14,8.5,2.67,0,0,0.0,57.1,8,2,0.0,15,30.0,0,4,,,,,73.9,51.9,73.9,,52.4,,,,,0,1,16,50.0,57.1,6.7,1,0,0,1,1,1,6.3,45,3.2,0,100.0,9,9,-3.7,1.62,0,0,0.0,88.9,8,0,11.1,9,18.0,1,3,,,,,70.9,61.2,71.9,,61.0,,,,,0,0,9,,102.8,0.0,0,0,0,0,0,0,0.0,78,8.7,-5.2
John Wolford,46454,QB,LA,2,-8.82,0,49,26,68.8,32,38,12.5,3.11,2,4,10.0,50.0,19,23,13.6,43,87.8,3,16,,,,,80.8,72.9,80.0,,67.0,,76.9,,,3,1,45,13.0,60.1,7.0,3,2,0,1,0,1,2.2,249,6.6,75.9,29,34,9.0,2.72,2,4,11.1,58.8,20,17,9.1,38,77.6,2,13,,,,,80.2,72.4,79.7,,65.9,,76.9,,,2,1,40,11.8,64.6,5.3,2,2,0,1,0,1,2.5,210,6.2,66.7,9,10,13.1,3.55,0,0,0.0,50.0,5,7,16.7,11,22.4,1,3,,,,,71.9,68.3,72.6,,67.5,,,,,1,0,11,14.3,64.6,9.1,1,0,0,0,0,0,0.0,50,5.0,0,100.0,6,6,-3.5,1.43,0,0,0.0,100.0,6,1,0.0,6,12.2,0,0,,,,,68.9,65.5,70.6,,64.9,,,,,0,0,6,0.0,79.2,0.0,0,0,0,0,0,0,0.0,11,1.8,-1.18
Chase Daniel,5214,QB,DET,4,38.89,0,48,11,80.0,35,38,7.9,2.44,1,2,5.1,63.2,24,13,14.3,43,89.6,4,15,,,,,79.8,52.7,78.7,,49.7,58.9,70.7,,,0,2,45,23.1,69.3,7.0,3,2,1,1,1,3,6.7,253,6.7,78.8,33,36,6.6,2.33,1,1,2.7,61.1,22,12,15.4,41,85.4,4,10,,,,,79.5,43.9,78.5,,40.6,,70.7,,,0,2,43,25.0,51.4,7.3,3,2,1,1,0,3,7.0,186,5.2,100.0,7,7,6.0,2.21,0,1,14.3,100.0,7,2,0.0,7,14.6,0,5,,,,,69.6,88.0,71.5,,87.2,58.9,,,,0,0,7,0.0,152.7,0.0,0,0,0,0,1,0,0.0,78,11.1,0,100.0,5,5,-3.0,1.26,0,0,0.0,100.0,5,1,0.0,5,10.4,0,0,,,,,68.0,65.4,69.9,,64.8,,,,,0,0,5,0.0,79.2,0.0,0,0,0,0,0,0,0.0,11,2.2,5.97
Mason Rudolph,46569,QB,PIT,3,-8.97,0,45,25,62.2,37,38,12.1,2.54,0,3,7.3,55.3,21,14,8.7,40,88.9,2,13,,,,,80.6,75.8,79.5,,76.0,,55.7,,,1,1,43,7.1,88.7,2.5,1,1,0,0,2,1,2.3,310,8.2,64.9,37,39,11.5,2.51,0,3,7.1,59.0,23,13,4.2,41,91.1,1,13,,,,,80.7,72.4,79.6,,72.7,,55.7,,,1,1,44,7.7,91.0,2.4,1,1,0,1,2,1,2.3,312,8.0,75.0,4,4,4.0,2.3,0,0,0.0,50.0,2,1,33.3,4,8.9,1,0,,,,,66.9,80.4,69.2,,78.6,,,,,0,0,4,0.0,56.3,0.0,0,0,0,0,0,0,0.0,12,3.0,0,100.0,4,5,-1.8,2.12,0,0,0.0,80.0,4,0,0.0,5,11.1,0,0,,,,,68.0,61.9,69.9,,61.7,,,,,0,0,5,,79.2,0.0,0,0,0,1,0,0,0.0,14,2.8,-5.0
Ryan Finley,46426,QB,CIN,4,-54.84,0,43,7,54.8,31,31,10.9,2.91,0,2,6.5,51.6,16,25,5.9,42,97.7,1,9,,,,,81.0,61.9,80.2,,60.1,,62.3,,,0,2,42,36.0,49.9,21.4,9,2,0,0,1,0,0.0,156,5.0,58.1,31,31,9.6,2.84,0,2,6.5,54.8,17,24,5.6,41,95.3,1,8,,,,,80.9,61.5,80.1,,61.8,,57.2,,,0,2,41,37.5,53.7,22.0,9,1,0,0,1,0,0.0,164,5.3,0.0,1,1,38.0,3.55,0,0,0.0,0.0,0,1,,2,4.7,0,1,,,,,63.6,63.7,66.9,,52.1,,65.9,,,0,0,2,0.0,39.6,0.0,0,1,0,0,0,0,0.0,0,0.0,0,100.0,1,1,-3.0,1.4,0,0,0.0,100.0,1,0,0.0,1,2.3,0,0,,,,,60.4,60.2,64.6,,60.0,,,,,0,0,1,,100.0,0.0,0,0,0,0,0,0,0.0,8,8.0,-5.29
Garrett Gilbert,8848,QB,DAL,1,-23.81,0,42,9,67.7,31,37,11.5,2.65,3,2,5.3,54.1,20,18,4.8,41,97.6,1,12,,,,,79.5,66.3,79.3,,62.3,,73.0,,,1,1,42,11.1,72.7,4.9,2,2,1,1,1,2,4.8,247,6.7,72.4,29,35,10.8,2.54,3,2,5.6,57.1,20,16,4.8,38,90.5,1,10,,,,,79.1,69.9,79.1,,67.9,,64.7,,,1,0,39,12.5,86.3,5.3,2,1,1,1,1,1,2.6,227,6.5,33.3,3,3,12.7,3.58,0,0,0.0,33.3,1,2,0.0,4,9.5,0,2,,,,,66.9,48.7,69.2,,39.3,,65.6,,,0,1,4,0.0,12.5,0.0,0,1,0,0,0,1,25.0,16,5.3,0,100.0,1,1,-5.0,2.5,0,0,0.0,100.0,1,0,0.0,1,2.4,0,0,,,,,60.4,60.3,64.6,,60.1,,,,,0,0,1,,79.2,0.0,0,0,0,0,0,0,0.0,-4,-4.0,-1.16
Brett Rypien,46487,QB,DEN,2,-31.43,0,41,10,78.8,33,38,10.3,2.55,1,4,8.9,65.8,25,17,3.8,39,95.1,1,12,,,,,80.8,39.8,0.0,,40.7,,61.3,,,0,4,47,5.9,66.8,2.6,1,0,0,4,2,5,10.6,291,7.7,81.3,32,35,8.7,2.38,1,4,9.8,71.4,25,15,3.8,36,87.8,1,11,,,,,80.3,53.2,0.0,,53.9,,61.3,,,0,3,43,6.7,64.1,2.8,1,0,0,2,1,3,7.0,241,6.9,66.7,3,5,18.0,3.4,0,0,0.0,40.0,2,3,0.0,5,12.2,0,1,,,,,68.9,22.4,70.6,,23.9,,,,,0,1,6,0.0,80.4,0.0,0,0,0,2,1,2,33.3,54,10.8,0,100.0,2,2,-4.0,1.75,0,0,0.0,100.0,2,1,0.0,2,4.9,0,0,,,,,63.6,62.2,66.9,,61.9,,,,,0,0,2,0.0,79.2,0.0,0,0,0,0,0,0,0.0,4,2.0,3.91
Tyrod Taylor,6332,QB,LAC,2,10.0,0,34,27,65.4,26,29,11.3,2.76,0,1,3.1,51.7,15,11,11.8,32,94.1,2,11,,,,,79.5,59.6,79.4,,63.4,,47.8,,,1,0,36,9.1,74.1,3.1,1,2,0,2,0,0,0.0,201,6.9,66.7,18,20,11.9,2.63,0,1,4.8,50.0,10,8,16.7,22,64.7,2,7,,,,,77.6,62.9,78.8,,67.4,,48.8,,,1,0,24,12.5,72.7,4.5,1,1,0,1,0,0,0.0,139,7.0,66.7,9,10,8.6,2.73,0,0,0.0,60.0,6,3,0.0,12,35.3,0,4,,,,,73.2,53.1,73.5,,54.7,,58.3,,,0,0,14,0.0,80.8,0.0,0,1,0,1,0,0,0.0,69,6.9,0,100.0,1,1,-2.0,1.2,0,0,0.0,100.0,1,0,0.0,2,5.9,0,0,,,,,63.6,58.8,66.9,,58.9,,,,,0,0,2,,95.8,0.0,0,0,0,0,0,0,0.0,7,7.0,-0.05
Marcus Mariota,9435,QB,LV,1,-0.87,0,32,23,69.6,23,26,11.9,2.98,1,2,7.4,61.5,16,5,0.0,30,93.8,0,14,,,,,78.8,82.2,78.8,,77.3,,74.1,,,0,1,31,0.0,85.3,0.0,0,4,1,1,1,2,6.5,219,8.4,70.0,20,23,11.0,2.86,1,2,8.3,60.9,14,3,0.0,25,78.1,0,10,,,,,77.9,82.4,78.5,,77.0,,74.8,,,0,1,26,0.0,84.0,0.0,0,2,1,1,1,1,3.8,192,8.3,80.0,5,5,10.4,2.99,0,0,0.0,60.0,3,2,25.0,7,21.9,1,4,,,,,69.6,68.9,71.1,,67.8,,62.0,,,0,0,7,0.0,80.4,0.0,0,2,0,0,0,1,14.3,34,6.8,0,100.0,2,2,-1.5,1.6,0,0,0.0,50.0,1,0,50.0,2,6.3,1,0,,,,,63.6,62.6,66.9,,62.2,,,,,0,0,2,,58.3,0.0,0,0,0,0,0,0,0.0,7,3.5,-1.55
Brian Hoyer,5277,QB,NE,1,12.86,0,27,19,65.0,20,21,9.4,2.6,0,1,4.8,57.1,12,7,7.7,24,88.9,1,8,,,,,24.3,57.9,77.9,,55.2,,63.9,,,0,1,24,28.6,51.7,8.3,2,1,0,1,0,3,12.5,110,5.2,69.2,13,14,9.0,2.58,0,0,0.0,57.1,8,7,11.1,17,63.0,1,5,,,,,22.0,53.6,77.3,,50.2,,63.9,,,0,0,17,28.6,63.7,11.8,2,1,0,1,0,2,11.8,47,3.4,70.0,10,10,6.8,2.4,0,1,10.0,70.0,7,0,0.0,10,37.0,0,4,,,,,71.4,67.7,72.3,,66.9,,,,,0,1,10,,55.4,0.0,0,0,0,0,0,1,10.0,83,8.3,0,100.0,3,3,-1.0,1.83,0,0,0.0,100.0,3,0,0.0,3,11.1,0,1,,,,,65.5,63.4,68.2,,63.0,,,,,0,0,3,,94.4,0.0,0,0,0,0,0,0,0.0,20,6.7,4.94
Matt Barkley,7880,QB,BUF,4,-13.89,0,22,4,64.7,17,18,15.1,2.56,1,2,11.1,55.6,10,5,9.1,19,86.4,1,9,,,,,76.9,66.5,78.0,,65.1,,61.6,,,0,1,19,20.0,89.1,5.3,1,0,0,0,1,1,5.3,196,10.9,90.0,10,12,11.4,2.19,2,1,8.3,58.3,7,2,22.2,13,59.1,2,6,,,,,75.5,59.7,77.5,,57.5,,61.6,,,0,1,13,50.0,54.2,7.7,1,0,0,0,0,1,7.7,110,9.2,44.4,9,9,15.6,2.79,0,1,11.1,44.4,4,3,0.0,9,40.9,0,3,,,,,70.9,61.6,71.9,,61.4,,,,,0,0,9,0.0,116.4,0.0,0,0,0,0,1,1,11.1,87,9.7,0,100.0,2,3,-1.0,1.63,1,0,0.0,33.3,1,0,50.0,3,13.6,1,0,,,,,65.5,37.8,68.2,,39.8,,,,,0,0,3,,42.4,0.0,0,0,0,0,0,1,33.3,1,0.3,0.5
Tyler Huntley,46448,QB,BLT,3,0.0,0,21,3,61.1,18,18,10.7,3.03,0,1,5.6,50.0,9,5,18.2,21,100.0,2,4,,,,,78.4,61.6,77.9,,57.7,,64.9,,,0,0,21,20.0,61.1,4.8,1,2,0,0,0,1,4.8,75,4.2,62.5,16,16,10.1,3.06,0,1,6.3,50.0,8,4,20.0,19,90.5,2,4,,,,,78.1,63.3,77.7,,59.6,,64.9,,,0,0,19,25.0,63.5,5.3,1,2,0,0,0,1,5.3,76,4.8,50.0,2,2,16.0,2.75,0,0,0.0,50.0,1,1,0.0,2,9.5,0,0,,,,,63.6,53.7,66.9,,54.3,,,,,0,0,2,0.0,56.3,0.0,0,0,0,0,0,0,0.0,-1,-0.5,0,,0,0,,,0,0,,,0,0,,0,0.0,0,0,,,,,,,,,,,,,,0,0,0,,0.0,,0,0,0,0,0,0,,0,,-5.25
Blaine Gabbert,6162,QB,TB,2,-7.14,0,19,30,53.8,13,14,8.7,2.36,0,0,0.0,50.0,7,5,0.0,17,89.5,0,3,,,,,77.2,56.1,77.9,,52.9,,63.4,,,1,0,20,20.0,112.5,5.9,1,2,0,0,2,0,0.0,98,7.0,57.1,14,14,6.6,2.14,0,0,0.0,57.1,8,4,0.0,17,89.5,0,4,,,,,77.0,53.6,77.8,,49.8,,63.4,,,0,0,19,25.0,122.9,5.9,1,2,0,0,2,0,0.0,113,8.1,100.0,1,2,19.0,2.95,0,0,0.0,50.0,1,1,0.0,2,10.5,0,1,,,,,65.5,68.6,68.2,,67.8,,,,,1,0,3,0.0,95.8,0.0,0,0,0,0,0,0,0.0,30,15.0,0,100.0,2,2,-1.0,1.05,0,0,0.0,100.0,2,0,0.0,2,10.5,0,2,,,,,63.6,62.1,66.9,,61.8,,,,,0,0,2,,118.8,0.0,0,0,0,0,0,0,0.0,45,22.5,6.93
Chris Streveler,46440,QB,ARZ,1,-25.0,0,18,1,54.5,11,11,10.5,2.53,0,0,0.0,54.5,6,6,0.0,13,72.2,0,3,,,,,75.3,25.4,75.6,,23.4,,66.5,,,0,1,16,33.3,35.0,15.4,2,0,0,0,0,3,18.8,67,6.1,75.0,12,12,5.2,1.9,0,0,0.0,75.0,9,4,0.0,13,72.2,0,3,,,,,74.7,29.0,75.3,,26.2,,69.7,,,0,1,14,25.0,85.4,7.7,1,0,0,0,1,2,14.3,80,6.7,50.0,4,4,10.5,2.76,0,0,0.0,50.0,2,2,0.0,5,27.8,0,2,,,,,69.6,35.5,71.1,,37.6,,58.3,,,0,0,7,50.0,69.8,20.0,1,0,0,0,0,1,14.3,25,6.3,0,100.0,5,5,-2.4,1.12,0,0,0.0,100.0,5,0,0.0,5,27.8,0,2,,,,,68.0,65.2,69.9,,64.6,,,,,0,0,5,,137.9,0.0,0,0,0,0,1,0,0.0,38,7.6,-0.42
Robert Griffin III,7008,QB,BLT,3,-10.0,0,17,3,54.5,11,12,8.4,2.21,0,0,0.0,50.0,6,8,0.0,15,88.2,0,1,,,,,77.9,52.8,78.7,,34.3,,77.6,,,1,2,17,37.5,16.7,20.0,3,0,0,0,0,1,5.9,34,2.8,66.7,9,10,8.0,2.23,0,0,0.0,60.0,6,8,0.0,13,76.5,0,1,,,,,77.5,50.5,78.6,,29.4,,75.2,,,1,2,15,37.5,26.7,23.1,3,0,0,0,0,1,6.7,34,3.4,50.0,4,4,3.8,1.6,0,0,0.0,50.0,2,0,0.0,4,23.5,0,0,,,,,68.0,64.4,69.9,,63.9,,,,,0,0,5,,56.3,0.0,0,0,0,0,0,0,0.0,8,2.0,0,100.0,2,2,-2.5,1.1,0,0,0.0,100.0,2,0,0.0,2,11.8,0,0,,,,,65.5,58.6,68.2,,62.1,,58.3,,,0,0,3,,83.3,0.0,0,0,0,0,0,0,0.0,8,4.0,-1.4
Jameis Winston,9434,QB,NO,3,12.5,0,15,20,63.6,11,11,8.5,2.83,0,0,0.0,63.6,7,6,0.0,14,93.3,0,6,,,,,76.1,42.3,0.0,,44.7,,56.6,,,0,0,14,33.3,133.9,14.3,2,1,0,0,1,1,7.1,128,11.6,62.5,8,8,5.1,2.52,0,0,0.0,62.5,5,3,0.0,9,60.0,0,3,,,,,74.8,53.8,0.0,,55.6,,61.9,,,0,0,9,33.3,77.1,11.1,1,0,0,0,0,0,0.0,44,5.5,75.0,4,4,12.3,3.05,0,0,0.0,75.0,3,3,0.0,6,40.0,0,3,,,,,69.6,36.6,71.2,,42.2,,55.9,,,0,0,7,33.3,156.3,16.7,1,1,0,0,1,1,14.3,87,21.8,0,100.0,1,1,-3.0,1.4,0,0,0.0,100.0,1,0,0.0,1,6.7,0,0,,,,,63.6,62.4,66.9,,62.0,,,,,0,0,2,,79.2,0.0,0,0,0,0,0,0,0.0,3,3.0,16.25
Nate Sudfeld,10821,QB,PHI,1,-55.56,0,15,24,42.9,7,10,11.9,3.28,0,0,0.0,30.0,3,9,0.0,13,86.7,0,2,,,,,72.8,30.0,73.9,,37.2,,46.9,,,0,1,13,22.2,0.0,15.4,2,1,0,3,0,1,7.7,21,2.1,62.5,8,9,9.0,2.87,0,0,0.0,55.6,5,6,0.0,12,80.0,0,2,,,,,72.4,37.5,73.7,,45.3,,46.9,,,0,1,12,33.3,23.6,16.7,2,1,0,1,0,1,8.3,32,3.6,0.0,1,3,15.0,4.0,0,0,0.0,0.0,0,3,,3,20.0,0,0,,,,,65.5,42.0,68.2,,43.6,,,,,0,0,3,0.0,39.6,0.0,0,0,0,2,0,0,0.0,0,0.0,0,100.0,2,2,2.0,1.85,0,0,0.0,100.0,2,0,0.0,2,13.3,0,0,,,,,63.6,62.2,66.9,,61.9,,,,,0,0,2,,89.6,0.0,0,0,0,0,0,0,0.0,11,5.5,-3.56
David Blough,46508,QB,DET,1,44.44,0,12,11,62.5,8,9,11.5,3.34,1,0,0.0,55.6,5,7,0.0,11,91.7,0,2,,,,,72.4,30.6,73.5,,28.3,,65.9,,,0,1,12,14.3,28.2,9.1,1,1,0,0,0,2,16.7,42,4.7,62.5,8,9,8.9,3.23,1,0,0.0,55.6,5,7,0.0,11,91.7,0,1,,,,,72.8,28.7,73.7,,27.0,,65.9,,,0,1,13,14.3,22.2,9.1,1,1,0,0,0,2,15.4,29,3.2,100.0,1,1,17.0,3.6,0,0,0.0,100.0,1,1,0.0,1,8.3,0,1,,,,,60.4,72.1,64.6,,70.7,,,,,0,0,1,0.0,118.8,0.0,0,0,0,0,0,0,0.0,20,20.0,0,100.0,1,1,-4.0,2.4,0,0,0.0,100.0,1,1,0.0,1,8.3,0,0,,,,,63.6,62.4,66.9,,62.0,,,,,0,0,2,0.0,95.8,0.0,0,0,0,0,0,0,0.0,7,7.0,16.78
Trace McSorley,32819,QB,BLT,2,-37.5,0,11,3,62.5,8,10,9.3,2.74,1,0,0.0,30.0,3,4,40.0,11,100.0,2,3,,,,,74.1,57.4,74.9,,55.5,,61.2,,,0,0,11,0.0,97.9,0.0,0,1,0,1,1,1,9.1,90,9.0,62.5,8,8,9.3,2.58,0,0,0.0,37.5,3,3,40.0,9,81.8,2,3,,,,,73.4,59.2,74.5,,57.5,,61.2,,,0,0,9,0.0,119.8,0.0,0,1,0,0,1,1,11.1,90,11.3,,0,2,,3.45,1,0,0.0,0.0,0,1,,2,18.2,0,0,,,,,63.6,55.4,66.9,,56.0,,,,,0,0,2,0.0,39.6,0.0,0,0,0,1,0,0,0.0,0,0.0,0,,0,0,,,0,0,,,0,0,,0,0.0,0,0,,,,,,,,,,,,,,0,0,0,,0.0,,0,0,0,0,0,0,,0,,-11.25
Jacoby Brissett,10725,QB,IND,5,33.33,0,11,14,33.3,6,6,11.5,3.66,0,0,0.0,16.7,1,4,50.0,9,81.8,1,2,,,,,78.0,74.6,0.0,,52.6,,85.6,,,0,0,9,50.0,39.6,22.2,2,1,0,0,0,0,0.0,13,2.2,40.0,5,6,10.6,3.51,0,0,0.0,16.7,1,4,50.0,8,72.7,1,2,,,,,77.8,79.8,0.0,,60.4,,85.6,,,0,0,8,25.0,39.6,12.5,1,1,0,1,0,0,0.0,13,2.2,50.0,2,2,5.5,3.0,0,0,0.0,50.0,1,1,0.0,3,27.3,0,0,,,,,65.5,44.7,68.2,,46.0,,,,,0,0,3,100.0,56.3,33.3,1,0,0,0,0,0,0.0,4,2.0,0,100.0,1,2,-5.0,2.1,0,0,0.0,50.0,1,1,0.0,2,18.2,0,0,,,,,63.6,58.8,66.9,,58.9,,,,,0,0,2,0.0,56.3,0.0,0,0,0,1,0,0,0.0,4,2.0,-0.17
Kendall Hinton,34045,QB,DEN,1,-16.67,0,11,10,12.5,8,9,15.8,3.58,0,0,0.0,11.1,1,5,0.0,11,100.0,0,1,,,,,72.6,24.0,0.0,,24.3,,61.3,,,0,2,11,20.0,0.0,9.1,1,1,0,1,0,4,36.4,13,1.4,20.0,5,6,14.8,3.23,0,0,0.0,16.7,1,3,0.0,7,63.6,0,1,,,,,70.6,38.8,0.0,,36.9,,62.7,,,0,0,7,33.3,39.6,14.3,1,0,0,1,0,1,14.3,13,2.2,0.0,3,3,17.3,4.2,0,0,0.0,0.0,0,2,,4,36.4,0,0,,,,,66.9,21.2,69.2,,22.9,,55.7,,,0,2,4,0.0,0.0,0.0,0,1,0,0,0,3,75.0,0,0.0,0,,0,0,,,0,0,,,0,0,,0,0.0,0,0,,,,,,,,,,,,,,0,0,0,,0.0,,0,0,0,0,0,0,,0,,-2.17
Case Keenum,7323,QB,CLV,1,62.5,0,10,8,42.9,7,8,5.9,2.11,0,0,0.0,37.5,3,2,0.0,8,80.0,0,2,,,,,70.3,42.2,73.2,,43.1,,,,,0,0,8,0.0,56.3,0.0,0,0,0,1,0,0,0.0,44,5.5,42.9,7,8,3.4,2.05,0,0,0.0,37.5,3,2,0.0,8,80.0,0,1,,,,,70.3,35.5,73.2,,36.8,,,,,0,0,8,0.0,53.6,0.0,0,0,0,1,0,0,0.0,39,4.9,100.0,2,2,4.0,2.35,0,0,0.0,100.0,2,0,0.0,2,20.0,0,1,,,,,63.6,73.2,66.9,,71.9,,,,,0,0,2,,81.3,0.0,0,0,0,0,0,0,0.0,7,3.5,0,100.0,2,2,-4.5,2.1,0,0,0.0,100.0,2,0,0.0,2,20.0,0,0,,,,,63.6,62.4,66.9,,62.1,,,,,0,0,2,,79.2,0.0,0,0,0,0,0,0,0.0,2,1.0,-1.38
Nathan Peterman,11926,QB,LV,1,50.0,0,8,23,60.0,5,5,2.0,2.91,0,0,0.0,60.0,3,2,0.0,8,100.0,0,2,,,,,70.3,60.2,72.9,,54.4,,63.9,,,0,0,8,100.0,72.9,25.0,2,1,0,0,0,0,0.0,25,5.0,50.0,4,4,3.0,2.97,0,0,0.0,50.0,2,2,0.0,7,87.5,0,2,,,,,69.6,59.5,72.6,,53.2,,63.9,,,0,0,7,100.0,65.6,28.6,2,1,0,0,0,0,0.0,21,5.3,100.0,1,1,-2.0,2.5,0,0,0.0,100.0,1,0,0.0,1,12.5,0,0,,,,,60.4,60.2,64.6,,60.0,,,,,0,0,1,,83.3,0.0,0,0,0,0,0,0,0.0,4,4.0,0,,0,0,,,0,0,,,0,0,,0,0.0,0,0,,,,,,,,,,,,,,0,0,0,,0.0,,0,0,0,0,0,0,,0,,-1.25
Geno Smith,7820,QB,SEA,1,25.0,0,6,29,100.0,4,5,4.5,2.32,0,0,0.0,80.0,4,2,0.0,6,100.0,0,3,,,,,70.8,62.2,74.3,,67.4,,53.9,,,1,0,6,50.0,94.2,16.7,1,0,0,0,0,0,0.0,33,6.6,100.0,3,4,3.3,2.3,0,0,0.0,75.0,3,2,0.0,5,83.3,0,2,,,,,70.2,62.0,74.1,,68.0,,53.9,,,1,0,5,50.0,84.4,20.0,1,0,0,0,0,0,0.0,19,4.8,100.0,1,1,8.0,2.4,0,0,0.0,100.0,1,0,0.0,1,16.7,0,1,,,,,60.4,60.5,64.6,,60.5,,,,,0,0,1,,118.8,0.0,0,0,0,0,0,0,0.0,14,14.0,0,,0,0,,,0,0,,,0,0,,0,0.0,0,0,,,,,,,,,,,,,,0,0,0,,0.0,,0,0,0,0,0,0,,0,,9.25
Tyler Bray,8440,QB,CHI,1,-20.0,0,5,6,33.3,3,5,11.7,2.22,0,0,0.0,20.0,1,2,0.0,5,100.0,0,1,,,,,68.0,40.7,69.9,,42.2,,,,,1,0,5,0.0,42.1,0.0,0,0,1,0,0,0,0.0,18,3.6,33.3,3,5,11.7,2.22,0,0,0.0,20.0,1,2,0.0,5,100.0,0,1,,,,,68.0,40.7,69.9,,42.2,,,,,1,0,5,0.0,42.1,0.0,0,0,1,0,0,0,0.0,18,3.6,,0,0,,,0,0,,,0,0,,0,0.0,0,0,,,,,,,,,,,,,,0,0,0,,0.0,,0,0,0,0,0,0,,0,,0,,0,0,,,0,0,,,0,0,,0,0.0,0,0,,,,,,,,,,,,,,0,0,0,,0.0,,0,0,0,0,0,0,,0,,-3.6
Joshua Dobbs,11890,QB,PIT,1,-50.0,0,5,25,,0,1,,6.3,0,0,0.0,0.0,0,1,,1,20.0,0,0,,,,,66.7,68.9,69.9,,60.0,,68.7,,,0,0,1,0.0,39.6,0.0,0,0,0,1,0,0,0.0,0,0.0,100.0,3,3,-3.0,0.97,0,0,0.0,100.0,3,0,0.0,3,60.0,0,0,,,,,68.7,72.1,71.1,,63.3,,68.7,,,0,0,3,,79.2,0.0,0,0,0,0,0,0,0.0,0,0.0,100.0,1,2,-5.0,3.9,0,0,0.0,50.0,1,1,0.0,2,40.0,0,0,,,,,63.6,58.8,66.9,,58.9,,,,,0,0,2,0.0,56.3,0.0,0,0,0,1,0,0,0.0,2,1.0,0,100.0,4,4,-3.5,1.1,0,0,0.0,100.0,4,0,0.0,4,80.0,0,0,,,,,66.9,64.6,69.2,,64.1,,,,,0,0,4,,79.2,0.0,0,0,0,0,0,0,0.0,2,0.5,1.0
Cedrick Wilson,48170,WR,DAL,3,0.0,0,4,9,100.0,1,1,9.0,4.2,0,0,0.0,100.0,1,2,0.0,3,75.0,0,1,60.7,70.2,60.0,46.3,73.6,60.7,44.6,,71.0,60.9,56.0,,,0,0,3,100.0,152.1,66.7,2,0,0,0,1,0,0.0,11,11.0,100.0,1,1,9.0,4.2,0,0,0.0,100.0,1,1,0.0,2,50.0,0,1,60.7,70.2,60.0,46.3,73.2,59.7,43.8,,73.8,59.6,56.0,,,0,0,2,100.0,152.1,50.0,1,0,0,0,1,0,0.0,11,11.0,100.0,1,1,-7.0,3.8,0,0,0.0,100.0,1,1,0.0,2,50.0,0,0,,,,73.4,69.5,65.0,74.6,,58.8,64.9,,,,0,0,2,100.0,116.7,50.0,1,0,0,0,0,0,0.0,12,12.0,0,100.0,1,1,-7.0,3.4,0,0,0.0,100.0,1,0,0.0,1,25.0,0,0,,,,73.4,68.8,61.8,74.0,,60.4,61.2,,,,0,0,1,,116.7,0.0,0,0,0,0,0,0,0.0,12,12.0,1.0
Lynn Bowden Jr.,61361,WR,MIA,3,50.0,0,4,17,0.0,1,1,18.0,6.53,0,0,0.0,0.0,0,1,,3,75.0,0,0,,,,84.9,78.0,70.3,85.0,,54.0,66.5,77.9,,,0,0,3,0.0,39.6,0.0,0,2,0,0,0,0,0.0,0,0.0,,0,0,,6.8,0,0,,,0,0,,1,25.0,0,0,,,,80.6,76.2,64.7,84.7,,,58.9,80.6,,,0,0,1,,0.0,0.0,0,1,0,0,0,0,0.0,0,,50.0,2,2,7.5,5.5,0,0,0.0,50.0,1,1,0.0,3,75.0,0,1,,,,80.6,73.7,74.2,77.4,,55.5,75.4,58.3,,,0,0,3,0.0,95.8,0.0,0,1,0,0,0,0,0.0,32,16.0,0,100.0,1,1,-3.0,3.7,0,0,0.0,100.0,1,0,0.0,1,25.0,0,1,,,,73.4,68.8,56.1,74.6,,60.0,55.8,,,,0,0,1,,118.8,0.0,0,0,0,0,0,0,0.0,32,32.0,16.0
Jarvis Landry,8698,WR,CLV,4,0.0,0,4,8,100.0,3,3,20.7,3.8,0,2,66.7,100.0,3,2,0.0,3,75.0,0,3,,,,66.9,53.4,84.7,62.1,,90.9,82.1,70.2,,,0,0,3,0.0,158.3,0.0,0,0,0,0,1,0,0.0,62,20.7,100.0,1,1,-4.0,3.2,0,0,0.0,100.0,1,1,0.0,1,25.0,0,1,,,,59.8,80.5,68.8,59.0,,60.1,67.3,70.2,,,0,0,1,0.0,116.7,0.0,0,0,0,0,0,0,0.0,12,12.0,100.0,3,3,20.7,3.8,0,2,66.7,100.0,3,2,0.0,3,75.0,0,3,,,,78.9,28.6,94.4,81.0,,90.9,92.9,,,,0,0,3,0.0,158.3,0.0,0,0,0,0,1,0,0.0,62,20.7,0,100.0,1,1,-4.0,3.2,0,0,0.0,100.0,1,1,0.0,1,25.0,0,1,,,,76.5,70.6,69.5,77.9,,60.1,66.5,,,,0,0,1,0.0,116.7,0.0,0,0,0,0,0,0,0.0,12,12.0,8.67
Logan Woodside,46517,QB,TEN,2,-33.33,0,3,31,33.3,3,3,6.3,2.5,0,0,0.0,33.3,1,0,0.0,3,100.0,0,1,,,,,72.8,66.4,75.1,,60.0,,66.5,,,0,0,3,,42.4,0.0,0,0,0,0,0,0,0.0,7,2.3,33.3,3,3,6.3,2.5,0,0,0.0,33.3,1,0,0.0,3,100.0,0,1,,,,,72.8,66.4,75.1,,60.0,,66.5,,,0,0,3,,42.4,0.0,0,0,0,0,0,0,0.0,7,2.3,,0,0,,,0,0,,,0,0,,0,0.0,0,0,,,,,,,,,,,,,,0,0,0,,0.0,,0,0,0,0,0,0,,0,,0,,0,0,,,0,0,,,0,0,,0,0.0,0,0,,,,,,,,,,,,,,0,0,0,,0.0,,0,0,0,0,0,0,,0,,-2.33
Greg Ward,12258,WR,PHI,2,-100.0,0,2,24,100.0,1,1,15.0,5.9,0,0,0.0,100.0,1,2,0.0,2,100.0,0,1,,59.9,60.0,68.8,34.5,59.2,88.8,,68.8,58.6,48.6,60.0,,0,0,2,0.0,118.8,0.0,0,1,0,0,0,0,0.0,15,15.0,100.0,1,1,15.0,5.0,0,0,0.0,100.0,1,1,0.0,1,50.0,0,1,,59.9,60.0,66.3,30.4,57.6,74.1,,68.8,57.3,56.2,60.0,,0,0,1,0.0,118.8,0.0,0,0,0,0,0,0,0.0,15,15.0,,0,0,,6.8,0,0,,,0,1,,1,50.0,0,0,,,,80.0,72.7,63.2,79.6,,,62.9,55.7,,,0,0,1,0.0,0.0,0.0,0,1,0,0,0,0,0.0,0,,0,,0,0,,,0,0,,,0,0,,0,0.0,0,0,,,,77.3,70.6,57.5,0.0,,,59.5,,,,0,0,0,,0.0,,0,0,0,0,0,0,,0,,-15.0
A.J. McCarron,8799,QB,HST,2,-100.0,0,2,13,100.0,1,1,18.0,2.9,0,0,0.0,100.0,1,1,0.0,2,100.0,0,1,,,,,63.6,64.1,65.7,,63.3,,,,,0,0,2,100.0,118.8,50.0,1,0,0,0,0,0,0.0,20,20.0,100.0,1,1,18.0,2.9,0,0,0.0,100.0,1,1,0.0,2,100.0,0,1,,,,,63.6,64.1,65.7,,63.3,,,,,0,0,2,100.0,118.8,50.0,1,0,0,0,0,0,0.0,20,20.0,,0,0,,,0,0,,,0,0,,0,0.0,0,0,,,,,,,,,,,,,,0,0,0,,0.0,,0,0,0,0,0,0,,0,,0,,0,0,,,0,0,,,0,0,,0,0.0,0,0,,,,,,,,,,,,,,0,0,0,,0.0,,0,0,0,0,0,0,,0,,-20.0
Tyler Boyd,10689,WR,CIN,2,-100.0,0,2,7,0.0,1,1,7.0,4.0,0,0,0.0,0.0,0,1,,1,50.0,0,0,,,,86.4,50.1,75.7,52.0,,54.7,75.1,65.6,,,0,0,1,0.0,39.6,0.0,0,0,0,0,0,0,0.0,0,0.0,100.0,1,1,-6.0,3.3,0,0,0.0,100.0,1,0,0.0,1,50.0,0,1,,,,86.0,81.9,76.7,50.0,,60.0,76.4,65.6,,,0,0,1,,118.8,0.0,0,0,0,0,0,0,0.0,16,16.0,0.0,1,1,7.0,4.0,0,0,0.0,0.0,0,1,,1,50.0,0,0,,,,78.7,20.8,64.5,78.3,,54.7,64.8,,,,0,0,1,0.0,39.6,0.0,0,0,0,0,0,0,0.0,0,0.0,0,100.0,1,1,-6.0,3.3,0,0,0.0,100.0,1,0,0.0,1,50.0,0,1,,,,78.0,71.6,67.7,80.1,,60.0,68.7,,,,0,0,1,,118.8,0.0,0,0,0,0,0,0,0.0,16,16.0,-16.0
Travis Kelce,7844,TE,KC,2,-100.0,0,2,16,0.0,1,1,4.0,4.7,0,0,0.0,0.0,0,0,,1,50.0,0,0,60.0,60.0,62.9,90.3,62.9,93.6,60.0,,58.0,93.5,,,,0,0,1,,39.6,0.0,0,0,0,0,0,0,0.0,0,0.0,100.0,1,1,-3.0,1.6,0,0,0.0,100.0,1,0,0.0,1,50.0,0,1,60.0,60.0,62.9,88.9,56.3,92.2,44.2,,60.0,92.0,,,,0,0,1,,83.3,0.0,0,0,0,0,0,0,0.0,4,4.0,0.0,1,1,4.0,4.7,0,0,0.0,0.0,0,0,,1,50.0,0,0,,,,83.9,78.7,94.3,84.0,,58.0,93.8,,,,0,0,1,,39.6,0.0,0,0,0,0,0,0,0.0,0,0.0,0,100.0,1,1,-3.0,1.6,0,0,0.0,100.0,1,0,0.0,1,50.0,0,1,,,,80.6,73.0,88.6,11.4,,60.0,86.1,,,,0,0,1,,83.3,0.0,0,0,0,0,0,0,0.0,4,4.0,-4.0
Joseph Charlton,33672,P,CAR,2,-100.0,0,2,5,100.0,1,1,18.0,2.45,0,0,0.0,100.0,1,1,0.0,2,100.0,0,1,,,,,63.6,69.6,69.1,,67.4,,,,,0,0,2,100.0,118.8,50.0,1,0,0,0,0,0,0.0,28,28.0,100.0,1,1,18.0,2.45,0,0,0.0,100.0,1,1,0.0,2,100.0,0,1,,,,,63.6,69.6,69.1,,67.4,,,,,0,0,2,100.0,118.8,50.0,1,0,0,0,0,0,0.0,28,28.0,,0,0,,,0,0,,,0,0,,0,0.0,0,0,,,,,,,,,,,,,,0,0,0,,0.0,,0,0,0,0,0,0,,0,,0,,0,0,,,0,0,,,0,0,,0,0.0,0,0,,,,,,,,,,,,,,0,0,0,,0.0,,0,0,0,0,0,0,,0,,-28.0
Golden Tate,5585,WR,NYG,2,-50.0,0,2,21,,0,1,,5.8,0,0,0.0,0.0,0,1,,1,50.0,0,0,,,,67.5,76.7,65.6,62.8,,60.0,66.0,,,,0,0,1,0.0,39.6,0.0,0,0,0,1,0,0,0.0,0,0.0,100.0,1,2,-6.0,4.7,0,0,0.0,50.0,1,2,0.0,2,100.0,0,1,,,,66.8,76.7,64.7,61.5,,58.8,65.2,,,,0,0,2,0.0,81.3,0.0,0,0,0,1,0,0,0.0,18,9.0,,0,0,,,0,0,,,0,0,,0,0.0,0,0,,,,74.6,68.8,68.1,74.9,,,67.2,,,,0,0,0,,0.0,,0,0,0,0,0,0,,0,,0,100.0,1,1,-6.0,3.6,0,0,0.0,100.0,1,1,0.0,1,50.0,0,1,,,,73.4,68.8,65.2,73.8,,60.3,64.2,,,,0,0,1,0.0,118.8,0.0,0,0,0,0,0,0,0.0,18,18.0,-9.0
Julian Edelman,5156,WR,NE,1,0.0,0,2,19,100.0,1,1,3.0,4.0,0,0,0.0,100.0,1,0,0.0,1,50.0,0,1,,,,35.3,75.4,73.5,84.6,,60.0,72.3,62.6,,,0,0,1,,118.8,0.0,0,0,0,0,0,0,0.0,16,16.0,100.0,1,1,3.0,4.0,0,0,0.0,100.0,1,0,0.0,1,50.0,0,1,,,,45.7,73.4,64.8,83.1,,60.0,63.2,62.6,,,0,0,1,,118.8,0.0,0,0,0,0,0,0,0.0,16,16.0,100.0,1,1,-6.0,3.7,0,0,0.0,100.0,1,0,0.0,1,50.0,0,1,,,,38.4,71.1,73.0,81.5,,60.0,76.0,,,,0,0,1,,118.8,0.0,0,0,0,0,0,0,0.0,22,22.0,0,100.0,1,1,-6.0,3.7,0,0,0.0,100.0,1,0,0.0,1,50.0,0,1,,,,64.7,63.8,44.2,75.1,,60.0,51.2,,,,0,0,1,,118.8,0.0,0,0,0,0,0,0,0.0,22,22.0,6.0
Russell Gage,44771,WR,ATL,2,-50.0,0,2,2,100.0,2,2,38.0,2.75,0,2,100.0,50.0,1,1,50.0,2,100.0,1,1,,,,53.5,81.2,76.7,72.5,,98.8,73.8,62.6,,,0,0,2,0.0,135.4,0.0,0,0,0,0,1,0,0.0,39,19.5,100.0,2,2,38.0,2.75,0,2,100.0,50.0,1,1,50.0,2,100.0,1,1,,,,52.3,81.0,75.5,71.2,,98.8,72.7,62.6,,,0,0,2,0.0,135.4,0.0,0,0,0,0,1,0,0.0,39,19.5,,0,0,,,0,0,,,0,0,,0,0.0,0,0,,,,78.0,71.1,71.5,78.3,,,70.3,,,,0,0,0,,0.0,,0,0,0,0,0,0,,0,,0,,0,0,,,0,0,,,0,0,,0,0.0,0,0,,,,76.5,70.1,64.2,75.0,,,64.4,,,,0,0,0,,0.0,,0,0,0,0,0,0,,0,,-19.5
Jakobi Meyers,47468,WR,NE,2,0.0,0,2,19,100.0,2,2,20.0,3.65,0,1,50.0,100.0,2,1,0.0,2,100.0,0,2,,,,77.2,45.5,83.6,71.0,,85.4,84.7,60.3,,,0,0,2,0.0,158.3,0.0,0,0,0,0,2,0,0.0,43,21.5,100.0,1,1,28.0,3.4,0,1,100.0,100.0,1,1,0.0,1,50.0,0,1,,,,76.8,79.3,73.4,69.3,,81.0,75.2,60.3,,,0,0,1,0.0,158.3,0.0,0,0,0,0,1,0,0.0,24,24.0,100.0,1,1,12.0,3.9,0,0,0.0,100.0,1,0,0.0,1,50.0,0,1,,,,69.0,23.9,82.5,80.1,,68.8,81.2,,,,0,0,1,,158.3,0.0,0,0,0,0,1,0,0.0,19,19.0,0,,0,0,,,0,0,,,0,0,,0,0.0,0,0,,,,68.3,64.0,40.9,78.3,,,45.8,,,,0,0,0,,0.0,,0,0,0,0,0,0,,0,,-5.0
James Robinson,22425,HB,JAX,1,0.0,0,1,15,,0,0,,3.4,0,0,,,0,1,,1,100.0,0,0,,,,66.5,71.6,72.0,28.0,,60.0,59.1,78.5,,,0,0,1,100.0,0.0,100.0,1,0,0,0,0,1,100.0,0,,,0,0,,,0,0,,,0,0,,0,0.0,0,0,,,,67.1,84.9,75.9,24.7,,,61.8,78.5,,,0,0,0,,0.0,,0,0,0,0,0,0,,0,,,0,0,,3.4,0,0,,,0,1,,1,100.0,0,0,,,,76.5,17.2,50.6,76.9,,60.0,68.2,,,,0,0,1,100.0,0.0,100.0,1,0,0,0,0,1,100.0,0,,0,,0,0,,,0,0,,,0,0,,0,0.0,0,0,,,,77.3,70.6,69.3,75.7,,,76.1,,,,0,0,0,,0.0,,0,0,0,0,0,0,,0,,0.0
Tim Boyle,21956,QB,GB,1,0.0,0,1,12,,0,0,,2.6,0,0,,,0,1,,1,100.0,0,0,,,,,22.8,52.3,75.0,,60.0,,63.0,,,0,0,1,100.0,0.0,100.0,1,0,0,0,0,1,100.0,0,,,0,0,,2.6,0,0,,,0,1,,1,100.0,0,0,,,,,22.8,52.3,75.0,,60.0,,63.0,,,0,0,1,100.0,0.0,100.0,1,0,0,0,0,1,100.0,0,,,0,0,,,0,0,,,0,0,,0,0.0,0,0,,,,,,,,,,,,,,0,0,0,,0.0,,0,0,0,0,0,0,,0,,0,,0,0,,,0,0,,,0,0,,0,0.0,0,0,,,,,,,,,,,,,,0,0,0,,0.0,,0,0,0,0,0,0,,0,,0.0
Zach Pascal,12303,WR,IND,1,0.0,0,1,14,0.0,1,1,13.0,3.0,0,0,0.0,0.0,0,0,,1,100.0,0,0,,,,51.5,78.4,63.3,63.2,,48.9,63.7,,,,0,0,1,,39.6,0.0,0,0,0,0,0,0,0.0,0,0.0,0.0,1,1,13.0,3.0,0,0,0.0,0.0,0,0,,1,100.0,0,0,,,,63.6,77.7,61.1,62.2,,48.9,60.7,,,,0,0,1,,39.6,0.0,0,0,0,0,0,0,0.0,0,0.0,,0,0,,,0,0,,,0,0,,0,0.0,0,0,,,,45.7,71.9,67.2,78.6,,,65.5,,,,0,0,0,,0.0,,0,0,0,0,0,0,,0,,0,,0,0,,,0,0,,,0,0,,0,0.0,0,0,,,,75.6,69.5,59.6,78.7,,,55.1,,,,0,0,0,,0.0,,0,0,0,0,0,0,,0,,0.0
Jamison Crowder,9538,WR,NYJ,1,100.0,0,1,22,100.0,1,1,26.0,3.9,0,0,0.0,100.0,1,0,0.0,1,100.0,0,1,,,,79.7,79.8,76.1,50.8,,71.0,75.1,63.1,,,0,0,1,,158.3,0.0,0,0,0,0,1,0,0.0,43,43.0,,0,0,,,0,0,,,0,0,,0,0.0,0,0,,,,80.1,79.7,73.7,49.2,,,75.4,63.1,,,0,0,0,,0.0,,0,0,0,0,0,0,,0,,100.0,1,1,26.0,3.9,0,0,0.0,100.0,1,0,0.0,1,100.0,0,1,,,,75.6,70.1,74.2,76.5,,71.0,70.6,,,,0,0,1,,158.3,0.0,0,0,0,0,1,0,0.0,43,43.0,0,,0,0,,,0,0,,,0,0,,0,0.0,0,0,,,,76.5,70.1,61.8,77.1,,,72.6,,,,0,0,0,,0.0,,0,0,0,0,0,0,,0,,43.0
James White,8765,HB,NE,1,0.0,0,1,19,,0,0,,4.9,0,0,,,0,0,,1,100.0,0,0,,,,78.9,50.3,61.4,86.2,,,75.9,58.2,,,0,0,1,,0.0,0.0,0,1,0,0,0,0,0.0,0,,,0,0,,,0,0,,,0,0,,0,0.0,0,0,,,,74.3,52.9,63.1,85.9,,,79.1,58.9,,,0,0,0,,0.0,,0,0,0,0,0,0,,0,,,0,0,,4.9,0,0,,,0,0,,1,100.0,0,0,,,,77.3,71.1,70.2,77.9,,,81.9,58.3,,,0,0,1,,0.0,0.0,0,1,0,0,0,0,0.0,0,,0,,0,0,,,0,0,,,0,0,,0,0.0,0,0,,,,67.7,73.6,74.9,75.5,,,90.0,,,,0,0,0,,0.0,,0,0,0,0,0,0,,0,,0.0
Isaiah Wright,40113,WR,WAS,1,0.0,0,1,32,,0,1,,6.4,0,0,0.0,0.0,0,1,,1,100.0,0,0,60.7,70.2,60.0,68.7,75.3,54.8,85.9,,60.0,52.4,66.5,,,0,0,1,0.0,39.6,0.0,0,0,0,1,0,0,0.0,0,0.0,,0,1,,6.4,0,0,0.0,0.0,0,1,,1,100.0,0,0,60.7,70.2,60.0,82.2,75.1,54.8,86.1,,60.0,54.6,66.5,,,0,0,1,0.0,39.6,0.0,0,0,0,1,0,0,0.0,0,0.0,,0,0,,,0,0,,,0,0,,0,0.0,0,0,,,,60.2,71.5,65.0,80.4,,,64.3,,,,0,0,0,,0.0,,0,0,0,0,0,0,,0,,0,,0,0,,,0,0,,,0,0,,0,0.0,0,0,,,,78.0,71.1,67.7,82.2,,,74.5,,,,0,0,0,,0.0,,0,0,0,0,0,0,,0,,0.0
Cole Beasley,7330,WR,BUF,1,100.0,0,1,4,100.0,1,1,23.0,3.3,0,0,0.0,100.0,1,0,0.0,1,100.0,0,1,,,,90.9,82.8,85.8,74.3,,72.1,85.6,,,,0,0,1,,158.3,0.0,0,0,0,0,1,0,0.0,20,20.0,,0,0,,,0,0,,,0,0,,0,0.0,0,0,,,,90.5,81.8,78.6,73.0,,,81.2,,,,0,0,0,,0.0,,0,0,0,0,0,0,,0,,100.0,1,1,23.0,3.3,0,0,0.0,100.0,1,0,0.0,1,100.0,0,1,,,,70.5,74.7,80.0,79.1,,72.1,77.1,,,,0,0,1,,158.3,0.0,0,0,0,0,1,0,0.0,20,20.0,0,,0,0,,,0,0,,,0,0,,0,0.0,0,0,,,,52.1,69.5,45.3,77.9,,,55.2,,,,0,0,0,,0.0,,0,0,0,0,0,0,,0,,20.0
CeeDee Lamb,61570,WR,DAL,1,0.0,0,1,9,,0,0,,6.0,0,0,,,0,1,,1,100.0,0,0,,,,37.5,47.8,73.7,44.0,,60.0,73.2,73.9,,,0,0,1,100.0,0.0,100.0,1,0,0,0,0,0,0.0,0,,,0,0,,,0,0,,,0,0,,0,0.0,0,0,,,,51.0,48.2,71.3,58.3,,,72.2,73.9,,,0,0,0,,0.0,,0,0,0,0,0,0,,0,,,0,0,,6.0,0,0,,,0,1,,1,100.0,0,0,,,,49.6,73.0,66.9,0.0,,60.0,67.5,,,,0,0,1,100.0,0.0,100.0,1,0,0,0,0,0,0.0,0,,0,,0,0,,,0,0,,,0,0,,0,0.0,0,0,,,,81.7,73.3,55.8,81.4,,,63.4,,,,0,0,0,,0.0,,0,0,0,0,0,0,,0,,0.0
Brett Kern,4580,P,TEN,2,0.0,0,1,31,0.0,1,1,17.0,4.0,0,0,0.0,0.0,0,1,,1,100.0,0,0,,,,,60.4,53.8,67.9,,55.5,,,,,0,0,2,0.0,39.6,0.0,0,0,0,0,0,0,0.0,0,0.0,0.0,1,1,17.0,4.0,0,0,0.0,0.0,0,1,,1,100.0,0,0,,,,,60.4,53.8,67.9,,55.5,,,,,0,0,2,0.0,39.6,0.0,0,0,0,0,0,0,0.0,0,0.0,,0,0,,,0,0,,,0,0,,0,0.0,0,0,,,,,,,,,,,,,,0,0,0,,0.0,,0,0,0,0,0,0,,0,,0,,0,0,,,0,0,,,0,0,,0,0.0,0,0,,,,,,,,,,,,,,0,0,0,,0.0,,0,0,0,0,0,0,,0,,0.0
Brandon Zylstra,66438,WR,CAR,1,0.0,0,1,5,,0,0,,7.3,0,0,,,0,0,,1,100.0,0,0,,,,70.5,67.0,56.6,80.7,,,57.6,58.3,,,0,0,1,,0.0,0.0,0,1,0,0,0,0,0.0,0,,,0,0,,,0,0,,,0,0,,0,0.0,0,0,,,,70.5,65.8,59.7,80.4,,,60.4,,,,0,0,0,,0.0,,0,0,0,0,0,0,,0,,,0,0,,7.3,0,0,,,0,0,,1,100.0,0,0,,,,,60.4,46.1,74.8,,,48.2,58.3,,,0,0,1,,0.0,0.0,0,1,0,0,0,0,0.0,0,,0,,0,0,,,0,0,,,0,0,,0,0.0,0,0,,,,,,51.7,73.2,,,52.7,,,,0,0,0,,0.0,,0,0,0,0,0,0,,0,,0.0
Isaiah McKenzie,11927,WR,BUF,1,-100.0,0,1,4,,0,0,,,0,0,,,0,0,,0,0.0,0,0,,,,84.5,78.3,71.4,52.0,,,76.9,48.5,,,0,0,0,,0.0,,0,0,0,0,0,0,,0,,100.0,1,1,-5.0,2.8,0,0,0.0,100.0,1,0,0.0,1,100.0,0,1,,,,76.1,79.2,77.5,85.3,,60.0,85.2,48.5,,,0,0,1,,156.3,0.0,0,0,0,0,1,0,0.0,12,12.0,,0,0,,,0,0,,,0,0,,0,0.0,0,0,,,,75.6,69.5,57.0,0.0,,,60.4,,,,0,0,0,,0.0,,0,0,0,0,0,0,,0,,0,100.0,1,1,-5.0,2.8,0,0,0.0,100.0,1,0,0.0,1,100.0,0,1,,,,63.2,72.7,69.4,78.4,,60.0,73.5,,,,0,0,1,,156.3,0.0,0,0,0,0,1,0,0.0,12,12.0,-12.0
Jamal Agnew,11920,WR,DET,1,0.0,0,1,11,0.0,1,1,14.0,4.3,0,1,100.0,0.0,0,0,,1,100.0,0,0,,,,49.2,73.5,53.6,35.1,,77.6,49.9,61.6,,,0,0,1,,39.6,0.0,0,0,0,0,0,0,0.0,0,0.0,,0,0,,,0,0,,,0,0,,0,0.0,0,0,,,,56.7,74.0,50.8,33.8,,,51.4,61.6,,,0,0,0,,0.0,,0,0,0,0,0,0,,0,,0.0,1,1,14.0,4.3,0,1,100.0,0.0,0,0,,1,100.0,0,0,,,,72.1,68.0,72.7,75.0,,77.6,63.3,,,,0,0,1,,39.6,0.0,0,0,0,0,0,0,0.0,0,0.0,0,,0,0,,,0,0,,,0,0,,0,0.0,0,0,,,,75.6,69.5,66.4,75.8,,,66.6,,,,0,0,0,,0.0,,0,0,0,0,0,0,,0,,0.0
Zay Jones,11792,WR,LV,1,-100.0,0,1,23,100.0,1,1,26.0,3.2,0,0,0.0,100.0,1,0,0.0,1,100.0,0,1,,,,45.7,72.3,62.1,52.7,,72.1,57.6,,,,0,0,1,,118.8,0.0,0,0,0,0,0,0,0.0,29,29.0,100.0,1,1,26.0,3.2,0,0,0.0,100.0,1,0,0.0,1,100.0,0,1,,,,41.1,71.6,64.1,84.5,,72.1,58.2,,,,0,0,1,,118.8,0.0,0,0,0,0,0,0,0.0,29,29.0,,0,0,,,0,0,,,0,0,,0,0.0,0,0,,,,72.1,67.0,57.9,0.0,,,60.5,,,,0,0,0,,0.0,,0,0,0,0,0,0,,0,,0,,0,0,,,0,0,,,0,0,,0,0.0,0,0,,,,68.3,64.0,66.8,72.5,,,65.6,,,,0,0,0,,0.0,,0,0,0,0,0,0,,0,,-29.0
Keenan Allen,7857,WR,LAC,1,0.0,0,1,27,0.0,1,1,15.0,2.9,0,0,0.0,0.0,0,0,,1,100.0,0,0,,,,90.1,53.4,85.4,76.5,,48.9,86.0,,,,0,0,1,,39.6,0.0,0,0,0,0,0,0,0.0,0,0.0,,0,0,,,0,0,,,0,0,,0,0.0,0,0,,,,83.5,50.8,83.2,75.2,,,83.4,,,,0,0,0,,0.0,,0,0,0,0,0,0,,0,,0.0,1,1,15.0,2.9,0,0,0.0,0.0,0,0,,1,100.0,0,0,,,,85.3,75.6,78.2,81.7,,48.9,77.4,,,,0,0,1,,39.6,0.0,0,0,0,0,0,0,0.0,0,0.0,0,,0,0,,,0,0,,,0,0,,0,0.0,0,0,,,,67.7,73.6,69.0,79.7,,,66.9,,,,0,0,0,,0.0,,0,0,0,0,0,0,,0,,0.0
Alex Erickson,11107,WR,CIN,1,0.0,0,1,7,0.0,1,1,21.0,4.6,0,0,0.0,0.0,0,1,,1,100.0,0,0,,,,57.0,22.7,53.6,82.9,,51.2,61.1,28.6,,,0,0,1,0.0,39.6,0.0,0,0,0,0,0,0,0.0,0,0.0,0.0,1,1,21.0,4.6,0,0,0.0,0.0,0,1,,1,100.0,0,0,,,,54.9,22.2,48.9,83.0,,51.2,56.7,28.6,,,0,0,1,0.0,39.6,0.0,0,0,0,0,0,0,0.0,0,0.0,,0,0,,,0,0,,,0,0,,0,0.0,0,0,,,,72.1,67.0,67.7,74.4,,,66.7,,,,0,0,0,,0.0,,0,0,0,0,0,0,,0,,0,,0,0,,,0,0,,,0,0,,0,0.0,0,0,,,,70.5,65.8,56.0,73.7,,,56.3,,,,0,0,0,,0.0,,0,0,0,0,0,0,,0,,0.0
Riley Dixon,10862,P,NYG,2,0.0,0,1,21,0.0,1,1,12.0,2.5,0,0,0.0,0.0,0,0,,1,100.0,0,0,,,,,63.6,64.3,66.0,,63.0,,,,,0,0,2,,39.6,0.0,0,0,0,0,0,0,0.0,0,0.0,0.0,1,1,12.0,2.5,0,0,0.0,0.0,0,0,,1,100.0,0,0,,,,,63.6,64.3,66.0,,63.0,,,,,0,0,2,,39.6,0.0,0,0,0,0,0,0,0.0,0,0.0,,0,0,,,0,0,,,0,0,,0,0.0,0,0,,,,,,,,,,,,,,0,0,0,,0.0,,0,0,0,0,0,0,,0,,0,,0,0,,,0,0,,,0,0,,0,0.0,0,0,,,,,,,,,,,,,,0,0,0,,0.0,,0,0,0,0,0,0,,0,,0.0
Sammy Watkins,8639,WR,KC,1,0.0,0,1,16,0.0,1,1,23.0,4.5,0,0,0.0,0.0,0,0,,1,100.0,0,0,,,,63.6,29.3,66.3,68.8,,60.1,64.2,59.2,,,0,1,1,,0.0,0.0,0,0,0,0,0,0,0.0,0,0.0,,0,0,,,0,0,,,0,0,,0,0.0,0,0,,,,66.0,27.0,67.0,66.3,,,64.8,59.2,,,0,0,0,,0.0,,0,0,0,0,0,0,,0,,0.0,1,1,23.0,4.5,0,0,0.0,0.0,0,0,,1,100.0,0,0,,,,58.5,71.6,56.9,80.2,,60.1,56.5,,,,0,1,1,,0.0,0.0,0,0,0,0,0,0,0.0,0,0.0,0,,0,0,,,0,0,,,0,0,,0,0.0,0,0,,,,64.7,61.2,53.6,76.8,,,52.3,,,,0,0,0,,0.0,,0,0,0,0,0,0,,0,,0.0
Odell Beckham Jr.,8647,WR,CLV,1,100.0,0,1,8,100.0,1,1,17.0,3.6,0,0,0.0,100.0,1,0,0.0,1,100.0,0,1,,,,72.8,76.3,77.3,85.6,,55.1,75.0,90.2,,,0,0,1,,118.8,0.0,0,0,0,0,0,0,0.0,18,18.0,,0,0,,,0,0,,,0,0,,0,0.0,0,0,,,,61.8,73.5,63.5,84.9,,,59.1,90.2,,,0,0,0,,0.0,,0,0,0,0,0,0,,0,,100.0,1,1,17.0,3.6,0,0,0.0,100.0,1,0,0.0,1,100.0,0,1,,,,79.4,72.3,90.2,0.0,,55.1,90.4,,,,0,0,1,,118.8,0.0,0,0,0,0,0,0,0.0,18,18.0,0,,0,0,,,0,0,,,0,0,,0,0.0,0,0,,,,64.7,61.2,47.8,0.0,,,55.1,,,,0,0,0,,0.0,,0,0,0,0,0,0,,0,,18.0
Adrian Peterson,3623,HB,DET,1,0.0,0,1,11,,0,0,,2.1,0,0,,,0,1,,1,100.0,0,0,,,,41.1,90.3,58.8,82.2,,60.0,45.1,60.8,,,0,0,1,100.0,0.0,100.0,1,0,0,0,0,0,0.0,0,,,0,0,,,0,0,,,0,0,,0,0.0,0,0,,,,41.6,90.2,60.3,81.5,,,51.0,60.8,,,0,0,0,,0.0,,0,0,0,0,0,0,,0,,,0,0,,2.1,0,0,,,0,1,,1,100.0,0,0,,,,54.5,70.6,57.8,76.5,,60.0,53.5,,,,0,0,1,100.0,0.0,100.0,1,0,0,0,0,0,0.0,0,,0,,0,0,,,0,0,,,0,0,,0,0.0,0,0,,,,68.3,64.0,66.2,71.5,,,74.2,,,,0,0,0,,0.0,,0,0,0,0,0,0,,0,,0.0
Logan Thomas,8755,TE,WAS,1,100.0,0,1,32,100.0,1,1,28.0,4.2,0,1,100.0,100.0,1,0,0.0,1,100.0,0,1,,,,64.3,82.1,66.5,65.0,,79.9,66.1,63.9,,,0,0,1,,118.8,0.0,0,0,0,0,0,0,0.0,28,28.0,,0,0,,,0,0,,,0,0,,0,0.0,0,0,,,,64.1,81.0,63.2,61.7,,,62.3,63.9,,,0,0,0,,0.0,,0,0,0,0,0,0,,0,,100.0,1,1,28.0,4.2,0,1,100.0,100.0,1,0,0.0,1,100.0,0,1,,,,69.6,74.4,69.8,82.2,,79.9,71.7,,,,0,0,1,,118.8,0.0,0,0,0,0,0,0,0.0,28,28.0,0,,0,0,,,0,0,,,0,0,,0,0.0,0,0,,,,75.6,69.5,55.9,81.9,,,55.1,,,,0,0,0,,0.0,,0,0,0,0,0,0,,0,,28.0
Sam Koch,3148,P,BLT,1,-100.0,0,1,3,100.0,1,1,9.0,2.0,0,0,0.0,100.0,1,0,0.0,1,100.0,0,1,,,,,60.4,70.7,65.7,,67.2,,,,,0,0,1,,118.8,0.0,0,0,0,0,0,0,0.0,15,15.0,100.0,1,1,9.0,2.0,0,0,0.0,100.0,1,0,0.0,1,100.0,0,1,,,,,60.4,70.7,65.7,,67.2,,,,,0,0,1,,118.8,0.0,0,0,0,0,0,0,0.0,15,15.0,,0,0,,,0,0,,,0,0,,0,0.0,0,0,,,,,,,,,,,,,,0,0,0,,0.0,,0,0,0,0,0,0,,0,,0,,0,0,,,0,0,,,0,0,,0,0.0,0,0,,,,,,,,,,,,,,0,0,0,,0.0,,0,0,0,0,0,0,,0,,-15.0
John Hightower,84142,WR,PHI,1,0.0,0,1,24,,0,0,,7.2,0,0,,,0,0,,1,100.0,0,0,,,,28.4,72.0,52.5,58.8,,,53.2,56.3,,,0,0,1,,0.0,0.0,0,1,0,0,0,0,0.0,0,,,0,0,,7.2,0,0,,,0,0,,1,100.0,0,0,,,,29.1,71.1,52.8,54.1,,,55.3,56.3,,,0,0,1,,0.0,0.0,0,1,0,0,0,0,0.0,0,,,0,0,,,0,0,,,0,0,,0,0.0,0,0,,,,29.9,64.0,49.3,80.2,,,49.7,,,,0,0,0,,0.0,,0,0,0,0,0,0,,0,,0,,0,0,,,0,0,,,0,0,,0,0.0,0,0,,,,,,43.1,74.8,,,52.6,,,,0,0,0,,0.0,,0,0,0,0,0,0,,0,,0.0
Jeff Smith,48055,WR,NYJ,1,0.0,0,1,22,,0,0,,3.7,0,0,,,0,1,,1,100.0,0,0,,,,37.9,73.3,53.8,56.5,,60.0,54.3,,,,0,0,1,100.0,0.0,100.0,1,0,0,0,0,0,0.0,0,,,0,0,,3.7,0,0,,,0,1,,1,100.0,0,0,,,,37.9,73.3,50.5,53.8,,60.0,52.6,,,,0,0,1,100.0,0.0,100.0,1,0,0,0,0,0,0.0,0,,,0,0,,,0,0,,,0,0,,0,0.0,0,0,,,,68.3,64.0,61.7,77.9,,,61.2,,,,0,0,0,,0.0,,0,0,0,0,0,0,,0,,0,,0,0,,,0,0,,,0,0,,0,0.0,0,0,,,,68.3,64.0,45.5,73.1,,,55.3,,,,0,0,0,,0.0,,0,0,0,0,0,0,,0,,0.0
Adam Humphries,10075,WR,TEN,1,0.0,0,1,31,,0,0,,4.8,0,0,,,0,1,,1,100.0,0,0,,,,71.3,74.9,69.8,82.2,,60.0,69.6,,,,0,0,1,100.0,0.0,100.0,1,0,0,0,0,0,0.0,0,,,0,0,,,0,0,,,0,0,,0,0.0,0,0,,,,71.3,74.6,69.8,82.5,,,69.4,,,,0,0,0,,0.0,,0,0,0,0,0,0,,0,,,0,0,,4.8,0,0,,,0,1,,1,100.0,0,0,,,,68.3,65.7,65.1,72.9,,60.0,65.3,,,,0,0,1,100.0,0.0,100.0,1,0,0,0,0,0,0.0,0,,0,,0,0,,,0,0,,,0,0,,0,0.0,0,0,,,,68.3,64.0,64.9,74.7,,,64.0,,,,0,0,0,,0.0,,0,0,0,0,0,0,,0,,0.0
Calvin Ridley,48262,WR,ATL,1,0.0,0,1,2,,0,0,,2.7,0,0,,,0,1,,1,100.0,0,0,,,,66.0,55.8,86.3,50.7,,60.0,86.2,63.2,,,0,0,1,100.0,0.0,100.0,1,0,0,0,0,0,0.0,0,,,0,0,,2.7,0,0,,,0,1,,1,100.0,0,0,,,,78.3,47.6,76.5,45.4,,60.0,76.6,63.2,,,0,0,1,100.0,0.0,100.0,1,0,0,0,0,0,0.0,0,,,0,0,,,0,0,,,0,0,,0,0.0,0,0,,,,44.0,75.7,91.3,81.7,,,90.7,,,,0,0,0,,0.0,,0,0,0,0,0,0,,0,,0,,0,0,,,0,0,,,0,0,,0,0.0,0,0,,,,68.3,64.0,51.9,76.6,,,52.5,,,,0,0,0,,0.0,,0,0,0,0,0,0,,0,,0.0
D.J. Moore,48267,WR,CAR,1,0.0,0,1,5,0.0,1,1,7.0,4.0,0,0,0.0,0.0,0,0,,1,100.0,0,0,,,,59.4,81.1,81.2,63.2,,53.5,80.9,75.3,,,0,0,1,,39.6,0.0,0,0,0,0,0,0,0.0,0,0.0,,0,0,,,0,0,,,0,0,,0,0.0,0,0,,,,70.9,79.5,76.1,74.8,,,75.1,75.3,,,0,0,0,,0.0,,0,0,0,0,0,0,,0,,0.0,1,1,7.0,4.0,0,0,0.0,0.0,0,0,,1,100.0,0,0,,,,44.9,74.4,78.6,18.3,,53.5,80.2,,,,0,0,1,,39.6,0.0,0,0,0,0,0,0,0.0,0,0.0,0,,0,0,,,0,0,,,0,0,,0,0.0,0,0,,,,72.1,67.0,55.1,78.2,,,57.3,,,,0,0,0,,0.0,,0,0,0,0,0,0,,0,,0.0
Jaquan Johnson,51433,S,BUF,1,-100.0,0,1,4,100.0,1,1,10.0,1.1,0,0,0.0,100.0,1,0,0.0,1,100.0,0,1,71.2,71.4,76.7,,60.4,73.1,60.4,74.9,68.8,,,60.0,74.9,0,0,1,,118.8,0.0,0,0,0,0,0,0,0.0,13,13.0,100.0,1,1,10.0,1.1,0,0,0.0,100.0,1,0,0.0,1,100.0,0,1,55.9,53.5,76.6,,60.4,73.1,60.4,28.9,68.8,,,60.0,28.9,0,0,1,,118.8,0.0,0,0,0,0,0,0,0.0,13,13.0,,0,0,,,0,0,,,0,0,,0,0.0,0,0,60.2,60.3,69.4,,,,,,,,,,,0,0,0,,0.0,,0,0,0,0,0,0,,0,,0,,0,0,,,0,0,,,0,0,,0,0.0,0,0,28.6,26.7,69.1,,,,,22.3,,,,,22.3,0,0,0,,0.0,,0,0,0,0,0,0,,0,,-13.0
Randall Cobb,6216,WR,HST,1,0.0,0,1,13,0.0,1,1,16.0,2.7,0,0,0.0,0.0,0,0,,1,100.0,0,0,,,,79.4,77.3,73.2,83.9,,46.4,73.5,,,,0,0,1,,39.6,0.0,0,0,0,0,0,0,0.0,0,0.0,,0,0,,,0,0,,,0,0,,0,0.0,0,0,,,,78.4,76.8,71.7,83.9,,,71.8,,,,0,0,0,,0.0,,0,0,0,0,0,0,,0,,0.0,1,1,16.0,2.7,0,0,0.0,0.0,0,0,,1,100.0,0,0,,,,74.6,69.5,65.0,74.8,,46.4,67.7,,,,0,0,1,,39.6,0.0,0,0,0,0,0,0,0.0,0,0.0,0,,0,0,,,0,0,,,0,0,,0,0.0,0,0,,,,72.1,67.0,56.0,74.5,,,59.4,,,,0,0,0,,0.0,,0,0,0,0,0,0,,0,,0.0
Easton Stick,29466,QB,LAC,1,100.0,0,1,27,100.0,1,1,0.0,2.2,0,0,0.0,100.0,1,0,0.0,1,100.0,0,0,,,,,64.5,54.5,66.9,,60.1,,56.9,,,0,0,1,,83.3,0.0,0,0,0,0,0,0,0.0,4,4.0,,0,0,,,0,0,,,0,0,,0,0.0,0,0,,,,,61.9,53.9,64.6,,,,56.9,,,0,0,0,,0.0,,0,0,0,0,0,0,,0,,100.0,1,1,0.0,2.2,0,0,0.0,100.0,1,0,0.0,1,100.0,0,0,,,,,60.4,60.3,64.6,,60.1,,,,,0,0,1,,83.3,0.0,0,0,0,0,0,0,0.0,4,4.0,0,,0,0,,,0,0,,,0,0,,0,0.0,0,0,,,,,,,,,,,,,,0,0,0,,0.0,,0,0,0,0,0,0,,0,,4.0
Chris Jones,6798,P,DAL,1,0.0,0,1,9,100.0,1,1,9.0,2.3,0,0,0.0,0.0,0,0,100.0,1,100.0,1,0,,,,,64.5,54.4,68.4,,56.5,,60.0,,,0,0,1,,39.6,0.0,0,0,0,0,0,0,0.0,0,0.0,100.0,1,1,9.0,2.3,0,0,0.0,0.0,0,0,100.0,1,100.0,1,0,,,,,64.5,54.4,68.4,,56.5,,60.0,,,0,0,1,,39.6,0.0,0,0,0,0,0,0,0.0,0,0.0,,0,0,,,0,0,,,0,0,,0,0.0,0,0,,,,,,,,,,,,,,0,0,0,,0.0,,0,0,0,0,0,0,,0,,0,,0,0,,,0,0,,,0,0,,0,0.0,0,0,,,,,,,,,,,,,,0,0,0,,0.0,,0,0,0,0,0,0,,0,,0.0
Tommy Townsend,33007,P,KC,1,-100.0,0,1,16,100.0,1,1,6.0,2.0,0,0,0.0,100.0,1,0,0.0,1,100.0,0,1,,,,,60.4,70.7,65.7,,67.2,,,,,0,0,1,,118.8,0.0,0,0,0,0,0,0,0.0,13,13.0,100.0,1,1,6.0,2.0,0,0,0.0,100.0,1,0,0.0,1,100.0,0,1,,,,,60.4,70.7,65.7,,67.2,,,,,0,0,1,,118.8,0.0,0,0,0,0,0,0,0.0,13,13.0,,0,0,,,0,0,,,0,0,,0,0.0,0,0,,,,,,,,,,,,,,0,0,0,,0.0,,0,0,0,0,0,0,,0,,0,,0,0,,,0,0,,,0,0,,0,0.0,0,0,,,,,,,,,,,,,,0,0,0,,0.0,,0,0,0,0,0,0,,0,,-13.0
Andy Lee,1906,P,ARZ,1,-100.0,0,1,1,100.0,1,1,13.0,2.1,0,0,0.0,100.0,1,0,0.0,1,100.0,0,1,,,,,60.4,73.1,65.7,,68.8,,,,,0,0,1,,118.8,0.0,0,0,0,0,0,0,0.0,26,26.0,100.0,1,1,13.0,2.1,0,0,0.0,100.0,1,0,0.0,1,100.0,0,1,,,,,60.4,73.1,65.7,,68.8,,,,,0,0,1,,118.8,0.0,0,0,0,0,0,0,0.0,26,26.0,,0,0,,,0,0,,,0,0,,0,0.0,0,0,,,,,,,,,,,,,,0,0,0,,0.0,,0,0,0,0,0,0,,0,,0,,0,0,,,0,0,,,0,0,,0,0.0,0,0,,,,,,,,,,,,,,0,0,0,,0.0,,0,0,0,0,0,0,,0,,-26.0
