player,player_id,position,team_name,player_game_count,avg_depth_of_target,avoided_tackles,caught_percent,contested_catch_rate,contested_receptions,contested_targets,declined_penalties,drop_rate,drops,first_downs,franchise_id,fumbles,grades_hands_drop,grades_hands_fumble,grades_offense,grades_pass_block,grades_pass_route,inline_rate,inline_snaps,interceptions,longest,pass_block_rate,pass_blocks,pass_plays,penalties,receptions,route_rate,routes,slot_rate,slot_snaps,targeted_qb_rating,targets,touchdowns,wide_rate,wide_snaps,yards,yards_after_catch,yards_after_catch_per_reception,yards_per_reception,yprr
Stefon Diggs,9579,WR,BUF,10,10.6,11,74.5,57.1,8,14,0,8.8,7,39,4,0,54.6,81.6,81.6,,81.8,0.0,0,1,49,0.0,0,418,4,73,93.3,390,33.5,140,112.0,98,4,66.5,278,906,241,3.3,12.4,2.32
Allen Robinson II,8696,WR,CHI,10,10.8,6,67.0,37.8,14,37,0,0.0,0,36,6,0,90.9,80.9,80.4,,80.6,0.2,1,4,42,0.0,0,404,0,63,97.0,392,30.4,123,84.3,94,3,69.1,279,755,175,2.8,12.0,1.93
Keenan Allen,7857,WR,LAC,9,8.0,7,74.7,57.9,11,19,1,0.0,0,42,27,2,90.9,81.0,87.3,73.3,87.6,0.6,2,3,28,0.6,2,342,1,65,93.0,318,46.2,158,102.2,87,5,52.9,181,690,322,5.0,10.6,2.17
Robby Anderson,11254,WR,CAR,10,9.8,3,75.3,50.0,7,14,0,3.0,2,35,5,1,78.8,46.7,77.1,,78.1,0.8,3,1,75,0.0,0,361,1,64,93.6,338,33.5,121,101.7,85,1,65.4,236,772,338,5.3,12.1,2.28
DeAndre Hopkins,7808,WR,ARZ,9,9.2,12,81.7,66.7,8,12,0,1.5,1,42,1,1,90.2,46.3,86.5,,87.5,0.0,0,1,60,0.0,0,362,3,67,93.4,338,8.0,29,121.6,82,4,92.0,333,861,321,4.8,12.9,2.55
Terry McLaurin,48229,WR,WAS,9,10.0,12,69.5,50.0,4,8,0,1.7,1,37,32,1,89.2,43.1,80.3,,79.3,0.0,0,2,68,0.0,0,386,1,57,94.6,365,29.3,113,102.0,82,3,70.5,272,787,400,7.0,13.8,2.16
Tyler Lockett,9502,WR,SEA,9,11.8,3,72.5,62.5,5,8,0,9.4,6,34,29,0,56.7,80.4,77.4,,77.6,1.0,4,1,47,0.0,0,401,2,58,94.8,380,60.8,244,121.9,80,7,37.9,152,681,191,3.3,11.7,1.79
Amari Cooper,9437,WR,DAL,9,9.0,7,73.8,50.0,5,10,1,3.3,2,34,9,0,82.8,80.9,76.6,,76.8,0.3,1,3,58,0.0,0,382,1,59,96.9,370,23.6,90,90.4,80,2,76.2,291,655,218,3.7,11.1,1.77
Davante Adams,8688,WR,GB,7,9.6,1,78.2,50.0,7,14,1,0.0,0,39,12,1,90.8,44.7,92.1,,91.9,0.0,0,2,49,0.0,0,256,1,61,93.0,238,27.7,71,134.0,78,9,71.9,184,741,303,5.0,12.1,3.11
Alvin Kamara,11822,HB,NO,9,0.7,16,85.9,80.0,4,5,0,6.9,5,29,20,0,75.1,59.1,85.2,64.9,92.8,0.0,0,0,52,6.8,18,263,0,67,88.6,233,11.0,29,118.4,78,4,10.3,27,648,618,9.2,9.7,2.78
Travis Kelce,7844,TE,KC,9,8.3,6,76.3,14.3,1,7,0,0.0,0,42,16,1,90.7,41.8,91.4,68.6,91.1,36.4,134,1,45,6.3,23,368,3,58,88.0,324,23.9,88,128.7,76,6,38.0,140,769,362,6.2,13.3,2.37
Tyler Boyd,10689,WR,CIN,9,8.7,4,80.0,75.0,6,8,0,1.6,1,37,7,1,89.9,45.8,80.3,,79.3,0.5,2,2,25,0.0,0,378,1,60,95.8,362,86.0,325,103.6,75,3,13.5,51,625,186,3.1,10.4,1.73
Cooper Kupp,11824,WR,LA,9,7.2,8,71.6,50.0,3,6,0,8.6,5,25,26,0,60.4,55.5,76.0,72.6,71.1,0.0,0,2,55,2.4,8,329,0,53,93.3,307,62.6,206,92.0,74,2,37.4,123,577,330,6.2,10.9,1.88
Tyreek Hill,10799,WR,KC,9,14.8,7,61.1,20.0,1,5,0,8.3,4,30,16,0,61.1,80.3,74.8,,74.6,0.6,2,0,54,0.0,0,359,1,44,94.4,339,57.7,207,130.2,72,9,40.4,145,650,182,4.1,14.8,1.92
Darren Waller,9637,TE,LV,9,6.5,4,73.6,71.4,10,14,0,3.6,2,30,23,1,80.0,38.1,73.1,57.6,77.5,53.1,172,1,24,11.4,37,324,1,53,82.7,268,22.2,72,101.1,72,4,23.1,75,431,250,4.7,8.1,1.61
D.J. Moore,48267,WR,CAR,10,12.8,7,57.4,38.5,5,13,0,15.2,7,33,5,0,43.1,78.1,71.4,,71.9,0.0,0,4,74,0.0,0,382,3,39,93.5,357,23.6,90,90.1,68,4,76.4,292,736,255,6.5,18.9,2.06
D.K. Metcalf,47864,WR,SEA,9,14.8,8,66.2,37.5,6,16,0,10.0,5,35,29,1,61.4,28.5,82.1,68.7,80.2,0.2,1,3,62,0.7,3,404,0,45,94.3,381,14.6,59,128.1,68,8,85.1,344,816,228,5.1,18.1,2.14
JuJu Smith-Schuster,11817,WR,PIT,9,6.5,4,79.4,40.0,4,10,0,1.8,1,29,25,0,88.6,80.2,73.1,,72.7,0.0,0,2,31,0.0,0,364,0,54,92.6,337,81.6,297,110.5,68,5,18.4,67,516,258,4.8,9.6,1.53
A.J. Green,6156,WR,CIN,9,14.4,3,46.3,41.4,12,29,0,8.8,3,21,7,0,61.5,77.1,63.9,,63.6,0.0,0,1,22,0.0,0,328,2,31,96.0,315,22.6,74,54.1,67,0,77.4,254,316,57,1.8,10.2,1.0
Jerry Jeudy,61103,WR,DEN,9,15.3,7,51.5,40.0,6,15,0,12.8,5,28,10,2,44.4,28.2,68.3,,68.2,0.0,0,5,48,0.0,0,330,2,34,94.5,312,47.9,158,58.4,66,2,52.1,172,552,143,4.2,16.2,1.77
CeeDee Lamb,61570,WR,DAL,9,10.7,4,66.7,27.3,3,11,0,10.2,5,29,9,1,45.9,51.2,66.6,66.2,69.3,0.0,0,1,43,0.3,1,325,4,44,96.3,313,92.6,301,104.0,66,3,7.1,23,595,169,3.8,13.5,1.9
Cole Beasley,7330,WR,BUF,10,7.8,3,84.6,85.7,6,7,0,1.8,1,34,4,0,87.9,79.8,82.6,,84.1,0.0,0,1,29,0.0,0,325,1,55,92.3,300,90.8,295,116.8,65,3,8.6,28,642,230,4.2,11.7,2.14
Adam Thielen,8288,WR,MIN,9,14.0,3,64.1,36.8,7,19,0,8.9,4,29,18,0,59.9,79.0,84.8,,85.9,0.0,0,4,39,0.0,0,281,0,41,92.5,260,22.8,64,103.1,64,9,77.2,217,523,85,2.1,12.8,2.01
Brandin Cooks,8655,WR,HST,9,10.9,2,67.2,33.3,4,12,0,6.5,3,24,13,0,68.8,78.6,75.2,,74.4,0.0,0,2,57,0.0,0,327,0,43,97.2,318,30.6,100,96.4,64,3,69.4,227,549,204,4.7,12.8,1.73
Mike Evans,8642,WR,TB,10,12.0,3,63.5,50.0,5,10,0,11.1,5,32,30,0,42.4,78.0,68.8,,69.5,0.0,0,1,50,0.0,0,394,4,40,93.4,368,41.6,164,122.0,63,8,58.4,230,514,138,3.5,12.9,1.4
Calvin Ridley,48262,WR,ATL,8,15.9,7,68.3,50.0,6,12,0,4.4,2,34,2,0,75.8,79.1,81.6,,81.5,0.0,0,3,63,0.0,0,297,3,43,95.6,284,10.4,31,114.3,63,6,89.6,266,657,113,2.6,15.3,2.31
Diontae Johnson,33441,WR,PIT,8,9.4,5,59.7,50.0,1,2,1,11.9,5,23,25,0,48.3,81.4,69.4,,68.8,0.0,0,2,46,0.0,0,264,1,37,93.6,247,18.6,49,88.5,62,4,81.4,215,426,248,6.7,11.5,1.72
Darius Slayton,25578,WR,NYG,10,13.3,6,61.3,36.4,4,11,1,9.5,4,30,21,1,56.9,29.8,73.2,,72.5,0.0,0,2,41,0.0,0,383,1,38,93.2,357,16.7,64,95.1,62,3,83.3,319,584,126,3.3,15.4,1.64
Will Fuller V,10655,WR,HST,9,13.1,2,67.2,38.5,5,13,0,2.4,1,28,13,0,82.6,78.9,80.1,,79.0,0.0,0,2,77,0.0,0,327,0,41,96.3,315,24.5,80,120.1,61,6,75.5,247,628,187,4.6,15.3,1.99
Evan Engram,11778,TE,NYG,10,5.8,5,62.3,22.2,2,9,0,13.6,6,21,21,0,44.9,79.4,57.6,55.6,59.7,42.0,158,4,30,5.6,21,376,2,38,88.0,331,44.9,169,55.8,61,1,12.2,46,347,170,4.5,9.1,1.05
J.D. McKissic,11047,HB,WAS,9,1.5,10,67.2,0.0,0,4,0,4.7,2,14,32,1,75.0,56.3,65.2,83.7,68.0,0.0,0,2,26,12.0,31,259,0,41,83.8,217,13.9,36,64.3,61,0,15.8,41,291,272,6.6,7.1,1.34
Tee Higgins,61211,WR,CIN,9,13.7,3,66.7,38.9,7,18,1,2.4,1,32,7,1,82.6,33.8,74.0,77.8,78.0,0.0,0,0,67,0.9,3,318,5,40,94.7,301,25.2,80,121.7,60,4,74.8,238,603,206,5.2,15.1,2.0
D.J. Chark Jr.,47702,WR,JAX,8,13.8,0,63.8,33.3,3,9,0,7.5,3,26,15,0,63.4,77.6,74.0,,72.7,0.0,0,1,73,0.0,0,306,0,37,95.8,293,26.1,80,106.5,58,4,73.9,226,493,133,3.6,13.3,1.68
DeVante Parker,9447,WR,MIA,9,10.5,3,69.1,68.8,11,16,0,7.3,3,25,17,0,64.3,78.1,74.8,,75.5,0.4,1,0,28,0.0,0,273,2,38,94.5,258,22.3,61,112.8,55,3,77.3,211,462,88,2.3,12.2,1.79
Justin Jefferson,61398,WR,MIN,9,12.8,5,77.8,66.7,6,9,0,4.5,2,29,18,0,75.5,78.4,90.8,,90.8,0.0,0,4,71,0.0,0,254,0,42,92.9,236,39.8,101,106.4,54,3,60.2,153,762,276,6.6,18.1,3.23
Hunter Henry,10669,TE,LAC,9,8.4,6,68.5,44.4,4,9,0,5.1,2,21,27,0,72.7,77.7,70.4,51.9,67.0,42.9,157,0,33,14.5,53,366,1,37,80.6,295,45.1,165,101.4,54,2,11.5,42,387,163,4.4,10.5,1.31
Chase Claypool,42312,WR,PIT,9,13.0,4,64.8,38.5,5,13,0,5.4,2,23,25,3,72.2,19.6,74.6,,74.5,0.4,1,0,84,0.0,0,252,1,35,90.1,227,27.4,69,134.3,54,7,72.2,182,500,224,6.4,14.3,2.2
Julio Jones,6158,WR,ATL,7,12.2,6,79.6,50.0,4,8,0,4.4,2,29,2,0,75.5,78.4,84.9,,83.6,0.0,0,0,44,0.0,0,254,0,43,94.9,241,20.5,52,134.4,54,3,79.5,202,638,190,4.4,14.8,2.65
Anthony Miller,48160,WR,CHI,10,10.7,2,63.0,25.0,2,8,0,8.1,3,16,6,2,61.2,29.8,57.4,,57.7,0.0,0,2,34,0.0,0,299,0,34,96.7,289,93.6,280,78.4,54,2,6.4,19,349,94,2.8,10.3,1.21
Jarvis Landry,8698,WR,CLV,9,9.5,3,67.9,63.6,7,11,0,10.0,4,20,8,0,55.1,78.4,74.9,74.3,72.2,0.4,1,1,32,0.8,2,246,2,36,92.3,227,51.6,127,86.0,53,0,47.6,117,448,164,4.6,12.4,1.97
Marquise Brown,61568,WR,BLT,9,16.0,3,60.4,16.7,1,6,0,8.6,3,22,3,0,61.2,77.5,68.8,,69.3,0.0,0,2,47,0.0,0,283,1,32,95.8,271,20.5,58,83.1,53,2,79.2,224,431,115,3.6,13.5,1.59
Mike Davis,9559,HB,CAR,10,-1.2,19,88.7,50.0,1,2,0,4.1,2,14,5,0,77.4,69.6,74.4,53.0,75.5,0.0,0,0,23,17.3,44,254,0,47,78.7,200,8.7,22,102.0,53,2,5.9,15,290,350,7.4,6.2,1.45
Jimmy Graham,5619,TE,CHI,10,6.8,3,66.0,60.0,9,15,0,2.8,1,22,6,1,80.4,28.6,55.2,42.9,60.5,32.1,110,3,29,8.7,30,343,2,35,88.6,304,51.3,176,88.7,53,5,16.6,57,302,136,3.9,8.6,0.99
Brandon Aiyuk,84109,WR,SF,8,10.5,4,66.0,28.6,2,7,1,2.8,1,25,28,0,89.3,78.2,79.0,67.5,79.8,0.0,0,2,35,0.3,1,299,3,35,94.6,283,23.1,69,95.3,53,3,76.9,230,446,164,4.7,12.7,1.58
Mark Andrews,47436,TE,BLT,9,9.9,1,62.3,50.0,8,16,0,10.8,4,21,3,2,52.7,28.2,74.0,69.6,72.9,22.2,53,1,29,0.8,2,239,2,33,95.8,229,67.4,161,105.7,53,5,9.6,23,358,92,2.8,10.8,1.56
Robert Woods,7822,WR,LA,9,7.4,3,79.2,42.9,3,7,1,4.5,2,22,26,1,75.3,45.2,66.7,67.9,66.0,0.0,0,0,56,2.7,9,332,4,42,93.4,310,43.4,144,128.7,53,4,56.6,188,469,283,6.7,11.2,1.51
Noah Fant,42388,TE,DEN,8,6.9,6,67.3,37.5,3,8,0,5.4,2,15,10,0,71.4,77.4,63.7,27.5,69.4,74.0,213,2,32,6.9,20,288,2,35,87.5,252,18.8,54,84.4,52,2,6.6,19,367,215,6.1,10.5,1.46
T.J. Hockenson,40912,TE,DET,9,8.0,3,69.2,60.0,3,5,1,7.7,3,23,11,0,72.7,77.7,75.9,49.5,76.4,44.6,129,4,29,9.0,26,289,3,36,85.8,248,40.1,116,89.7,52,5,15.2,44,373,172,4.8,10.4,1.5
Darnell Mooney,48236,WR,CHI,10,14.9,5,63.5,36.4,4,11,1,0.0,0,17,6,1,88.7,28.2,63.6,,61.6,0.0,0,1,50,0.0,0,340,1,33,97.1,330,20.6,70,87.9,52,2,78.8,268,351,79,2.4,10.6,1.06
Dalton Schultz,47304,TE,DAL,9,7.7,5,67.3,44.4,4,9,0,5.4,2,19,9,1,71.4,28.6,64.8,50.2,63.4,38.2,135,0,28,9.1,32,353,2,35,87.8,310,50.7,179,101.7,52,2,10.8,38,383,175,5.0,10.9,1.24
Hayden Hurst,47294,TE,ATL,9,8.1,2,71.2,50.0,5,10,1,2.6,1,23,2,0,81.5,77.7,62.5,30.1,65.7,46.2,158,0,42,4.1,14,342,1,37,90.4,309,46.5,159,113.5,52,3,7.3,25,411,189,5.1,11.1,1.33
Greg Ward,12258,WR,PHI,9,5.5,4,72.5,66.7,6,9,0,7.5,3,15,24,1,64.3,27.7,60.3,66.2,60.4,0.0,0,1,29,1.0,3,300,0,37,90.3,271,86.0,258,97.0,51,3,13.7,41,282,116,3.1,7.6,1.04
Russell Gage,44771,WR,ATL,9,8.6,4,68.6,50.0,5,10,0,7.9,3,25,2,0,62.1,77.7,71.9,68.2,69.5,0.0,0,1,27,0.7,2,272,1,35,93.8,255,79.8,217,88.6,51,1,19.5,53,379,124,3.5,10.8,1.49
Marvin Jones Jr.,7158,WR,DET,9,11.0,5,64.7,58.3,7,12,0,8.3,3,23,11,0,61.3,77.1,66.9,65.6,67.5,1.4,5,3,27,0.3,1,368,1,33,93.5,344,34.2,126,97.2,51,5,64.4,237,404,96,2.9,12.2,1.17
Michael Gallup,26075,WR,DAL,9,13.9,4,58.0,75.0,6,8,0,12.1,4,22,9,0,48.9,76.5,63.4,,64.0,0.0,0,0,52,0.0,0,402,1,29,96.8,389,5.7,23,96.1,50,1,94.3,379,468,117,4.0,16.1,1.2
George Kittle,11901,TE,SF,6,7.7,2,75.5,63.6,7,11,0,11.9,5,25,28,0,48.1,78.2,79.7,74.5,82.6,62.2,138,2,44,15.3,34,222,3,37,81.1,180,31.1,69,101.9,49,2,4.1,9,474,221,6.0,12.8,2.63
Eric Ebron,8645,TE,PIT,9,8.7,1,64.6,42.9,3,7,0,6.1,2,18,25,1,69.5,28.0,58.7,62.9,59.7,51.6,166,0,24,4.3,14,322,6,31,86.6,279,35.1,113,104.8,48,3,13.0,42,323,103,3.3,10.4,1.16
Rob Gronkowski,5567,TE,TB,10,12.1,2,60.4,75.0,9,12,0,9.4,3,18,30,1,57.8,27.6,68.1,57.0,74.8,85.4,270,2,44,14.2,45,316,2,29,80.4,254,10.1,32,95.3,48,4,4.4,14,374,156,5.4,12.9,1.47
A.J. Brown,48327,WR,TEN,7,10.7,7,66.7,46.2,6,13,0,11.1,4,24,31,0,50.8,76.8,81.6,,80.8,0.5,1,1,73,0.0,0,222,1,32,94.6,210,13.1,29,130.0,48,6,86.5,192,478,219,6.8,14.9,2.28
Larry Fitzgerald,1724,WR,ARZ,9,6.1,0,74.5,28.6,2,7,0,0.0,0,18,1,0,89.7,77.4,60.8,69.2,62.6,0.0,0,2,17,0.9,3,324,1,35,92.3,299,86.7,281,70.7,47,0,13.0,42,274,113,3.2,7.8,0.92
Josh Reynolds,11872,WR,LA,9,13.1,3,63.8,41.7,5,12,0,3.2,1,22,26,2,77.3,76.5,70.6,62.3,70.3,0.0,0,1,40,0.4,1,280,1,30,95.4,267,26.1,73,97.5,47,2,73.6,206,416,135,4.5,13.9,1.56
Logan Thomas,8755,TE,WAS,9,9.1,2,59.6,37.5,6,16,0,6.7,2,19,32,0,66.8,76.6,60.4,48.2,59.2,19.4,72,1,29,5.1,19,371,2,28,89.5,332,64.2,238,90.9,47,3,15.9,59,302,100,3.6,10.8,0.91
Curtis Samuel,11795,WR,CAR,9,6.3,4,87.2,75.0,3,4,0,2.4,1,20,5,0,74.3,82.3,71.0,76.2,70.5,0.4,1,0,29,0.8,2,266,3,41,93.2,248,70.7,188,114.1,47,2,22.9,61,375,162,4.0,9.1,1.51
Keelan Cole,51593,WR,JAX,9,11.4,4,73.9,66.7,4,6,0,5.6,2,21,15,0,70.3,80.2,69.7,66.6,67.6,0.3,1,1,51,0.3,1,338,1,34,95.6,323,66.0,223,122.3,46,4,33.7,114,427,121,3.6,12.6,1.32
Corey Davis,11760,WR,TEN,7,11.2,2,73.9,70.0,7,10,0,2.9,1,26,31,0,79.4,77.1,82.5,,81.8,1.4,3,0,38,0.0,0,209,0,34,96.7,202,22.5,47,124.9,46,3,76.1,159,436,112,3.3,12.8,2.16
Ezekiel Elliott,10638,HB,DAL,9,-0.6,6,78.3,0.0,0,1,0,14.3,6,14,9,1,41.5,27.5,60.9,57.1,47.5,0.3,1,2,19,21.7,77,355,0,36,75.8,269,3.9,14,77.4,46,1,5.1,18,238,271,7.5,6.6,0.88
Travis Fulgham,48023,WR,PHI,6,13.5,4,65.2,50.0,5,10,0,9.1,3,22,24,0,58.1,76.5,79.5,66.0,79.5,0.9,2,0,42,0.4,1,230,1,30,90.9,209,20.9,48,125.5,46,4,78.3,180,443,106,3.5,14.8,2.12
Tim Patrick,12087,WR,DEN,8,15.1,2,67.4,70.0,7,10,2,0.0,0,20,10,0,88.3,76.8,73.1,,74.7,0.4,1,2,41,0.0,0,267,3,31,94.8,253,20.6,55,102.1,46,3,79.0,211,444,89,2.9,14.3,1.75
Kendrick Bourne,12270,WR,SF,9,9.6,6,64.4,33.3,3,9,0,6.5,2,21,28,0,66.6,76.3,68.3,80.9,68.2,1.0,3,2,25,0.7,2,295,1,29,93.2,275,42.0,124,79.7,45,1,56.9,168,378,143,4.9,13.0,1.37
John Brown,8726,WR,BUF,8,13.0,2,64.4,50.0,3,6,0,6.5,2,19,4,0,58.8,76.6,68.4,,68.8,0.0,0,0,46,0.0,0,282,0,29,93.3,263,8.9,25,106.3,45,2,91.1,257,386,164,5.7,13.3,1.47
Randall Cobb,6216,WR,HST,9,7.4,1,80.0,50.0,3,6,0,2.7,1,19,13,0,80.4,77.6,70.7,,71.6,0.0,0,0,34,0.0,0,275,0,36,96.4,265,76.4,210,121.7,45,2,23.3,64,434,165,4.6,12.1,1.64
Jamison Crowder,9538,WR,NYJ,5,8.4,6,68.9,42.9,3,7,0,3.1,1,17,22,0,77.8,77.0,76.5,,76.3,0.0,0,1,69,0.0,0,198,0,31,93.9,186,75.3,149,110.3,45,3,24.7,49,409,197,6.4,13.2,2.2
Mike Williams,11762,WR,LAC,8,17.3,1,56.8,41.7,5,12,0,3.8,1,17,27,0,75.1,76.0,71.0,,70.9,0.0,0,2,64,0.0,0,287,2,25,94.4,271,27.2,78,94.0,44,3,72.8,209,431,75,3.0,17.2,1.59
Danny Amendola,4717,WR,DET,9,8.1,4,63.6,33.3,2,6,0,6.7,2,20,11,0,65.8,79.0,71.9,72.1,72.4,1.3,3,1,50,0.8,2,239,3,28,92.9,222,82.4,197,84.6,44,0,15.1,36,411,214,7.6,14.7,1.85
Zach Pascal,12303,WR,IND,9,9.9,1,63.6,37.5,3,8,0,3.4,1,15,14,0,76.7,76.5,61.7,,61.7,1.0,3,1,36,0.0,0,292,2,28,93.2,272,71.6,209,92.0,44,2,26.7,78,330,150,5.4,11.8,1.21
T.Y. Hilton,7092,WR,IND,8,10.6,3,59.1,33.3,3,9,0,10.3,3,16,14,0,55.9,76.1,66.6,,66.1,0.0,0,2,28,0.0,0,251,0,26,93.2,234,17.5,44,59.9,44,0,82.5,207,291,88,3.4,11.2,1.24
Zach Ertz,7816,TE,PHI,6,7.1,1,55.8,60.0,3,5,0,7.7,2,10,24,0,63.4,75.5,59.6,64.8,59.8,36.5,95,2,30,7.3,19,260,0,24,88.1,229,47.3,123,54.2,43,1,14.6,38,178,47,2.0,7.4,0.78
Marquez Valdes-Scantling,47809,WR,GB,9,17.9,2,51.2,42.9,3,7,0,18.5,5,18,12,0,29.8,75.6,57.7,,58.9,0.3,1,1,78,0.0,0,313,2,22,91.7,287,32.3,101,110.9,43,4,67.4,211,463,155,7.0,21.0,1.61
Odell Beckham Jr.,8647,WR,CLV,7,14.1,4,53.5,42.9,3,7,0,4.2,1,17,8,0,73.5,76.5,75.3,,73.7,0.0,0,1,43,0.0,0,189,2,23,94.2,178,14.8,28,91.1,43,3,85.2,161,319,44,1.9,13.9,1.79
Chris Conley,9509,WR,JAX,9,11.3,1,61.9,37.5,3,8,0,10.3,3,16,15,0,55.1,75.9,70.9,,69.1,1.5,3,1,51,0.0,0,196,1,26,95.9,188,27.6,54,83.3,42,1,70.9,139,319,128,4.9,12.3,1.7
Sterling Shepard,10674,WR,NYG,6,7.0,4,82.9,66.7,4,6,0,2.9,1,17,21,0,80.4,77.9,79.5,,77.2,0.5,1,1,29,0.0,0,193,0,34,91.7,177,39.4,76,94.6,41,1,60.1,116,295,102,3.0,8.7,1.67
Jonnu Smith,11855,TE,TEN,9,6.9,1,63.4,33.3,4,12,0,3.7,1,16,31,0,75.5,76.2,78.0,37.1,78.5,55.2,123,0,63,16.6,37,223,1,26,79.4,177,32.3,72,126.8,41,6,9.0,20,318,168,6.5,12.2,1.8
Scotty Miller,47481,WR,TB,10,16.9,3,65.9,33.3,2,6,0,3.6,1,17,30,0,75.5,76.5,67.3,,66.7,0.0,0,0,47,0.0,0,265,0,27,92.5,245,23.8,63,115.3,41,2,76.2,202,414,88,3.3,15.3,1.69
Christian Kirk,47546,WR,ARZ,8,14.4,0,65.9,42.9,3,7,0,0.0,0,20,1,0,86.9,82.1,70.3,,69.4,0.0,0,1,80,0.0,0,278,0,27,93.5,260,16.2,45,129.8,41,6,83.8,233,427,116,4.3,15.8,1.64
Emmanuel Sanders,5606,WR,NO,7,9.3,2,75.6,75.0,3,4,0,3.1,1,20,20,1,77.8,27.5,73.5,,74.6,0.0,0,1,25,0.0,0,194,1,31,97.4,189,39.2,76,114.6,41,3,60.8,118,347,58,1.9,11.2,1.84
Chris Godwin,11839,WR,TB,6,8.3,4,85.0,66.7,4,6,0,5.6,2,20,30,0,70.8,77.3,76.4,66.3,78.2,2.2,5,0,31,0.4,1,226,0,34,94.2,213,67.3,152,126.3,40,2,30.5,69,412,162,4.8,12.1,1.93
Nyheim Hines,48103,HB,IND,9,1.4,7,82.5,0.0,0,2,0,2.9,1,15,14,0,79.4,88.3,75.0,27.6,89.8,1.8,3,0,29,6.1,10,164,0,33,90.2,148,9.1,15,127.6,40,4,14.6,24,265,252,7.6,8.0,1.79
Clyde Edwards-Helaire,57279,HB,KC,9,1.4,9,71.8,50.0,2,4,0,6.7,2,9,16,0,67.3,90.0,72.4,29.1,72.7,0.4,1,0,24,8.0,18,224,1,28,87.1,195,5.4,12,94.4,39,1,7.1,16,224,217,7.8,8.0,1.15
D'Andre Swift,57212,HB,DET,9,2.1,7,79.5,100.0,2,2,0,8.8,3,11,11,1,58.7,86.7,70.7,75.4,68.7,0.6,1,0,26,10.4,18,173,0,31,82.7,143,5.2,9,113.1,39,2,17.3,30,275,234,7.5,8.9,1.92
Mike Gesicki,47153,TE,MIA,9,12.7,0,61.5,55.6,10,18,0,7.7,2,18,17,0,63.2,75.5,75.7,33.3,76.0,13.0,32,2,70,2.4,6,247,0,24,91.9,227,65.6,162,88.7,39,2,21.5,53,371,91,3.8,15.5,1.63
Damiere Byrd,9964,WR,NE,9,12.8,2,66.7,16.7,1,6,1,3.7,1,17,19,1,75.1,28.9,61.4,67.0,62.3,0.0,0,2,31,0.7,2,293,1,26,94.9,278,11.3,33,72.3,39,0,88.7,260,337,79,3.0,13.0,1.21
K.J. Hamler,61590,WR,DEN,7,10.1,2,55.3,12.5,1,8,0,19.2,5,11,10,1,29.7,28.6,55.0,,54.0,0.4,1,3,36,0.0,0,244,0,21,92.2,225,59.4,145,50.3,38,1,40.2,98,240,81,3.9,11.4,1.07
Laviska Shenault Jr.,61220,WR,JAX,8,5.6,11,78.9,70.0,7,10,0,6.3,2,19,15,0,67.3,79.1,73.5,,74.4,0.5,1,0,36,0.0,0,215,0,30,95.8,206,27.9,60,110.9,38,1,68.4,147,323,184,6.1,10.8,1.57
Aaron Jones,11937,HB,GB,7,2.7,9,73.7,50.0,2,4,0,6.7,2,11,12,1,65.8,55.2,64.7,29.3,74.9,2.6,4,0,30,16.8,26,155,0,28,80.0,124,11.0,17,106.4,38,2,14.2,22,231,217,7.8,8.3,1.86
Hunter Renfrow,47509,WR,LV,9,7.9,2,78.4,50.0,2,4,0,3.3,1,18,23,0,76.7,41.5,75.3,,74.0,0.0,0,0,53,0.0,0,212,0,29,92.5,196,59.0,125,129.6,37,2,41.0,87,399,192,6.6,13.8,2.04
Chase Edmonds,45851,HB,ARZ,9,1.7,8,86.5,50.0,1,2,0,3.0,1,15,1,1,78.9,40.0,69.7,70.0,77.4,1.0,2,0,30,13.4,28,209,0,32,78.5,164,24.9,52,114.1,37,2,6.2,13,261,224,7.0,8.2,1.59
Braxton Berrios,47961,WR,NYJ,8,7.8,4,64.9,0.0,0,4,0,11.1,3,12,22,0,51.8,83.1,64.7,,63.5,0.0,0,1,30,0.0,0,171,0,24,90.6,155,74.9,128,88.0,37,2,21.6,37,223,105,4.4,9.3,1.44
David Montgomery,45719,HB,CHI,9,1.0,10,83.3,0.0,0,2,0,3.2,1,11,6,1,77.3,73.7,76.9,77.9,62.4,0.7,2,0,28,18.8,53,282,0,30,78.4,221,2.5,7,100.5,36,1,5.0,14,212,204,6.8,7.1,0.96
Jakobi Meyers,47468,WR,NE,7,12.1,1,77.8,66.7,2,3,0,6.7,2,21,19,0,69.6,77.4,87.5,61.6,89.7,0.0,0,2,33,0.8,1,129,2,28,91.5,118,45.7,59,84.4,36,0,54.3,70,353,68,2.4,12.6,2.99
Ronald Jones,34001,HB,TB,10,0.3,4,72.2,100.0,1,1,0,13.3,4,1,30,2,36.0,58.9,70.4,54.6,29.5,0.0,0,1,11,7.6,13,170,0,26,83.5,142,8.8,15,65.0,36,0,7.6,13,124,125,4.8,4.8,0.87
James Robinson,22425,HB,JAX,9,-1.0,10,80.6,100.0,1,1,0,9.4,3,10,15,2,58.1,59.1,73.9,55.1,52.2,0.0,0,0,28,21.1,49,232,0,29,74.6,173,1.7,4,111.6,36,2,3.0,7,228,260,9.0,7.9,1.32
Myles Gaskin,45914,HB,MIA,7,-0.4,0,85.7,33.3,1,3,0,6.3,2,5,17,0,67.3,69.3,68.1,60.5,63.3,0.0,0,0,16,22.6,43,190,0,30,74.2,141,10.5,20,90.2,35,0,9.5,18,198,211,7.0,6.6,1.4
Jerick McKinnon,8731,HB,SF,10,4.0,2,71.4,100.0,1,1,0,7.4,2,9,28,0,65.8,88.2,74.3,27.5,76.1,0.4,1,3,26,17.8,40,225,0,25,76.4,172,7.6,17,57.6,35,1,3.6,8,186,121,4.8,7.4,1.08
Giovani Bernard,7818,HB,CIN,9,0.1,3,80.0,,0,0,0,6.7,2,10,7,0,65.8,84.6,63.8,64.9,62.0,0.0,0,1,42,24.2,55,227,0,28,73.1,166,11.9,27,98.5,35,2,13.7,31,207,212,7.6,7.4,1.25
Julian Edelman,5156,WR,NE,6,10.9,1,60.0,22.2,2,9,0,16.0,4,18,19,0,36.9,75.8,68.8,,69.3,0.6,1,3,49,0.0,0,176,0,21,94.9,167,74.4,131,53.9,35,0,24.4,43,315,69,3.3,15.0,1.89
Tre'Quan Smith,48228,WR,NO,9,10.1,7,76.5,50.0,2,4,0,3.7,1,16,20,1,74.9,26.2,63.9,74.4,61.3,0.7,2,0,29,1.7,5,294,2,26,94.6,278,50.3,148,132.6,34,3,49.0,144,305,74,2.8,11.7,1.1
Anthony Firkser,51837,TE,TEN,9,7.1,3,73.5,54.5,6,11,0,0.0,0,16,31,0,85.7,75.5,77.1,39.1,76.6,15.4,24,0,45,1.3,2,156,0,25,92.9,145,69.2,108,103.7,34,1,14.7,23,249,80,3.2,10.0,1.72
Jeff Smith,48055,WR,NYJ,5,13.0,1,41.2,40.0,2,5,0,17.6,3,7,22,0,35.8,73.0,51.3,,52.5,0.0,0,2,21,0.0,0,184,0,14,93.5,172,23.4,43,29.2,34,0,76.6,141,141,46,3.3,10.1,0.82
Devin Singletary,40485,HB,BUF,10,0.7,8,73.5,0.0,0,2,1,16.7,5,5,4,0,34.7,88.5,62.8,69.5,49.7,0.0,0,0,34,20.0,56,280,2,25,75.4,211,3.6,10,86.3,34,0,16.1,45,187,185,7.4,7.5,0.89
Preston Williams,38855,WR,MIA,8,15.3,0,54.5,40.0,4,10,0,14.3,3,14,17,0,46.4,74.4,65.5,,64.7,0.0,0,2,47,0.0,0,221,0,18,94.1,208,9.0,20,98.2,33,4,91.0,201,288,45,2.5,16.0,1.38
Mecole Hardman,42683,WR,KC,9,9.5,1,75.8,50.0,1,2,0,16.7,5,15,16,0,34.7,84.4,69.6,,71.1,0.0,0,0,49,0.0,0,223,2,25,93.7,209,55.2,123,145.4,33,3,43.9,98,395,197,7.9,15.8,1.89
Golden Tate,5585,WR,NYG,8,8.2,1,72.7,50.0,4,8,1,7.7,2,13,21,0,62.5,78.5,64.7,,65.2,0.5,1,1,39,0.0,0,220,2,24,93.2,205,84.1,185,104.4,33,2,15.5,34,270,69,2.9,11.3,1.32
Kenny Golladay,11851,WR,DET,5,14.7,0,62.5,76.9,10,13,0,9.1,2,16,11,0,46.8,75.0,81.6,,79.8,0.0,0,0,48,0.0,0,150,0,20,91.3,137,18.0,27,119.0,32,2,82.0,123,338,42,2.1,16.9,2.47
Austin Hooper,10715,TE,CLV,7,6.2,0,71.9,100.0,7,7,0,4.2,1,13,8,0,73.0,75.1,70.1,57.1,67.9,69.7,138,1,36,16.7,33,198,1,23,79.8,158,20.2,40,87.5,32,1,8.6,17,216,108,4.7,9.4,1.37
Greg Olsen,3647,TE,SEA,9,8.8,0,65.6,66.7,2,3,0,12.5,3,14,29,0,49.3,75.4,59.9,74.5,58.3,28.1,78,2,22,6.8,19,278,1,21,88.8,247,57.9,161,67.7,32,1,14.0,39,204,44,2.1,9.7,0.83
Willie Snead IV,8999,WR,BLT,9,8.8,7,78.1,0.0,0,2,0,3.8,1,18,3,1,75.5,26.4,73.0,,73.2,0.0,0,1,34,0.0,0,216,0,25,94.9,205,83.3,180,131.3,32,3,16.7,36,356,171,6.8,14.2,1.74
Gabriel Davis,55410,WR,BUF,10,15.5,1,59.4,16.7,1,6,0,9.5,2,13,4,0,60.5,75.2,66.5,53.8,67.5,0.4,1,2,39,2.5,7,277,1,19,91.3,253,45.1,125,92.6,32,3,54.2,150,275,65,3.4,14.5,1.09
Jared Cook,5012,TE,NO,8,12.0,1,65.6,55.6,5,9,1,4.5,1,14,20,1,71.3,24.6,63.8,3.7,64.9,15.1,31,0,46,1.5,3,205,1,21,94.1,193,52.7,108,132.7,32,4,32.2,66,279,53,2.5,13.3,1.45
N'Keal Harry,48297,WR,NE,7,6.9,4,61.3,50.0,4,8,0,0.0,0,10,19,1,83.2,24.4,64.4,67.8,65.6,0.6,1,1,27,1.8,3,167,0,19,94.6,158,30.5,51,73.6,31,1,68.9,115,172,81,4.3,9.1,1.09
Robert Tonyan,12193,TE,GB,9,9.8,0,87.1,33.3,1,3,0,0.0,0,18,12,0,86.5,75.9,69.2,53.4,69.8,46.9,114,0,45,8.6,21,243,2,27,84.4,205,37.4,91,152.9,31,5,15.6,38,347,128,4.7,12.9,1.69
Demarcus Robinson,10760,WR,KC,9,10.8,4,70.0,66.7,2,3,0,8.7,2,13,16,1,60.3,75.4,59.9,67.2,58.2,2.2,6,0,28,0.7,2,274,1,21,94.5,259,18.6,51,113.2,30,2,79.2,217,220,77,3.7,10.5,0.85
Miles Sanders,40555,HB,PHI,6,3.1,2,46.7,50.0,1,2,0,33.3,7,4,24,0,27.2,40.6,60.7,40.2,29.7,0.0,0,1,28,14.7,28,190,0,14,81.1,154,6.8,13,41.1,30,0,10.5,20,101,113,8.1,7.2,0.66
James White,8765,HB,NE,7,-1.1,5,90.0,,0,0,0,0.0,0,10,19,0,86.9,33.8,61.7,24.8,85.3,0.9,1,1,28,17.4,20,115,0,27,77.4,89,15.7,18,81.0,30,0,5.2,6,203,235,8.7,7.5,2.28
Tyler Higbee,10744,TE,LA,8,7.7,0,76.7,0.0,0,2,0,4.2,1,13,26,0,62.3,75.3,71.1,55.3,71.9,78.7,170,0,39,28.7,62,216,1,23,69.0,149,10.2,22,140.4,30,3,11.1,24,296,135,5.9,12.9,1.99
James Washington,47792,WR,PIT,9,9.6,3,66.7,25.0,1,4,0,13.0,3,12,25,0,46.6,74.4,63.3,,63.2,2.2,4,0,28,0.0,0,183,0,20,92.3,169,15.8,29,123.2,30,3,82.0,150,232,83,4.2,11.6,1.37
Antonio Gibson,78050,HB,WAS,9,-1.3,8,86.7,0.0,0,1,0,3.7,1,8,32,2,74.9,49.1,76.4,20.5,65.5,0.0,0,0,40,9.7,14,144,0,26,88.2,127,3.5,5,94.7,30,0,9.0,13,202,249,9.6,7.8,1.59
Adam Humphries,10075,WR,TEN,6,10.0,0,75.9,50.0,3,6,0,0.0,0,11,31,0,84.5,75.1,74.1,,73.9,0.0,0,0,23,0.0,0,146,0,22,93.8,137,80.1,117,119.8,29,2,19.9,29,219,44,2.0,10.0,1.6
Leonard Fournette,11759,HB,TB,7,0.8,3,82.8,0.0,0,2,0,11.1,3,5,30,0,52.0,85.4,63.3,43.2,65.0,0.0,0,0,20,13.7,20,146,0,24,82.9,121,3.4,5,88.5,29,0,8.2,12,152,146,6.1,6.3,1.26
Jamaal Williams,11889,HB,GB,8,0.3,6,89.7,0.0,0,1,0,7.1,2,9,12,0,65.2,86.9,68.9,56.5,61.9,2.0,4,0,29,23.4,48,205,0,26,70.2,144,4.4,9,96.6,29,0,9.8,20,208,191,7.3,8.0,1.44
Nelson Agholor,9453,WR,LV,9,14.3,1,62.1,50.0,4,8,0,14.3,3,16,23,0,46.4,74.8,67.8,,67.7,0.4,1,1,59,0.0,0,242,0,18,94.2,228,33.9,82,130.0,29,5,65.3,158,355,73,4.1,19.7,1.56
Gerald Everett,11799,TE,LA,9,5.9,5,75.9,33.3,1,3,0,12.0,3,13,26,1,50.4,25.6,63.0,52.9,62.6,60.2,106,1,40,22.7,40,176,1,22,73.9,130,13.6,24,99.1,29,1,23.9,42,255,136,6.2,11.6,1.96
Josh Jacobs,45953,HB,LV,9,0.3,6,82.1,,0,0,1,8.0,2,3,23,0,62.3,78.9,80.6,56.5,61.6,0.0,0,0,29,23.4,44,188,1,23,72.9,137,1.6,3,88.8,28,0,8.0,15,149,163,7.1,6.5,1.09
David Moore,11981,WR,SEA,9,11.3,2,78.6,60.0,3,5,0,0.0,0,13,29,0,84.5,82.9,73.9,56.5,74.3,1.1,2,0,57,1.1,2,179,1,22,95.0,170,27.4,49,155.7,28,4,71.5,128,332,123,5.6,15.1,1.95
Rex Burkhead,7971,HB,NE,9,1.2,1,82.1,,0,0,0,4.2,1,10,19,0,73.0,85.6,79.0,78.8,77.9,0.0,0,1,24,23.1,37,160,0,23,74.4,119,1.9,3,115.3,28,3,2.5,4,187,195,8.5,8.1,1.57
Melvin Gordon III,9448,HB,DEN,8,1.1,2,71.4,100.0,1,1,0,13.0,3,3,10,2,46.6,29.7,61.2,46.7,29.5,0.0,0,0,16,17.8,42,236,0,20,77.5,183,1.7,4,86.5,28,1,6.4,15,87,74,3.7,4.4,0.48
Sammy Watkins,8639,WR,KC,5,7.0,1,75.0,0.0,0,2,0,4.5,1,16,16,1,71.3,25.0,66.9,65.3,64.8,0.0,0,0,21,0.6,1,159,1,21,95.0,151,48.4,77,121.4,28,2,51.6,82,222,81,3.9,10.6,1.47
Kareem Hunt,11841,HB,CLV,9,0.6,12,75.0,33.3,1,3,0,16.0,4,10,8,0,36.9,73.2,75.1,53.3,60.3,2.3,4,0,13,18.4,32,174,0,21,77.6,135,5.2,9,125.1,28,4,7.5,13,141,142,6.8,6.7,1.04
Tyler Eifert,7802,TE,JAX,8,9.4,0,60.7,20.0,2,10,0,0.0,0,8,15,0,82.2,73.6,55.1,47.2,52.8,32.9,74,2,19,8.4,19,225,0,17,87.1,196,52.9,119,58.0,28,1,12.0,27,156,54,3.2,9.2,0.8
Jakeem Grant,10820,WR,MIA,9,9.0,6,81.5,100.0,4,4,0,4.3,1,14,17,0,72.1,85.3,77.3,,77.1,1.6,2,0,30,0.0,0,124,1,22,95.2,118,25.8,32,114.4,27,1,72.6,90,229,66,3.0,10.4,1.94
Drew Sample,47259,TE,CIN,9,4.7,2,74.1,0.0,0,6,0,9.1,2,10,7,0,58.6,74.4,61.0,62.9,52.4,68.2,217,1,23,17.0,54,318,1,20,79.6,253,14.2,45,76.6,27,0,14.2,45,183,112,5.6,9.2,0.72
Isaiah Ford,11991,WR,NE,7,8.5,0,66.7,33.3,2,6,0,5.3,1,13,19,0,69.0,73.9,64.0,,63.1,0.0,0,2,17,0.0,0,173,0,18,94.8,164,94.2,163,55.2,27,0,5.8,10,184,49,2.7,10.2,1.12
Michael Pittman Jr.,29049,WR,IND,6,8.5,1,77.8,50.0,1,2,0,0.0,0,10,14,0,84.1,75.0,63.5,,63.9,0.0,0,0,40,0.0,0,167,3,21,95.8,160,30.5,51,103.1,27,0,69.5,116,236,114,5.4,11.2,1.48
Dontrelle Inman,6597,WR,WAS,7,9.0,0,63.0,100.0,1,1,0,5.6,1,11,32,1,67.7,23.2,61.6,,58.8,0.0,0,2,17,0.0,0,222,1,17,95.0,211,20.7,46,71.2,27,2,79.3,176,148,42,2.5,8.7,0.7
James Conner,11860,HB,PIT,9,0.5,2,84.6,100.0,2,2,0,12.0,3,6,25,0,50.8,73.2,67.9,57.8,51.4,0.0,0,0,18,19.6,49,250,0,22,72.8,182,7.6,19,88.3,26,0,4.8,12,135,132,6.0,6.1,0.74
Chris Hogan,6468,WR,NYJ,5,10.0,1,53.8,16.7,1,6,0,6.7,1,6,22,0,80.6,76.2,56.1,,56.0,0.0,0,1,27,0.0,0,185,1,14,92.4,171,22.7,42,49.8,26,0,77.3,143,118,42,3.0,8.4,0.69
Isaiah Wright,40113,WR,WAS,6,3.8,4,84.6,0.0,0,2,0,0.0,0,9,32,0,84.9,44.2,65.0,,63.3,0.0,0,0,22,0.0,0,168,0,22,95.8,161,79.2,133,92.5,26,0,20.8,35,161,116,5.3,7.3,1.0
Olamide Zaccheaus,44920,WR,ATL,9,14.2,2,69.2,60.0,3,5,0,5.3,1,14,2,0,68.7,74.3,71.0,,70.5,0.0,0,1,51,0.0,0,168,1,18,95.8,161,15.5,26,97.1,26,1,84.5,142,253,59,3.3,14.1,1.57
Chris Carson,12004,HB,SEA,6,0.6,3,88.0,100.0,1,1,0,0.0,0,9,29,0,84.9,59.4,80.6,58.4,89.3,0.0,0,2,19,9.2,11,120,0,22,86.7,104,5.8,7,97.4,25,3,4.2,5,147,153,7.0,6.7,1.41
Trey Burton,9185,TE,IND,6,6.6,1,72.0,0.0,0,1,0,5.3,1,8,14,0,69.6,75.4,69.0,78.6,66.2,31.3,40,0,20,3.1,4,128,0,18,93.0,119,47.7,61,99.8,25,1,20.3,26,146,58,3.2,8.1,1.23
David Johnson,9519,HB,HST,8,4.9,5,64.0,50.0,1,2,0,11.1,2,10,13,1,53.1,67.4,56.9,36.0,44.4,0.0,0,0,20,10.6,25,235,0,16,88.1,207,4.3,10,95.6,25,1,22.6,53,161,126,7.9,10.1,0.78
DaeSean Hamilton,45416,WR,DEN,9,12.9,0,60.0,0.0,0,2,2,11.8,2,10,10,1,53.1,22.8,57.7,65.7,57.0,0.0,0,1,40,0.5,1,216,4,15,94.0,203,20.4,44,92.9,25,2,79.6,172,185,78,5.2,12.3,0.91
Henry Ruggs III,61102,WR,LV,7,18.8,1,52.0,33.3,2,6,0,7.1,1,6,23,0,63.2,76.2,57.6,,59.4,0.0,0,0,72,0.0,0,185,0,13,92.4,171,46.5,86,100.6,25,1,53.0,98,251,109,8.4,19.3,1.47
Mo Alie-Cox,12078,TE,IND,8,8.9,0,83.3,60.0,3,5,0,4.8,1,14,14,0,70.7,74.4,86.7,79.9,83.4,57.8,74,2,45,7.8,10,128,1,20,82.8,106,25.0,32,110.6,24,2,15.6,20,293,113,5.7,14.7,2.76
Cedrick Wilson,48170,WR,DAL,9,10.2,1,62.5,0.0,0,2,0,6.3,1,10,9,0,65.9,78.0,70.7,,70.3,0.0,0,1,42,0.0,0,105,1,15,93.3,98,69.5,73,95.7,24,2,29.5,31,179,114,7.6,11.9,1.83
Breshad Perriman,9459,WR,NYJ,5,13.2,0,66.7,0.0,0,4,0,0.0,0,11,22,0,82.2,73.6,65.8,,67.7,0.0,0,0,50,0.0,0,156,0,16,92.9,145,25.0,39,123.4,24,2,75.0,117,219,85,5.3,13.7,1.51
DeSean Jackson,4363,WR,PHI,4,15.4,0,54.2,33.3,1,3,0,13.3,2,9,24,0,48.0,74.4,64.1,,62.9,0.0,0,1,27,0.0,0,116,0,13,99.1,115,20.7,24,56.8,24,0,79.3,92,155,24,1.8,11.9,1.35
John Hightower,84142,WR,PHI,9,23.9,1,37.5,0.0,0,3,1,25.0,3,5,24,0,29.5,71.1,53.6,,55.3,0.0,0,4,59,0.0,0,207,1,9,92.3,191,8.7,18,22.6,24,0,91.3,189,166,56,6.2,18.4,0.87
Deonte Harty,91470,WR,NO,8,4.8,9,79.2,,0,0,0,5.0,1,10,20,0,69.9,27.9,71.7,,70.7,0.0,0,1,40,0.0,0,122,0,19,96.7,118,50.8,62,95.1,24,1,49.2,60,184,121,6.4,9.7,1.56
Dallas Goedert,47272,TE,PHI,5,8.0,4,75.0,25.0,1,4,0,10.0,2,9,24,0,55.9,73.9,65.6,71.2,62.1,56.0,89,0,34,13.2,21,159,1,18,82.4,131,33.3,53,110.8,24,1,10.7,17,186,76,4.2,10.3,1.42
Chris Thompson,7936,HB,JAX,8,2.4,5,83.3,50.0,1,2,0,4.8,1,5,15,0,70.7,76.7,54.9,28.1,58.4,0.0,0,0,15,11.9,18,151,0,20,84.1,127,4.0,6,105.9,24,1,15.2,23,146,116,5.8,7.3,1.15
Kyle Rudolph,6195,TE,MIN,9,8.0,2,78.3,25.0,1,4,1,0.0,0,11,18,1,83.2,23.9,70.7,67.2,74.0,86.9,173,0,22,15.6,31,199,2,18,79.9,159,7.5,15,124.3,23,1,3.0,6,238,122,6.8,13.2,1.5
Jordan Reed,7866,TE,SF,5,7.2,4,73.9,50.0,3,6,0,0.0,0,9,28,0,82.7,73.9,85.4,69.8,87.0,23.7,18,0,26,1.3,1,76,1,17,89.5,68,60.5,46,119.8,23,2,13.2,10,150,56,3.3,8.8,2.21
Chris Herndon,47164,TE,NYJ,9,5.2,1,60.9,0.0,0,4,0,17.6,3,5,22,2,37.9,15.4,46.6,71.6,42.4,63.9,163,0,18,24.3,62,255,0,14,70.2,179,18.8,48,71.1,23,0,14.1,36,101,70,5.0,7.2,0.56
Marcus Johnson,11074,WR,IND,6,17.3,0,56.5,80.0,4,5,0,13.3,2,10,14,0,48.3,72.3,64.6,,65.1,0.0,0,1,55,0.0,0,151,0,13,94.0,142,11.9,18,74.7,23,0,88.1,133,241,49,3.8,18.5,1.7
Joe Mixon,11803,HB,CIN,6,-1.1,8,91.3,0.0,0,1,0,4.5,1,5,7,0,71.3,71.0,65.3,60.6,66.5,0.0,0,0,19,15.4,24,156,0,21,82.1,128,11.5,18,106.2,23,1,9.0,14,138,178,8.5,6.6,1.08
Dalvin Cook,11796,HB,MIN,8,-2.2,6,87.0,0.0,0,1,0,4.8,1,9,18,0,70.5,63.8,87.2,47.6,67.2,0.0,0,0,50,14.5,23,159,0,20,80.5,128,3.8,6,115.4,23,1,8.8,14,189,223,11.2,9.5,1.48
Jalen Guyton,34164,WR,LAC,9,17.9,1,60.9,0.0,0,2,0,12.5,2,7,27,0,49.6,73.2,53.0,68.2,51.4,0.0,0,1,72,0.6,2,322,2,14,93.2,300,39.8,128,126.4,23,3,60.2,194,294,126,9.0,21.0,0.98
Malcolm Brown,9902,HB,LA,9,-0.2,2,72.7,0.0,0,1,0,5.9,1,7,26,0,66.7,86.8,62.3,54.3,53.2,0.0,0,0,18,21.8,49,225,1,16,75.6,170,17.3,39,81.1,22,0,10.2,23,97,112,7.0,6.1,0.57
Andy Isabella,47448,WR,ARZ,9,15.4,1,63.6,,0,0,0,17.6,3,7,1,0,35.8,26.0,59.2,,57.6,0.0,0,2,54,0.0,0,137,0,14,97.8,134,83.9,115,81.3,22,2,15.3,21,178,42,3.0,12.7,1.33
Miles Boykin,48209,WR,BLT,9,10.7,0,63.6,0.0,0,2,0,0.0,0,9,3,0,80.6,72.7,63.0,,60.4,0.0,0,1,25,0.0,0,166,0,14,94.6,157,8.4,14,80.3,22,1,91.0,151,153,58,4.1,10.9,0.97
Marvin Hall,11440,WR,DET,9,21.8,0,54.5,40.0,2,5,0,14.3,2,9,11,0,47.7,74.2,68.8,,68.3,0.0,0,0,73,0.0,0,132,0,12,94.7,125,19.7,26,126.7,22,2,80.3,106,258,46,3.8,21.5,2.06
Darren Fells,8549,TE,HST,9,7.5,3,77.3,33.3,1,3,0,0.0,0,12,13,0,82.2,73.6,68.0,66.2,66.1,55.3,119,0,44,17.7,38,215,0,17,80.5,173,38.1,82,152.7,22,3,3.7,8,246,137,8.1,14.5,1.42
Jonathan Taylor,57488,HB,IND,9,-2.5,5,100.0,,0,0,0,0.0,0,9,14,0,84.9,70.9,64.9,20.8,80.5,0.0,0,0,35,8.3,11,133,0,22,85.7,114,6.8,9,105.1,22,0,0.8,1,203,258,11.7,9.2,1.78
Deebo Samuel,48274,WR,SF,4,2.5,2,72.7,0.0,0,1,0,5.9,1,12,28,0,67.0,76.3,73.1,70.2,74.4,0.9,1,1,35,0.9,1,106,0,16,94.3,100,30.2,32,93.9,22,1,66.0,70,185,213,13.3,11.6,1.85
Jalen Reagor,61697,WR,PHI,4,15.7,2,57.1,33.3,2,6,0,7.7,1,8,24,0,47.7,75.4,59.0,,61.4,0.8,1,2,55,0.0,0,133,1,12,96.2,128,20.3,27,57.5,21,1,78.2,104,159,54,4.5,13.3,1.24
Cordarrelle Patterson,7810,HB,CHI,10,2.9,5,90.5,100.0,2,2,0,5.0,1,6,6,0,69.6,87.0,65.9,,70.8,1.1,1,0,25,0.0,0,90,0,19,98.9,89,14.4,13,91.3,21,0,26.7,24,124,110,5.8,6.5,1.39
Richard Rodgers,8733,TE,PHI,8,9.2,0,90.5,100.0,2,2,0,0.0,0,12,24,0,83.2,74.7,85.2,64.0,89.5,66.7,98,0,30,23.1,34,147,0,19,70.7,104,19.7,29,115.1,21,0,11.6,17,244,87,4.6,12.8,2.35
Harrison Bryant,26394,TE,CLV,9,7.4,4,71.4,,0,0,0,6.3,1,10,8,1,65.6,22.4,68.0,76.7,65.3,47.3,69,2,35,14.4,21,146,0,15,82.2,120,39.0,57,91.6,21,3,10.3,15,151,77,5.1,10.1,1.26
James O'Shaughnessy,9606,TE,JAX,9,7.3,0,76.2,33.3,1,3,0,5.9,1,6,15,0,67.0,73.3,51.9,71.0,58.4,62.9,107,1,26,15.3,26,170,3,16,80.6,137,24.7,42,76.7,21,0,11.8,20,156,49,3.1,9.8,1.14
Jordan Akins,47050,TE,HST,6,7.0,3,81.0,66.7,4,6,0,0.0,0,9,13,0,82.2,73.6,70.7,79.8,72.1,20.0,29,0,26,4.1,6,145,1,17,93.8,136,64.1,93,120.6,21,1,8.3,12,192,93,5.5,11.3,1.41
Dion Lewis,6301,HB,NYG,10,2.2,2,76.2,,0,0,0,5.9,1,7,21,0,67.7,37.4,55.7,38.2,61.8,0.0,0,0,17,18.2,32,176,1,16,76.1,134,8.0,14,102.5,21,1,4.5,8,106,69,4.3,6.6,0.79
Trent Taylor,11932,WR,SF,10,5.9,0,50.0,20.0,1,5,0,0.0,0,5,28,0,78.0,80.0,53.9,73.8,54.5,0.0,0,1,29,1.3,2,154,1,10,92.9,143,64.9,100,40.8,20,0,35.1,54,86,46,4.6,8.6,0.6
Irv Smith Jr.,42060,TE,MIN,8,8.6,1,68.4,33.3,1,3,1,0.0,0,9,18,0,81.7,73.3,67.5,48.0,73.2,74.4,125,0,36,7.1,12,168,5,13,84.5,142,18.5,31,129.1,19,2,6.5,11,159,45,3.5,12.2,1.12
Justin Jackson,29539,HB,LAC,6,-1.6,4,78.9,,0,0,0,11.8,2,6,27,0,66.7,83.1,70.4,51.5,72.6,0.0,0,0,34,21.5,20,93,1,15,73.1,68,4.3,4,95.4,19,0,6.5,6,131,163,10.9,8.7,1.93
J.K. Dobbins,57366,HB,BLT,9,0.7,5,78.9,0.0,0,1,0,16.7,3,2,3,0,37.9,84.8,62.3,71.6,44.7,0.0,0,0,19,12.7,21,166,0,15,84.9,141,12.7,21,86.0,19,0,18.7,31,88,87,5.8,5.9,0.62
Dan Arnold,51842,TE,ARZ,9,9.3,0,84.2,,0,0,0,0.0,0,11,1,1,82.2,23.2,61.9,72.1,63.9,41.9,75,1,41,2.2,4,179,2,16,88.3,158,39.1,70,89.5,19,0,12.3,22,204,93,5.8,12.8,1.29
Todd Gurley II,9443,HB,ATL,9,-0.4,4,78.9,0.0,0,1,0,11.8,2,3,2,1,53.1,59.7,52.2,46.4,37.2,0.0,0,0,14,14.6,30,205,1,15,80.0,164,1.5,3,84.0,19,0,2.4,5,79,85,5.7,5.3,0.48
Rashard Higgins,10806,WR,CLV,6,14.6,0,78.9,66.7,2,3,0,0.0,0,10,8,0,81.1,73.0,75.3,,74.7,0.8,1,1,30,0.0,0,128,0,15,96.1,123,25.8,33,129.2,19,2,73.4,94,225,23,1.5,15.0,1.83
Mike Thomas,10840,WR,CIN,9,8.6,1,68.4,50.0,1,2,0,7.1,1,7,7,1,63.2,22.0,58.9,,59.1,0.9,1,0,29,0.0,0,115,0,13,95.7,110,18.3,21,105.6,19,1,80.9,93,132,29,2.2,10.2,1.2
Christian McCaffrey,11763,HB,CAR,3,1.1,2,89.5,100.0,1,1,0,0.0,0,8,5,0,82.7,85.1,75.6,53.3,75.9,0.0,0,1,24,11.8,12,102,0,17,81.4,83,12.7,13,95.0,19,1,9.8,10,149,125,7.4,8.8,1.8
Brian Hill,11911,HB,ATL,9,0.8,1,84.2,100.0,1,1,0,15.8,3,3,2,0,39.8,53.8,56.1,26.7,43.7,0.0,0,0,22,15.0,17,113,0,16,84.1,95,0.0,0,91.0,19,0,3.5,4,111,98,6.1,6.9,1.17
Kalen Ballage,45741,HB,LAC,5,-0.8,5,84.2,,0,0,0,5.9,1,4,27,0,67.0,82.1,66.7,21.0,66.4,0.0,0,0,21,26.9,25,93,0,16,68.8,64,1.1,1,92.1,19,0,9.7,9,116,157,9.8,7.3,1.81
Joshua Kelley,13750,HB,LAC,9,-1.0,3,100.0,,0,0,0,0.0,0,8,27,0,83.6,45.7,62.7,82.8,72.6,0.0,0,0,35,13.5,19,141,0,19,80.9,114,5.7,8,97.6,19,0,9.2,13,141,160,8.4,7.4,1.24
Tony Pollard,27126,HB,DAL,9,-1.2,7,68.4,100.0,1,1,0,23.5,4,4,9,0,28.9,86.6,68.3,65.8,47.5,0.0,0,0,18,13.0,13,100,0,13,85.0,85,14.0,14,76.2,19,0,7.0,7,78,108,8.3,6.0,0.92
Kenny Stills,7926,WR,HST,9,13.6,0,61.1,40.0,2,5,0,15.4,2,8,13,0,43.5,71.5,58.7,,58.3,0.0,0,1,24,0.0,0,126,0,11,94.4,119,42.9,54,81.7,18,1,57.1,72,144,16,1.5,13.1,1.21
Duke Johnson Jr.,9510,HB,HST,7,0.7,5,77.8,,0,0,0,6.7,1,4,13,1,64.7,28.0,61.9,49.4,52.3,0.0,0,0,30,21.0,29,138,0,14,75.4,104,3.6,5,91.9,18,0,16.7,23,109,113,8.1,7.8,1.05
Michael Thomas,10681,WR,NO,3,8.9,2,55.6,40.0,2,5,0,0.0,0,6,20,0,78.0,71.1,64.9,,64.0,0.0,0,0,20,0.0,0,88,0,10,96.6,85,33.0,29,70.4,18,0,67.0,59,95,27,2.7,9.5,1.12
O.J. Howard,11774,TE,TB,4,12.7,1,61.1,50.0,2,4,0,8.3,1,8,30,0,60.2,71.5,80.1,76.2,85.3,53.4,39,0,33,9.6,7,73,2,11,83.6,61,28.8,21,123.8,18,2,15.1,11,146,17,1.5,13.3,2.39
Isaiah McKenzie,11927,WR,BUF,10,1.1,5,94.1,,0,0,1,0.0,0,8,4,0,81.7,75.6,76.7,,81.5,0.0,0,0,46,0.0,0,63,2,16,95.2,60,82.5,52,140.2,17,2,14.3,9,140,123,7.7,8.8,2.33
Kaden Smith,40973,TE,NYG,10,1.9,2,82.4,0.0,0,1,0,6.7,1,7,21,0,64.4,22.8,65.1,50.4,64.2,70.4,107,0,13,23.7,36,152,2,14,69.1,105,23.7,36,88.0,17,0,3.9,6,87,74,5.3,6.2,0.83
Denzel Mims,47800,WR,NYJ,3,14.6,1,58.8,0.0,0,4,0,0.0,0,7,22,0,78.0,71.1,70.9,,70.7,1.1,1,1,27,0.0,0,90,0,10,92.2,83,22.2,20,62.4,17,0,76.7,69,146,43,4.3,14.6,1.76
Ian Thomas,42130,TE,CAR,10,7.1,0,70.6,0.0,0,1,0,7.7,1,9,5,1,62.1,21.2,45.7,77.5,46.7,25.9,80,1,21,3.2,10,309,2,12,92.2,285,50.8,157,78.8,17,1,23.3,72,93,42,3.5,7.8,0.33
Austin Ekeler,12164,HB,LAC,4,-2.0,6,100.0,,0,0,0,0.0,0,7,27,0,82.2,83.6,84.5,42.8,77.5,0.0,0,0,28,14.9,15,101,0,17,80.2,81,8.9,9,102.0,17,0,11.9,12,144,178,10.5,8.5,1.78
Nick Boyle,9604,TE,BLT,9,5.4,0,82.4,75.0,3,4,0,6.7,1,8,3,0,66.7,73.3,70.6,53.8,65.8,64.0,103,0,21,16.1,26,161,1,14,80.1,129,24.8,40,133.6,17,2,5.0,8,113,43,3.1,8.1,0.88
Devin Duvernay,40006,WR,BLT,9,5.4,4,82.4,,0,0,0,6.7,1,8,3,0,65.6,78.9,67.9,,68.9,0.0,0,0,39,0.0,0,120,1,14,95.0,114,30.8,37,109.3,17,0,68.3,82,174,100,7.1,12.4,1.53
Tyler Kroft,9518,TE,BUF,9,8.6,0,70.6,0.0,0,2,1,7.7,1,9,4,0,61.8,71.9,65.0,79.1,61.9,41.4,70,1,38,13.6,23,169,2,12,82.8,140,27.2,46,105.1,17,3,9.5,16,119,42,3.5,9.9,0.85
Auden Tate,48192,WR,CIN,7,8.4,1,76.5,42.9,3,7,0,7.1,1,9,7,0,63.5,72.3,81.8,68.0,76.9,2.6,2,0,19,7.8,6,77,1,13,88.3,68,40.3,31,101.3,17,0,53.2,41,145,55,4.2,11.2,2.13
Allen Lazard,48135,WR,GB,3,13.5,2,81.3,100.0,2,2,0,13.3,2,11,12,0,33.5,73.3,68.4,61.6,68.7,0.9,1,0,72,0.9,1,107,0,13,90.7,97,52.3,56,158.3,16,2,46.7,50,254,96,7.4,19.5,2.62
Marquez Callaway,42295,WR,NO,7,6.5,2,93.8,50.0,1,2,1,0.0,0,7,20,0,81.7,78.8,68.1,,70.1,0.0,0,0,16,0.0,0,95,1,15,95.8,91,27.4,26,102.1,16,0,72.6,69,136,40,2.7,9.1,1.49
Quintez Cephus,29614,WR,DET,6,11.3,0,56.3,,0,0,0,18.2,2,7,11,0,38.4,70.6,59.9,68.1,60.4,0.0,0,0,36,1.8,2,111,0,9,93.7,104,19.8,22,84.9,16,0,80.2,89,138,57,6.3,15.3,1.33
Dawson Knox,35883,TE,BUF,6,5.5,1,50.0,33.3,1,3,1,20.0,2,3,4,1,35.3,18.5,54.4,64.6,47.0,36.7,51,1,36,23.7,33,139,2,8,72.7,101,25.2,35,46.1,16,0,6.5,9,109,101,12.6,13.6,1.08
Kyle Juszczyk,7912,FB,SF,10,6.6,0,62.5,0.0,0,2,0,16.7,2,4,28,0,41.4,75.1,66.7,77.3,53.3,15.3,17,0,41,15.3,17,111,0,10,82.0,91,15.3,17,84.9,16,0,18.0,20,118,74,7.4,11.8,1.3
Will Dissly,30762,TE,SEA,9,7.1,2,81.3,100.0,1,1,0,7.1,1,7,29,0,63.5,73.1,70.3,64.6,67.0,77.8,126,1,28,30.2,49,162,1,13,66.7,108,16.7,27,101.3,16,1,3.7,6,153,104,8.0,11.8,1.42
Richie James Jr.,28991,WR,SF,5,10.1,3,75.0,,0,0,0,14.3,2,6,28,0,46.0,77.3,67.6,77.7,66.2,0.0,0,0,47,2.2,2,92,1,12,93.5,86,22.8,21,137.5,16,1,76.1,70,210,140,11.7,17.5,2.44
Jacob Hollister,12051,TE,SEA,9,6.5,1,80.0,0.0,0,1,0,7.7,1,8,29,0,63.2,73.1,75.0,66.0,74.7,34.5,30,1,19,13.8,12,87,0,12,79.3,69,37.9,33,90.0,15,1,10.3,9,104,45,3.8,8.7,1.51
Ryan Izzo,47327,TE,NE,9,9.2,1,66.7,0.0,0,1,0,23.1,3,5,19,1,29.5,19.8,53.2,41.8,51.6,44.9,101,1,25,28.9,65,225,0,10,68.4,154,41.3,93,67.1,15,0,12.4,28,134,59,5.9,13.4,0.87
Derrick Henry,10679,HB,TEN,9,-0.1,2,73.3,0.0,0,2,0,0.0,0,4,31,0,78.7,90.7,85.1,53.2,54.5,0.0,0,0,53,23.1,39,169,1,11,71.6,121,2.4,4,87.4,15,0,1.2,2,87,88,8.0,7.9,0.72
Jack Doyle,8520,TE,IND,7,8.3,1,60.0,50.0,1,2,1,0.0,0,7,14,1,77.3,17.3,53.7,64.4,54.2,44.4,63,0,28,5.6,8,142,4,9,88.7,126,47.9,68,121.7,15,2,7.7,11,108,38,4.2,12.0,0.86
Wayne Gallman,11895,HB,NYG,9,-0.7,3,86.7,100.0,2,2,0,13.3,2,2,21,0,47.7,85.7,66.4,70.6,50.3,0.0,0,0,18,17.5,18,103,0,13,77.7,80,6.8,7,87.5,15,0,4.9,5,75,83,6.4,5.8,0.94
Darrell Henderson,41193,HB,LA,9,1.0,2,73.3,,0,0,0,0.0,0,7,26,0,78.7,88.3,90.2,81.0,76.8,0.0,0,0,28,14.6,15,103,0,11,82.5,85,5.8,6,120.1,15,1,9.7,10,125,113,10.3,11.4,1.47
Boston Scott,39462,HB,PHI,9,1.1,4,86.7,100.0,1,1,0,0.0,0,4,24,0,80.6,56.9,62.6,48.2,63.8,0.0,0,0,18,20.2,33,163,0,13,73.6,120,6.1,10,120.6,15,1,3.7,6,114,93,7.2,8.8,0.95
Albert Okwuegbunam,41933,TE,DEN,4,9.7,1,73.3,25.0,1,4,0,8.3,1,6,10,0,60.2,71.5,83.2,75.7,81.5,69.4,43,0,27,8.1,5,62,0,11,85.5,53,21.0,13,119.0,15,1,9.7,6,121,71,6.5,11.0,2.28
DeeJay Dallas,55632,HB,SEA,5,0.9,2,86.7,,0,0,0,7.1,1,4,29,0,80.0,80.4,66.9,19.9,77.2,0.0,0,0,13,16.5,14,85,0,13,81.2,69,3.5,3,111.4,15,1,9.4,8,81,75,5.8,6.2,1.17
Cameron Brate,9207,TE,TB,9,7.7,1,86.7,66.7,2,3,0,0.0,0,9,30,0,80.0,72.3,73.8,50.8,82.1,53.8,43,0,25,5.0,4,80,0,13,90.0,72,22.5,18,140.7,15,2,18.8,15,124,37,2.8,9.5,1.72
Demetrius Harris,8524,TE,CHI,10,6.8,0,50.0,0.0,0,1,1,22.2,2,2,6,0,31.8,70.6,57.8,63.6,48.4,69.5,73,1,9,28.6,30,105,1,7,68.6,72,11.4,12,27.4,14,0,18.1,19,45,28,4.0,6.4,0.63
Jalen Richard,11395,HB,LV,9,1.9,1,85.7,0.0,0,1,0,7.7,1,3,23,0,61.8,80.6,66.6,82.8,57.2,1.0,1,0,19,14.4,14,97,1,12,79.4,77,2.1,2,93.5,14,0,9.3,9,90,69,5.8,7.5,1.17
Van Jefferson,47447,WR,LA,9,13.4,1,71.4,66.7,2,3,0,9.1,1,7,26,1,58.9,71.7,73.1,,73.5,0.0,0,2,31,0.0,0,72,0,10,97.2,70,25.0,18,62.5,14,0,75.0,54,136,16,1.6,13.6,1.94
Adrian Peterson,3623,HB,DET,9,0.5,0,78.6,,0,0,0,8.3,1,3,11,0,60.2,87.9,54.5,66.5,61.1,0.0,0,0,18,20.0,17,85,0,11,77.6,66,2.4,2,89.9,14,0,0.0,0,78,70,6.4,7.1,1.18
Steven Sims,48341,WR,WAS,5,6.4,0,85.7,50.0,1,2,0,7.7,1,7,32,1,63.2,23.2,58.3,,58.0,0.7,1,0,30,0.0,0,140,0,12,93.6,131,82.1,115,112.2,14,0,17.1,24,153,86,7.2,12.8,1.17
Darrel Williams,13014,HB,KC,9,-0.9,1,64.3,0.0,0,1,0,10.0,1,5,16,0,58.5,78.5,59.4,28.4,59.6,0.9,1,0,15,16.1,18,112,0,9,76.8,86,2.7,3,73.5,14,0,1.8,2,60,80,8.9,6.7,0.7
Latavius Murray,7962,HB,NO,9,0.9,6,85.7,0.0,0,1,1,0.0,0,4,20,0,79.4,87.3,77.1,50.6,79.4,1.1,1,0,19,20.7,19,92,1,12,76.1,70,0.0,0,94.6,14,0,0.0,0,94,81,6.8,7.8,1.34
Freddie Swain,26448,WR,SEA,9,8.7,0,71.4,0.0,0,2,0,0.0,0,5,29,0,78.0,72.0,57.9,69.0,58.6,1.3,2,0,23,0.7,1,149,1,10,92.6,138,34.2,51,125.3,14,1,64.4,96,134,96,9.6,13.4,0.97
David Njoku,11784,TE,CLV,6,9.7,1,61.5,66.7,2,3,0,11.1,1,6,8,0,54.5,70.1,66.1,78.9,69.7,61.8,42,0,28,14.7,10,68,0,8,83.8,57,30.9,21,125.6,13,2,7.4,5,102,34,4.3,12.8,1.79
Antonio Brown,5718,WR,TB,2,12.9,1,76.9,80.0,4,5,0,0.0,0,6,30,0,78.0,73.6,77.9,,78.4,0.0,0,1,25,0.0,0,63,0,10,93.7,59,11.1,7,66.2,13,0,87.3,55,100,44,4.4,10.0,1.69
Cam Sims,47908,WR,WAS,7,12.3,6,84.6,80.0,4,5,1,0.0,0,9,32,0,78.7,71.5,68.2,,69.7,0.0,0,0,45,0.0,0,132,1,11,91.7,121,26.5,35,144.4,13,1,73.5,97,225,104,9.5,20.5,1.86
Noah Brown,11993,WR,DAL,9,11.5,0,69.2,100.0,4,4,0,0.0,0,3,9,0,78.0,71.1,62.6,25.6,62.9,1.1,1,1,20,1.1,1,93,0,9,94.6,88,34.4,32,58.2,13,0,64.5,60,95,23,2.6,10.6,1.08
Tyler Ervin,10753,HB,GB,7,-0.9,1,84.6,,0,0,0,8.3,1,6,12,0,61.8,83.6,66.1,,62.2,0.0,0,0,24,0.0,0,77,0,11,89.6,69,74.0,57,93.6,13,0,16.9,13,84,88,8.0,7.6,1.22
Zay Jones,11792,WR,LV,9,7.5,1,76.9,50.0,1,2,0,9.1,1,4,23,0,58.5,71.1,63.2,,61.0,0.0,0,0,16,0.0,0,94,0,10,92.6,87,19.1,18,119.7,13,1,79.8,75,87,38,3.8,8.7,1.0
Raheem Mostert,9783,HB,SF,4,2.8,2,91.7,100.0,2,2,0,0.0,0,5,28,0,78.7,83.8,89.0,84.4,90.1,0.0,0,0,76,17.5,10,57,0,11,82.5,47,1.8,1,146.5,12,1,1.8,1,150,114,10.4,13.6,3.19
Christian Blake,47900,WR,ATL,8,10.5,0,75.0,50.0,1,2,0,10.0,1,4,2,0,57.0,70.6,55.3,,57.5,0.0,0,0,21,0.0,0,64,1,9,92.2,59,20.3,13,98.3,12,0,79.7,51,97,12,1.3,10.8,1.64
Ross Dwelley,20994,TE,SF,10,7.9,2,83.3,100.0,3,3,0,0.0,0,6,28,0,78.0,72.0,58.5,49.8,66.7,68.2,101,0,36,17.6,26,148,2,10,79.7,118,23.6,35,144.4,12,1,5.4,8,144,64,6.4,14.4,1.22
Chad Beebe,21528,WR,MIN,7,7.3,0,58.3,0.0,0,3,0,0.0,0,3,18,0,75.6,76.0,55.8,,55.9,0.0,0,1,16,0.0,0,92,0,7,91.3,84,62.0,57,37.8,12,0,38.0,35,63,30,4.3,9.0,0.75
LeSean McCoy,4976,HB,TB,5,2.5,2,83.3,,0,0,0,16.7,2,3,30,0,41.1,74.3,55.7,46.0,63.6,0.0,0,0,15,18.6,11,59,0,10,76.3,45,5.1,3,87.8,12,0,10.2,6,61,58,5.8,6.1,1.36
Collin Johnson,47808,WR,JAX,9,10.0,0,58.3,25.0,1,4,0,12.5,1,5,15,0,52.1,69.5,61.0,,58.7,1.1,1,1,19,0.0,0,91,0,7,94.5,86,34.1,31,67.7,12,1,64.8,59,69,18,2.6,9.9,0.8
Kalif Raymond,11028,WR,TEN,8,17.9,0,75.0,50.0,1,2,0,18.2,2,7,31,0,39.1,85.6,59.3,,60.8,0.0,0,1,61,0.0,0,97,0,9,90.7,88,39.2,38,81.9,12,0,60.8,59,187,36,4.0,20.8,2.13
Jesse James,9593,TE,DET,9,7.0,1,75.0,100.0,1,1,1,0.0,0,4,11,0,77.3,70.6,67.3,65.3,58.6,84.1,116,0,31,28.3,39,138,2,9,68.1,94,8.7,12,125.0,12,1,7.2,10,94,55,6.1,10.4,1.0
C.J. Board,12088,WR,NYG,8,11.9,0,66.7,50.0,2,4,0,11.1,1,4,21,0,54.9,72.8,65.1,,62.1,0.0,0,0,12,0.0,0,100,0,8,94.0,94,9.0,9,84.0,12,0,91.0,91,76,15,1.9,9.5,0.81
Tyler Johnson,48054,WR,TB,8,10.1,3,83.3,100.0,2,2,0,9.1,1,7,30,0,43.8,71.5,59.6,65.9,59.8,0.8,1,0,35,0.8,1,131,0,10,93.1,122,38.9,51,147.2,12,2,59.5,78,118,35,3.5,11.8,0.97
Olabisi Johnson,47882,WR,MIN,7,15.8,1,45.5,0.0,0,1,1,16.7,1,4,18,0,49.7,68.8,62.9,,64.2,0.0,0,2,29,0.0,0,69,1,5,91.3,63,14.5,10,35.6,11,0,85.5,59,93,29,5.8,18.6,1.48
Alec Ingold,34934,FB,LV,9,5.0,4,81.8,50.0,1,2,0,0.0,0,8,23,0,77.3,72.0,69.3,81.9,84.8,8.5,4,0,23,10.6,5,47,0,9,89.4,42,6.4,3,133.7,11,1,10.6,5,97,77,8.6,10.8,2.31
La'Mical Perine,26408,HB,NYJ,7,0.0,0,90.9,,0,0,0,9.1,1,2,22,0,58.5,83.4,55.4,60.5,54.0,0.0,0,0,11,28.3,34,120,0,10,63.3,76,1.7,2,85.2,11,0,6.7,8,49,50,5.0,4.9,0.64
Jace Sternberger,47081,TE,GB,9,8.6,0,72.7,,0,0,2,11.1,1,5,12,0,35.3,70.1,53.1,28.9,55.2,52.6,41,0,27,3.8,3,78,2,8,89.7,70,29.5,23,125.6,11,1,17.9,14,86,41,5.1,10.8,1.23
Kenyan Drake,10707,HB,ARZ,8,-0.7,1,72.7,,0,0,0,20.0,2,0,1,0,35.3,72.0,63.6,72.0,38.0,0.0,0,0,9,20.8,37,178,2,8,75.3,134,5.6,10,77.1,11,0,0.0,0,38,41,5.1,4.8,0.28
Justin Watson,66915,WR,TB,6,9.6,0,63.6,50.0,2,4,0,0.0,0,5,30,0,75.6,71.7,59.5,70.2,58.8,1.0,1,2,36,1.0,1,97,0,7,91.8,89,58.8,57,51.1,11,0,40.2,39,94,21,3.0,13.4,1.06
C.J. Uzomah,9590,TE,CIN,2,9.3,0,72.7,50.0,1,2,1,0.0,0,6,7,0,76.5,70.1,58.8,75.3,61.2,59.7,43,0,23,5.6,4,72,2,8,90.3,65,27.8,20,125.9,11,1,12.5,9,87,32,4.0,10.9,1.34
Durham Smythe,47257,TE,MIA,8,5.3,0,81.8,,0,0,0,10.0,1,6,17,0,56.7,71.6,62.8,67.2,63.9,75.5,80,1,19,34.9,37,106,0,9,58.5,62,4.7,5,100.6,11,2,10.4,11,85,61,6.8,9.4,1.37
Zack Moss,40341,HB,BUF,7,2.0,1,81.8,,0,0,0,0.0,0,4,4,0,78.0,84.6,69.4,81.5,63.5,0.0,0,0,20,28.7,39,136,0,9,66.9,91,2.9,4,122.7,11,1,13.2,18,68,59,6.6,7.6,0.75
Nick Vannett,10728,TE,DEN,8,6.1,0,54.5,,0,0,0,0.0,0,2,10,0,74.6,68.8,55.7,54.4,53.3,88.9,64,1,19,25.0,18,72,2,6,69.4,50,8.3,6,26.3,11,0,0.0,0,44,29,4.8,7.3,0.88
Ray-Ray McCloud III,47895,WR,PIT,6,-1.8,0,90.9,,0,0,0,9.1,1,2,25,0,58.5,85.6,66.6,,61.3,0.0,0,0,9,0.0,0,69,0,10,88.4,61,53.6,37,85.6,11,0,46.4,32,50,69,6.9,5.0,0.82
Vance McDonald,7836,TE,PIT,8,1.9,2,81.8,100.0,1,1,0,0.0,0,3,25,0,77.3,70.6,49.4,47.2,49.7,84.7,94,0,15,10.8,12,111,1,9,84.7,94,8.1,9,89.8,11,0,5.4,6,61,51,5.7,6.8,0.65
Alexander Mattison,45817,HB,MIN,9,2.7,2,81.8,,0,0,0,10.0,1,3,18,0,58.5,85.8,71.4,69.6,54.9,2.6,2,0,14,7.7,6,78,0,9,80.8,63,2.6,2,89.8,11,0,6.4,5,61,50,5.6,6.8,0.97
Jason Witten,1384,TE,LV,9,5.4,0,100.0,100.0,3,3,0,0.0,0,6,23,0,78.0,71.1,62.8,34.6,67.8,74.7,68,0,15,24.2,22,91,0,10,72.5,66,16.5,15,123.3,10,1,7.7,7,56,10,1.0,5.6,0.85
Frank Gore,2282,HB,NYJ,9,3.3,1,80.0,,0,0,0,0.0,0,0,22,0,76.5,88.5,62.8,70.9,55.4,0.0,0,0,9,22.0,24,109,0,8,72.5,79,2.8,3,86.7,10,0,7.3,8,48,34,4.3,6.0,0.61
Devonta Freeman,8738,HB,NYG,5,-1.3,0,70.0,,0,0,1,30.0,3,3,21,0,28.8,83.9,55.0,15.1,44.3,0.0,0,0,18,10.6,7,66,1,7,83.3,55,4.5,3,84.6,10,0,1.5,1,58,68,9.7,8.3,1.05
Kerryon Johnson,34455,HB,DET,9,1.3,2,80.0,,0,0,0,20.0,2,5,11,0,35.7,80.5,58.9,89.7,41.2,0.0,0,0,14,20.7,23,111,0,8,75.7,84,6.3,7,132.9,10,1,6.3,7,79,70,8.8,9.9,0.94
Royce Freeman,45747,HB,DEN,7,1.9,1,90.0,100.0,1,1,0,0.0,0,4,10,0,77.3,78.9,62.0,34.9,75.2,0.0,0,0,28,43.7,38,87,0,9,50.6,44,1.1,1,97.1,10,0,6.9,6,73,58,6.4,8.1,1.66
Travis Homer,45859,HB,SEA,9,0.4,1,90.0,,0,0,0,0.0,0,4,29,0,77.3,82.5,58.0,52.4,66.8,0.0,0,0,50,34.8,39,112,0,9,60.7,68,1.8,2,137.5,10,1,2.7,3,90,90,10.0,10.0,1.32
Cole Kmet,60995,TE,CHI,10,10.8,0,70.0,100.0,3,3,0,0.0,0,5,6,0,75.6,69.5,65.8,48.0,65.4,51.1,67,0,38,20.6,27,131,1,7,75.6,99,22.1,29,129.6,10,1,22.9,30,86,16,2.3,12.3,0.87
Ito Smith,45932,HB,ATL,7,0.2,2,77.8,,0,0,0,12.5,1,2,2,0,52.1,76.2,50.4,15.8,50.0,0.0,0,0,17,3.3,2,60,0,7,95.0,57,10.0,6,86.6,9,0,13.3,8,43,43,6.1,6.1,0.75
Jamal Agnew,11920,WR,DET,7,3.8,1,66.7,0.0,0,1,0,0.0,0,2,11,0,74.6,33.2,61.1,,58.5,0.0,0,0,20,0.0,0,50,1,6,94.0,47,80.0,40,75.2,9,0,18.0,9,38,56,9.3,6.3,0.81
Parris Campbell,47940,WR,IND,2,11.6,0,66.7,50.0,1,2,0,0.0,0,4,14,0,74.6,70.6,72.8,,73.4,0.0,0,1,21,0.0,0,43,2,6,93.0,40,95.3,41,50.9,9,0,4.7,2,71,22,3.7,11.8,1.78
Josh Hill,8200,TE,NO,9,3.6,1,77.8,,0,0,0,0.0,0,4,20,1,75.6,17.7,64.0,55.8,49.2,80.4,82,0,16,50.0,51,102,0,7,49.0,50,4.9,5,124.5,9,1,12.7,13,45,38,5.4,6.4,0.9
Adam Shaheen,11800,TE,MIA,9,6.0,1,66.7,50.0,1,2,0,0.0,0,4,17,0,74.6,68.8,74.4,71.4,71.7,76.4,55,0,43,31.9,23,72,1,6,63.9,46,22.2,16,132.9,9,2,0.0,0,77,45,7.5,12.8,1.67
Ryan Griffin,7982,TE,NYJ,9,6.0,0,77.8,100.0,1,1,0,12.5,1,2,22,0,54.5,70.1,52.2,43.5,44.8,58.1,68,0,23,17.9,21,117,2,7,76.9,90,23.1,27,92.1,9,0,12.8,15,55,27,3.9,7.9,0.61
Saquon Barkley,45791,HB,NYG,2,4.1,3,66.7,100.0,1,1,0,14.3,1,3,21,0,49.2,77.5,60.3,27.0,62.8,0.0,0,0,38,25.0,12,48,0,6,72.9,35,20.8,10,85.4,9,0,8.3,4,60,56,9.3,10.0,1.71
Jaydon Mickens,11371,WR,TB,3,5.9,0,77.8,,0,0,0,0.0,0,6,30,0,75.6,85.9,72.3,,71.7,0.0,0,0,11,0.0,0,41,0,7,87.8,36,51.2,21,93.5,9,0,48.8,20,58,33,4.7,8.3,1.61
Devontae Booker,10770,HB,LV,9,1.1,4,100.0,,0,0,0,0.0,0,1,23,0,77.3,47.9,76.2,72.4,69.3,0.0,0,0,17,15.7,8,51,0,9,76.5,39,0.0,0,95.4,9,0,15.7,8,62,52,5.8,6.9,1.59
Tarik Cohen,11874,HB,CHI,3,1.7,1,66.7,,0,0,0,14.3,1,1,6,0,49.2,78.1,62.6,83.4,55.6,0.0,0,0,20,8.5,5,59,1,6,91.5,54,10.2,6,76.6,9,0,22.0,13,41,62,10.3,6.8,0.76
JaMycal Hasty,25582,HB,SF,7,-2.0,1,87.5,,0,0,0,0.0,0,0,28,0,75.6,42.7,58.9,33.7,66.1,0.0,0,0,16,10.4,5,48,0,7,87.5,42,8.3,4,83.9,8,0,10.4,5,33,44,6.3,4.7,0.79
Blake Bell,9550,TE,DAL,9,7.5,1,75.0,100.0,1,1,0,0.0,0,4,9,0,74.6,68.8,65.8,82.8,59.4,63.5,66,0,24,25.0,26,104,0,6,73.1,76,24.0,25,99.5,8,0,11.5,12,67,23,3.8,11.2,0.88
De'Michael Harris,84418,WR,IND,3,2.4,1,100.0,100.0,1,1,0,0.0,0,3,14,0,77.3,72.5,88.5,,84.3,0.0,0,0,21,0.0,0,27,0,8,96.3,26,66.7,18,106.8,8,0,25.9,7,77,58,7.3,9.6,2.96
Darrell Daniels,12122,TE,ARZ,9,8.5,1,75.0,50.0,1,2,0,14.3,1,4,1,0,49.2,70.1,62.4,80.0,61.7,57.8,74,0,31,27.3,35,128,3,6,68.0,87,15.6,20,147.4,8,1,1.6,2,83,49,8.2,13.8,0.95
Taysom Hill,12112,QB,NO,9,6.1,0,75.0,,0,0,0,14.3,1,3,20,1,49.2,14.7,54.7,66.5,59.8,15.0,9,0,21,1.7,1,60,1,6,75.0,45,46.7,28,142.7,8,1,20.0,12,74,35,5.8,12.3,1.64
Darrius Shepherd,29347,WR,GB,6,14.9,0,62.5,0.0,0,1,0,0.0,0,1,12,0,73.4,77.7,52.8,,52.2,0.0,0,0,19,0.0,0,91,0,5,91.2,83,68.1,62,78.1,8,0,31.9,29,46,17,3.4,9.2,0.55
KeeSean Johnson,39587,WR,ARZ,2,14.0,0,37.5,33.3,1,3,0,25.0,1,2,1,0,36.2,65.8,57.1,,56.8,0.0,0,0,14,0.0,0,32,0,3,93.8,30,3.1,1,48.4,8,0,96.9,31,29,14,4.7,9.7,0.97
Brandon Powell,48036,WR,ATL,7,8.1,0,62.5,0.0,0,1,0,0.0,0,4,2,0,75.6,44.6,61.8,,62.5,0.0,0,0,13,0.0,0,64,0,5,90.6,58,89.1,57,114.6,8,1,10.9,7,40,12,2.4,8.0,0.69
Austin Mack,28070,WR,NYG,5,9.0,1,75.0,100.0,1,1,0,0.0,0,4,21,0,74.6,68.8,67.9,,66.8,2.0,1,0,50,0.0,0,49,0,6,95.9,47,14.3,7,107.3,8,0,83.7,41,82,30,5.0,13.7,1.74
Damion Ratley,48182,WR,NYG,5,11.0,0,50.0,50.0,1,2,0,0.0,0,2,21,1,72.1,15.0,48.8,,51.3,0.0,0,1,29,0.0,0,94,2,4,93.6,88,10.6,10,37.0,8,0,89.4,84,63,11,2.8,15.8,0.72
Ryan Nall,45753,HB,CHI,7,0.6,2,87.5,,0,0,0,0.0,0,4,6,0,75.6,73.1,61.1,84.9,73.7,0.0,0,0,18,25.0,9,36,1,7,72.2,26,0.0,0,135.9,8,1,2.8,1,57,52,7.4,8.1,2.19
Javon Wims,41406,WR,CHI,8,12.6,0,62.5,,0,0,0,0.0,0,3,6,0,73.4,68.0,58.0,,58.6,0.0,0,0,12,0.0,0,85,1,5,92.9,79,12.9,11,112.0,8,1,87.1,74,35,5,1.0,7.0,0.44
Carlos Hyde,8692,HB,SEA,4,-0.6,0,85.7,,0,0,0,0.0,0,1,29,0,74.6,80.5,62.8,21.3,67.9,0.0,0,0,11,13.6,8,59,0,6,78.0,46,8.5,5,86.9,7,0,1.7,1,34,48,8.0,5.7,0.74
Bryan Edwards,28486,WR,LV,4,10.1,1,85.7,50.0,1,2,0,0.0,0,5,23,0,74.6,68.8,71.7,,68.0,0.0,0,0,34,0.0,0,69,0,6,88.4,61,21.7,15,118.8,7,0,76.8,53,115,48,8.0,19.2,1.89
Le'Veon Bell,7829,HB,KC,5,0.6,0,100.0,,0,0,0,0.0,0,3,16,1,75.6,81.1,72.0,37.9,70.8,0.0,0,0,30,14.7,14,95,1,7,83.2,79,4.2,4,105.4,7,0,9.5,9,65,61,8.7,9.3,0.82
Byron Pringle,42345,WR,KC,7,14.0,0,85.7,,0,0,0,0.0,0,3,16,0,74.6,73.0,56.9,72.0,57.1,5.3,5,0,37,2.1,2,94,1,6,93.6,88,51.1,48,118.8,7,0,42.6,40,91,33,5.5,15.2,1.03
Matt Breida,12271,HB,MIA,7,-0.6,3,100.0,,0,0,0,0.0,0,4,17,0,75.6,38.4,58.2,55.0,73.9,0.0,0,0,31,17.9,10,56,0,7,78.6,44,3.6,2,113.7,7,0,3.6,2,79,83,11.9,11.3,1.8
Adam Trautman,109795,TE,NO,8,8.4,0,85.7,0.0,0,1,0,0.0,0,4,20,0,74.6,68.8,65.0,68.4,64.3,39.7,29,0,29,9.6,7,73,0,6,89.0,65,38.4,28,149.7,7,1,20.5,15,73,28,4.7,12.2,1.12
Troymaine Pope,11473,HB,LAC,3,-2.3,1,71.4,,0,0,0,28.6,2,1,27,0,29.2,75.1,65.9,78.9,39.8,0.0,0,0,11,12.0,3,25,0,5,88.0,22,0.0,0,78.3,7,0,24.0,6,28,30,6.0,5.6,1.27
John Ross,11764,WR,CIN,2,13.1,1,28.6,0.0,0,2,0,0.0,0,1,7,0,68.3,64.0,48.2,62.3,49.7,0.0,0,0,15,1.6,1,62,1,2,96.8,60,37.1,23,39.6,7,0,62.9,39,17,4,2.0,8.5,0.28
Mark Ingram II,6180,HB,BLT,7,2.4,1,71.4,50.0,1,2,0,0.0,0,2,3,0,46.3,49.6,51.3,68.8,50.0,0.0,0,0,18,13.6,8,59,0,5,81.4,48,8.5,5,90.8,7,0,8.5,5,49,44,8.8,9.8,1.02
Ke'Shawn Vaughn,45866,HB,TB,3,2.7,1,57.1,,0,0,0,33.3,2,2,30,1,28.7,21.6,49.4,79.0,26.4,0.0,0,0,13,9.1,3,33,0,4,87.9,29,0.0,0,105.4,7,1,6.1,2,27,19,4.8,6.8,0.93
Marcedes Lewis,2973,TE,GB,8,7.4,1,57.1,100.0,1,1,0,20.0,1,2,12,0,45.8,68.0,68.4,54.3,55.5,86.9,86,0,18,27.3,27,99,2,4,68.7,68,3.0,3,108.3,7,2,10.1,10,32,11,2.8,8.0,0.47
Jakob Johnson,32565,FB,NE,9,2.1,0,100.0,,0,0,0,0.0,0,3,19,1,75.6,17.7,54.0,50.2,46.4,6.9,4,0,12,37.9,22,58,1,7,58.6,34,5.2,3,126.5,7,1,5.2,3,34,21,3.0,4.9,1.0
Donald Parham,91014,TE,LAC,6,14.6,1,42.9,40.0,2,5,0,0.0,0,3,27,0,70.5,65.8,77.2,79.9,84.3,53.1,17,0,22,25.0,8,32,0,3,75.0,24,21.9,7,109.5,7,2,21.9,7,54,11,3.7,18.0,2.25
Jeff Wilson Jr.,29413,HB,SF,5,0.7,3,85.7,100.0,1,1,0,0.0,0,4,28,0,74.6,81.6,79.1,68.9,81.2,0.0,0,0,19,18.4,7,38,0,6,73.7,28,5.3,2,150.9,7,1,5.3,2,75,72,12.0,12.5,2.68
Lawrence Cager,34914,WR,NYJ,2,17.2,0,33.3,0.0,0,1,0,0.0,0,2,22,0,68.3,64.0,62.5,,61.7,0.0,0,2,19,0.0,0,25,0,2,96.0,24,12.0,3,14.6,6,0,88.0,22,35,11,5.5,17.5,1.46
Chris Manhertz,10211,TE,CAR,10,3.2,1,83.3,0.0,0,1,0,0.0,0,0,5,0,73.4,68.0,54.1,58.0,45.8,68.7,101,0,17,36.1,53,147,0,5,57.1,84,22.4,33,95.1,6,0,8.8,13,41,28,5.6,8.2,0.49
Seth Roberts,9079,WR,CAR,7,7.3,1,66.7,0.0,0,1,0,0.0,0,2,5,0,72.1,67.0,53.4,,56.5,0.0,0,0,12,0.0,0,61,1,4,95.1,58,67.2,41,79.2,6,0,32.8,20,31,22,5.5,7.8,0.53
KhaDarel Hodge,26104,WR,CLV,5,16.8,0,50.0,50.0,1,2,0,0.0,0,3,8,0,70.5,65.8,57.9,,57.7,0.0,0,1,26,0.0,0,89,1,3,92.1,82,25.8,23,39.6,6,0,74.2,66,51,5,1.7,17.0,0.62
Josh Malone,11883,WR,NYJ,2,3.7,0,66.7,,0,0,0,20.0,1,1,22,0,42.1,75.0,52.8,,51.9,0.0,0,0,13,0.0,0,49,0,4,89.8,44,30.6,15,70.1,6,0,69.4,34,16,7,1.8,4.0,0.36
Foster Moreau,47043,TE,LV,9,12.3,0,66.7,100.0,1,1,0,0.0,0,3,23,0,72.1,67.0,59.8,69.9,64.6,64.7,44,0,31,16.2,11,68,0,4,80.9,55,17.6,12,141.7,6,1,17.6,12,64,20,5.0,16.0,1.16
Patrick Ricard,48862,FB,BLT,9,1.0,1,66.7,,0,0,0,20.0,1,2,3,0,28.6,16.1,52.8,65.0,46.0,24.6,15,0,9,24.6,15,61,2,4,68.9,42,37.7,23,110.4,6,1,16.4,10,19,15,3.8,4.8,0.45
Tanner Hudson,66924,TE,TB,5,16.5,0,33.3,0.0,0,3,0,0.0,0,2,30,0,68.3,64.0,65.3,66.6,66.6,50.0,11,0,12,4.5,1,22,0,2,90.9,20,22.7,5,44.4,6,0,27.3,6,21,8,4.0,10.5,1.05
Nick Keizer,66940,TE,KC,9,7.0,0,66.7,0.0,0,1,0,20.0,1,1,16,1,41.6,15.0,43.7,42.4,30.7,91.3,63,0,22,33.3,23,69,0,4,60.9,42,5.8,4,87.5,6,0,1.4,1,43,37,9.3,10.8,1.02
Jordan Wilkins,26618,HB,IND,9,-1.2,1,83.3,,0,0,0,16.7,1,2,14,0,45.8,85.4,70.1,35.8,56.4,0.0,0,0,24,12.5,6,48,0,5,87.5,42,4.2,2,97.9,6,0,10.4,5,45,54,10.8,9.0,1.07
Courtland Sutton,48164,WR,DEN,1,17.5,0,50.0,0.0,0,2,0,25.0,1,2,10,0,36.2,65.8,72.9,,71.9,4.8,1,1,45,0.0,0,21,0,3,95.2,20,14.3,3,50.0,6,0,81.0,17,66,6,2.0,22.0,3.3
Bennie Fowler,8914,WR,NO,5,7.0,0,33.3,0.0,0,1,0,33.3,1,1,20,0,30.0,64.0,48.0,,51.0,0.0,0,1,7,0.0,0,34,0,2,94.1,32,38.2,13,2.8,6,0,61.8,21,11,1,0.5,5.5,0.34
Jeremy McNichols,11917,HB,TEN,9,0.3,1,83.3,,0,0,0,16.7,1,0,31,0,49.2,79.5,59.9,63.5,42.8,0.0,0,0,9,24.4,31,127,0,5,73.2,93,6.3,8,85.4,6,0,2.4,3,27,26,5.2,5.4,0.29
Phillip Lindsay,12660,HB,DEN,6,3.3,0,33.3,,0,0,0,60.0,3,1,10,0,25.9,83.9,67.9,31.8,28.9,0.0,0,0,11,17.9,15,84,0,2,78.6,66,4.8,4,42.4,6,0,7.1,6,14,7,3.5,7.0,0.21
Keith Smith,9302,FB,ATL,9,1.5,0,66.7,0.0,0,1,0,33.3,2,0,2,0,28.6,70.3,59.4,47.3,29.5,17.1,7,0,4,31.7,13,41,0,4,68.3,28,0.0,0,70.1,6,0,0.0,0,11,7,1.8,2.8,0.39
Pharaoh Brown,12247,TE,HST,6,9.5,0,83.3,,0,0,1,0.0,0,2,13,0,73.4,68.0,70.8,82.3,61.4,62.3,38,0,22,21.3,13,61,2,5,75.4,46,13.1,8,143.1,6,1,16.4,10,53,21,4.2,10.6,1.15
Virgil Green,6356,TE,LAC,6,12.3,1,50.0,50.0,1,2,0,25.0,1,2,27,0,36.2,65.8,75.1,69.3,69.6,87.7,50,0,26,45.6,26,57,1,3,50.9,29,3.5,2,118.1,6,1,1.8,1,50,24,8.0,16.7,1.72
Anthony McFarland Jr.,57289,HB,PIT,5,0.2,1,66.7,0.0,0,1,0,20.0,1,0,25,0,41.6,77.2,55.6,72.4,53.0,0.0,0,0,8,6.3,1,16,0,4,87.5,14,12.5,2,77.1,6,0,25.0,4,28,27,6.8,7.0,2.0
Cameron Batson,47669,WR,TEN,5,7.2,0,100.0,100.0,1,1,0,0.0,0,3,31,0,74.6,72.8,55.1,,54.5,0.0,0,0,18,0.0,0,74,1,6,95.9,71,25.7,19,103.5,6,0,74.3,55,53,10,1.7,8.8,0.75
K.J. Hill,28025,WR,LAC,6,7.8,0,33.3,0.0,0,1,0,33.3,1,1,27,0,29.9,80.1,49.2,,49.1,0.0,0,0,15,0.0,0,72,0,2,91.7,66,52.8,38,45.8,6,0,47.2,34,23,0,0.0,11.5,0.35
Donovan Peoples-Jones,61439,WR,CLV,6,11.8,1,83.3,0.0,0,1,0,0.0,0,3,8,0,73.4,82.3,70.8,52.8,71.7,0.0,0,0,24,2.1,1,48,1,5,95.8,46,41.7,20,156.3,6,1,58.3,28,72,8,1.6,14.4,1.57
Gabe Nabers,40117,FB,LAC,8,1.2,0,80.0,,0,0,0,20.0,1,2,27,0,41.6,68.3,59.8,81.0,60.6,0.0,0,0,9,26.3,5,19,0,4,73.7,14,0.0,0,122.9,5,2,0.0,0,20,23,5.8,5.0,1.43
Luke Stocker,6256,TE,ATL,9,3.4,0,60.0,0.0,0,1,0,25.0,1,1,2,0,36.8,65.8,43.8,25.8,39.9,96.0,95,0,12,51.5,51,99,1,3,47.5,47,2.0,2,68.8,5,0,1.0,1,20,17,5.7,6.7,0.43
Ted Ginn Jr.,3625,WR,CHI,6,17.6,0,60.0,100.0,1,1,0,0.0,0,1,6,0,70.5,74.5,56.6,,58.5,0.0,0,0,29,0.0,0,43,0,3,97.7,42,20.9,9,85.4,5,0,79.1,34,40,13,4.3,13.3,0.95
Malik Taylor,94375,WR,GB,8,8.4,0,80.0,,0,0,0,0.0,0,3,12,0,72.1,69.8,55.1,,56.3,0.0,0,0,26,0.0,0,82,0,4,92.7,76,28.0,23,149.6,5,1,72.0,59,52,36,9.0,13.0,0.68
Gus Edwards,46027,HB,BLT,9,0.4,0,60.0,,0,0,0,0.0,0,1,3,0,70.5,59.2,69.1,33.2,53.4,0.0,0,0,31,25.6,20,78,0,3,70.5,55,5.1,4,87.1,5,0,9.0,7,42,47,15.7,14.0,0.76
Jaylen Samuels,47297,HB,PIT,8,0.4,0,40.0,0.0,0,1,0,50.0,2,1,25,0,27.3,69.0,42.4,55.7,39.2,4.8,2,0,4,7.1,3,42,1,2,88.1,37,19.0,8,47.9,5,0,14.3,6,5,7,3.5,2.5,0.14
Corey Clement,12253,HB,PHI,8,-1.4,1,80.0,,0,0,0,20.0,1,2,24,0,45.8,78.2,55.0,14.5,46.2,0.0,0,0,12,18.3,11,60,0,4,76.7,46,1.7,1,81.7,5,0,1.7,1,18,21,5.3,4.5,0.39
Equanimeous St. Brown,47967,WR,GB,5,14.6,0,20.0,33.3,1,3,0,50.0,1,1,12,0,28.8,61.2,51.4,,49.5,2.1,1,0,12,0.0,0,48,0,1,93.8,45,56.3,27,39.6,5,0,41.7,20,12,1,1.0,12.0,0.27
Alex Armah,11948,FB,CAR,9,-0.5,0,75.0,100.0,1,1,0,25.0,1,1,5,0,41.6,71.8,64.6,87.3,42.7,5.7,2,0,14,14.3,5,35,0,3,77.1,27,5.7,2,77.1,4,0,31.4,11,9,12,4.0,3.0,0.33
Tevin Coleman,9506,HB,SF,3,5.3,2,75.0,50.0,1,2,0,0.0,0,2,28,0,72.1,78.0,65.7,78.2,87.5,0.0,0,0,18,19.0,4,21,0,3,76.2,16,9.5,2,100.0,4,0,14.3,3,34,14,4.7,11.3,2.13
Johnny Mundt,12206,TE,LA,4,1.8,1,100.0,,0,0,1,0.0,0,1,26,0,72.1,67.0,56.5,44.9,67.8,84.4,27,0,34,34.4,11,32,1,4,62.5,20,6.3,2,118.8,4,0,9.4,3,53,46,11.5,13.3,2.65
River Cracraft,47417,WR,SF,1,9.3,0,50.0,0.0,0,1,0,0.0,0,1,28,0,68.3,64.0,50.7,,48.0,0.0,0,0,8,0.0,0,35,0,2,97.1,34,37.1,13,57.3,4,0,62.9,22,13,1,0.5,6.5,0.38
Levine Toilolo,7915,TE,NYG,9,3.8,0,75.0,,0,0,0,25.0,1,1,21,0,36.2,65.8,46.2,42.2,47.1,87.3,55,0,13,47.6,30,63,1,3,47.6,30,3.2,2,87.5,4,0,9.5,6,22,13,4.3,7.3,0.73
C.J. Ham,11347,FB,MIN,9,7.3,0,50.0,0.0,0,1,0,33.3,1,2,18,0,29.9,70.4,54.0,76.3,39.3,14.3,8,0,11,23.2,13,56,0,2,75.0,42,1.8,1,63.5,4,0,7.1,4,19,11,5.5,9.5,0.45
Khari Blasingame,44889,FB,TEN,8,1.3,0,75.0,,0,0,0,25.0,1,1,31,0,36.2,67.9,52.3,65.5,43.1,6.3,2,0,13,34.4,11,32,0,3,65.6,21,0.0,0,88.5,4,0,0.0,0,23,18,6.0,7.7,1.1
Cethan Carter,47149,TE,CIN,7,5.8,0,75.0,100.0,2,2,0,25.0,1,2,7,0,36.2,65.8,59.9,78.3,52.0,64.2,34,0,24,20.8,11,53,0,3,75.5,40,11.3,6,92.7,4,0,13.2,7,27,6,2.0,9.0,0.68
Malcolm Perry,46513,WR,MIA,3,5.0,2,75.0,0.0,0,1,0,25.0,1,2,17,0,36.8,68.7,55.6,,52.2,0.0,0,0,13,0.0,0,33,0,3,93.9,31,78.8,26,96.9,4,0,21.2,7,31,16,5.3,10.3,1.0
Geoff Swaim,9679,TE,TEN,4,4.3,0,50.0,,0,0,0,33.3,1,0,31,0,29.9,64.0,55.8,67.9,34.5,80.8,42,0,8,40.4,21,52,0,2,51.9,27,1.9,1,56.3,4,0,3.8,2,10,5,2.5,5.0,0.37
Peyton Barber,10927,HB,WAS,8,1.8,0,50.0,,0,0,0,0.0,0,1,32,0,68.3,81.4,54.9,31.9,54.9,0.0,0,0,7,13.3,4,30,0,2,73.3,22,0.0,0,56.3,4,0,0.0,0,11,5,2.5,5.5,0.5
MyCole Pruitt,9576,TE,TEN,6,6.5,0,75.0,100.0,1,1,0,0.0,0,2,31,0,70.5,65.8,82.5,70.2,71.0,73.8,31,0,10,42.9,18,42,0,3,54.8,23,7.1,3,121.9,4,1,2.4,1,17,7,2.3,5.7,0.74
J.J. Arcega-Whiteside,35014,WR,PHI,7,16.8,0,50.0,50.0,1,2,0,0.0,0,2,24,0,70.5,65.8,62.3,65.7,60.7,0.0,0,1,37,1.7,1,59,0,2,88.1,52,28.8,17,51.0,4,0,71.2,42,45,8,4.0,22.5,0.87
Ashton Dulin,91479,WR,IND,6,6.0,1,75.0,,0,0,0,0.0,0,2,14,1,70.5,19.5,66.7,,70.1,0.0,0,0,34,0.0,0,14,0,3,92.9,13,42.9,6,116.7,4,0,57.1,8,53,31,10.3,17.7,4.08
Nick Chubb,45783,HB,CLV,5,3.3,0,75.0,100.0,1,1,0,0.0,0,1,8,0,70.5,57.5,74.8,87.3,59.0,1.6,1,0,9,18.8,12,64,0,3,79.7,51,3.1,2,82.3,4,0,21.9,14,17,5,1.7,5.7,0.33
Antonio Gandy-Golden,39993,WR,WAS,5,7.8,0,25.0,,0,0,0,0.0,0,0,32,0,64.7,64.6,50.0,62.3,46.4,0.0,0,0,3,2.6,1,39,0,1,92.3,36,41.0,16,39.6,4,0,59.0,23,3,1,1.0,3.0,0.08
Patrick Laird,28219,HB,MIA,6,0.0,0,100.0,,0,0,0,0.0,0,1,17,0,72.1,70.3,60.5,52.0,60.5,0.0,0,0,17,18.8,6,32,0,4,75.0,24,6.3,2,95.8,4,0,18.8,6,28,28,7.0,7.0,1.17
Nick Westbrook-Ikhine,47861,WR,TEN,8,11.3,0,25.0,0.0,0,1,0,0.0,0,1,31,0,68.3,64.0,58.8,,56.7,0.0,0,1,7,0.0,0,51,1,1,94.1,48,13.7,7,0.0,4,0,86.3,44,7,5,5.0,7.0,0.15
D'Ernest Johnson,45734,HB,CLV,5,0.3,0,66.7,,0,0,0,33.3,1,0,8,0,29.9,29.2,63.1,63.6,38.9,0.0,0,0,5,20.0,7,35,0,2,77.1,27,0.0,0,70.1,3,0,11.4,4,9,7,3.5,4.5,0.33
Andy Janovich,10810,FB,CLV,9,-0.7,1,66.7,,0,0,0,33.3,1,1,8,0,29.9,69.4,68.5,89.0,42.0,7.1,3,0,13,35.7,15,42,0,2,59.5,25,0.0,0,75.7,3,0,2.4,1,13,13,6.5,6.5,0.52
Ty Montgomery,9527,HB,NO,2,-1.0,0,66.7,,0,0,0,33.3,1,1,20,0,29.9,68.3,58.2,,59.3,0.0,0,0,17,0.0,0,7,0,2,100.0,7,14.3,1,92.4,3,0,14.3,1,25,26,13.0,12.5,3.57
Andre Roberts,5612,WR,BUF,6,13.3,0,66.7,,0,0,0,33.3,1,1,4,0,29.9,48.4,53.1,,55.3,0.0,0,1,16,0.0,0,37,0,2,91.9,34,13.5,5,48.6,3,0,86.5,32,22,0,0.0,11.0,0.65
Marlon Mack,11898,HB,IND,1,0.0,0,100.0,,0,0,0,0.0,0,1,14,0,70.5,70.6,72.6,,76.2,0.0,0,0,19,0.0,0,7,0,3,100.0,7,0.0,0,108.3,3,0,0.0,0,30,30,10.0,10.0,4.29
Benny Snell Jr.,45954,HB,PIT,7,-5.7,1,66.7,,0,0,0,0.0,0,0,25,0,68.3,26.0,53.5,50.2,54.0,0.0,0,0,4,20.0,6,30,0,2,76.7,23,16.7,5,70.1,3,0,3.3,1,0,15,7.5,0.0,0.0
Darwin Thompson,83791,HB,KC,3,-3.0,0,0.0,0.0,0,1,0,100.0,1,0,16,0,27.9,22.4,49.1,,30.2,0.0,0,0,0,0.0,0,18,0,0,100.0,18,0.0,0,39.6,3,0,5.6,1,0,0,,,0.0
Jake Butt,11900,TE,DEN,5,2.3,0,66.7,,0,0,0,0.0,0,0,10,0,68.3,64.0,43.7,28.3,42.8,87.0,47,0,5,18.5,10,54,0,2,75.9,41,9.3,5,70.1,3,0,3.7,2,5,2,1.0,2.5,0.12
Juwan Johnson,28305,WR,NO,1,9.0,0,33.3,50.0,1,2,0,0.0,0,0,20,0,64.7,61.2,58.0,,51.5,0.0,0,0,5,0.0,0,38,0,1,94.7,36,13.2,5,42.4,3,0,86.8,33,5,0,0.0,5.0,0.14
Troy Fumagalli,47333,TE,DEN,1,8.7,0,66.7,,0,0,0,0.0,0,1,10,0,68.3,64.0,56.9,,58.3,62.5,5,1,8,0.0,0,8,0,2,87.5,7,37.5,3,34.7,3,0,0.0,0,12,1,0.5,6.0,1.71
Tyron Johnson,34427,WR,LAC,5,47.3,0,66.7,100.0,1,1,0,0.0,0,2,27,0,68.3,73.3,72.8,,76.3,0.0,0,0,53,0.0,0,22,0,2,100.0,22,36.4,8,149.3,3,1,63.6,14,103,6,3.0,51.5,4.68
Deontay Burnett,47477,WR,PHI,2,4.7,0,100.0,,0,0,0,0.0,0,1,24,0,70.5,65.8,55.0,,54.6,0.0,0,0,10,0.0,0,39,0,3,92.3,36,56.4,22,93.1,3,0,43.6,17,19,5,1.7,6.3,0.53
Samaje Perine,11869,HB,CIN,3,-0.7,0,100.0,100.0,1,1,0,0.0,0,1,7,0,70.5,77.7,62.8,60.8,62.3,0.0,0,0,7,25.6,10,39,0,3,74.4,29,5.1,2,83.3,3,0,25.6,10,12,14,4.7,4.0,0.41
Ty Johnson,45769,HB,NYJ,4,18.3,0,33.3,0.0,0,1,0,0.0,0,0,22,0,64.7,74.5,78.5,75.7,55.6,0.0,0,0,6,10.0,1,10,0,1,90.0,9,20.0,2,42.4,3,0,20.0,2,6,7,7.0,6.0,0.67
Cyril Grayson,12077,WR,TB,3,23.7,0,0.0,,0,0,0,100.0,1,0,30,0,27.9,62.8,34.7,,41.3,0.0,0,0,0,0.0,0,26,0,0,88.5,23,19.2,5,39.6,3,0,80.8,21,0,0,,,0.0
Keith Kirkwood,48017,WR,CAR,1,18.5,1,50.0,,0,0,0,0.0,0,0,5,0,64.7,61.2,50.4,,51.1,3.7,1,0,13,0.0,0,27,0,1,88.9,24,77.8,21,70.8,2,0,18.5,5,13,8,8.0,13.0,0.54
Tyrie Cleveland,42134,WR,DEN,5,12.0,1,50.0,,0,0,0,0.0,0,0,10,0,64.7,73.8,63.4,,60.4,0.0,0,0,7,0.0,0,19,0,1,100.0,19,15.8,3,58.3,2,0,84.2,16,7,10,10.0,7.0,0.37
DeAndre Carter,9859,WR,HST,2,8.5,0,50.0,,0,0,0,50.0,1,0,13,0,28.8,29.9,43.8,,45.0,0.0,0,0,8,0.0,0,12,0,1,91.7,11,66.7,8,60.4,2,0,33.3,4,8,4,4.0,8.0,0.73
Austin Carr,12215,WR,NO,2,3.0,1,100.0,,0,0,0,0.0,0,2,20,0,68.3,64.0,67.4,65.9,69.1,0.0,0,0,10,5.9,1,17,0,2,82.4,14,47.1,8,100.0,2,0,52.9,9,16,10,5.0,8.0,1.14
Trevon Wesco,42018,TE,NYJ,8,3.5,0,50.0,0.0,0,1,0,50.0,1,0,22,0,28.8,64.6,42.5,61.2,34.1,73.3,22,0,5,40.0,12,30,1,1,60.0,18,0.0,0,56.3,2,0,6.7,2,5,0,0.0,5.0,0.28
Michael Burton,9601,FB,NO,9,1.5,0,100.0,,0,0,0,0.0,0,1,20,0,68.3,71.9,64.2,60.1,54.2,8.3,3,0,12,11.1,4,36,0,2,88.9,32,8.3,3,97.9,2,0,16.7,6,15,12,6.0,7.5,0.47
Colin Thompson,12239,TE,CAR,7,4.0,0,50.0,100.0,1,1,0,0.0,0,1,5,0,64.7,61.2,67.1,74.4,57.7,65.4,17,0,7,23.1,6,26,0,1,65.4,17,15.4,4,97.9,2,1,19.2,5,7,0,0.0,7.0,0.41
Deon Yelder,29556,TE,KC,7,0.0,0,100.0,,0,0,0,0.0,0,0,16,0,68.3,64.0,58.4,71.3,50.2,37.5,12,0,5,6.3,2,32,0,2,93.8,30,15.6,5,87.5,2,0,46.9,15,10,10,5.0,5.0,0.33
Lamar Miller,7097,HB,CHI,1,0.5,0,100.0,,0,0,0,0.0,0,1,6,0,68.3,64.0,61.9,,65.1,0.0,0,0,7,0.0,0,5,0,2,100.0,5,0.0,0,79.2,2,0,0.0,0,6,5,2.5,3.0,1.2
Jeremy Sprinkle,11909,TE,WAS,9,2.5,0,50.0,,0,0,0,50.0,1,0,32,0,28.8,61.2,49.0,80.9,32.5,78.0,32,0,6,53.7,22,41,0,1,46.3,19,19.5,8,56.3,2,0,0.0,0,6,3,3.0,6.0,0.32
T.J. Yeldon,9469,HB,BUF,3,16.5,0,50.0,,0,0,0,50.0,1,1,4,0,28.9,21.3,62.6,81.3,52.0,0.0,0,0,22,17.9,5,28,0,1,82.1,23,3.6,1,129.2,2,1,17.9,5,22,0,0.0,22.0,0.96
Josiah Deguara,47034,TE,GB,2,11.5,0,50.0,,0,0,0,0.0,0,1,12,0,64.7,61.2,56.6,52.8,57.0,23.5,4,0,12,17.6,3,17,0,1,82.4,14,23.5,4,68.8,2,0,0.0,0,12,11,11.0,12.0,0.86
Trenton Cannon,66446,HB,CAR,4,1.0,0,100.0,,0,0,0,0.0,0,1,5,0,70.5,74.8,65.7,72.4,66.7,0.0,0,0,19,7.7,1,13,0,2,69.2,9,7.7,1,97.9,2,0,0.0,0,15,13,6.5,7.5,1.67
Brandon Zylstra,66438,WR,CAR,8,8.5,0,100.0,,0,0,0,0.0,0,2,5,0,68.3,66.8,59.8,,60.3,0.0,0,0,28,0.0,0,36,0,2,100.0,36,27.8,10,118.8,2,0,66.7,24,32,15,7.5,16.0,0.89
Tyler Conklin,47124,TE,MIN,9,4.0,0,100.0,,0,0,0,0.0,0,0,18,0,68.3,64.0,48.2,64.6,49.7,75.0,39,0,9,13.5,7,52,2,2,80.8,42,19.2,10,89.6,2,0,5.8,3,11,3,1.5,5.5,0.26
Josh Adams,45662,HB,NYJ,2,2.5,0,100.0,,0,0,0,0.0,0,0,22,0,68.3,69.0,58.1,11.6,61.7,0.0,0,0,7,28.6,4,14,0,2,64.3,9,0.0,0,95.8,2,0,0.0,0,14,9,4.5,7.0,1.56
Chandler Cox,45629,FB,MIA,7,1.0,0,100.0,,0,0,0,0.0,0,1,17,0,68.3,64.0,45.0,60.3,63.0,0.0,0,0,6,22.2,6,27,0,2,74.1,20,0.0,0,85.4,2,0,0.0,0,9,7,3.5,4.5,0.45
Mack Hollins,11873,WR,MIA,6,8.0,0,100.0,100.0,2,2,0,0.0,0,1,17,0,68.3,64.0,69.9,62.4,64.8,5.3,1,0,11,5.3,1,19,0,2,84.2,16,15.8,3,131.3,2,1,78.9,15,12,0,0.0,6.0,0.75
Maxx Williams,9488,TE,ARZ,3,5.5,0,50.0,,0,0,1,0.0,0,1,1,0,64.7,61.2,61.2,55.4,53.6,70.8,34,1,4,29.2,14,48,1,1,64.6,31,14.6,7,56.3,2,1,0.0,0,4,4,4.0,4.0,0.13
Rico Gafford,29622,WR,LV,2,33.5,0,0.0,0.0,0,1,0,,0,0,23,0,,62.8,53.8,,53.7,0.0,0,0,0,0.0,0,9,0,0,100.0,9,33.3,3,39.6,2,0,66.7,6,0,0,,,0.0
Isaiah Zuber,26884,WR,NE,3,0.0,1,100.0,,0,0,0,0.0,0,1,19,0,68.3,67.8,76.2,,69.4,0.0,0,0,16,0.0,0,16,0,2,100.0,16,56.3,9,118.8,2,0,43.8,7,29,29,14.5,14.5,1.81
Bruce Miller,6363,FB,JAX,6,-2.5,0,50.0,,0,0,0,50.0,1,1,15,0,28.8,65.3,35.2,35.3,39.7,8.7,2,0,2,34.8,8,23,0,1,56.5,13,0.0,0,56.3,2,0,8.7,2,2,4,4.0,2.0,0.15
Damien Harris,35134,HB,NE,6,-0.5,1,100.0,,0,0,0,0.0,0,2,19,0,68.3,86.5,89.7,86.8,68.1,0.0,0,0,14,43.6,17,39,0,2,51.3,20,0.0,0,118.8,2,0,2.6,1,26,27,13.5,13.0,1.3
Elijhaa Penny,11300,FB,NYG,7,1.0,0,50.0,,0,0,0,0.0,0,1,21,0,64.7,68.2,60.7,78.2,68.8,0.0,0,0,11,18.2,2,11,0,1,81.8,9,0.0,0,66.7,2,0,0.0,0,11,10,10.0,11.0,1.22
J.J. Taylor,25512,HB,NE,2,-4.0,0,50.0,,0,0,0,50.0,1,0,19,0,28.8,77.9,67.1,77.5,27.7,0.0,0,0,4,40.0,2,5,0,1,60.0,3,0.0,0,56.3,2,0,0.0,0,4,8,8.0,4.0,1.33
Alex Erickson,11107,WR,CIN,7,7.5,0,50.0,,0,0,0,0.0,0,0,7,0,64.7,28.4,50.1,,52.3,0.0,0,0,9,0.0,0,23,0,1,100.0,23,69.6,16,62.5,2,0,30.4,7,9,5,5.0,9.0,0.39
Reggie Bonnafon,47542,HB,CAR,1,0.0,0,100.0,,0,0,0,0.0,0,2,5,0,68.3,75.2,61.6,,75.7,0.0,0,0,15,0.0,0,10,0,2,90.0,9,10.0,1,143.8,2,1,0.0,0,18,20,10.0,9.0,2.0
Keke Coutee,47698,WR,HST,1,0.5,0,100.0,,0,0,0,0.0,0,1,13,1,68.3,13.3,45.2,,48.0,0.0,0,0,6,0.0,0,5,0,2,100.0,5,100.0,5,89.6,2,0,0.0,0,11,10,5.0,5.5,2.2
Temarrick Hemingway,10811,TE,WAS,4,2.5,0,50.0,,0,0,0,0.0,0,1,32,0,64.7,61.2,51.4,49.6,61.8,66.7,16,0,10,37.5,9,24,0,1,62.5,15,12.5,3,64.6,2,0,12.5,3,10,7,7.0,10.0,0.67
Tyler Davis,47743,TE,JAX,4,16.5,0,0.0,0.0,0,1,0,,0,0,15,0,,,40.9,72.5,42.1,46.2,12,0,0,15.4,4,26,0,0,84.6,22,42.3,11,39.6,2,0,11.5,3,0,0,,,0.0
Alex Collins,10805,HB,SEA,2,5.0,0,50.0,,0,0,0,0.0,0,0,29,0,64.7,74.9,59.7,14.9,52.9,0.0,0,0,4,16.1,5,31,0,1,80.6,25,0.0,0,56.3,2,0,0.0,0,4,1,1.0,4.0,0.16
Dare Ogunbowale,12329,HB,JAX,4,3.0,0,50.0,,0,0,0,50.0,1,1,15,0,28.8,61.2,46.1,25.8,33.7,0.0,0,0,5,4.5,1,22,0,1,95.5,21,0.0,0,56.3,2,0,9.1,2,5,5,5.0,5.0,0.24
Gunner Olszewski,95015,WR,NE,4,3.5,0,100.0,,0,0,0,0.0,0,1,19,0,68.3,30.0,57.8,65.6,54.7,0.0,0,0,11,1.9,1,53,0,2,88.7,47,62.3,33,87.5,2,0,37.7,20,10,3,1.5,5.0,0.21
Reggie Gilliam,40951,TE,BUF,7,3.5,1,100.0,100.0,1,1,0,0.0,0,2,4,0,68.3,64.0,57.9,55.4,61.1,26.1,6,0,15,13.0,3,23,0,2,78.3,18,17.4,4,139.6,2,1,8.7,2,16,9,4.5,8.0,0.89
Cam Akers,57206,HB,LA,6,0.5,3,100.0,,0,0,0,0.0,0,1,26,0,68.3,82.3,72.7,45.4,61.3,0.0,0,0,19,26.7,8,30,0,2,70.0,21,6.7,2,114.6,2,0,10.0,3,23,22,11.0,11.5,1.1
Sony Michel,27589,HB,NE,3,0.0,0,100.0,,0,0,0,0.0,0,1,19,0,68.3,78.9,76.6,82.1,73.7,0.0,0,0,14,27.3,6,22,0,2,63.6,14,0.0,0,114.6,2,0,0.0,0,23,23,11.5,11.5,1.64
Daurice Fountain,48181,WR,IND,5,11.5,0,100.0,100.0,1,1,0,0.0,0,2,14,0,68.3,64.0,61.1,,61.0,0.0,0,0,12,0.0,0,35,0,2,97.1,34,17.1,6,114.6,2,0,82.9,29,23,0,0.0,11.5,0.68
Riley Ridley,47933,WR,CHI,2,12.5,0,100.0,,0,0,0,0.0,0,1,6,0,68.3,64.0,66.7,,62.6,0.0,0,0,18,0.0,0,15,0,2,93.3,14,6.7,1,114.6,2,0,93.3,14,23,-2,-1.0,11.5,1.64
Terry Godwin,47946,WR,JAX,1,15.5,0,0.0,0.0,0,1,0,,0,0,15,0,,,56.8,,58.1,0.0,0,0,0,0.0,0,2,0,0,100.0,2,100.0,2,39.6,2,0,0.0,0,0,0,,,0.0
Jason Cabinda,50714,FB,DET,9,1.5,0,100.0,,0,0,0,0.0,0,1,11,0,68.3,66.8,54.9,51.5,53.5,11.5,3,0,4,34.6,9,26,0,2,65.4,17,0.0,0,83.3,2,0,11.5,3,8,5,2.5,4.0,0.47
Ameer Abdullah,9487,HB,MIN,6,-2.5,0,100.0,,0,0,0,0.0,0,1,18,0,70.5,75.8,68.3,,61.7,0.0,0,0,22,0.0,0,22,0,2,86.4,19,4.5,1,154.2,2,1,18.2,4,23,28,14.0,11.5,1.21
Lynn Bowden Jr.,61361,WR,MIA,4,-1.0,0,100.0,,0,0,0,0.0,0,0,17,0,64.7,70.3,68.4,,55.1,0.0,0,0,-1,0.0,0,9,0,1,88.9,8,55.6,5,79.2,1,0,33.3,3,-1,0,0.0,-1.0,-0.13
Mike Boone,31615,HB,MIN,2,-4.0,0,100.0,,0,0,0,0.0,0,0,18,0,64.7,70.7,64.2,73.5,61.0,0.0,0,0,6,16.7,1,6,0,1,83.3,5,0.0,0,91.7,1,0,16.7,1,6,10,10.0,6.0,1.2
Jaeden Graham,31849,TE,ATL,7,7.0,0,100.0,100.0,1,1,0,0.0,0,0,2,0,64.7,65.3,44.8,9.9,50.9,28.0,7,0,7,4.0,1,25,1,1,92.0,23,64.0,16,95.8,1,0,8.0,2,7,0,0.0,7.0,0.3
Cullen Gillaspia,38844,HB,HST,2,-2.0,0,100.0,,0,0,0,0.0,0,0,13,0,64.7,61.2,62.9,,65.1,0.0,0,0,6,0.0,0,2,0,1,100.0,2,0.0,0,91.7,1,0,0.0,0,6,8,8.0,6.0,3.0
Rodney Smith,26306,HB,CAR,1,0.0,0,100.0,,0,0,0,0.0,0,0,5,0,64.7,68.2,73.5,80.2,63.9,0.0,0,0,2,50.0,3,6,0,1,50.0,3,0.0,0,79.2,1,0,0.0,0,2,2,2.0,2.0,0.67
Joe Reed,40221,WR,LAC,5,-9.0,0,0.0,,0,0,0,,0,0,27,0,,79.6,57.8,,53.4,0.0,0,0,0,0.0,0,11,1,0,90.9,10,63.6,7,39.6,1,0,36.4,4,0,0,,,0.0
Jalen Hurts,40291,QB,PHI,6,-7.0,1,100.0,,0,0,0,0.0,0,0,24,0,64.7,23.0,48.0,,58.1,0.0,0,0,3,0.0,0,9,1,1,55.6,5,11.1,1,79.2,1,0,22.2,2,3,10,10.0,3.0,0.6
Blake Jarwin,12320,TE,DAL,1,12.0,0,100.0,100.0,1,1,0,0.0,0,1,9,0,64.7,61.2,52.0,72.7,60.9,63.2,12,0,12,10.5,2,19,0,1,89.5,17,31.6,6,116.7,1,0,5.3,1,12,0,0.0,12.0,0.71
Gardner Minshew,41401,QB,JAX,7,-8.0,0,100.0,,0,0,0,0.0,0,0,15,3,,56.7,69.7,,59.8,0.0,0,0,0,0.0,0,326,1,1,0.3,1,0.0,0,79.2,1,0,0.3,1,0,8,8.0,0.0,0.0
Jordan Thomas,42062,TE,NE,2,10.0,0,100.0,,0,0,0,0.0,0,1,19,0,64.7,61.2,83.4,,84.3,50.0,1,0,3,0.0,0,2,0,1,100.0,2,0.0,0,118.8,1,1,50.0,1,3,0,0.0,3.0,1.5
Jason Croom,12145,TE,PHI,3,4.0,0,100.0,,0,0,0,0.0,0,1,24,0,64.7,61.2,77.6,77.1,79.3,66.7,6,0,3,44.4,4,9,0,1,44.4,4,11.1,1,118.8,1,1,11.1,1,3,0,0.0,3.0,0.75
Marcus Kemp,12137,WR,KC,2,1.0,0,100.0,,0,0,0,0.0,0,1,16,0,64.7,61.2,60.3,60.9,68.7,12.5,1,0,11,12.5,1,8,0,1,87.5,7,62.5,5,112.5,1,0,12.5,1,11,10,10.0,11.0,1.57
Adrian Killins Jr.,42425,WR,PHI,1,-5.0,0,100.0,,0,0,0,0.0,0,0,24,0,64.7,64.6,52.9,,59.1,0.0,0,0,2,0.0,0,3,0,1,100.0,3,66.7,2,79.2,1,0,33.3,1,2,7,7.0,2.0,0.67
Austin Walter,45038,HB,SF,1,-6.0,2,100.0,,0,0,0,0.0,0,1,28,0,64.7,70.5,50.9,6.2,79.0,0.0,0,0,27,27.3,3,11,0,1,72.7,8,0.0,0,118.8,1,0,0.0,0,27,33,33.0,27.0,3.38
Cody Hollister,12052,WR,TEN,2,10.0,0,100.0,,0,0,0,0.0,0,1,31,0,64.7,61.2,62.4,,63.2,0.0,0,0,12,0.0,0,13,0,1,76.9,10,23.1,3,116.7,1,0,76.9,10,12,2,2.0,12.0,1.2
Dontrell Hilliard,45691,HB,CLV,2,2.0,0,100.0,100.0,1,1,0,0.0,0,0,8,0,64.7,74.5,71.3,,53.7,0.0,0,0,2,0.0,0,13,0,1,100.0,13,30.8,4,79.2,1,0,0.0,0,2,0,0.0,2.0,0.15
Jason Huntley,45693,HB,PHI,2,0.0,0,0.0,,0,0,0,,0,0,24,0,,71.3,61.5,75.7,55.3,0.0,0,0,0,14.3,1,7,0,0,85.7,6,14.3,1,39.6,1,0,0.0,0,0,0,,,0.0
Ricky Seals-Jones,12020,TE,KC,1,6.0,0,0.0,,0,0,0,100.0,1,0,16,0,27.9,,29.7,,40.0,0.0,0,0,0,0.0,0,1,0,0,100.0,1,0.0,0,39.6,1,0,100.0,1,0,0,,,0.0
Justice Hill,45865,HB,BLT,3,-2.0,0,100.0,,0,0,0,0.0,0,0,3,0,64.7,61.2,59.9,76.9,57.2,0.0,0,0,3,25.0,2,8,0,1,75.0,6,12.5,1,79.2,1,0,12.5,1,3,5,5.0,3.0,0.5
Josh Allen,46601,QB,BUF,10,-5.0,1,100.0,,0,0,0,0.0,0,1,4,2,64.7,61.4,84.4,,90.6,0.0,0,0,12,0.0,0,434,3,1,0.2,1,0.0,0,156.3,1,1,0.0,0,12,17,17.0,12.0,12.0
Isaac Nauta,47119,TE,DET,5,3.0,0,100.0,,0,0,0,0.0,0,0,11,0,64.7,61.2,56.3,74.9,46.5,87.5,21,0,3,33.3,8,24,0,1,58.3,14,4.2,1,79.2,1,0,4.2,1,3,0,0.0,3.0,0.21
Marcus Baugh,47131,TE,WAS,4,1.0,0,100.0,,0,0,0,0.0,0,0,32,0,64.7,61.2,53.6,74.9,50.3,54.2,13,0,2,25.0,6,24,0,1,70.8,17,25.0,6,79.2,1,0,12.5,3,2,1,1.0,2.0,0.12
Dede Westbrook,11865,WR,JAX,1,4.0,0,100.0,,0,0,0,0.0,0,0,15,0,64.7,21.7,53.7,,54.2,0.0,0,0,4,0.0,0,13,0,1,84.6,11,53.8,7,83.3,1,0,46.2,6,4,0,0.0,4.0,0.36
D'Onta Foreman,11844,HB,TEN,3,2.0,0,100.0,,0,0,0,0.0,0,1,31,0,64.7,76.4,63.5,78.4,62.1,0.0,0,0,5,50.0,3,6,0,1,50.0,3,0.0,0,127.1,1,1,0.0,0,5,3,3.0,5.0,1.67
Noah Togiai,47282,TE,IND,3,3.0,0,0.0,,0,0,0,100.0,1,0,14,0,27.9,,48.2,69.2,38.2,37.5,6,0,0,6.3,1,16,0,0,93.8,15,50.0,8,39.6,1,0,6.3,1,0,0,,,0.0
Tommylee Lewis,11231,WR,NO,1,3.0,0,100.0,,0,0,0,0.0,0,0,20,0,64.7,61.2,57.8,,58.0,0.0,0,0,5,0.0,0,4,0,1,100.0,4,25.0,1,87.5,1,0,75.0,3,5,2,2.0,5.0,1.25
D.J. Foster,11214,HB,ARZ,1,4.0,0,100.0,,0,0,0,0.0,0,1,1,0,64.7,64.6,55.0,,61.3,0.0,0,0,7,0.0,0,4,0,1,100.0,4,0.0,0,95.8,1,0,0.0,0,7,3,3.0,7.0,1.75
Jordan Howard,10784,HB,MIA,4,-5.0,0,100.0,,0,0,0,0.0,0,0,17,1,64.7,28.3,41.4,78.3,26.6,0.0,0,0,-3,20.0,4,20,0,1,70.0,14,5.0,1,79.2,1,0,0.0,0,-3,2,2.0,-3.0,-0.21
DeAndre Washington,10777,HB,MIA,2,1.0,0,100.0,,0,0,0,0.0,0,0,17,0,64.7,70.3,50.8,,59.0,0.0,0,0,2,0.0,0,5,0,1,100.0,5,0.0,0,79.2,1,0,20.0,1,2,1,1.0,2.0,0.4
Tajae Sharpe,10774,WR,MIN,2,34.0,0,0.0,,0,0,0,,0,0,18,0,,,53.5,,53.5,0.0,0,0,0,0.0,0,8,0,0,100.0,8,0.0,0,39.6,1,0,100.0,8,0,0,,,0.0
Dak Prescott,10769,QB,DAL,5,9.0,0,100.0,,0,0,0,0.0,0,1,9,3,64.7,74.1,85.2,,91.2,0.0,0,0,11,0.0,0,248,0,1,0.4,1,0.0,0,152.1,1,1,0.0,0,11,2,2.0,11.0,11.0
Pharoh Cooper,10751,WR,CAR,8,8.0,0,100.0,,0,0,0,0.0,0,1,5,0,64.7,84.8,62.5,65.7,58.8,0.0,0,0,12,4.3,1,23,0,1,87.0,20,39.1,9,116.7,1,0,60.9,14,12,4,4.0,12.0,0.6
C.J. Prosise,10724,HB,HST,3,-4.0,0,100.0,,0,0,0,0.0,0,0,13,0,64.7,69.1,61.5,77.9,62.3,0.0,0,0,-2,50.0,3,6,0,1,50.0,3,0.0,0,79.2,1,0,16.7,1,-2,2,2.0,-2.0,-0.67
Hakeem Butler,47928,TE,PHI,1,8.0,0,0.0,0.0,0,1,0,,0,0,24,0,,,57.2,,59.0,0.0,0,0,0,0.0,0,1,0,0,100.0,1,0.0,0,39.6,1,0,100.0,1,0,0,,,0.0
Trent Sherfield,48021,WR,ARZ,3,6.0,0,100.0,100.0,1,1,0,0.0,0,0,1,0,64.7,61.2,61.8,,57.0,0.0,0,0,6,0.0,0,6,0,1,100.0,6,0.0,0,91.7,1,0,100.0,6,6,0,0.0,6.0,1.0
James Proche,48037,WR,BLT,5,5.0,0,0.0,,0,0,0,,0,0,3,0,,84.7,52.1,,52.5,0.0,0,1,0,0.0,0,11,0,0,100.0,11,81.8,9,0.0,1,0,18.2,2,0,0,,,0.0
Dante Pettis,48113,WR,NYG,4,32.0,0,0.0,,0,0,0,,0,0,21,0,,17.7,50.3,62.4,49.4,0.0,0,0,0,2.7,1,37,0,0,94.6,35,18.9,7,39.6,1,0,81.1,30,0,0,,,0.0
C.J. Goodwin,9243,S,DAL,1,9.0,0,0.0,,0,0,0,100.0,1,0,9,0,28.0,,41.6,,42.5,0.0,0,0,0,0.0,0,1,0,0,100.0,1,0.0,0,39.6,1,0,0.0,0,0,0,,,0.0
Jeff Badet,48309,WR,WAS,3,25.0,0,0.0,0.0,0,1,0,,0,0,32,0,,,46.4,,51.4,0.0,0,0,0,0.0,0,19,0,0,100.0,19,21.1,4,39.6,1,0,78.9,15,0,0,,,0.0
Kenjon Barner,7963,HB,TB,1,3.0,0,0.0,,0,0,0,,0,0,30,0,,62.8,58.1,,56.3,0.0,0,0,0,0.0,0,4,0,0,100.0,4,25.0,1,39.6,1,0,0.0,0,0,0,,,0.0
Eric Fisher,7783,T,KC,9,1.0,0,100.0,,0,0,0,0.0,0,1,16,0,64.7,61.2,80.9,75.7,90.4,0.0,0,0,2,99.7,398,399,1,1,0.3,1,0.0,0,118.8,1,1,0.0,0,2,1,1.0,2.0,2.0
Alfred Morris,7165,HB,NYG,3,-2.0,0,100.0,,0,0,0,0.0,0,0,21,0,64.7,78.8,68.5,81.8,56.8,0.0,0,0,4,35.0,7,20,0,1,65.0,13,5.0,1,83.3,1,0,0.0,0,4,6,6.0,4.0,0.31
Bobby Massie,7112,T,CHI,8,1.0,0,100.0,100.0,1,1,1,0.0,0,1,6,0,64.7,61.2,72.6,70.8,89.1,0.0,0,0,4,99.7,313,314,1,1,0.3,1,0.0,0,83.3,1,0,0.0,0,4,3,3.0,4.0,4.0
A.J. Dillon,57165,HB,GB,4,1.0,1,100.0,,0,0,0,0.0,0,1,12,0,29.9,78.7,69.3,75.7,42.5,0.0,0,0,16,5.3,1,19,0,1,84.2,16,5.3,1,118.8,1,0,5.3,1,16,15,15.0,16.0,1.0
Mohamed Sanu,7084,WR,SF,3,5.0,0,100.0,,0,0,0,0.0,0,1,28,0,64.7,61.2,62.8,,63.5,0.0,0,0,9,0.0,0,12,0,1,91.7,11,16.7,2,104.2,1,0,83.3,10,9,4,4.0,9.0,0.82
Alshon Jeffery,7048,WR,PHI,1,18.0,0,0.0,,0,0,0,,0,0,24,0,,,57.0,,52.5,0.0,0,0,0,0.0,0,15,0,0,100.0,15,46.7,7,39.6,1,0,53.3,8,0,0,,,0.0
Salvon Ahmed,57472,HB,MIA,2,-1.0,0,100.0,,0,0,0,0.0,0,0,17,0,64.7,79.2,68.0,35.6,51.9,0.0,0,0,5,25.7,9,35,1,1,68.6,24,0.0,0,87.5,1,0,0.0,0,5,6,6.0,5.0,0.21
Ryan Tannehill,7014,QB,TEN,9,-6.0,0,100.0,,0,0,0,0.0,0,0,31,2,,70.2,81.8,,58.9,0.0,0,0,0,0.0,0,325,2,1,0.3,1,0.0,0,79.2,1,0,0.0,0,0,6,6.0,0.0,0.0
Dalton Keene,61068,TE,NE,1,6.0,0,100.0,,0,0,0,0.0,0,0,19,0,64.7,61.2,55.9,,52.8,23.5,4,0,8,0.0,0,17,0,1,88.2,15,64.7,11,100.0,1,0,11.8,2,8,2,2.0,8.0,0.53
Nick Bellore,6515,FB,SEA,2,3.0,0,100.0,,0,0,0,0.0,0,1,29,0,64.7,64.6,48.8,8.5,75.5,0.0,0,0,9,42.9,3,7,0,1,57.1,4,0.0,0,104.2,1,0,0.0,0,9,6,6.0,9.0,2.25
Lee Smith,6311,TE,BUF,2,5.0,0,100.0,,0,0,0,0.0,0,1,4,0,64.7,61.2,88.0,73.8,87.7,87.5,7,0,1,75.0,6,8,0,1,25.0,2,12.5,1,118.8,1,1,0.0,0,1,0,0.0,1.0,0.5
Anthony Sherman,6288,FB,KC,4,-3.0,0,100.0,,0,0,0,0.0,0,1,16,0,64.7,66.7,70.2,78.2,79.2,15.4,2,0,5,30.8,4,13,0,1,53.8,7,7.7,1,127.1,1,1,0.0,0,5,8,8.0,5.0,0.71
Taiwan Jones,6277,HB,BUF,2,27.0,0,0.0,0.0,0,1,0,,0,0,4,0,,,58.4,,58.0,0.0,0,0,0,0.0,0,2,0,0,100.0,2,50.0,1,39.6,1,0,0.0,0,0,0,,,0.0
Cam Newton,6153,QB,NE,8,3.0,1,100.0,,0,0,0,0.0,0,1,19,1,64.7,82.3,78.1,61.2,95.1,0.0,0,0,16,0.4,1,249,1,1,1.2,3,0.0,0,118.8,1,0,0.0,0,16,13,13.0,16.0,5.33
Vyncint Smith,66957,WR,NYJ,3,12.0,0,100.0,,0,0,0,0.0,0,1,22,0,64.7,65.3,60.8,,61.3,0.0,0,0,13,0.0,0,14,0,1,92.9,13,50.0,7,118.8,1,0,50.0,7,13,1,1.0,13.0,1.0
Ryan Fitzpatrick,2467,QB,MIA,6,-6.0,0,100.0,,0,0,0,0.0,0,0,17,1,,90.3,75.3,,,0.0,0,0,0,0.0,0,237,3,1,0.0,0,0.0,0,79.2,1,0,0.0,0,0,6,6.0,0.0,
Diontae Spencer,91248,WR,DEN,5,7.0,0,100.0,,0,0,0,0.0,0,0,10,0,64.7,81.8,59.4,,55.6,0.0,0,0,7,0.0,0,8,0,1,62.5,5,62.5,5,95.8,1,0,37.5,3,7,0,0.0,7.0,1.4
Aaron Rodgers,2241,QB,GB,9,-7.0,0,100.0,,0,0,1,0.0,0,0,12,1,,83.8,93.5,,,0.0,0,0,-6,0.0,0,362,5,1,0.0,0,0.0,0,79.2,1,0,0.0,0,-6,1,1.0,-6.0,
