player,player_id,position,team_name,player_game_count,assists,avg_depth_of_target,catch_rate,coverage_percent,coverage_snaps_per_reception,coverage_snaps_per_target,declined_penalties,dropped_ints,forced_incompletes,forced_incompletion_rate,franchise_id,grades_coverage_defense,grades_defense,grades_defense_penalty,grades_pass_rush_defense,grades_run_defense,grades_tackle,interceptions,longest,missed_tackle_rate,missed_tackles,pass_break_ups,penalties,qb_rating_against,receptions,snap_counts_coverage,snap_counts_pass_play,stops,tackles,targets,touchdowns,yards,yards_after_catch,yards_per_coverage_snap,yards_per_reception
Julius Peppers,1010,ED,CAR,6,0,,,0.8,,,0,0,0,,5,59.3,72.6,86.1,64.6,76.9,62.2,0,,100.0,1,0,0,0.0,0,1,126,7,0,0,0,0,0,0.0,
James Harrison,1251,ED,PIT,3,0,4.0,100.0,35.3,5.0,5.0,0,0,0,0.0,25,64.4,73.7,75.5,82.9,50.4,35.4,0,5,0.0,0,0,0,87.5,1,6,17,1,1,1,0,5,1,1.0,5.0
Terence Newman,1321,CB,MIN,6,0,9.1,61.9,98.0,10.8,6.7,0,1,1,4.8,18,70.8,72.5,80.7,75.2,68.2,73.8,0,27,0.0,0,1,1,117.0,13,146,149,4,11,21,2,159,47,1.1,12.2
Terrell Suggs,1326,ED,BLT,6,1,2.0,100.0,2.5,4.0,4.0,1,0,0,0.0,3,78.1,77.8,40.6,68.1,79.7,74.3,0,6,25.0,1,0,2,91.7,1,4,163,6,2,1,0,6,4,1.5,6.0
Karlos Dansby,1754,LB,ARZ,6,2,5.8,71.4,89.5,9.7,6.9,0,1,1,3.6,1,53.4,57.5,82.6,61.3,61.6,64.2,0,17,15.8,3,1,0,111.8,20,205,229,8,14,28,2,177,79,0.9,8.9
Mike Adams,1972,S,CAR,6,0,9.8,80.0,94.6,18.1,14.5,0,1,2,13.3,5,67.9,70.3,84.4,63.1,68.0,69.5,0,25,10.5,2,2,1,136.5,12,229,242,5,17,15,3,109,54,0.5,9.1
Adam Jones,2223,CB,CIN,4,0,10.4,35.3,100.0,15.7,5.5,0,0,5,29.4,7,55.2,57.8,81.7,,69.5,81.8,0,11,0.0,0,4,3,44.0,6,102,102,2,8,17,0,41,8,0.4,6.8
Thomas Davis Sr.,2231,LB,CAR,6,2,2.3,86.7,80.1,10.1,8.7,1,0,1,6.7,5,83.6,79.9,26.8,76.0,62.8,81.0,0,12,0.0,0,0,1,85.8,13,137,171,11,12,15,0,69,51,0.5,5.3
Derrick Johnson,2232,LB,KC,6,2,5.9,27.3,92.7,66.3,18.1,0,0,2,18.2,16,77.6,63.3,84.5,47.1,44.7,52.5,0,20,20.0,1,1,0,42.6,3,215,232,0,2,11,0,41,10,0.2,13.7
Lorenzo Alexander,2476,ED,BUF,5,0,4.8,80.0,49.7,6.1,4.9,0,0,0,0.0,4,34.1,56.8,40.4,70.7,70.4,28.9,0,39,36.4,4,0,1,102.2,12,76,153,3,7,15,0,128,75,1.8,10.7
Haloti Ngata,2957,DI,DET,5,0,,,2.2,,,0,0,0,,11,54.3,66.4,42.5,75.5,61.2,73.1,0,,,0,0,1,0.0,0,2,93,2,0,0,0,0,0,0.0,
Johnathan Joseph,2969,CB,HST,6,0,14.1,42.1,100.0,19.9,8.4,1,1,4,21.1,13,80.6,78.1,83.0,,55.9,58.6,2,38,0.0,0,4,1,44.7,8,170,170,4,8,19,1,135,19,0.8,16.9
Frostee Rucker,3036,DI,ARZ,6,0,5.0,100.0,0.6,1.0,1.0,0,0,1,100.0,1,63.4,51.3,61.1,56.3,48.2,27.0,0,8,0.0,0,0,1,100.0,1,1,156,2,1,1,0,8,3,8.0,8.0
Elvis Dumervil,3071,ED,SF,6,0,,,2.0,,,0,0,0,,28,75.8,65.8,34.1,71.2,29.8,56.2,0,,0.0,0,0,1,0.0,0,2,100,4,1,0,0,0,0,0.0,
Kyle Williams,3079,DI,BUF,5,1,,,2.4,,,0,0,0,,4,62.1,58.3,34.0,57.5,62.1,74.9,0,,0.0,0,0,2,0.0,0,4,169,2,2,0,0,0,0,0.0,
Antoine Bethea,3152,S,ARZ,6,1,9.0,66.7,97.5,30.2,20.1,0,0,0,0.0,1,89.7,90.7,82.6,63.8,72.3,80.2,3,31,7.7,1,0,1,44.4,6,195,200,4,11,9,0,57,26,0.3,9.5
Tramon Williams,3558,CB,ARZ,3,0,21.0,50.0,96.7,26.0,13.0,0,0,0,0.0,1,86.2,84.9,76.3,59.1,60.0,72.5,1,41,0.0,0,0,0,56.3,1,29,30,0,1,2,0,41,4,1.6,41.0
Brent Grimes,3589,CB,TB,4,1,14.0,63.6,100.0,11.4,7.2,0,0,4,18.2,30,68.2,67.8,82.2,,60.0,64.9,1,30,5.6,1,4,0,68.6,14,172,172,2,16,22,0,171,33,1.1,12.2
Lawrence Timmons,3631,LB,MIA,3,1,3.8,73.7,88.6,7.5,5.5,0,0,1,5.3,17,70.0,75.0,78.9,72.9,71.1,70.4,0,22,12.5,2,1,0,105.4,14,109,123,7,13,19,1,111,48,1.1,7.9
Reggie Nelson,3637,S,OAK,6,3,10.5,37.5,94.7,63.0,23.6,1,1,1,12.5,23,51.6,58.3,85.2,60.4,71.2,73.9,0,34,14.3,2,1,2,67.2,3,195,206,0,9,8,0,65,55,0.3,21.7
Paul Posluszny,3650,LB,JAX,6,0,0.8,50.0,89.6,19.5,9.8,0,0,1,25.0,15,82.8,74.0,78.5,64.1,59.6,83.2,0,3,0.0,0,1,0,56.3,2,43,48,2,2,4,0,1,3,0.0,0.5
Eric Weddle,3653,S,BLT,6,0,11.4,44.4,98.2,50.8,22.6,0,0,2,22.2,3,64.3,61.9,86.6,50.1,55.5,41.3,2,27,22.2,2,2,0,66.2,4,217,221,2,7,9,1,64,12,0.3,16.0
David Harris,3663,LB,NE,1,0,,,66.7,,,0,0,0,,19,60.4,64.3,70.8,58.3,63.6,,0,,,0,0,0,0.0,0,2,3,0,0,0,0,0,0,0.0,
Justin Durant,3664,LB,DAL,5,1,2.5,100.0,70.1,24.5,24.5,0,0,0,0.0,9,70.9,56.3,79.0,51.4,42.6,29.7,0,10,0.0,0,0,0,95.8,2,54,77,1,1,2,0,14,9,0.3,7.0
Charles Johnson,3699,ED,CAR,6,1,7.5,100.0,3.8,2.0,2.0,0,0,0,0.0,5,50.8,47.0,32.6,54.1,57.0,28.0,0,16,40.0,2,0,3,116.7,2,5,133,3,2,2,0,24,9,6.0,12.0
Brandon Mebane,3701,DI,LAC,6,1,,,1.0,,,0,0,0,,27,60.3,49.9,85.6,53.4,49.0,61.4,0,,0.0,0,0,0,0.0,0,1,103,0,1,0,0,0,0,0.0,
Brian Robison,3718,ED,MIN,6,0,,,5.4,,,0,0,0,,18,56.8,62.9,53.0,64.3,60.4,75.9,0,,,0,0,1,0.0,0,9,167,1,0,0,0,0,0,0.0,
Corey Graham,3784,S,PHI,4,0,10.0,50.0,95.2,76.0,38.0,0,0,1,50.0,24,64.3,62.3,76.8,67.1,46.1,28.0,0,10,33.3,1,1,0,64.6,1,80,84,0,2,2,0,10,8,0.1,10.0
William Gay,3786,CB,PIT,6,0,7.8,63.6,99.0,13.6,8.6,0,1,3,27.3,25,70.6,69.0,0.0,59.1,65.7,58.8,0,29,11.1,1,2,1,76.7,7,99,100,3,8,11,0,57,27,0.6,8.1
Chris Long,4316,ED,PHI,6,1,,,0.8,,,0,0,0,,24,51.8,67.0,50.5,69.9,62.5,27.3,0,,66.7,2,0,1,0.0,0,1,131,2,0,0,0,0,0,0.0,
Dominique Rodgers-Cromartie,4330,CB,NYG,5,1,3.5,80.0,91.4,11.5,9.2,0,0,0,0.0,21,75.6,73.9,81.7,64.3,61.6,47.1,0,38,18.2,2,0,0,95.8,12,149,163,4,8,15,0,105,69,0.8,8.8
Aqib Talib,4334,CB,DEN,5,1,7.2,58.8,100.0,18.2,10.7,0,2,3,17.6,10,80.4,79.8,83.4,,66.2,70.9,1,14,12.5,1,3,0,62.4,10,191,191,1,6,17,1,66,21,0.4,6.6
Calais Campbell,4364,ED,JAX,6,0,,,1.0,,,0,0,0,,15,59.8,88.0,68.6,81.5,78.9,70.7,0,,,0,0,1,0.0,0,2,205,10,0,0,0,0,0,0.0,
Cliff Avril,4406,ED,SEA,4,0,-3.0,100.0,4.1,4.0,4.0,0,0,0,0.0,29,47.6,43.8,0.0,54.9,63.9,44.6,0,-1,100.0,1,0,4,79.2,1,4,98,1,0,1,0,-1,2,-0.3,-1.0
Tyvon Branch,4414,S,ARZ,6,3,4.9,71.4,94.5,15.1,10.8,0,0,1,4.8,1,76.2,79.2,82.4,63.7,75.2,88.5,0,21,4.0,1,1,0,99.1,15,239,253,4,21,21,1,109,48,0.5,7.3
William Hayes,4417,ED,MIA,5,0,,,1.6,,,1,0,0,,17,60.0,89.9,44.1,75.2,90.7,76.9,0,,,0,0,1,0.0,0,1,64,1,0,0,0,0,0,0.0,
Quintin Demps,4431,S,CHI,3,0,16.8,50.0,100.0,33.3,16.7,1,0,0,0.0,6,45.6,48.6,80.7,,67.7,28.4,0,88,22.2,2,0,1,135.4,3,106,106,0,7,6,1,127,54,1.3,42.3
Brandon Carr,4454,CB,BLT,6,1,18.7,50.0,99.5,18.0,9.0,0,0,4,18.2,3,61.5,63.2,39.5,56.9,72.8,73.0,2,41,8.3,1,2,2,53.2,11,212,213,2,10,22,1,170,55,0.9,15.5
Orlando Scandrick,4457,CB,DAL,4,1,9.9,62.5,92.4,11.6,7.3,0,2,3,18.8,9,59.9,65.3,82.7,60.2,81.1,73.6,0,37,12.5,1,1,2,109.9,10,122,132,1,6,16,1,134,52,1.2,13.4
Erik Walden,4481,ED,TEN,6,0,4.5,50.0,17.6,22.0,11.0,0,0,0,0.0,31,50.2,57.9,18.1,66.6,58.0,48.5,0,16,33.3,1,0,2,77.1,1,24,136,2,2,2,0,16,14,0.7,16.0
Wesley Woodyard,4583,LB,TEN,6,4,3.1,75.0,78.7,8.1,6.1,0,0,2,8.3,31,68.9,80.8,80.7,67.3,83.1,72.4,0,32,15.8,3,2,0,108.5,18,155,197,7,12,24,1,173,152,1.2,9.6
Jerrell Freeman,4888,LB,CHI,1,0,9.0,85.7,94.1,5.2,4.4,0,0,0,0.0,6,32.6,50.7,76.4,73.6,78.9,54.5,0,18,33.3,2,0,0,100.6,6,32,34,1,4,7,0,57,15,1.8,9.5
Cameron Wake,4907,ED,MIA,5,0,8.0,100.0,3.0,3.0,3.0,0,0,0,0.0,17,53.0,85.4,86.8,85.7,71.7,78.8,0,9,0.0,0,0,0,104.2,1,4,135,3,2,1,0,9,1,3.0,9.0
Brian Orakpo,4936,ED,TEN,6,0,2.5,100.0,17.4,16.5,16.5,0,0,0,0.0,31,87.4,76.9,85.6,74.1,53.2,83.0,0,6,14.3,1,0,0,83.3,2,34,195,3,6,2,0,8,3,0.2,4.0
Malcolm Jenkins,4937,S,PHI,6,0,5.7,70.0,93.1,12.0,8.4,0,0,1,3.3,24,66.4,65.0,81.6,48.0,61.3,62.8,0,44,14.3,3,1,1,99.7,21,268,288,3,18,30,1,203,152,0.8,9.7
Brian Cushing,4938,LB,HST,1,0,12.0,100.0,88.9,7.0,7.0,0,0,0,0.0,13,28.9,40.7,71.9,59.4,61.0,51.1,0,12,,0,0,1,116.7,1,8,9,0,0,1,0,12,0,1.7,12.0
Robert Ayers,4941,ED,TB,5,1,,,0.6,,,0,0,0,,30,60.1,75.8,41.2,76.3,68.6,42.1,0,,0.0,0,0,2,0.0,0,1,155,0,0,0,0,0,0,0.0,
Vontae Davis,4948,CB,IND,3,1,13.4,62.5,99.2,11.3,7.1,0,0,2,12.5,14,50.8,54.6,83.0,58.5,70.0,84.3,0,41,0.0,0,1,0,95.8,10,122,123,0,9,16,0,160,15,1.4,16.0
Clay Matthews,4949,ED,GB,6,0,3.6,75.0,9.6,2.3,1.8,0,0,1,12.5,12,61.8,78.4,69.0,72.0,75.5,68.2,0,27,0.0,0,1,1,139.1,6,18,188,2,4,8,1,67,48,4.8,11.2
Patrick Chung,4957,S,NE,6,2,9.1,61.1,98.7,9.6,5.9,0,1,4,11.1,19,70.9,70.0,37.2,54.4,68.3,78.6,0,39,8.0,2,4,1,105.0,22,223,226,4,21,36,2,289,159,1.4,13.1
Rey Maualuga,4961,LB,MIA,2,1,4.0,100.0,95.5,9.5,9.5,0,0,0,0.0,17,77.6,66.7,0.0,59.6,60.9,62.9,0,5,0.0,0,0,1,85.4,2,21,22,1,2,2,0,9,1,0.5,4.5
Darius Butler,4964,S,IND,5,1,9.2,77.8,97.3,14.0,10.9,0,0,1,11.1,14,51.8,50.1,0.0,68.7,61.1,40.8,0,37,25.0,3,1,3,115.3,7,107,110,2,8,9,0,105,41,1.1,15.0
Jairus Byrd,4965,S,CAR,2,0,6.0,33.3,93.2,41.0,13.7,0,0,0,0.0,5,63.3,58.8,76.6,55.3,52.2,80.7,0,0,0.0,0,0,0,42.4,1,41,44,2,3,3,0,0,3,0.0,0.0
Connor Barwin,4969,ED,LA,6,0,-4.0,100.0,18.8,36.0,36.0,0,0,0,0.0,26,70.1,57.6,87.8,52.7,55.4,45.0,0,-4,33.3,1,0,0,79.2,1,37,197,4,2,1,0,-4,0,-0.1,-4.0
Mike Mitchell,4970,S,PIT,5,4,16.0,40.0,98.0,68.5,27.4,0,1,2,40.0,25,74.7,73.2,17.5,49.9,65.6,59.8,0,27,18.2,2,2,1,62.9,2,146,149,1,5,5,0,33,5,0.2,16.5
Sean Smith,4984,CB,OAK,4,0,14.6,78.6,100.0,8.7,6.9,0,0,0,0.0,23,57.7,59.2,81.9,,63.0,70.1,0,54,12.5,1,0,0,142.6,11,99,99,3,7,14,1,197,46,2.1,17.9
Michael Johnson,4993,ED,CIN,4,0,,,1.6,,,1,0,0,,7,69.9,61.6,49.5,59.9,53.9,73.0,0,,0.0,0,0,1,0.0,0,2,122,6,3,0,0,0,0,0.0,
Lardarius Webb,5011,CB,BLT,6,0,10.5,68.2,92.1,8.6,5.9,0,0,1,4.5,3,49.6,58.6,82.6,90.0,71.4,53.2,2,35,20.0,3,1,0,66.7,15,139,151,3,12,22,0,241,93,1.9,16.1
Glover Quin,5035,S,DET,6,3,7.8,62.5,98.2,40.8,25.5,0,0,1,12.5,11,91.5,92.6,85.1,77.1,84.8,71.7,2,16,13.6,3,1,0,38.0,5,217,221,5,16,8,0,45,29,0.2,9.0
Brice McCain,5112,CB,TEN,6,0,11.8,57.1,100.0,13.3,7.6,0,0,1,7.1,31,50.2,52.7,82.0,,67.5,54.0,0,21,16.7,1,1,0,84.8,8,111,111,0,5,14,0,118,41,1.1,14.8
Jason McCourty,5127,CB,CLV,6,0,10.6,63.3,98.6,10.5,6.7,0,1,4,13.3,8,90.1,90.2,50.2,71.4,81.3,87.2,3,38,0.0,0,4,1,53.2,19,210,213,10,20,30,1,193,66,1.0,10.2
Captain Munnerlyn,5140,CB,CAR,6,0,4.3,80.0,83.9,13.8,11.0,0,0,0,0.0,5,61.0,62.0,81.6,58.8,66.6,30.6,0,43,30.0,3,0,0,105.8,8,115,137,2,7,10,0,94,78,0.9,11.8
Clinton McDonald,5173,DI,TB,5,0,,,2.0,,,0,0,0,,30,58.3,60.3,55.6,66.6,55.6,57.6,0,,0.0,0,0,1,0.0,0,2,100,3,4,0,0,0,0,0.0,
Chris Baker,5188,DI,TB,4,0,,,3.6,,,1,0,0,,30,63.7,58.4,32.6,69.9,52.3,72.2,0,,0.0,0,0,1,0.0,0,2,56,1,1,0,0,0,0,0.0,
Ramon Humber,5310,LB,BUF,4,0,2.7,82.4,85.4,8.4,6.9,0,0,1,5.9,4,54.8,63.2,80.8,53.0,75.9,57.9,0,14,17.6,3,1,0,89.0,14,123,144,7,14,17,0,91,53,0.8,6.5
Jonathan Casillas,5422,LB,NYG,5,0,4.6,81.8,78.8,12.6,10.3,0,0,0,0.0,21,61.7,50.5,83.4,63.1,39.6,62.4,0,14,0.0,0,0,0,121.6,9,119,151,3,8,11,1,65,35,0.6,7.2
Ndamukong Suh,5527,DI,MIA,5,1,,,1.2,,,2,0,1,,17,73.3,86.5,17.4,69.7,90.5,52.8,0,,0.0,0,0,3,0.0,0,2,171,3,2,0,0,0,0,0.0,
Eric Berry,5530,S,KC,1,0,18.0,50.0,100.0,16.5,8.3,0,0,0,0.0,16,68.9,66.4,80.7,,56.6,81.3,0,17,0.0,0,0,0,78.1,2,38,38,1,3,4,0,33,4,1.0,16.5
Joe Haden,5532,CB,PIT,6,1,13.1,70.0,97.3,14.9,10.4,0,0,1,5.0,25,67.5,66.8,84.0,79.2,52.0,53.8,0,29,20.0,3,1,0,99.2,14,220,226,2,11,20,0,186,44,0.9,13.3
Tyson Alualu,5535,DI,PIT,6,0,,,3.5,,,0,0,0,,25,59.8,53.8,83.2,52.9,55.1,48.8,0,,0.0,0,0,0,0.0,0,4,113,1,1,0,0,0,0,0.0,
Brandon Graham,5538,ED,PHI,6,0,,,1.4,,,0,0,0,,24,66.7,86.3,14.4,83.9,77.8,70.5,0,,0.0,0,0,4,0.0,0,3,211,5,1,0,0,0,0,0.0,
Earl Thomas III,5539,S,SEA,5,5,0.8,87.5,99.5,28.0,24.5,0,2,2,25.0,29,83.3,85.1,82.1,60.0,66.3,58.7,1,55,16.7,4,2,0,104.7,7,213,214,5,15,8,1,73,73,0.4,10.4
Jason Pierre-Paul,5540,ED,NYG,6,1,,,6.4,,,0,0,0,,21,68.3,65.5,42.2,65.8,59.8,80.9,0,,0.0,0,0,3,0.0,0,16,250,5,2,0,0,0,0,0.0,
Derrick Morgan,5541,ED,TEN,6,0,1.6,60.0,11.9,6.7,4.0,0,0,0,0.0,31,68.0,69.5,87.4,67.7,60.4,79.1,0,8,0.0,0,0,0,69.6,3,21,177,3,2,5,0,21,12,1.1,7.0
Kareem Jackson,5545,CB,HST,6,2,13.4,73.3,98.0,8.2,6.0,0,0,2,6.7,13,54.0,63.9,83.4,74.0,91.0,70.5,0,50,13.6,3,1,1,119.6,22,192,196,6,17,30,1,326,69,1.8,14.8
Devin McCourty,5552,S,NE,6,1,11.6,67.9,100.0,13.7,9.3,0,0,1,3.6,19,61.8,66.3,82.0,,74.0,80.4,1,75,3.4,1,1,0,115.3,19,273,273,8,27,28,3,241,74,0.9,12.7
Jerry Hughes,5556,ED,BUF,5,0,,,2.5,,,0,0,0,,4,54.5,86.1,44.3,76.7,90.4,51.9,0,,100.0,2,0,2,0.0,0,4,163,3,0,0,0,0,0,0.0,
Patrick Robinson,5557,CB,PHI,6,2,9.7,58.3,99.2,10.6,6.2,0,4,7,19.4,24,89.1,88.6,83.1,56.2,72.9,45.3,2,77,25.0,6,6,0,70.5,21,236,238,8,16,36,1,291,186,1.3,13.9
Nate Allen,5562,S,MIA,5,2,10.1,100.0,97.9,22.0,22.0,0,2,1,12.5,17,57.4,53.5,82.9,52.7,46.7,27.6,0,30,9.1,1,1,0,158.3,8,186,190,2,8,8,1,115,41,0.7,14.4
T.J. Ward,5563,S,TB,3,1,10.8,50.0,98.5,30.5,15.3,0,1,2,50.0,30,57.8,67.4,78.7,60.0,81.8,68.8,0,11,25.0,1,2,1,106.3,2,66,67,1,2,4,1,22,18,0.4,11.0
Rob Gronkowski,5567,TE,NE,1,0,59.0,0.0,100.0,,1.0,0,1,1,100.0,19,60.0,60.0,62.6,,,,0,,,0,1,1,39.6,0,1,1,0,0,1,0,0,0,0.0,
Carlos Dunlap,5579,ED,CIN,5,0,1.0,0.0,4.4,,6.0,0,1,0,0.0,7,63.9,76.2,88.0,63.3,78.9,46.7,0,,66.7,2,0,0,39.6,0,8,183,1,1,1,0,0,0,0.0,
Sean Lee,5580,LB,DAL,3,0,5.4,70.0,93.5,8.6,6.0,0,0,0,0.0,9,55.0,62.5,7.7,48.3,78.1,73.6,0,20,10.0,1,0,1,84.0,14,129,138,3,9,20,0,113,46,0.9,8.1
Morgan Burnett,5596,S,GB,5,1,8.9,50.0,93.8,20.9,10.4,0,0,3,21.4,12,75.6,78.4,79.6,45.2,77.0,80.7,0,14,7.7,1,2,0,82.1,7,151,161,3,11,14,1,49,47,0.3,7.0
Earl Mitchell,5605,DI,SF,6,0,,,2.4,,,0,0,0,,28,56.0,61.4,86.8,69.6,54.0,75.2,0,,0.0,0,0,0,0.0,0,3,125,0,2,0,0,0,0,0.0,
Corey Peters,5607,DI,ARZ,6,0,,,1.3,,,0,0,0,,1,60.3,74.6,59.5,60.7,79.8,73.4,0,,,0,0,1,0.0,0,2,151,0,0,0,0,0,0,0.0,
NaVorro Bowman,5615,LB,SF,5,2,1.9,84.6,88.3,15.3,12.9,0,1,1,7.7,28,49.8,57.5,83.4,54.2,68.6,60.0,0,26,33.3,5,1,0,128.5,11,181,205,4,8,13,1,113,93,0.7,10.3
Everson Griffen,5624,ED,MIN,6,0,,,1.4,,,0,0,0,,18,53.8,83.3,37.4,81.6,77.5,61.0,0,,100.0,1,0,3,0.0,0,3,209,7,0,0,0,0,0,0.0,
Alterraun Verner,5628,CB,MIA,1,0,41.0,100.0,100.0,3.0,3.0,0,0,0,0.0,17,26.2,24.6,70.2,,42.9,26.6,0,69,,0,0,0,158.3,1,3,3,0,0,1,1,69,28,23.0,69.0
Kam Chancellor,5656,S,SEA,5,2,10.0,52.4,98.6,17.6,9.2,0,0,2,9.5,29,78.4,77.7,81.9,57.9,65.3,54.2,0,35,6.7,1,1,0,75.3,11,211,214,3,12,21,0,149,64,0.8,13.5
Sherrick McManis,5667,CB,CHI,2,0,,,100.0,,,0,0,0,,6,63.0,63.5,68.0,,,,0,,,0,0,0,0.0,0,3,3,0,0,0,0,0,0,0.0,
Nolan Carroll,5668,CB,DAL,2,0,6.7,100.0,100.0,9.3,9.3,0,0,0,0.0,9,53.8,48.2,78.3,,28.9,28.4,0,27,28.6,2,0,0,118.8,6,60,60,2,5,6,0,94,54,1.7,15.7
Reshad Jones,5686,S,MIA,5,1,11.0,75.0,91.2,27.8,20.9,0,1,0,0.0,17,57.3,64.0,81.8,69.7,72.2,71.1,1,18,5.9,1,0,2,52.6,6,177,194,3,15,8,0,53,8,0.3,8.8
Arthur Moats,5701,ED,PIT,5,0,,,33.3,,,0,0,0,,25,61.9,71.5,73.8,70.5,60.4,,0,,,0,0,0,0.0,0,3,9,0,0,0,0,0,0,0.0,
Willie Young,5736,ED,CHI,4,0,3.5,100.0,14.1,5.0,5.0,0,0,0,0.0,6,33.5,56.0,82.6,60.4,61.9,78.1,0,10,0.0,0,0,1,93.8,2,11,78,3,1,2,0,13,6,1.3,6.5
Dekoda Watson,5740,ED,SF,3,0,5.0,100.0,5.6,1.0,1.0,0,0,0,0.0,28,60.0,71.8,78.3,81.1,61.3,,0,9,,0,0,0,104.2,1,1,18,0,0,1,0,9,4,9.0,9.0
Kurt Coleman,5767,S,CAR,4,2,10.6,70.0,99.2,17.1,12.0,0,0,0,0.0,5,54.9,54.7,82.0,58.5,57.9,67.8,0,14,7.1,1,0,0,79.6,7,126,127,6,11,10,0,46,22,0.4,6.6
Robert McClain,5771,CB,TB,5,1,6.2,82.6,97.1,8.1,6.7,0,0,0,0.0,30,47.4,47.4,82.2,51.9,50.6,45.5,1,19,30.8,4,0,1,99.1,19,168,173,0,8,23,1,199,95,1.3,10.5
Rafael Bush,5779,S,NO,3,0,,,84.0,,,0,0,0,,20,58.3,60.6,74.2,75.9,57.7,29.3,0,,100.0,1,0,0,0.0,0,21,25,1,0,0,0,0,0,0.0,
Kyle Love,5806,DI,CAR,6,0,,,1.1,,,0,0,0,,5,60.0,55.7,82.3,59.8,53.2,29.6,0,,,0,0,0,0.0,0,1,87,0,0,0,0,0,0,0.0,
Vincent Rey,5811,LB,CIN,5,2,2.4,77.8,91.5,13.6,10.6,0,0,0,0.0,7,71.2,71.4,79.0,49.2,68.4,77.3,0,10,0.0,0,0,0,81.5,7,108,118,3,7,9,0,32,20,0.3,4.6
Darian Stewart,5820,S,DEN,5,2,6.5,85.7,96.4,12.8,11.0,0,0,0,0.0,10,55.0,64.0,79.9,62.8,79.3,70.5,0,64,12.5,2,0,0,124.1,12,161,167,4,12,14,1,113,42,0.7,9.4
Tramaine Brock Sr.,5903,CB,MIN,1,0,13.7,100.0,100.0,3.7,3.7,0,0,0,0.0,18,38.0,29.8,0.0,,60.0,,0,25,,0,0,1,158.3,3,12,12,0,0,3,1,46,11,4.2,15.3
Chris Maragos,5906,S,PHI,1,0,15.0,100.0,100.0,47.0,47.0,0,0,0,0.0,24,54.2,56.9,76.7,,69.4,40.2,0,16,40.0,2,0,0,118.8,1,53,53,0,3,1,0,16,1,0.3,16.0
Barry Church,5924,S,JAX,6,1,10.5,62.5,95.9,42.4,26.5,0,0,1,12.5,15,69.5,70.0,81.2,67.4,62.4,51.4,1,21,10.0,1,1,0,46.4,5,231,241,2,8,8,0,61,13,0.3,12.2
Frank Zombo,5945,ED,KC,6,0,3.0,50.0,14.4,14.0,7.0,0,0,0,0.0,16,37.4,53.8,82.2,53.6,61.9,52.0,0,13,50.0,1,0,1,70.8,1,15,104,1,1,2,0,13,7,0.9,13.0
Anthony Levine,6013,S,BLT,6,0,8.4,40.0,89.3,34.0,13.6,0,0,0,0.0,3,69.9,73.8,82.1,71.3,66.9,50.2,0,9,33.3,1,0,0,48.8,2,75,84,3,2,5,0,16,3,0.2,8.0
Marcus Sherels,6017,CB,MIN,1,0,,,100.0,,,0,0,0,,18,49.6,48.4,62.9,,,24.8,0,,100.0,1,0,0,0.0,0,1,1,0,0,0,0,0,0,0.0,
Junior Galette,6018,ED,WAS,5,0,,,2.5,,,0,1,0,,32,61.5,66.1,33.3,72.7,46.2,45.6,0,,0.0,0,0,1,0.0,0,2,81,1,1,0,0,0,0,0.0,
Andrew Sendejo,6118,S,MIN,5,3,20.8,75.0,98.0,20.1,15.1,0,0,2,16.7,18,58.1,59.1,83.4,53.6,61.4,76.1,1,38,0.0,0,2,0,109.7,9,194,198,1,16,12,1,188,17,1.0,20.9
Von Miller,6154,ED,DEN,5,0,,,2.4,,,1,0,0,,10,68.3,84.9,15.8,82.0,79.7,80.1,0,,0.0,0,0,5,0.0,0,4,168,8,5,0,0,0,0,0.0,
Patrick Peterson,6157,CB,ARZ,6,0,12.7,35.0,100.0,31.3,11.0,1,1,3,15.0,1,71.4,71.8,86.9,,66.2,66.9,0,18,10.0,1,3,3,65.0,7,231,231,2,9,20,1,82,7,0.4,11.7
Robert Quinn,6166,ED,LA,6,0,,,4.7,,,2,0,0,,26,75.1,57.3,0.0,56.9,64.6,78.4,0,,0.0,0,0,4,0.0,0,7,150,3,2,0,0,0,0,0.0,
Ryan Kerrigan,6168,ED,WAS,5,0,5.0,50.0,13.9,23.0,11.5,0,0,0,0.0,32,68.7,79.0,62.5,76.1,70.2,77.9,1,13,,0,0,1,31.3,1,23,165,4,0,2,0,13,8,0.6,13.0
Corey Liuget,6170,DI,LAC,6,1,,,3.9,,,0,0,0,,27,67.2,73.8,83.0,67.3,62.9,27.3,0,,0.0,0,0,0,0.0,0,5,129,2,2,0,0,0,0,0.0,
Prince Amukamara,6171,CB,CHI,4,0,13.6,44.4,100.0,30.8,13.7,0,0,2,22.2,6,79.8,81.9,83.2,,81.6,61.8,0,14,16.7,1,2,1,92.4,4,131,131,1,5,9,1,35,17,0.3,8.8
Adrian Clayborn,6172,ED,ATL,5,0,,,0.7,,,0,0,0,,2,60.4,70.5,27.3,70.6,67.9,76.1,0,,0.0,0,0,2,0.0,0,1,136,2,1,0,0,0,0,0.0,
Cameron Jordan,6176,ED,NO,5,0,5.5,75.0,5.6,3.3,2.5,0,0,1,25.0,20,78.6,89.8,53.3,82.9,82.4,54.9,1,11,0.0,0,1,2,44.8,3,11,196,7,2,4,0,19,1,1.9,6.3
Jimmy Smith,6179,CB,BLT,6,0,11.0,43.8,99.4,22.9,10.0,0,0,3,18.8,3,77.0,73.7,84.8,60.0,55.0,76.3,1,14,0.0,0,3,2,30.5,7,171,172,1,8,16,0,69,26,0.4,9.9
Muhammad Wilkerson,6182,DI,NYJ,6,0,,,0.6,,,0,0,0,,22,55.1,55.5,45.9,56.7,60.9,52.8,0,,0.0,0,0,2,0.0,0,1,181,1,2,0,0,0,0,0.0,
Cameron Heyward,6183,DI,PIT,6,0,,,2.2,,,0,0,0,,25,58.6,88.0,84.3,74.4,84.4,60.3,0,,0.0,0,0,1,0.0,0,4,184,3,1,0,0,0,0,0.0,
Jabaal Sheard,6189,ED,IND,6,0,12.8,80.0,7.1,3.8,3.0,1,1,0,0.0,14,32.4,68.1,3.8,70.9,80.7,30.0,0,33,50.0,4,0,4,118.8,4,15,212,4,4,5,0,84,24,5.6,21.0
Brooks Reed,6194,ED,ATL,5,0,,,2.4,,,0,0,0,,2,60.8,73.3,85.7,71.8,64.7,35.6,0,,100.0,1,0,0,0.0,0,2,82,3,0,0,0,0,0,0.0,
Marcus Gilchrist,6202,S,HST,6,1,8.6,75.0,96.6,14.6,10.9,0,0,2,16.7,13,66.8,69.9,11.4,66.6,73.3,75.2,1,26,13.3,2,2,1,91.0,9,141,146,3,12,12,1,96,27,0.7,10.7
Stephen Paea,6205,DI,DAL,4,0,6.0,100.0,2.2,2.0,2.0,0,0,0,0.0,9,59.9,45.9,83.0,55.7,40.9,69.0,0,6,0.0,0,0,0,91.7,1,2,90,0,1,1,0,6,0,3.0,6.0
Justin Houston,6222,ED,KC,6,1,5.7,85.7,27.3,9.7,8.3,0,0,0,0.0,16,62.7,78.5,86.7,70.7,78.3,61.7,0,69,0.0,0,0,0,118.8,6,62,227,7,2,7,0,93,50,1.6,15.5
Jurrell Casey,6229,DI,TEN,6,0,,,0.5,,,0,0,0,,31,65.0,71.5,60.3,70.0,65.5,63.2,0,,50.0,2,0,1,0.0,0,1,189,2,2,0,0,0,0,0.0,
Mason Foster,6236,LB,WAS,4,1,6.2,64.7,79.9,9.9,6.4,0,0,0,0.0,32,57.0,59.0,80.5,60.8,60.3,58.3,1,69,9.1,1,0,0,71.9,11,115,144,3,9,17,0,165,95,1.5,15.0
Shareece Wright,6241,CB,BUF,5,3,7.8,71.4,95.8,6.5,4.6,0,0,1,7.1,4,58.7,57.0,80.6,51.2,53.2,70.5,0,16,0.0,0,1,0,86.0,10,69,72,2,9,14,0,82,20,1.3,8.2
Chris Conte,6245,S,TB,5,0,7.9,50.0,98.4,34.0,17.0,1,0,2,20.0,30,64.0,61.3,23.6,54.8,57.1,51.8,0,36,5.9,1,2,3,84.2,5,183,186,1,16,10,0,97,53,0.6,19.4
K.J. Wright,6251,LB,SEA,5,1,6.0,70.8,88.7,10.2,7.3,0,0,1,4.2,29,63.4,63.3,81.1,56.6,61.6,65.8,0,32,8.3,1,1,1,94.6,17,189,213,4,10,24,0,193,106,1.1,11.4
Da'Norris Searcy,6252,S,TEN,6,3,10.5,25.0,98.5,127.0,31.8,0,0,2,50.0,31,66.9,61.5,82.2,57.6,43.4,29.8,1,8,30.8,4,2,0,0.0,1,133,135,1,6,4,0,8,7,0.1,8.0
Sam Acho,6255,ED,CHI,6,1,-1.8,100.0,44.1,7.5,7.5,0,0,0,0.0,6,78.9,69.1,81.3,59.2,60.5,79.3,0,6,0.0,0,0,0,79.2,4,30,68,3,3,4,0,12,19,0.4,3.0
Davon House,6283,CB,GB,3,1,23.3,28.6,100.0,47.0,13.4,2,0,0,0.0,12,60.4,56.3,0.0,,50.5,65.5,0,19,0.0,0,0,2,79.2,2,96,96,1,4,7,1,21,8,0.2,10.5
Buster Skrine,6289,CB,NYJ,6,2,13.2,56.3,95.7,11.8,6.6,0,1,3,9.4,22,71.7,78.8,39.3,60.6,91.5,55.9,1,47,19.0,4,2,3,90.4,18,225,235,5,15,32,2,258,152,1.2,14.3
Jeremy Kerley,6305,WR,NYJ,1,0,,,100.0,,,0,0,0,,22,,60.0,60.0,,,,0,,,0,0,0,0.0,0,1,1,0,0,0,0,0,0,0.0,
Richard Sherman,6306,CB,SEA,5,2,10.2,42.9,98.6,21.6,9.2,3,0,3,14.3,29,65.9,67.5,0.0,56.4,82.9,88.5,0,17,0.0,0,2,6,55.3,9,211,214,0,12,21,0,88,32,0.5,9.8
Pernell McPhee,6317,ED,CHI,6,0,-1.8,100.0,24.1,5.8,5.8,0,0,0,0.0,6,85.9,80.3,82.1,68.8,68.5,66.7,0,5,0.0,0,0,0,80.2,4,26,108,5,3,4,0,13,20,0.6,3.3
Byron Maxwell,6325,CB,MIA,2,1,13.5,63.6,100.0,9.0,5.7,0,0,0,0.0,17,46.4,50.6,78.1,,68.7,52.1,0,24,0.0,0,0,0,97.5,7,68,68,3,7,11,0,112,41,1.8,16.0
Colin Jones,6342,S,CAR,3,0,10.0,100.0,95.3,18.0,18.0,0,0,0,0.0,5,53.8,54.7,77.1,57.1,61.9,41.7,0,11,33.3,1,0,0,131.3,2,41,43,0,2,2,1,12,1,0.3,6.0
Chris Harris Jr.,6457,CB,DEN,5,2,6.9,52.6,96.3,17.1,9.0,0,1,3,15.8,10,77.0,78.4,83.2,51.1,80.2,76.6,1,28,6.7,1,3,1,67.4,10,180,187,4,12,19,1,118,60,0.7,11.8
Josh Bynes,6503,LB,ARZ,4,0,4.5,83.3,84.8,5.0,4.2,0,0,1,16.7,1,59.9,65.4,75.6,79.6,59.3,29.8,0,15,28.6,2,0,0,130.6,5,28,33,3,5,6,1,35,21,1.4,7.0
Nick Bellore,6515,LB,DET,4,0,2.5,100.0,100.0,19.0,19.0,0,0,0,0.0,11,74.7,65.6,78.0,,51.9,80.3,0,4,0.0,0,0,0,79.2,2,40,40,2,2,2,0,6,1,0.2,3.0
Mario Addison,6558,ED,CAR,6,0,4.0,100.0,4.1,6.0,6.0,0,0,0,0.0,5,58.1,52.5,88.0,56.1,47.7,58.0,0,7,25.0,1,0,0,95.8,1,6,148,3,3,1,0,7,3,1.2,7.0
Ron Parker,6625,S,KC,6,2,16.6,81.8,99.2,25.0,20.5,1,1,0,0.0,16,58.1,62.7,81.3,56.7,71.7,65.0,0,42,12.5,2,0,1,140.2,9,244,246,2,12,11,1,114,33,0.5,12.7
Sterling Moore,6871,CB,NO,1,0,13.0,100.0,100.0,8.5,8.5,0,0,0,0.0,20,53.3,47.5,76.9,,37.4,74.8,0,23,0.0,0,0,0,118.8,2,19,19,0,2,2,0,33,7,1.9,16.5
Michael Wilhoite,6989,LB,SEA,4,0,9.5,100.0,81.3,11.5,11.5,0,0,0,0.0,29,61.2,61.9,78.3,56.3,61.2,79.9,0,24,0.0,0,0,0,158.3,2,26,32,3,3,2,1,28,9,1.2,14.0
Craig Robertson,7003,LB,NO,5,1,3.8,66.7,81.0,13.2,8.8,0,0,0,0.0,20,67.6,75.0,81.1,83.6,65.8,75.5,0,23,0.0,0,0,0,123.8,6,85,105,3,2,9,1,63,36,0.8,10.5
Morris Claiborne,7012,CB,NYJ,6,3,14.1,60.0,100.0,12.0,7.2,1,0,3,10.0,22,63.9,68.9,85.0,,84.4,80.6,1,42,4.8,1,2,6,70.0,18,230,230,5,17,30,0,229,46,1.1,12.7
Mark Barron,7013,LB,LA,6,2,4.5,80.0,94.0,8.6,6.9,0,0,0,0.0,26,72.3,70.8,84.2,62.4,62.3,81.0,1,31,4.8,1,0,1,96.9,24,221,235,6,18,30,1,238,177,1.2,9.9
Luke Kuechly,7015,LB,CAR,6,4,2.0,74.2,91.5,8.4,6.3,0,1,1,3.2,5,79.3,83.2,28.3,82.7,73.8,56.0,1,25,20.7,6,1,1,79.0,23,204,223,4,19,31,0,212,179,1.1,9.2
Stephon Gilmore,7016,CB,NE,5,1,13.6,68.4,100.0,15.4,10.5,0,0,1,5.3,19,66.1,62.5,0.0,,57.6,59.1,1,43,6.3,1,1,4,95.3,13,211,211,3,14,19,1,185,41,0.9,14.2
Michael Brockers,7020,DI,LA,6,0,,,1.0,,,0,0,0,,26,75.3,80.3,63.8,59.0,88.9,33.2,0,,,0,0,1,0.0,0,2,192,2,0,0,0,0,0,0.0,
Bruce Irvin,7021,ED,OAK,6,1,3.4,66.7,25.8,7.3,4.9,0,0,1,11.1,23,63.0,64.2,41.1,57.0,72.5,70.7,0,22,25.0,1,1,3,126.9,6,46,178,2,2,9,2,64,35,1.5,10.7
Dre Kirkpatrick,7023,CB,CIN,5,0,8.3,62.5,100.0,13.4,8.4,1,1,1,6.3,7,60.4,60.7,82.7,,58.7,39.1,0,51,20.0,2,0,3,124.2,10,149,149,3,8,16,2,117,47,0.9,11.7
Melvin Ingram III,7024,ED,LAC,6,0,10.0,100.0,5.8,10.0,10.0,1,0,0,0.0,27,60.1,81.1,8.8,90.1,65.3,75.1,0,10,25.0,1,0,5,108.3,1,11,189,9,3,1,0,10,0,1.0,10.0
Chandler Jones,7027,ED,ARZ,6,0,1.0,66.7,8.4,10.5,7.0,0,0,0,0.0,1,60.3,79.9,87.3,81.0,63.6,75.1,0,5,33.3,1,0,0,70.1,2,21,250,9,2,3,0,9,14,0.4,4.5
Dont'a Hightower,7030,ED,NE,4,0,2.7,100.0,48.9,9.4,9.4,0,0,0,0.0,19,53.6,57.0,84.3,60.9,56.2,40.1,0,15,33.3,2,0,0,110.1,7,67,137,3,4,7,0,73,54,1.1,10.4
Whitney Mercilus,7031,ED,HST,5,0,2.3,75.0,16.7,6.3,4.8,0,0,0,0.0,13,68.1,75.8,85.8,66.6,71.7,68.0,0,11,0.0,0,0,0,84.4,3,20,120,1,2,4,0,19,11,1.0,6.3
Nick Perry,7033,ED,GB,5,0,,,2.8,,,1,0,0,,12,65.7,73.5,6.0,75.0,70.0,71.0,0,,0.0,0,0,3,0.0,0,4,141,2,2,0,0,0,0,0.0,
Andre Branch,7042,ED,MIA,5,2,3.0,100.0,7.5,11.0,11.0,0,0,0,0.0,17,66.1,64.8,87.9,63.8,56.3,65.0,0,4,0.0,0,0,0,83.3,1,11,146,3,1,1,0,4,1,0.4,4.0
Jackrabbit Jenkins,7043,CB,NYG,5,0,10.5,54.3,99.6,11.5,6.2,1,1,8,22.9,21,74.8,75.7,84.9,57.7,72.7,54.1,1,40,17.6,3,5,4,64.7,19,233,234,3,14,35,0,246,88,1.1,12.9
Alshon Jeffery,7048,WR,PHI,1,0,,,100.0,,,1,0,0,,24,60.0,60.0,62.9,,,,0,,,0,0,3,0.0,0,1,1,0,0,0,0,0,0,0.0,
Mychal Kendricks,7049,LB,PHI,6,2,4.7,76.5,84.3,8.4,6.4,0,1,3,17.6,24,72.8,71.0,77.0,66.0,59.7,88.1,0,20,0.0,0,3,0,96.2,13,118,140,5,15,17,0,124,60,1.1,9.5
Bobby Wagner,7050,LB,SEA,5,0,9.2,68.4,89.7,13.5,9.3,0,0,2,10.5,29,85.0,90.5,81.3,84.0,80.9,90.3,1,32,0.0,0,2,0,83.2,13,192,214,8,15,19,1,130,50,0.7,10.0
Tavon Wilson,7051,S,DET,5,0,10.7,73.3,92.9,11.9,8.7,0,0,0,0.0,11,48.1,54.9,79.5,68.3,68.6,28.0,1,57,38.5,5,0,1,106.8,11,143,154,4,8,15,1,177,73,1.4,16.1
Zach Brown,7055,LB,WAS,5,7,3.6,82.1,88.8,7.8,6.4,0,0,0,0.0,32,52.8,65.2,27.6,63.2,85.3,74.1,0,28,7.4,2,0,1,131.0,23,191,215,7,18,28,3,192,121,1.1,8.3
Lavonte David,7060,LB,TB,3,3,1.7,91.7,78.0,6.5,6.0,0,0,0,0.0,30,91.8,90.7,80.0,69.5,69.5,61.7,0,29,15.4,2,0,0,91.0,11,78,100,5,8,12,0,70,53,1.0,6.4
Vinny Curry,7061,ED,PHI,6,0,,,2.5,,,0,0,0,,24,69.3,75.9,17.9,65.8,86.7,66.2,0,,50.0,1,0,2,0.0,0,4,157,2,1,0,0,0,0,0.0,
Casey Hayward Jr.,7064,CB,LAC,6,1,13.2,54.8,99.5,12.1,6.6,0,2,5,16.1,27,76.4,73.3,84.9,58.8,55.1,55.4,0,48,6.7,1,5,0,107.5,17,217,218,4,13,31,2,284,76,1.4,16.7
Trumaine Johnson,7067,CB,LA,6,1,13.6,56.4,100.0,9.8,5.5,4,2,4,10.3,26,58.2,58.4,0.0,,70.9,70.9,1,59,9.5,2,3,5,79.0,22,231,231,2,18,39,0,380,117,1.8,17.3
Josh Robinson,7068,S,TB,1,0,,,100.0,,,0,0,0,,30,60.0,60.0,62.9,,,,0,,,0,0,0,0.0,0,1,1,0,0,0,0,0,0,0.0,
Olivier Vernon,7074,ED,NYG,4,0,-2.0,100.0,7.9,9.0,9.0,0,0,0,0.0,21,55.5,63.9,58.2,62.0,65.3,29.2,0,1,100.0,1,0,1,79.2,1,9,114,2,0,1,0,1,3,0.1,1.0
Demario Davis,7079,LB,NYJ,6,3,3.9,79.2,74.2,9.0,7.1,0,0,1,4.2,22,66.3,60.6,82.5,70.0,47.6,70.4,0,19,4.8,1,1,0,91.0,19,178,240,12,17,24,0,140,71,0.8,7.4
Tyrone Crawford,7083,ED,DAL,5,0,,,0.9,,,0,0,0,,9,60.0,71.7,85.1,67.7,66.0,55.6,0,,,0,0,0,0.0,0,1,117,2,0,0,0,0,0,0.0,
Nigel Bradham,7105,LB,PHI,6,1,3.6,69.6,91.4,14.4,10.0,0,1,3,13.0,24,66.0,63.0,5.3,57.8,62.4,41.4,0,29,17.9,5,3,2,100.1,16,246,269,9,22,23,1,141,127,0.6,8.8
Kyle Wilber,7113,LB,DAL,2,0,11.5,100.0,100.0,3.0,3.0,0,0,0,0.0,9,49.5,36.4,69.5,,41.2,74.0,0,24,,0,0,0,118.8,2,6,6,0,0,2,0,29,6,4.8,14.5
Coty Sensabaugh,7115,CB,PIT,1,0,,,100.0,,,0,0,0,,25,,60.0,60.0,,,,0,,,0,0,0,0.0,0,1,1,0,0,0,0,0,0,0.0,
Keenan Robinson,7119,LB,NYG,4,1,6.2,70.0,81.8,8.2,5.8,0,1,2,10.0,21,65.6,58.4,80.4,45.4,51.6,58.7,0,29,7.7,1,2,0,109.4,14,121,148,3,11,20,1,155,98,1.3,11.1
Tahir Whitehead,7135,LB,DET,6,2,7.8,82.4,88.4,11.2,9.2,0,0,0,0.0,11,63.2,70.2,81.9,64.0,72.9,72.4,1,19,6.7,1,0,0,93.6,14,168,190,7,12,17,1,130,56,0.8,9.3
Najee Goode,7137,LB,PHI,4,0,8.0,100.0,95.2,9.5,9.5,0,0,0,0.0,24,43.2,49.1,70.2,62.2,63.1,,0,19,,0,0,0,147.9,2,20,21,0,0,2,1,20,5,1.1,10.0
Korey Toomer,7147,LB,LAC,5,1,5.0,66.7,90.7,11.5,7.7,0,0,1,16.7,27,69.2,66.3,77.0,75.8,57.3,44.7,0,12,28.6,2,1,0,80.6,4,49,54,1,4,6,0,33,12,0.7,8.3
George Iloka,7159,S,CIN,5,1,8.8,66.7,100.0,37.8,25.2,0,0,0,0.0,7,69.5,73.2,80.8,,71.4,64.4,1,72,25.0,2,0,0,70.1,4,167,167,1,5,6,0,97,45,0.6,24.3
Asa Jackson,7161,CB,SF,1,0,,,100.0,,,0,0,0,,28,60.0,60.4,64.5,,,,0,,,0,0,0,0.0,0,1,1,0,0,0,0,0,0,0.0,
Jeremy Lane,7164,CB,SEA,4,0,5.9,77.8,98.7,10.4,8.1,0,0,0,0.0,29,52.6,52.0,81.3,58.3,51.0,81.3,0,14,0.0,0,0,3,96.3,7,77,78,2,6,9,0,64,27,0.9,9.1
Keith Tandy,7166,S,TB,3,0,7.5,50.0,100.0,67.0,33.5,0,0,0,0.0,30,53.6,55.1,78.9,,64.5,66.3,0,4,20.0,1,0,0,56.3,1,71,71,1,4,2,0,4,3,0.1,4.0
Danny Trevathan,7177,LB,CHI,5,5,3.9,81.3,86.4,10.9,8.9,0,0,2,12.5,6,69.5,66.7,22.2,65.9,60.4,78.9,0,25,7.1,1,1,3,96.1,13,152,176,4,8,16,0,113,73,0.8,8.7
Peyton Thompson,7235,S,JAX,3,0,,,87.5,,,0,0,0,,15,62.6,61.2,71.7,60.0,58.5,51.5,0,,,0,0,0,0.0,0,7,8,0,0,0,0,0,0,0.0,
Rodney McLeod,7271,S,PHI,5,0,12.0,50.0,94.2,93.0,46.5,0,0,0,0.0,24,70.7,67.4,83.4,71.6,38.8,43.1,0,50,14.3,1,0,0,95.8,2,195,207,0,6,4,0,62,36,0.3,31.0
Michael Thomas,7279,S,MIA,3,0,12.0,33.3,100.0,8.0,2.7,0,0,0,0.0,17,73.6,78.8,73.3,,70.9,81.2,0,1,0.0,0,0,0,42.4,1,9,9,1,1,3,0,1,3,0.1,1.0
Vontaze Burfict,7280,LB,CIN,2,1,2.5,66.7,94.0,18.8,12.5,0,0,1,16.7,7,77.7,75.8,0.0,65.0,66.2,72.5,0,8,0.0,0,1,1,72.9,4,79,84,6,8,6,0,22,15,0.3,5.5
Tashaun Gipson Sr.,7288,S,JAX,6,1,7.0,50.0,99.2,44.4,22.2,0,1,3,30.0,15,78.0,77.4,53.8,59.3,67.4,90.3,3,15,0.0,0,2,1,24.6,5,242,244,1,13,10,0,49,18,0.2,9.8
L.J. Fort,7292,LB,PIT,1,0,,,100.0,,,0,0,0,,25,60.0,63.6,68.9,,60.0,,0,,,0,0,0,0.0,0,1,1,0,0,0,0,0,0,0.0,
Steven Johnson,7298,LB,PIT,1,0,,,100.0,,,0,0,0,,25,,60.0,60.4,,,,0,,,0,0,0,0.0,0,1,1,0,0,0,0,0,0,0.0,
Robert Golden,7303,S,PIT,2,0,,,100.0,,,0,0,0,,25,60.5,65.8,65.9,,61.6,75.2,0,,,0,0,0,0.0,0,3,3,0,0,0,0,0,0,0.0,
Damon Harrison Sr.,7355,DI,NYG,6,0,,,0.8,,,0,0,0,,21,60.0,90.5,85.6,69.1,90.9,75.1,0,,0.0,0,0,0,0.0,0,1,127,1,1,0,0,0,0,0.0,
Julian Stanford,7372,LB,NYJ,4,0,2.6,100.0,94.1,3.2,3.2,0,0,0,0.0,22,58.6,47.9,75.4,,44.9,31.6,0,19,25.0,1,0,0,90.0,5,16,17,2,3,5,0,28,15,1.8,5.6
Johnson Bademosi,7374,CB,NE,1,0,6.3,100.0,100.0,17.3,17.3,0,0,0,0.0,19,65.4,67.7,78.8,,74.3,79.5,0,16,0.0,0,0,0,118.8,3,53,53,1,4,3,0,39,20,0.8,13.0
Leonard Johnson,7385,CB,BUF,5,0,8.3,68.2,95.5,9.2,6.3,0,0,1,4.5,4,59.0,58.5,81.9,51.5,57.2,86.1,0,21,0.0,0,1,1,82.2,15,147,154,5,11,22,0,123,41,0.9,8.2
Emmanuel Lamur,7561,LB,MIN,3,1,-2.5,100.0,97.1,16.5,16.5,0,0,0,0.0,18,76.4,83.6,76.7,59.9,76.3,77.8,0,5,0.0,0,0,0,79.2,2,33,34,1,1,2,0,5,10,0.2,2.5
Eddie Pleasant,7593,S,HST,6,0,6.9,62.5,89.5,19.2,12.0,0,0,1,12.5,13,69.7,67.0,80.9,55.7,55.1,58.3,0,27,20.0,1,1,2,87.0,5,102,114,1,4,8,0,63,26,0.7,12.6
Harrison Smith,7641,S,MIN,6,2,9.5,37.5,93.3,35.2,13.2,1,0,2,12.5,18,89.8,90.8,83.5,74.8,82.6,85.4,3,12,5.0,1,2,1,6.3,6,224,240,4,17,16,0,35,17,0.2,5.8
Malik Jackson,7647,DI,JAX,6,0,,,2.6,,,0,0,0,,15,58.8,59.8,40.7,62.5,60.1,60.2,0,,100.0,1,0,2,0.0,0,5,190,1,0,0,0,0,0,0.0,
Brandon Marshall,7648,LB,DEN,5,4,5.2,87.5,85.2,6.1,5.4,2,0,1,4.2,10,59.5,62.1,83.1,52.2,67.2,59.7,0,28,9.5,2,1,2,102.4,21,138,162,6,15,24,0,206,136,1.6,9.8
Josh Norman,7649,CB,WAS,4,0,14.1,35.7,100.0,23.8,8.5,0,1,4,28.6,32,71.8,76.5,4.9,,92.1,74.2,0,28,12.5,1,4,1,52.1,5,127,127,1,7,14,0,68,32,0.6,13.6
Justin Bethel,7654,CB,ARZ,6,1,16.9,61.9,100.0,9.1,5.6,0,1,2,4.8,1,53.6,57.3,83.8,,69.0,83.7,1,59,0.0,0,1,0,127.2,26,251,251,4,17,42,6,442,70,1.9,17.0
Neiko Thorpe,7716,CB,SEA,1,0,,,100.0,,,0,0,0,,29,60.0,60.6,64.5,,,,0,,,0,0,0,0.0,0,1,1,0,0,0,0,0,0,0.0,
Barkevious Mingo,7787,ED,IND,6,0,1.7,100.0,33.3,5.7,5.7,0,0,0,0.0,14,63.9,71.3,82.4,62.1,73.5,45.6,0,8,50.0,1,0,0,90.3,3,20,60,1,1,3,0,17,12,1.0,5.7
D.J. Hayden,7793,CB,DET,6,0,10.3,59.1,100.0,7.4,4.4,1,0,3,13.6,11,50.4,53.1,80.4,,63.6,75.7,0,33,0.0,0,2,2,81.6,13,105,105,4,14,22,0,160,82,1.7,12.3
Sheldon Richardson,7794,DI,SEA,5,0,,,1.4,,,1,0,0,,29,79.8,65.4,29.8,64.3,58.3,55.5,1,,66.7,2,0,2,0.0,0,2,148,1,1,0,0,0,0,0.0,
Star Lotulelei,7795,DI,CAR,6,0,,,0.7,,,0,0,0,,5,60.0,63.5,84.1,52.2,70.9,29.6,0,,66.7,2,0,0,0.0,0,1,148,0,1,0,0,0,0,0.0,
Kenny Vaccaro,7796,S,NO,5,1,7.1,71.4,93.6,9.0,6.4,0,0,0,0.0,20,48.7,50.1,47.9,79.8,52.9,51.7,2,37,17.6,3,0,3,92.7,20,191,204,5,13,28,2,249,123,1.4,12.5
Eric Reid,7799,S,SF,3,1,5.3,80.0,90.1,7.5,6.0,0,0,0,0.0,28,56.0,56.7,0.0,51.4,67.9,62.8,0,17,0.0,0,0,1,87.9,8,64,71,3,5,10,0,51,14,0.9,6.4
Desmond Trufant,7803,CB,ATL,5,0,12.8,54.5,100.0,16.8,9.2,0,1,4,18.2,2,76.0,77.4,84.1,,75.6,83.9,1,19,0.0,0,3,2,92.0,12,220,220,1,9,22,3,126,41,0.6,10.5
Xavier Rhodes,7806,CB,MIN,6,0,12.3,51.6,100.0,12.3,6.3,2,1,3,9.7,18,68.3,69.1,33.3,,75.4,85.8,1,26,0.0,0,2,4,52.4,16,209,209,1,15,31,0,154,37,0.8,9.6
DeAndre Hopkins,7808,WR,HST,1,0,,,100.0,,,0,0,0,,13,60.0,60.0,62.9,,,,0,,,0,0,2,0.0,0,1,1,0,0,0,0,0,0,0.0,
Alec Ogletree,7811,LB,LA,6,2,4.6,82.1,86.1,8.3,6.9,0,0,1,3.6,26,33.5,44.1,42.7,90.8,50.8,49.1,0,34,25.0,5,1,1,113.1,23,205,238,7,13,28,1,232,153,1.2,10.1
Johnathan Cyprien,7814,S,TEN,1,1,3.4,100.0,94.6,6.4,6.4,0,0,0,0.0,31,30.1,33.9,73.9,60.0,68.7,34.6,0,25,50.0,1,0,0,118.8,5,35,37,0,0,5,0,100,83,3.1,20.0
Darius Slay,7817,CB,DET,6,1,14.2,63.2,100.0,9.2,5.8,0,1,4,10.5,11,73.1,71.9,84.8,,58.0,74.4,3,33,0.0,0,4,1,78.4,24,236,236,5,20,38,3,276,68,1.3,11.5
Manti Te'o,7819,LB,NO,5,0,5.1,71.4,87.5,6.8,4.9,0,0,1,14.3,20,52.9,65.4,77.1,61.0,71.5,72.8,0,35,0.0,0,1,0,103.3,5,35,40,1,3,7,0,70,52,2.1,14.0
Johnthan Banks,7824,CB,HST,3,1,16.2,77.8,100.0,8.0,6.2,0,0,0,0.0,13,50.8,53.6,80.3,,68.5,82.4,0,44,0.0,0,0,1,155.8,7,60,60,2,8,9,1,128,27,2.3,18.3
Kevin Minter,7826,LB,CIN,5,0,2.7,66.7,92.7,16.5,11.0,0,0,0,0.0,7,65.6,81.9,78.1,56.2,81.5,79.6,0,24,0.0,0,0,0,95.1,2,38,41,0,1,3,0,27,11,0.8,13.5
Kiko Alonso,7827,LB,MIA,5,3,4.3,75.0,93.8,8.2,6.2,0,0,2,7.1,17,61.9,68.1,78.4,83.1,67.5,70.6,0,24,12.0,3,2,0,107.3,21,183,195,7,19,28,1,207,121,1.2,9.9
Johnathan Hankins,7830,DI,IND,6,0,,,0.8,,,0,0,0,,14,60.1,75.9,34.5,64.1,80.2,74.4,0,,0.0,0,0,3,0.0,0,1,125,1,1,0,0,0,0,0.0,
Jon Bostic,7831,LB,IND,6,1,6.0,89.7,87.0,8.0,7.1,0,1,0,0.0,14,43.1,47.7,81.9,50.6,59.6,69.8,0,39,4.5,1,0,0,130.0,26,221,254,6,20,29,2,281,131,1.4,10.8
David Amerson,7832,CB,OAK,5,1,11.7,70.8,100.0,8.7,6.2,0,0,3,12.5,23,52.1,55.2,82.4,,67.7,70.3,0,52,6.7,1,3,0,145.8,17,152,152,2,13,24,3,260,64,1.8,15.3
Jamie Collins Sr.,7833,LB,CLV,3,2,1.3,78.6,64.6,5.5,4.3,0,1,1,7.1,8,45.0,38.6,81.9,45.3,42.4,29.7,0,16,33.3,4,1,0,92.3,11,62,96,1,6,14,0,86,78,1.4,7.8
Margus Hunt,7834,DI,IND,6,1,,,0.9,,,0,0,0,,14,60.0,66.6,18.5,68.3,66.5,72.8,0,,0.0,0,0,2,0.0,0,1,111,1,0,0,0,0,0,0.0,
Jamar Taylor,7835,CB,CLV,6,3,9.8,75.8,97.1,7.8,5.9,0,1,4,12.1,8,56.1,61.7,84.7,50.6,80.3,74.6,0,61,7.4,2,3,1,143.9,25,203,209,7,22,33,3,383,204,2.0,15.3
D.J. Swearinger Sr.,7838,S,WAS,5,1,9.5,76.9,97.2,19.8,15.2,1,1,2,15.4,32,58.9,60.8,0.0,65.1,73.1,52.3,0,58,8.3,1,2,2,141.5,10,208,214,3,10,13,1,155,51,0.8,15.5
Robert Alford,7841,CB,ATL,5,0,10.2,57.6,100.0,10.8,6.2,0,1,4,12.1,2,57.6,60.2,85.0,,70.8,56.7,0,33,15.8,3,4,3,88.2,19,223,223,4,16,33,1,222,68,1.1,11.7
Tyrann Mathieu,7850,CB,ARZ,6,0,11.2,63.3,92.9,11.6,7.4,0,0,1,3.3,1,58.1,61.7,83.7,65.1,68.1,63.0,1,53,4.8,1,0,0,75.6,19,235,253,5,20,30,0,249,87,1.1,13.1
Blidi Wreh-Wilson,7851,CB,ATL,1,0,,,100.0,,,0,0,0,,2,60.0,60.1,64.4,,,,0,,,0,0,0,0.0,0,1,1,0,0,0,0,0,0,0.0,
Keenan Allen,7857,WR,LAC,1,0,,,100.0,,,2,0,0,,27,60.0,60.0,62.6,,,,0,,,0,0,4,0.0,0,1,1,0,0,0,0,0,0,0.0,
J.J. Wilcox,7861,S,PIT,5,2,0.5,100.0,100.0,21.5,21.5,0,0,0,0.0,25,56.4,46.6,0.0,,36.5,29.0,1,8,22.2,2,0,1,49.0,4,90,90,1,5,4,0,21,19,0.2,5.3
Logan Ryan,7864,CB,TEN,6,1,9.2,61.5,94.7,13.9,8.5,0,1,4,15.4,31,71.2,74.7,39.5,70.1,83.6,71.9,0,35,15.0,3,3,1,111.2,16,233,246,5,16,26,2,201,58,0.9,12.6
Shawn Williams,7865,S,CIN,4,1,2.6,80.0,94.0,29.0,23.2,0,0,0,0.0,7,61.0,65.8,80.7,61.0,73.1,70.8,0,23,14.3,1,0,0,97.5,4,126,134,3,5,5,0,37,26,0.3,9.3
Kayvon Webster,7871,CB,LA,4,1,9.2,61.1,100.0,12.5,7.6,0,1,2,11.1,26,72.0,72.1,82.4,,65.3,56.4,0,32,0.0,0,2,2,97.2,11,146,146,4,8,18,1,111,20,0.8,10.1
Duron Harmon,7872,S,NE,6,1,5.3,75.0,99.6,72.7,54.5,0,2,2,50.0,19,70.6,69.4,83.5,58.4,54.2,66.5,1,12,0.0,0,2,0,45.8,3,229,230,0,8,4,0,20,13,0.1,6.7
Brandon Williams,7875,DI,BLT,2,0,,,3.2,,,0,0,0,,3,59.7,88.4,78.5,81.6,78.1,69.2,0,,,0,0,0,0.0,0,1,31,0,0,0,0,0,0,0.0,
Alex Okafor,7885,ED,NO,5,1,,,3.6,,,0,0,0,,20,68.8,75.3,63.0,69.3,70.7,78.8,0,,0.0,0,0,1,0.0,0,6,167,5,4,0,0,0,0,0.0,
John Simon,7911,ED,IND,6,2,5.1,57.1,30.0,16.5,9.4,0,0,0,0.0,14,85.8,80.6,86.2,65.2,73.4,66.2,1,27,0.0,0,0,0,31.5,4,67,223,6,7,7,0,36,15,0.5,9.0
Steven Means,7929,ED,PHI,3,0,,,12.5,,,0,0,0,,24,60.0,54.1,73.4,53.0,,,0,,,0,0,0,0.0,0,1,8,0,0,0,0,0,0,0.0,
A.J. Klein,7930,LB,NO,5,3,2.7,86.4,75.9,8.1,7.0,0,2,1,4.5,20,43.2,44.2,86.3,54.8,51.0,53.4,0,25,20.0,3,1,0,97.7,19,164,216,4,9,22,0,164,119,1.1,8.6
Micah Hyde,7941,S,BUF,5,2,14.5,60.0,97.7,22.6,13.5,0,0,1,6.7,4,83.2,85.8,30.9,51.6,81.6,83.6,4,29,7.7,1,1,1,65.0,9,215,220,2,10,15,1,109,34,0.5,12.1
Cornelius Washington,7969,ED,DET,5,0,-4.0,100.0,2.1,1.0,1.0,0,0,0,0.0,11,57.0,63.0,85.7,69.1,53.3,49.2,0,21,,0,0,0,118.8,1,2,95,0,0,1,0,21,25,21.0,21.0
Nate Palmer,7974,LB,TEN,3,0,,,42.9,,,0,0,0,,31,62.2,66.6,74.8,54.4,66.8,73.9,0,,,0,0,0,0.0,0,3,7,0,0,0,0,0,0,0.0,
Vince Williams,7988,LB,PIT,6,0,2.5,50.0,77.3,16.0,8.0,0,0,0,0.0,25,46.6,60.8,81.6,81.4,62.8,48.5,0,21,50.0,2,0,0,68.8,6,102,132,5,2,12,0,72,70,0.8,12.0
Tommy Bohanon,7997,FB,JAX,1,0,5.0,100.0,100.0,1.0,1.0,0,0,0,0.0,15,52.2,37.1,60.0,,,,0,31,,0,0,0,118.8,1,1,1,0,0,1,0,31,26,31.0,31.0
Jordan Poyer,8000,S,BUF,5,4,8.2,84.6,94.5,17.9,15.2,0,1,4,30.8,4,87.9,87.1,81.7,69.2,64.1,68.8,2,23,5.9,1,4,0,63.3,11,208,220,5,12,13,0,113,42,0.6,10.3
David Bass,8016,ED,NYJ,6,0,-2.0,100.0,8.2,7.0,7.0,0,0,0,0.0,22,46.9,65.8,51.6,66.7,67.7,67.0,0,5,25.0,1,0,1,87.5,1,8,98,3,3,1,0,5,7,0.7,5.0
Kemal Ishmael,8026,S,ATL,1,0,,,100.0,,,0,0,0,,2,61.3,65.8,67.9,,60.0,,0,,,0,0,0,0.0,0,2,2,0,0,0,0,0,0,0.0,
Marcus Cooper,8035,CB,CHI,4,0,17.1,47.6,100.0,10.8,5.1,0,1,5,23.8,6,54.2,56.2,81.0,,63.2,83.8,0,58,0.0,0,4,2,102.1,10,114,114,2,9,21,2,144,47,1.3,14.4
Ezekiel Ansah,8094,ED,DET,6,0,19.0,100.0,3.1,4.0,4.0,0,0,0,0.0,11,50.0,73.4,87.5,73.4,65.5,77.5,0,24,0.0,0,0,0,118.8,1,4,128,4,1,1,0,24,5,6.0,24.0
Rontez Miles,8102,S,NYJ,3,0,-1.5,100.0,82.6,9.0,9.0,0,0,0,0.0,22,45.7,40.6,76.1,52.7,,25.6,0,13,50.0,1,0,0,97.9,2,19,23,1,1,2,0,15,18,0.8,7.5
A.J. Bouye,8110,CB,JAX,6,1,17.1,36.8,100.0,15.9,5.9,0,1,7,18.4,15,79.9,79.6,85.0,,69.0,72.4,2,42,0.0,0,6,4,34.3,14,243,243,2,16,38,0,214,26,1.0,15.3
Jahleel Addae,8117,S,LAC,6,6,4.1,68.2,98.2,13.5,9.2,0,0,3,13.6,27,65.4,66.8,81.1,41.5,67.3,45.6,0,19,21.4,6,2,1,76.9,15,214,218,4,16,22,0,95,72,0.5,6.3
Josh Martin,8138,ED,NYJ,4,0,1.0,100.0,10.4,5.0,5.0,0,0,0,0.0,22,59.3,49.4,79.9,50.6,51.5,27.3,0,39,66.7,2,0,0,118.8,1,5,48,1,1,1,0,39,38,7.8,39.0
Paul Worrilow,8141,LB,DET,3,0,9.0,57.1,92.3,8.8,5.0,0,0,1,14.3,11,55.1,55.5,73.6,73.8,53.4,79.8,0,38,0.0,0,1,0,87.2,4,36,39,0,4,7,0,63,23,1.8,15.8
Marcus Burley,8142,CB,HST,2,0,13.5,75.0,100.0,9.3,7.0,0,0,0,0.0,13,62.9,57.7,0.0,,61.8,27.0,0,12,50.0,1,0,1,90.6,3,28,28,1,1,4,0,25,9,0.9,8.3
Lerentee McCray,8159,ED,JAX,1,0,,,25.0,,,0,0,0,,15,60.0,79.6,73.4,78.5,61.3,72.4,0,,,0,0,0,0.0,0,1,4,1,0,0,0,0,0,0.0,
Abry Jones,8177,DI,JAX,6,0,,,1.0,,,0,0,0,,15,72.1,71.5,84.0,61.4,65.7,54.2,0,,0.0,0,0,0,0.0,0,1,97,1,2,0,0,0,0,0.0,
Benson Mayowa,8196,ED,DAL,5,0,,,1.0,,,0,0,0,,9,60.0,65.1,53.9,67.4,59.3,75.2,0,,100.0,1,0,1,0.0,0,1,102,0,0,0,0,0,0,0.0,
Bradley McDougald,8220,S,SEA,4,0,3.0,100.0,100.0,7.0,7.0,0,0,0,0.0,29,66.3,58.1,73.0,,49.9,77.7,0,7,0.0,0,0,0,95.8,1,7,7,1,1,1,0,7,4,1.0,7.0
Ray-Ray Armstrong,8271,LB,SF,6,1,4.2,79.2,94.1,8.5,6.8,0,0,0,0.0,28,57.3,57.3,0.0,66.8,64.4,37.4,2,51,35.3,6,0,4,103.8,19,176,187,5,10,24,2,254,188,1.6,13.4
Will Compton,8308,LB,WAS,2,0,,,100.0,,,0,0,0,,32,68.0,84.0,68.8,,69.9,71.7,0,,,0,0,0,0.0,0,2,2,0,0,0,0,0,0,0.0,
Rashaan Melvin,8334,CB,IND,6,2,9.9,56.8,100.0,9.2,5.2,1,1,10,22.7,14,75.5,77.5,84.5,,77.3,88.0,2,26,0.0,0,9,3,70.4,25,246,246,3,19,44,2,261,64,1.1,10.4
Tony Jefferson,8361,S,BLT,6,1,14.8,75.0,95.9,21.8,16.3,0,0,1,8.3,3,57.5,60.4,37.8,72.9,64.4,80.9,0,27,10.0,1,0,1,143.8,9,210,219,5,8,12,4,114,28,0.6,12.7
Jeff Heath,8396,S,DAL,5,1,5.3,80.0,98.5,15.6,12.5,0,1,1,6.7,9,60.0,60.1,86.2,54.8,58.9,69.2,0,29,6.7,1,1,0,121.7,12,199,202,2,13,15,1,118,65,0.6,9.8
Cody Davis,8458,S,LA,6,0,11.9,28.6,98.2,75.0,21.4,0,1,2,28.6,26,83.0,75.6,82.1,86.0,37.1,28.0,1,14,12.5,1,1,0,1.2,2,162,165,2,7,7,0,23,18,0.2,11.5
Nickell Robey-Coleman,8483,CB,LA,6,0,7.3,65.2,100.0,11.7,7.7,0,1,2,8.7,26,79.8,78.3,83.2,,61.6,49.6,2,50,12.5,2,2,2,48.1,15,190,190,7,14,23,0,154,55,0.9,10.3
Wes Horton,8484,ED,CAR,6,0,,,6.0,,,0,0,0,,5,60.8,64.4,85.1,68.3,51.5,74.8,0,,0.0,0,0,0,0.0,0,5,84,1,1,0,0,0,0,0.0,
Terence Garvin,8515,LB,SEA,1,0,-3.0,100.0,80.0,11.0,11.0,0,0,0,0.0,29,65.9,72.4,76.9,75.4,64.3,74.8,0,12,,0,0,0,116.7,1,16,20,1,0,1,0,12,15,1.1,12.0
Jadeveon Clowney,8636,ED,HST,6,0,0.5,100.0,4.7,4.5,4.5,0,0,0,0.0,13,58.2,55.9,8.1,69.0,49.1,58.8,0,12,25.0,1,0,4,102.1,2,9,191,5,3,2,0,17,16,1.9,8.5
Khalil Mack,8640,ED,OAK,6,1,-3.5,100.0,2.8,2.5,2.5,0,0,0,0.0,23,63.3,90.0,49.9,77.1,90.8,83.6,0,12,0.0,0,0,2,97.9,2,5,177,5,2,2,0,15,22,3.0,7.5
Anthony Barr,8644,LB,MIN,6,0,2.4,90.9,81.5,8.1,7.3,1,2,1,4.5,18,74.0,75.5,1.4,78.2,69.4,83.5,0,15,5.9,1,1,2,106.4,20,172,211,9,16,22,1,130,89,0.8,6.5
Aaron Donald,8648,DI,LA,5,0,,,0.5,,,0,0,0,,26,67.2,92.4,60.8,91.6,84.7,63.0,0,,50.0,1,0,2,0.0,0,1,186,3,1,0,0,0,0,0.0,
Kyle Fuller,8649,CB,CHI,6,1,12.9,52.9,100.0,7.7,4.1,0,2,8,15.7,6,61.0,62.5,83.9,,65.2,44.6,0,26,17.9,5,6,1,78.1,27,221,221,6,22,51,1,310,109,1.5,11.5
Ryan Shazier,8650,LB,PIT,6,2,5.2,78.1,86.6,7.4,5.8,0,2,4,12.5,25,81.1,82.1,41.1,67.1,74.3,50.4,2,31,16.7,5,4,1,73.4,25,194,224,8,23,32,0,252,141,1.4,10.1
C.J. Mosley,8652,LB,BLT,6,2,4.9,84.0,87.8,8.6,7.2,0,0,0,0.0,3,68.5,64.8,38.9,58.4,60.5,78.6,1,39,4.0,1,0,1,116.5,21,194,221,9,22,25,2,239,127,1.3,11.4
Ha Ha Clinton-Dix,8656,S,GB,6,1,8.6,50.0,99.1,40.4,20.2,0,0,3,30.0,12,60.4,63.7,86.6,68.7,66.3,72.9,1,49,13.6,3,3,1,38.3,5,214,216,1,18,10,0,82,38,0.4,16.4
Dee Ford,8658,ED,KC,4,0,20.7,0.0,20.9,,8.7,0,0,1,33.3,16,69.7,58.5,23.8,54.7,64.0,66.4,0,,0.0,0,1,2,39.6,0,28,134,3,2,3,0,0,0,0.0,
Darqueze Dennard,8659,CB,CIN,5,2,5.2,56.5,98.4,12.5,7.1,0,1,2,8.7,7,73.4,77.9,82.5,59.5,88.8,78.8,0,48,6.7,1,2,1,86.0,13,179,182,6,12,23,1,123,93,0.8,9.5
Jason Verrett,8660,CB,LAC,1,0,3.3,25.0,100.0,35.0,8.8,0,0,0,0.0,27,53.4,46.9,77.2,,34.1,27.1,0,4,,0,0,0,39.6,1,35,35,0,0,4,0,4,0,0.1,4.0
Marcus Smith,8661,ED,SEA,4,0,,,1.6,,,0,0,0,,29,60.0,61.1,83.6,51.8,71.5,75.1,0,,,0,0,0,0.0,0,1,63,2,0,0,0,0,0,0.0,
Deone Bucannon,8662,LB,ARZ,3,2,3.2,72.2,82.9,6.7,4.8,0,0,0,0.0,1,47.5,38.9,6.7,57.2,41.6,60.2,0,25,0.0,0,0,2,112.0,13,92,111,3,10,18,1,135,103,1.6,10.4
Jimmie Ward,8665,S,SF,5,1,19.7,66.7,99.0,46.8,31.2,0,1,1,16.7,28,50.4,51.7,26.4,80.8,62.4,74.3,0,63,0.0,0,1,2,109.7,4,203,205,1,13,6,0,90,25,0.5,22.5
Bradley Roby,8666,CB,DEN,5,1,10.9,59.3,100.0,9.2,5.4,0,0,5,18.5,10,71.6,72.5,83.4,,69.3,66.5,1,38,6.7,1,4,2,86.0,16,156,156,3,13,27,2,164,24,1.1,10.3
Demarcus Lawrence,8669,ED,DAL,5,1,,,0.6,,,0,1,0,,9,64.5,87.9,20.6,90.2,64.9,72.8,0,,0.0,0,0,3,0.0,0,1,163,11,2,0,0,0,0,0.0,
Marqise Lee,8674,WR,JAX,1,0,,,100.0,,,0,0,0,,15,60.7,70.2,60.0,,,,0,,,0,0,2,0.0,0,1,1,0,0,0,0,0,0,0.0,
Kyle Van Noy,8675,LB,NE,6,3,3.3,87.5,74.0,8.8,7.7,0,0,0,0.0,19,51.8,51.6,85.1,58.9,51.6,62.3,0,34,10.5,2,0,1,119.3,21,196,265,7,14,24,1,223,176,1.2,10.6
Lamarcus Joyner,8676,S,LA,3,1,8.1,57.1,100.0,15.0,8.6,0,0,3,42.9,26,91.3,92.0,78.2,,78.8,88.0,1,21,0.0,0,1,0,39.9,4,63,63,3,8,7,0,50,37,0.8,12.5
Stephon Tuitt,8681,DI,PIT,4,1,,,1.1,,,0,0,0,,25,63.1,82.5,82.9,81.9,64.5,30.1,0,,0.0,0,0,0,0.0,0,1,94,0,0,0,0,0,0,0.0,
Timmy Jernigan,8683,DI,PHI,6,0,5.0,100.0,0.6,1.0,1.0,0,0,0,0.0,24,60.0,87.8,83.3,65.5,91.5,73.2,0,12,0.0,0,0,0,116.7,1,1,173,2,1,1,0,12,7,12.0,12.0
Kony Ealy,8695,ED,NYJ,5,0,,,0.8,,,0,0,0,,22,60.0,75.8,87.0,78.8,56.3,28.2,1,,100.0,1,0,0,0.0,0,1,123,0,0,0,0,0,0,0.0,
Christian Kirksey,8706,LB,CLV,6,2,1.7,84.8,69.2,5.1,4.4,0,0,1,3.0,8,41.1,51.0,40.9,48.1,74.3,70.4,0,18,11.1,3,1,3,111.4,28,148,214,10,22,33,2,194,147,1.3,6.9
Preston Brown,8708,LB,BUF,5,4,5.6,82.4,90.5,13.5,11.1,0,0,0,0.0,4,54.4,59.6,84.2,54.9,68.0,77.6,0,21,0.0,0,0,0,105.9,14,199,220,3,11,17,0,160,67,0.8,11.4
Jay Bromley,8709,DI,NYG,6,0,,,3.7,,,0,1,0,,21,46.2,58.5,82.2,61.6,57.7,71.4,0,,0.0,0,0,0,0.0,0,4,107,2,2,0,0,0,0,0.0,
Terrence Brooks,8714,S,NYJ,5,0,16.0,0.0,89.5,,16.7,0,0,1,33.3,22,81.6,87.9,82.7,67.7,61.1,83.0,2,,0.0,0,1,0,0.0,0,51,57,1,3,3,0,0,0,0.0,
Dexter McDougle,8715,CB,PHI,2,0,10.0,0.0,100.0,,4.0,0,0,0,0.0,24,47.1,46.9,71.2,,,,0,,,0,0,0,39.6,0,4,4,0,0,1,0,0,0,0.0,
Kareem Martin,8719,ED,ARZ,6,0,0.0,100.0,17.9,7.0,7.0,0,0,0,0.0,1,88.1,68.9,80.5,55.3,60.3,78.4,0,1,0.0,0,0,0,79.2,1,7,39,2,2,1,0,1,1,0.1,1.0
Phillip Gaines,8722,CB,KC,6,1,14.6,68.0,100.0,10.5,7.2,3,1,1,4.0,16,36.9,38.6,22.2,,60.3,56.7,0,51,15.4,2,0,7,133.9,17,196,196,0,10,25,2,291,107,1.6,17.1
Jaylen Watkins,8736,CB,PHI,2,0,14.5,66.7,100.0,5.8,3.8,0,0,0,0.0,24,41.6,43.3,75.4,,60.0,44.8,0,28,20.0,1,0,0,96.5,4,24,24,1,4,6,0,56,29,2.4,14.0
Bashaud Breeland,8737,CB,WAS,5,0,9.9,60.0,99.5,14.2,8.5,2,3,4,20.0,32,61.1,55.4,0.0,58.7,44.4,46.8,0,30,14.3,2,4,6,93.1,12,181,182,3,12,20,1,117,64,0.7,9.8
Justin Ellis,8742,DI,OAK,6,0,,,6.5,,,0,0,0,,23,52.8,71.2,84.1,64.9,70.1,58.9,0,,,0,0,0,0.0,0,4,62,1,0,0,0,0,0,0.0,
Cassius Marsh,8743,ED,NE,6,0,12.3,50.0,22.3,15.5,7.8,1,0,0,0.0,19,31.0,48.4,21.4,59.1,65.0,26.8,0,78,60.0,3,0,2,135.4,2,31,139,2,2,4,1,89,53,2.9,44.5
Ross Cockrell,8744,CB,NYG,4,1,15.6,57.1,96.2,9.0,5.1,0,0,3,21.4,21,73.3,67.0,80.3,54.7,40.9,28.0,0,33,25.0,2,2,0,79.5,8,76,79,4,5,14,0,100,47,1.4,12.5
Maurice Alexander,8745,S,LA,4,0,3.5,75.0,96.7,18.2,13.6,0,0,1,12.5,26,47.8,49.7,78.5,75.7,55.8,42.9,0,28,28.6,2,1,0,147.9,6,118,122,1,5,8,1,84,67,0.8,14.0
Aaron Colvin,8749,CB,JAX,6,1,6.6,74.2,93.5,7.5,5.5,0,0,0,0.0,15,69.3,63.3,83.2,49.9,33.5,52.9,0,22,15.8,3,0,0,88.6,23,187,200,8,15,31,0,184,79,1.1,8.0
Keith McGill,8751,S,OAK,2,0,5.0,50.0,100.0,12.0,6.0,0,0,0,0.0,23,63.3,64.4,74.1,,61.5,73.0,0,6,0.0,0,0,0,56.3,1,12,12,1,1,2,0,6,8,0.5,6.0
Anthony Hitchens,8754,LB,DAL,1,0,1.2,100.0,84.4,5.2,5.2,0,0,1,20.0,9,64.1,62.1,0.0,52.0,71.8,46.2,0,14,33.3,1,1,1,100.0,5,27,32,1,2,5,0,40,34,1.5,8.0
Pierre Desir,8762,CB,IND,3,2,14.4,33.3,97.8,26.0,8.7,0,0,1,11.1,14,53.4,57.4,80.9,72.7,68.8,79.9,0,38,0.0,0,1,1,54.4,3,87,89,0,2,9,0,53,21,0.7,17.7
Tre Boston,8763,S,LAC,6,3,15.8,25.0,100.0,207.0,51.8,0,0,0,0.0,27,74.3,70.8,33.7,,56.5,70.9,1,5,0.0,0,0,1,39.6,1,219,219,2,13,4,1,5,0,0.0,5.0
Dontae Johnson,8764,CB,SF,6,3,15.3,60.6,100.0,11.3,6.8,0,0,3,9.1,28,57.2,54.3,84.9,,40.5,71.2,0,47,0.0,0,3,2,117.4,20,247,247,1,21,33,2,353,52,1.6,17.7
Kevin Pierre-Louis,8767,LB,KC,5,0,,,88.6,,,0,0,0,,16,70.0,66.3,76.2,63.4,52.6,80.7,0,,0.0,0,0,0,0.0,0,39,44,1,4,0,0,0,0,0.0,
Nevin Lawson,8768,CB,DET,6,0,9.0,66.7,96.9,8.6,5.7,0,0,5,23.8,11,51.2,55.6,80.1,74.9,63.8,53.9,0,24,22.2,2,3,3,91.2,14,127,131,2,7,21,0,169,70,1.4,12.1
Telvin Smith Sr.,8779,LB,JAX,6,1,4.2,81.5,94.3,9.8,8.0,0,0,1,3.7,15,78.3,80.5,40.2,55.2,78.2,56.3,2,27,19.0,4,1,1,77.8,22,233,247,7,16,27,1,192,117,0.9,8.7
Ricardo Allen,8782,S,ATL,4,0,3.8,66.7,100.0,42.0,28.0,1,0,0,0.0,2,62.1,66.7,81.1,,75.5,46.8,0,10,33.3,5,0,1,71.5,4,180,180,2,10,6,0,20,14,0.1,5.0
Aaron Lynch,8785,ED,SF,5,0,6.0,100.0,5.3,4.0,4.0,0,0,0,0.0,28,56.1,63.2,0.0,71.0,72.6,28.0,0,10,,0,0,3,108.3,1,4,76,1,0,1,0,10,4,2.5,10.0
Avery Williamson,8786,LB,TEN,6,2,5.3,84.6,80.9,10.0,8.5,0,0,0,0.0,31,56.1,67.8,80.0,51.1,77.8,57.2,0,20,28.6,4,0,0,130.4,11,114,141,1,8,13,1,119,58,1.1,10.8
Nat Berhe,8787,S,NYG,4,1,14.5,50.0,75.0,13.0,6.5,0,0,0,0.0,21,49.7,40.9,73.3,53.1,45.1,29.3,0,24,0.0,0,0,0,93.8,1,15,20,0,1,2,0,24,6,1.8,24.0
Jeremiah George,8789,LB,IND,5,1,1.6,85.7,83.7,6.7,5.7,0,0,0,0.0,14,73.6,82.6,76.7,69.0,79.2,64.0,0,23,12.5,1,0,0,91.1,6,41,49,4,6,7,0,41,33,1.0,6.8
Devon Kennard,8809,ED,NYG,6,0,9.7,66.7,37.7,27.0,18.0,0,0,0,0.0,21,74.0,71.4,85.4,56.6,70.8,44.6,0,11,33.3,2,0,0,86.8,2,57,151,5,4,3,0,21,10,0.4,10.5
Kenneth Acker,8815,CB,KC,2,0,,,100.0,,,0,0,0,,16,62.8,63.9,67.9,,60.0,75.2,0,,,0,0,0,0.0,0,3,3,0,0,0,0,0,0,0.0,
E.J. Gaines,8823,CB,BUF,4,0,8.7,47.8,100.0,12.7,6.1,1,0,4,17.4,4,73.5,73.9,83.7,,68.1,51.4,1,20,12.5,2,4,2,41.0,11,148,148,6,14,23,0,95,29,0.7,8.6
Marquis Flowers,8846,LB,NE,2,0,-5.0,100.0,76.9,9.0,9.0,0,0,0,0.0,19,76.4,61.0,72.2,56.5,46.0,70.5,0,0,0.0,0,0,0,79.2,1,10,13,1,1,1,0,0,5,0.0,0.0
Andre Hal,8850,S,HST,6,0,14.9,53.8,97.6,27.4,14.8,0,0,2,15.4,13,65.8,66.9,78.9,53.0,65.2,50.6,2,47,27.3,3,2,0,88.0,7,204,209,0,8,13,2,128,44,0.7,18.3
T.J. Carrie,8853,CB,OAK,6,0,7.0,74.2,96.1,8.3,6.1,0,0,4,12.9,23,80.0,77.7,83.1,71.8,61.3,87.3,0,30,4.3,1,4,0,88.5,23,196,204,10,22,31,0,183,121,1.0,8.0
Corey Nelson,8876,LB,DEN,5,1,-0.3,100.0,80.0,8.0,8.0,0,0,0,0.0,10,60.9,63.4,75.9,52.2,68.8,77.8,0,7,0.0,0,0,0,95.8,3,24,30,1,1,3,0,21,22,0.9,7.0
Terrance Mitchell,8888,CB,KC,6,0,16.8,51.9,100.0,8.3,4.3,1,3,7,13.5,16,59.8,60.9,39.1,,69.0,81.5,2,54,4.3,1,7,5,88.8,27,243,243,1,22,52,3,502,87,2.2,18.6
Brock Coyle,8929,LB,SF,4,0,-0.2,80.0,87.9,12.3,9.8,0,0,0,0.0,28,35.5,29.9,77.5,59.7,35.5,51.0,0,23,20.0,1,0,0,118.8,4,51,58,1,4,5,0,64,69,1.3,16.0
Kerry Wynn,8938,ED,NYG,6,0,,,3.5,,,0,0,0,,21,51.0,58.5,84.4,54.3,65.7,75.5,0,,0.0,0,0,0,0.0,0,3,85,2,1,0,0,0,0,0.0,
Jamie Meder,8940,DI,CLV,6,0,,,4.6,,,0,0,0,,8,57.0,60.6,1.8,58.8,71.6,74.4,0,,,0,0,2,0.0,0,3,65,0,0,0,0,0,0,0.0,
Denico Autry,8982,DI,OAK,6,0,,,3.7,,,0,0,0,,23,67.1,76.8,83.5,64.1,75.9,76.4,0,,50.0,1,0,0,0.0,0,4,108,2,1,0,0,0,0,0.0,
Shaquil Barrett,9000,ED,DEN,5,0,4.5,50.0,14.9,13.0,6.5,1,0,0,0.0,10,33.9,69.8,65.6,65.6,82.2,70.3,0,19,33.3,1,0,1,69.8,2,26,174,3,2,4,0,25,8,1.0,12.5
Todd Davis,9007,LB,DEN,5,0,5.5,62.5,93.8,12.0,7.5,0,0,0,0.0,10,54.8,71.9,77.8,65.8,79.1,77.0,0,26,14.3,1,0,0,129.7,5,61,65,3,6,8,1,69,61,1.2,13.8
Kasim Edebali,9011,ED,DEN,5,0,6.0,100.0,7.4,2.0,2.0,0,0,0,0.0,10,61.5,58.9,77.4,57.2,58.7,70.5,0,10,,0,0,0,108.3,1,2,27,0,0,1,0,10,4,5.0,10.0
Christian Jones,9020,LB,CHI,5,4,1.8,75.0,90.9,13.7,10.3,0,1,1,8.3,6,67.9,67.4,15.3,59.7,66.4,80.0,0,13,7.7,1,1,1,92.7,9,130,143,3,8,12,0,81,60,0.7,9.0
Robert Thomas,9022,DI,NYG,5,0,,,5.6,,,0,0,0,,21,57.6,46.4,80.3,48.7,50.6,34.4,0,,,0,0,0,0.0,0,3,54,0,0,0,0,0,0,0.0,
Tenny Palepoi,9028,ED,LAC,5,0,,,2.5,,,0,0,0,,27,60.0,59.1,82.4,50.3,64.7,46.2,0,,100.0,1,0,0,0.0,0,1,40,0,0,0,0,0,0,0.0,
Malcolm Butler,9040,CB,NE,6,2,13.6,65.7,98.9,10.9,7.2,0,0,5,14.3,19,72.6,72.7,85.0,69.5,62.6,64.6,2,44,9.1,2,5,1,99.2,23,264,267,4,18,35,3,316,117,1.3,13.7
Chris McCain,9063,ED,LAC,6,0,,,1.7,,,0,0,0,,27,63.8,71.9,83.0,60.4,70.5,79.3,0,,0.0,0,0,0,0.0,0,1,58,4,1,0,0,0,0,0.0,
Adarius Taylor,9074,LB,TB,5,1,4.3,64.7,89.8,10.3,6.6,0,0,1,5.9,30,63.2,63.6,81.1,72.8,57.6,55.0,0,15,23.1,3,1,1,93.5,11,123,137,5,9,17,1,73,29,0.6,6.6
Marcus Williams,9115,CB,HST,3,0,15.4,60.0,100.0,7.1,4.3,0,0,0,0.0,13,44.6,46.6,80.7,,64.0,53.6,0,19,14.3,1,0,1,79.9,9,69,69,2,6,15,0,100,28,1.6,11.1
Tyler Patmon,9135,CB,JAX,2,0,1.5,100.0,100.0,3.5,3.5,0,0,0,0.0,15,57.5,59.9,73.7,,63.9,75.1,0,9,0.0,0,0,0,97.9,2,9,9,0,2,2,0,15,12,2.1,7.5
Adrian Phillips,9177,S,LAC,6,0,-0.7,85.7,95.3,9.3,8.0,1,0,0,0.0,27,69.1,66.8,79.0,67.2,55.0,65.9,1,11,12.5,1,0,1,52.1,6,61,64,3,7,7,0,42,41,0.8,7.0
C.J. Goodwin,9243,CB,ATL,1,0,8.0,100.0,100.0,2.0,2.0,0,0,0,0.0,2,35.3,29.8,66.3,,,,0,17,,0,0,0,118.8,1,2,2,0,0,1,0,17,9,8.5,17.0
Daniel Sorensen,9253,S,KC,6,1,4.9,68.8,91.7,17.8,12.3,0,2,2,12.5,16,62.8,54.6,81.8,68.3,35.1,47.3,0,26,13.3,2,2,0,110.9,11,210,229,3,12,16,1,118,83,0.6,10.7
Brandon Dunn,9262,DI,HST,6,0,,,1.8,,,0,0,0,,13,58.8,63.9,81.5,61.1,62.8,72.9,0,,0.0,0,0,0,0.0,0,1,57,0,1,0,0,0,0,0.0,
Joe Thomas,9272,LB,GB,4,0,11.8,75.0,65.4,5.3,4.0,0,0,1,25.0,12,69.0,59.9,76.6,59.5,46.5,28.5,0,9,100.0,1,1,0,85.4,3,17,26,1,0,4,0,20,13,1.3,6.7
K'Waun Williams,9332,CB,SF,6,1,6.7,76.2,96.9,5.4,4.1,0,0,1,2.4,28,42.1,48.9,82.7,60.7,76.3,46.3,0,22,22.2,6,1,1,100.5,32,185,191,8,20,42,1,272,128,1.6,8.5
Dante Fowler Jr.,9436,ED,JAX,6,0,-1.5,100.0,3.5,2.5,2.5,0,0,0,0.0,15,52.8,74.0,8.1,82.5,70.4,44.9,0,16,50.0,1,0,3,118.8,2,5,143,5,1,2,0,25,28,5.0,12.5
Leonard Williams,9439,DI,NYJ,6,1,,,1.6,,,0,0,0,,22,63.5,61.9,65.3,58.3,62.5,68.1,0,,0.0,0,0,1,0.0,0,3,189,0,1,0,0,0,0,0.0,
Vic Beasley Jr.,9441,ED,ATL,3,0,,,3.3,,,0,0,0,,2,61.7,55.7,25.8,58.2,59.8,74.7,0,,,0,0,1,0.0,0,2,60,2,0,0,0,0,0,0.0,
Trae Waynes,9444,CB,MIN,6,0,12.7,71.8,100.0,7.1,5.1,1,1,2,5.1,18,53.2,58.6,83.2,,76.4,78.0,2,52,4.2,1,1,3,87.9,28,210,210,3,23,39,1,363,78,1.8,13.0
Danny Shelton,9445,DI,CLV,5,1,5.5,100.0,9.5,3.0,3.0,0,0,0,0.0,8,57.0,67.9,82.4,58.3,70.9,44.8,0,18,0.0,0,0,0,118.8,2,6,63,0,0,2,0,26,15,4.3,13.0
Kevin Johnson,9449,CB,HST,2,1,8.5,80.0,100.0,5.5,4.4,0,0,0,0.0,13,35.8,41.1,78.9,,60.2,38.2,0,20,16.7,1,0,1,95.8,8,46,46,2,4,10,0,70,26,1.6,8.8
Arik Armstead,9450,ED,SF,6,0,,,2.5,,,1,0,0,,28,60.8,70.1,49.1,70.6,66.0,63.0,0,,0.0,0,0,2,0.0,0,4,162,2,1,0,0,0,0,0.0,
Marcus Peters,9451,CB,KC,6,0,13.9,61.3,100.0,11.9,7.3,0,1,1,3.2,16,79.3,76.2,39.4,,60.5,71.5,2,44,0.0,0,1,2,87.6,19,245,245,2,12,31,3,216,64,1.0,11.4
Bud Dupree,9455,ED,PIT,5,0,6.9,57.1,30.1,11.8,6.7,3,0,0,0.0,25,52.6,48.4,0.5,62.9,49.7,35.9,0,8,20.0,1,0,4,62.2,4,49,163,4,4,7,0,20,10,0.4,5.0
Shaq Thompson,9458,LB,CAR,6,1,7.8,76.0,84.2,7.4,5.6,0,0,0,0.0,5,40.8,55.8,37.1,77.8,77.4,79.9,0,26,5.9,1,0,1,128.6,19,149,177,6,15,25,2,219,99,1.6,11.5
Byron Jones,9460,S,DAL,5,1,10.6,50.0,95.0,17.7,8.9,1,0,5,22.7,9,65.2,65.1,87.5,62.2,57.7,60.9,0,33,7.7,1,3,1,97.2,11,207,218,3,11,22,2,122,24,0.6,11.1
Damarious Randall,9463,CB,GB,6,1,11.6,71.4,96.9,9.7,7.0,0,0,0,0.0,12,49.0,53.5,22.6,53.4,77.9,40.7,2,34,17.6,3,0,1,94.6,15,155,160,2,13,21,2,206,56,1.4,13.7
Landon Collins,9466,S,NYG,6,2,8.7,60.0,89.8,22.9,13.7,0,0,3,20.0,21,80.5,80.3,83.7,70.0,65.4,74.1,1,31,4.5,1,3,0,54.9,9,220,245,9,19,15,0,110,35,0.5,12.2
Mario Edwards Jr.,9468,DI,OAK,6,0,,,0.8,,,0,0,0,,23,60.0,71.2,83.2,60.8,72.3,76.5,0,,,0,0,0,0.0,0,1,119,2,0,0,0,0,0,0.0,
Preston Smith,9471,ED,WAS,5,0,1.0,100.0,17.2,11.0,11.0,1,0,0,0.0,32,57.0,58.6,12.6,63.4,63.0,57.0,0,6,33.3,1,0,3,91.7,2,25,145,5,2,2,0,12,10,0.5,6.0
Benardrick McKinney,9476,LB,HST,6,2,2.3,75.0,59.0,12.9,9.7,0,0,0,0.0,13,57.8,66.4,83.5,62.5,69.5,60.7,0,18,30.0,3,0,1,111.8,9,124,210,5,5,12,1,56,57,0.5,6.2
Hau'oli Kikaha,9477,ED,NO,5,0,,,1.4,,,0,0,0,,20,60.0,58.7,83.4,54.8,66.9,71.2,0,,,0,0,0,0.0,0,1,73,2,0,0,0,0,0,0.0,
Eric Kendricks,9478,LB,MIN,6,4,3.0,65.4,88.2,11.6,7.6,0,1,1,3.8,18,64.4,60.8,88.8,59.8,53.5,43.2,0,17,27.3,6,1,1,90.5,17,210,238,6,12,26,1,132,107,0.7,7.8
Jaquiski Tartt,9479,S,SF,6,2,9.5,61.9,94.5,16.9,10.5,0,0,2,9.5,28,87.0,84.6,48.1,67.4,71.0,58.3,1,25,15.8,3,2,1,71.3,13,240,254,6,14,21,1,109,82,0.5,8.4
Eric Rowe,9480,CB,NE,3,1,13.2,69.2,96.9,6.8,4.7,0,0,0,0.0,19,29.8,30.0,78.6,57.8,47.4,51.0,0,42,20.0,1,0,0,107.9,9,63,65,0,3,13,0,150,71,2.5,16.7
Ronald Darby,9483,CB,PHI,1,0,31.0,0.0,100.0,,11.0,0,0,0,0.0,24,50.7,52.5,73.3,,60.4,72.5,0,,0.0,0,0,0,39.6,0,12,12,0,1,1,0,0,0,0.0,
Nate Orchard,9484,ED,CLV,6,0,5.0,33.3,6.4,7.0,2.3,0,0,0,0.0,8,36.4,53.4,54.5,51.7,66.2,50.0,0,3,0.0,0,0,1,42.4,1,7,109,1,2,3,0,3,1,0.4,3.0
Jordan Phillips,9485,DI,MIA,2,1,,,4.3,,,0,0,0,,17,59.7,50.2,0.0,57.6,58.2,40.9,0,,0.0,0,0,1,0.0,0,1,23,0,0,0,0,0,0,0.0,
Markus Golden,9491,ED,ARZ,4,0,0.3,100.0,9.0,4.3,4.3,0,0,0,0.0,1,48.4,55.2,14.4,61.2,61.5,30.1,0,21,50.0,2,0,3,111.1,3,13,145,0,2,3,0,32,31,2.5,10.7
Quinten Rollins,9495,CB,GB,6,1,5.4,94.4,87.2,4.2,4.0,0,1,1,5.6,12,50.7,44.0,0.0,65.4,33.6,27.2,0,34,30.0,3,1,1,124.5,17,75,86,3,6,18,1,170,85,2.4,10.0
Frank Clark,9496,ED,SEA,5,0,,,1.4,,,1,0,0,,29,63.2,59.5,0.0,64.9,63.8,62.7,0,,33.3,1,0,4,0.0,0,2,147,4,2,0,0,0,0,0.0,
Jordan Richards,9497,S,NE,5,1,5.9,90.0,90.7,7.3,6.6,0,0,0,0.0,19,49.2,54.2,78.4,53.6,67.7,57.6,0,32,11.1,1,0,0,136.7,9,68,75,0,7,10,1,88,35,1.3,9.8
P.J. Williams,9511,CB,NO,4,2,8.4,76.5,98.3,8.7,6.6,0,0,1,5.9,20,63.1,67.7,81.6,57.4,80.0,86.9,1,44,0.0,0,1,0,112.6,13,117,119,3,9,17,1,211,111,1.9,16.2
Eli Harold,9512,LB,SF,6,0,1.7,100.0,59.8,7.7,7.7,0,0,0,0.0,28,46.9,55.5,83.5,60.7,59.7,56.9,0,20,20.0,1,0,0,115.3,6,52,87,2,4,6,0,70,60,1.5,11.7
Jordan Hicks,9517,LB,PHI,6,2,3.6,80.0,86.5,10.0,8.0,0,0,0,0.0,24,71.4,65.2,83.2,61.6,46.3,36.0,0,18,19.0,4,0,0,111.0,16,167,193,5,15,20,1,133,95,0.8,8.3
Danielle Hunter,9521,ED,MIN,6,0,6.5,50.0,3.1,5.0,2.5,0,0,0,0.0,18,49.0,73.6,88.2,72.0,79.0,78.7,0,38,0.0,0,0,0,135.4,1,6,194,4,2,2,1,38,30,7.6,38.0
Henry Anderson,9526,DI,IND,6,1,,,2.0,,,0,0,0,,14,57.8,68.5,83.8,61.6,69.8,56.6,0,,0.0,0,0,0,0.0,0,3,148,0,0,0,0,0,0,0.0,
Trey Flowers,9534,ED,NE,6,1,2.3,100.0,9.5,8.3,8.3,0,0,0,0.0,19,54.2,64.2,53.6,67.0,62.9,49.4,0,31,37.5,3,0,2,118.8,3,25,262,5,4,3,0,38,31,1.5,12.7
Jamison Crowder,9538,WR,WAS,1,0,,,100.0,,,0,0,0,,32,71.0,72.2,60.0,,,71.4,0,,0.0,0,0,0,0.0,0,1,1,0,1,0,0,0,0,0.0,
Ibraheim Campbell,9548,S,CLV,4,0,8.0,50.0,69.8,29.0,14.5,0,0,1,50.0,8,62.3,61.8,78.1,68.9,48.5,82.0,0,2,0.0,0,1,0,95.8,1,30,43,0,3,2,1,2,0,0.1,2.0
Ramik Wilson,9551,LB,KC,3,0,-2.0,100.0,92.6,8.0,8.0,0,0,0,0.0,16,71.0,57.8,77.2,70.7,42.0,79.3,0,16,0.0,0,0,0,87.5,3,25,27,2,3,3,0,15,21,0.6,5.0
Josh Shaw,9553,S,CIN,5,0,12.2,50.0,97.0,29.0,14.5,0,0,0,0.0,7,61.2,60.2,78.7,54.3,56.5,58.9,0,12,33.3,1,0,0,102.8,3,97,100,0,2,6,1,28,7,0.3,9.3
Kwon Alexander,9557,LB,TB,1,0,7.0,50.0,100.0,9.0,4.5,0,0,0,0.0,30,92.1,93.8,73.3,,68.6,25.2,1,12,100.0,1,0,0,29.2,1,10,10,0,0,2,0,12,3,1.3,12.0
Damien Wilson,9560,LB,DAL,5,1,4.2,100.0,93.8,7.3,7.3,0,0,0,0.0,9,35.0,44.7,74.2,67.6,61.2,81.4,0,53,0.0,0,0,0,158.3,6,45,48,0,4,6,1,116,91,2.6,19.3
Jake Ryan,9562,LB,GB,5,1,10.8,100.0,88.2,14.3,14.3,0,0,0,0.0,12,49.9,52.8,0.0,76.7,57.9,80.7,0,24,0.0,0,0,1,118.8,4,60,68,0,1,4,0,60,17,1.1,15.0
Martrell Spaight,9574,LB,WAS,3,2,7.4,92.9,93.2,4.9,4.6,1,0,0,0.0,32,49.9,50.3,78.1,52.5,60.1,35.8,0,37,23.1,3,0,1,108.0,13,68,73,5,8,14,0,139,37,2.2,10.7
Adrian Amos,9575,S,CHI,5,2,3.7,90.0,100.0,13.4,12.1,0,0,1,10.0,6,88.2,90.4,80.1,,74.9,84.6,1,13,5.3,1,1,0,46.3,9,128,128,9,16,10,0,46,16,0.4,5.1
Bobby McCain,9578,CB,MIA,5,4,5.7,93.8,89.9,7.9,7.4,0,0,0,0.0,17,76.5,73.8,82.4,57.2,56.9,77.9,0,31,5.6,1,0,0,96.1,15,125,139,4,13,16,0,113,69,0.9,7.5
Kyle Emanuel,9586,LB,LAC,6,0,10.0,100.0,71.1,7.3,7.3,0,0,1,25.0,27,72.6,65.7,79.8,53.4,59.3,80.0,0,44,0.0,0,1,0,118.8,4,32,45,2,4,4,0,68,28,2.3,17.0
Ryan Russell,9596,ED,TB,4,0,20.0,100.0,1.1,1.0,1.0,1,0,0,0.0,30,58.4,55.5,41.0,57.8,67.6,71.4,0,24,0.0,0,0,2,118.8,1,1,90,0,1,1,0,24,4,24.0,24.0
Lorenzo Doss,9597,CB,DEN,1,0,,,100.0,,,0,0,0,,10,62.4,63.2,70.5,,60.0,,0,,,0,0,0,0.0,0,3,3,0,0,0,0,0,0,0.0,
David Mayo,9602,LB,CAR,3,0,3.6,60.0,81.8,6.0,3.6,0,0,0,0.0,5,36.5,51.5,76.5,71.1,68.4,77.6,0,18,0.0,0,0,0,77.1,3,18,22,2,2,5,0,30,24,1.7,10.0
Tye Smith,9603,CB,TEN,2,0,3.0,50.0,100.0,3.0,1.5,0,0,0,0.0,31,90.3,90.5,69.6,,60.0,72.8,1,2,0.0,0,0,0,16.7,1,3,3,1,1,2,0,2,8,0.7,2.0
Darius Philon,9625,DI,LAC,6,0,,,3.2,,,0,0,0,,27,66.0,51.8,0.0,53.2,60.0,55.3,0,,,0,0,3,0.0,0,3,95,2,0,0,0,0,0,0.0,
Quandre Diggs,9633,CB,DET,6,0,6.6,57.1,95.7,12.3,7.0,0,0,3,14.3,11,79.0,73.8,82.1,39.1,51.5,57.3,0,40,15.4,2,3,0,104.7,12,156,163,4,11,21,2,117,100,0.8,9.8
Anthony Chickillo,9645,ED,PIT,6,1,0.7,100.0,29.9,10.7,10.7,0,0,0,0.0,25,49.9,51.5,84.3,54.6,53.4,28.4,0,14,50.0,3,0,0,101.4,3,35,117,3,2,3,0,25,23,0.8,8.3
Hayes Pullard,9652,LB,LAC,5,2,6.0,77.3,94.1,6.1,4.7,0,0,0,0.0,27,33.6,38.0,81.2,61.8,51.6,50.3,1,24,33.3,4,0,0,103.8,17,111,118,0,6,22,2,137,99,1.3,8.1
Bryce Hager,9657,LB,LA,1,0,,,66.7,,,0,0,0,,26,61.3,68.0,69.8,58.1,66.7,73.2,0,,,0,0,0,0.0,0,2,3,0,0,0,0,0,0,0.0,
Mark Nzeocha,9669,LB,SF,1,0,,,100.0,,,0,0,0,,28,60.0,62.1,62.7,,60.0,,0,,,0,0,0,0.0,0,1,1,0,0,0,0,0,0,0.0,
Dexter McDonald,9675,CB,OAK,4,0,7.0,80.0,100.0,7.0,5.6,0,0,1,10.0,23,67.4,68.4,79.3,,68.3,80.4,0,28,0.0,0,1,0,103.7,8,56,56,2,6,10,0,89,37,1.6,11.1
Darryl Roberts,9680,CB,NYJ,5,1,11.9,50.0,100.0,9.5,4.8,0,0,4,20.0,22,69.9,66.7,82.3,,42.9,54.4,0,19,0.0,0,3,0,79.0,10,99,99,1,8,20,1,89,27,0.9,8.9
Mike Hull,9815,LB,MIA,3,2,2.1,100.0,92.9,8.0,8.0,0,0,0,0.0,17,51.7,51.1,0.0,60.0,59.4,50.8,0,16,11.1,1,0,1,108.8,9,78,84,3,6,9,0,91,72,1.3,10.1
Eli Rogers,9878,WR,PIT,1,0,,,100.0,,,0,0,0,,25,,60.0,60.0,,,,0,,,0,0,0,0.0,0,1,1,0,0,0,0,0,0,0.0,
Troy Hill,9881,CB,LA,2,0,8.2,60.0,100.0,8.3,5.0,0,0,1,20.0,26,66.1,66.3,76.6,,60.3,75.9,0,17,0.0,0,1,0,118.3,3,29,29,1,2,5,1,32,3,1.3,10.7
Justin Coleman,9892,CB,SEA,4,0,8.7,52.4,97.2,8.9,4.7,0,0,1,4.8,29,71.4,72.3,80.5,53.9,74.1,49.7,1,20,16.7,1,1,0,51.3,11,106,109,0,5,21,0,128,80,1.3,11.6
Anthony Harris,9895,S,MIN,2,0,,,100.0,,,0,0,0,,18,65.4,68.6,79.0,,65.1,79.5,0,,0.0,0,0,0,0.0,0,44,44,0,1,0,0,0,0,0.0,
Matt Longacre,9910,ED,LA,6,0,6.0,100.0,10.0,8.0,8.0,0,0,0,0.0,26,49.6,65.1,82.1,66.6,61.0,78.3,0,1,,0,0,0,118.8,1,9,90,3,0,1,1,1,0,0.1,1.0
Cameron Lynch,9911,LB,TB,1,0,6.0,100.0,100.0,1.0,1.0,0,0,0,0.0,30,60.0,27.9,61.5,,,,0,2,,0,0,0,118.8,1,1,1,0,0,1,1,2,0,2.0,2.0
LaDarius Gunter,9925,CB,CAR,1,0,,,100.0,,,0,0,0,,5,61.7,62.3,66.8,,,,0,,,0,0,0,0.0,0,2,2,0,0,0,0,0,0,0.0,
Deshazor Everett,9940,S,WAS,4,1,8.8,80.0,98.5,15.5,12.4,0,1,1,20.0,32,50.7,49.3,76.9,59.1,55.0,36.3,0,23,14.3,1,1,0,110.8,4,67,68,0,5,5,0,53,15,0.9,13.3
Jonathan Anderson,9998,LB,CHI,2,0,39.0,0.0,85.7,,11.0,0,0,0,0.0,6,45.2,28.9,73.6,55.3,32.0,39.7,0,,,0,0,0,39.6,0,12,14,0,0,1,0,0,0,0.0,
Bryce Callahan,10000,CB,CHI,6,0,5.5,56.5,93.3,13.2,7.4,1,0,1,4.3,6,70.5,72.4,81.8,74.8,66.6,76.4,1,12,0.0,0,1,1,75.6,13,182,195,5,11,23,2,86,36,0.5,6.6
John Timu,10011,LB,CHI,3,0,-0.6,80.0,97.9,10.8,8.6,0,0,0,0.0,6,78.0,81.7,77.7,59.4,71.7,82.4,0,11,0.0,0,0,0,82.5,4,46,47,1,4,5,0,19,34,0.4,4.8
Kurtis Drummond,10015,S,HST,4,0,,,78.3,,,0,0,0,,13,65.5,63.6,76.3,67.1,51.6,40.6,0,,0.0,0,0,0,0.0,0,18,23,1,1,0,0,0,0,0.0,
Quinton Dunbar,10073,CB,WAS,5,0,16.3,53.3,98.8,9.5,5.1,0,1,3,20.0,32,90.9,87.6,80.8,60.0,38.8,74.3,0,22,0.0,0,2,0,69.0,8,79,80,5,10,15,0,81,15,1.1,10.1
Curtis Riley,10109,S,TEN,5,1,13.2,80.0,96.3,18.8,15.0,0,0,0,0.0,31,55.1,57.5,79.3,51.3,67.4,55.6,1,18,22.2,2,0,0,69.6,4,77,80,0,6,5,0,51,18,0.7,12.8
Corey Moore,10117,S,HST,4,0,17.4,50.0,98.9,21.3,10.6,0,1,2,25.0,13,72.3,72.8,80.8,57.2,62.2,51.5,0,25,33.3,1,2,0,106.8,4,90,91,1,2,8,2,45,7,0.5,11.3
Tyrell Adams,10140,LB,OAK,3,3,6.7,76.9,98.2,5.4,4.2,0,0,0,0.0,23,44.0,40.1,78.1,59.1,47.7,69.6,0,24,11.1,1,0,0,106.3,10,55,56,1,5,13,0,125,55,2.3,12.5
Brian Peters,10248,LB,HST,1,0,,,100.0,,,0,0,0,,13,60.0,65.6,71.2,,61.7,70.5,0,,,0,0,0,0.0,0,1,1,0,0,0,0,0,0,0.0,
Freddie Bishop,10338,ED,NYJ,2,1,-2.0,100.0,22.6,7.0,7.0,0,0,0,0.0,22,65.1,47.2,78.3,60.4,36.1,74.5,0,3,0.0,0,0,0,79.2,1,7,31,0,0,1,0,3,5,0.4,3.0
Erik Harris,10346,S,OAK,1,0,,,100.0,,,0,0,0,,23,60.0,60.0,64.3,,60.0,,0,,,0,0,0,0.0,0,1,1,0,0,0,0,0,0,0.0,
Jalen Ramsey,10639,CB,JAX,6,1,13.1,42.9,100.0,15.0,6.4,0,0,7,20.0,15,90.4,89.3,38.4,,66.7,78.8,2,49,5.0,1,6,1,35.2,15,245,245,5,18,35,0,178,32,0.8,11.9
DeForest Buckner,10641,DI,SF,6,1,,,1.8,,,0,0,0,,28,66.5,86.1,49.6,85.2,74.3,61.6,0,,33.3,1,0,2,0.0,0,4,218,2,1,0,0,0,0,0.0,
Leonard Floyd,10643,ED,CHI,6,0,3.6,87.5,19.6,5.7,5.0,0,0,1,12.5,6,39.1,57.6,45.0,60.0,69.0,58.7,0,40,50.0,2,1,2,118.8,7,42,214,4,2,8,0,113,88,2.8,16.1
Eli Apple,10644,CB,NYG,6,2,10.6,63.8,98.4,7.9,5.0,0,0,5,10.6,21,60.3,66.1,83.2,90.3,77.3,89.8,0,30,0.0,0,5,3,114.1,30,254,258,5,23,47,4,343,111,1.4,11.4
Vernon Hargreaves III,10645,CB,TB,5,0,12.4,76.3,100.0,6.9,5.2,0,1,2,5.3,30,49.2,46.2,84.8,,34.7,35.6,0,45,14.3,4,1,1,130.4,29,215,215,3,24,38,2,430,81,2.2,14.8
Sheldon Rankins,10646,DI,NO,5,0,,,1.9,,,0,0,0,,20,58.8,64.7,83.7,62.4,62.4,47.7,0,,0.0,0,0,0,0.0,0,3,160,1,1,0,0,0,0,0.0,
Karl Joseph,10648,S,OAK,6,2,13.1,71.4,95.1,19.0,13.6,0,1,2,14.3,23,63.1,76.2,79.3,94.8,77.8,77.1,0,34,4.8,1,2,0,100.6,10,196,206,8,18,14,0,131,40,0.7,13.1
Keanu Neal,10651,S,ATL,5,1,7.9,62.5,99.6,13.6,8.5,1,0,1,4.2,2,67.3,68.5,79.2,60.0,65.3,69.3,0,44,5.0,1,1,2,79.9,15,222,223,6,18,24,0,148,69,0.7,9.9
Shaq Lawson,10653,ED,BUF,4,0,,,1.9,,,0,0,0,,4,60.4,70.7,85.6,54.6,81.8,76.6,0,,,0,0,0,0.0,0,2,106,2,0,0,0,0,0,0.0,
Darron Lee,10654,LB,NYJ,6,2,6.1,64.5,93.8,9.9,6.4,0,0,1,3.2,22,44.4,35.7,0.0,59.7,42.5,71.4,0,25,11.8,2,1,4,105.7,20,211,225,6,13,31,2,211,129,1.1,10.6
William Jackson III,10658,CB,CIN,4,1,9.6,50.0,100.0,10.9,5.4,0,1,3,16.7,7,70.5,69.9,81.6,,60.2,27.7,1,41,33.3,3,3,5,50.7,9,106,106,2,5,18,0,130,48,1.3,14.4
Artie Burns,10659,CB,PIT,6,4,12.1,51.6,99.6,13.3,6.9,1,0,5,16.1,25,73.8,70.2,86.1,60.0,45.5,41.3,0,57,11.1,2,4,3,88.0,16,225,226,5,12,31,2,159,55,0.7,9.9
Kenny Clark,10661,DI,GB,6,0,,,0.7,,,1,0,0,,12,71.2,81.0,41.1,63.0,84.4,73.7,0,,,0,0,2,0.0,0,1,142,0,0,0,0,0,0,0.0,
Emmanuel Ogbah,10666,ED,CLV,6,1,,,0.6,,,0,0,0,,8,60.2,66.1,65.0,62.6,65.8,78.8,0,,0.0,0,0,1,0.0,0,1,160,2,0,0,0,0,0,0.0,
Kevin Dodd,10667,ED,TEN,1,0,,,12.5,,,0,0,0,,31,61.7,59.9,76.4,56.9,60.0,69.6,0,,0.0,0,0,0,0.0,0,2,16,0,1,0,0,0,0,0.0,
Jaylon Smith,10668,LB,DAL,5,4,6.1,86.7,96.5,10.2,8.9,0,0,0,0.0,9,60.3,57.6,81.5,67.7,53.2,74.0,0,24,0.0,0,0,0,100.8,13,139,144,2,10,15,0,123,78,0.9,9.5
Myles Jack,10670,LB,JAX,6,2,3.7,95.7,86.9,9.0,8.6,0,0,0,0.0,15,83.1,72.4,85.6,48.2,56.1,76.0,0,32,8.3,2,0,0,126.6,22,213,245,10,20,23,2,171,88,0.9,7.8
Xavien Howard,10672,CB,MIA,5,1,9.6,72.7,100.0,7.7,5.6,2,0,3,9.1,17,47.8,50.0,0.0,,75.4,57.5,0,40,15.0,3,2,5,104.2,24,195,195,3,16,33,1,249,80,1.4,10.4
Reggie Ragland,10675,LB,KC,3,0,5.0,0.0,86.4,,9.0,0,0,0,0.0,16,57.7,44.4,77.3,53.6,45.5,54.5,0,,,0,0,0,39.6,0,19,22,0,0,2,0,0,0,0.0,
Kamalei Correa,10676,LB,BLT,6,1,3.9,71.4,94.7,10.0,7.1,0,1,1,14.3,3,61.4,51.1,79.0,66.5,43.6,61.9,0,49,0.0,0,1,0,106.8,5,54,57,1,2,7,0,76,55,1.5,15.2
Austin Johnson,10677,DI,TEN,6,0,,,2.0,,,0,0,0,,31,60.0,67.6,81.6,54.4,69.4,73.8,0,,,0,0,0,0.0,0,1,51,0,0,0,0,0,0,0.0,
A'Shawn Robinson,10680,DI,DET,6,0,,,2.2,,,1,0,0,,11,68.3,70.4,13.3,63.0,61.7,42.5,1,,33.3,1,0,2,0.0,0,3,139,1,2,0,0,0,0,0.0,
Deion Jones,10686,LB,ATL,5,1,4.5,65.4,96.8,11.4,7.5,0,1,2,7.7,2,74.6,78.4,31.6,58.7,78.6,53.7,1,22,24.0,6,2,2,91.5,17,212,219,7,18,26,2,158,103,0.8,9.3
Mackensie Alexander,10688,CB,MIN,6,2,5.5,77.8,99.1,7.5,5.8,1,1,2,11.1,18,64.8,64.1,0.0,56.8,72.1,47.9,0,17,22.2,2,2,1,100.7,14,114,115,1,5,18,0,147,67,1.4,10.5
T.J. Green,10691,S,IND,5,0,21.0,40.0,100.0,18.0,7.2,0,0,0,0.0,14,44.3,48.1,77.6,,60.0,78.1,0,21,0.0,0,0,0,107.5,2,36,36,0,1,5,1,39,5,1.1,19.5
Sean Davis,10692,S,PIT,6,2,10.8,72.2,97.6,15.0,10.8,0,0,3,16.7,25,53.1,49.8,82.7,67.1,44.9,79.9,0,21,0.0,0,2,1,106.9,13,205,210,4,15,18,1,113,34,0.6,8.7
Vonn Bell,10695,S,NO,5,0,4.5,61.5,90.1,14.9,9.2,0,0,1,7.7,20,59.3,56.9,82.2,60.2,49.6,39.7,0,21,23.1,3,1,0,76.1,8,128,142,3,10,13,0,71,54,0.6,8.9
James Bradberry,10696,CB,CAR,6,1,13.1,51.3,98.8,11.3,5.8,0,0,6,15.4,5,66.0,68.5,84.7,91.1,64.4,58.7,0,40,8.3,2,3,0,80.4,20,237,240,5,21,39,1,253,52,1.1,12.7
Kevin Byard,10698,S,TEN,6,2,5.9,63.2,95.2,18.8,11.8,0,0,3,15.8,31,65.4,68.9,39.2,71.1,71.8,65.8,1,27,14.3,3,3,1,95.4,12,237,249,2,16,19,3,105,41,0.5,8.8
Carl Nassib,10699,ED,CLV,6,0,,,0.8,,,1,0,0,,8,85.6,57.9,40.0,53.0,61.3,62.9,0,,0.0,0,0,2,0.0,0,1,129,3,2,0,0,0,0,0.0,
Yannick Ngakoue,10703,ED,JAX,6,1,-3.0,0.0,5.0,,9.0,0,0,0,0.0,15,63.0,80.8,20.3,87.9,64.2,61.1,0,,50.0,1,0,4,39.6,0,10,200,4,0,1,0,0,0,0.0,
Darian Thompson,10705,S,NYG,6,2,12.1,41.7,97.1,44.4,18.5,0,0,1,8.3,21,67.1,69.6,86.6,84.8,62.4,52.1,1,25,15.4,2,1,0,62.5,5,238,245,2,9,12,2,60,11,0.3,12.0
KeiVarae Russell,10708,CB,CIN,2,0,12.6,80.0,100.0,3.3,2.6,0,0,1,20.0,7,61.3,61.5,73.7,,60.0,78.7,0,31,0.0,0,0,0,113.3,4,15,15,2,5,5,0,56,5,4.3,14.0
Shilique Calhoun,10709,ED,OAK,1,0,,,14.3,,,0,0,0,,23,60.0,73.1,74.6,73.9,59.9,,0,,,0,0,0,0.0,0,1,7,0,0,0,0,0,0,0.0,
Daryl Worley,10711,CB,CAR,5,2,9.9,65.4,97.5,8.7,5.7,2,0,2,7.7,5,51.7,52.9,82.9,64.0,56.7,33.9,0,22,7.1,1,2,4,115.9,17,154,158,2,11,26,3,130,23,0.9,7.6
Adolphus Washington,10714,DI,BUF,4,0,,,3.0,,,0,0,0,,4,57.9,44.2,0.0,50.2,56.3,24.8,0,,0.0,0,0,3,0.0,0,2,66,0,1,0,0,0,0,0.0,
Jordan Jenkins,10717,ED,NYJ,6,0,1.8,75.0,25.4,9.7,7.3,0,0,0,0.0,22,67.2,66.1,29.6,61.4,69.3,50.2,0,9,0.0,0,0,2,82.3,3,32,126,3,3,4,0,17,12,0.6,5.7
Kendall Fuller,10718,CB,WAS,5,0,8.6,63.6,99.4,11.4,7.2,0,1,3,13.6,32,90.7,90.2,80.9,60.0,60.7,58.9,2,32,9.1,1,3,0,43.7,14,166,167,7,10,22,0,140,71,0.9,10.0
Nick Vigil,10721,LB,CIN,5,3,2.6,77.4,88.9,7.0,5.5,0,0,0,0.0,7,55.7,60.2,81.9,58.8,65.4,57.3,1,25,21.4,6,0,2,77.2,24,185,208,9,19,31,0,179,138,1.1,7.5
Kyler Fackrell,10722,ED,GB,6,0,,,5.3,,,0,0,0,,12,63.4,55.3,82.3,66.3,38.7,33.6,0,,,0,0,0,0.0,0,5,94,0,0,0,0,0,0,0.0,
Brandon Williams,10726,CB,ARZ,1,0,,,100.0,,,0,0,0,,1,60.0,61.4,88.0,,60.0,,0,,,0,0,0,0.0,0,1,1,0,0,0,0,0,0,0.0,
Justin Simmons,10732,S,DEN,5,0,8.3,64.3,95.7,19.0,12.2,0,0,1,7.1,10,73.1,83.3,81.6,66.3,89.5,69.3,1,28,18.8,3,1,0,91.4,9,180,188,3,13,14,3,87,34,0.5,9.7
Joe Schobert,10733,LB,CLV,6,4,5.5,76.2,75.2,9.6,7.3,0,0,0,0.0,8,46.6,52.2,86.9,49.3,65.5,63.0,0,50,20.0,4,0,0,147.6,16,161,214,4,12,21,3,214,136,1.4,13.4
Sheldon Day,10737,DI,JAX,5,0,,,1.9,,,0,0,0,,15,60.0,57.5,27.4,60.0,60.4,67.3,0,,,0,0,1,0.0,0,1,54,0,0,0,0,0,0,0.0,
Eric Murray,10740,S,KC,6,0,11.1,52.6,99.3,13.4,7.1,0,0,3,15.8,16,58.9,58.6,84.8,60.0,55.8,58.5,0,53,9.1,1,3,2,75.3,10,141,142,2,10,19,0,134,55,1.0,13.4
Ryan Smith,10742,CB,TB,2,0,15.8,77.8,100.0,4.7,3.7,0,0,0,0.0,30,30.0,33.5,76.6,,63.0,25.2,0,59,25.0,2,0,0,158.3,7,35,35,2,6,9,2,141,55,4.3,20.1
B.J. Goodson,10743,LB,NYG,4,1,7.6,69.2,86.9,7.6,5.3,1,0,1,3.8,21,51.6,55.4,16.3,49.8,69.5,83.1,0,58,0.0,0,0,2,126.9,18,146,168,5,16,26,2,259,173,1.9,14.4
Miles Killebrew,10745,S,DET,6,2,10.2,52.9,93.8,14.6,7.7,0,1,4,23.5,11,76.1,74.9,80.5,51.3,64.0,71.7,1,23,20.0,2,4,0,61.4,9,136,145,3,6,17,1,82,32,0.6,9.1
Nick Kwiatkoski,10747,LB,CHI,2,1,,,100.0,,,0,0,0,,6,69.4,79.4,72.9,,75.3,79.4,0,,0.0,0,0,0,0.0,0,13,13,0,1,0,0,0,0,0.0,
De'Vondre Campbell,10749,LB,ATL,5,3,8.8,50.0,79.1,13.7,6.8,0,0,4,22.2,2,73.8,76.5,43.2,69.4,73.6,69.9,0,23,15.4,2,4,1,65.7,9,136,172,4,8,18,0,95,65,0.8,10.6
Juston Burris,10752,CB,NYJ,4,0,11.6,66.7,100.0,7.0,4.7,1,0,0,0.0,22,43.6,35.2,79.9,,27.7,27.1,1,26,20.0,1,0,1,96.5,8,58,58,1,4,12,2,98,20,1.8,12.3
David Onyemata,10754,DI,NO,5,1,5.0,100.0,2.1,2.0,2.0,0,0,0,0.0,20,56.8,72.2,82.6,60.3,75.7,51.5,0,6,0.0,0,0,0,91.7,1,2,95,1,0,1,0,6,1,3.0,6.0
Deon Bush,10758,S,CHI,2,1,1.0,50.0,100.0,2.0,1.0,0,0,0,0.0,6,76.9,88.5,67.5,,60.0,77.2,0,10,0.0,0,0,0,64.6,1,2,2,0,0,2,0,10,15,5.0,10.0
Antonio Morrison,10759,LB,IND,5,2,5.2,64.3,88.2,14.0,9.0,1,0,1,7.1,14,51.1,45.9,81.0,55.9,46.2,53.7,0,27,15.4,2,0,1,90.2,9,134,152,1,9,14,0,116,74,0.9,12.9
Derrick Kindred,10763,S,CLV,6,0,6.1,77.8,88.1,14.1,11.0,0,0,1,11.1,8,56.4,63.0,29.7,57.3,75.7,54.8,1,61,0.0,0,1,1,116.2,7,104,118,3,8,9,1,115,86,1.2,16.4
Blake Martinez,10765,LB,GB,6,2,4.3,88.9,81.9,8.3,7.3,0,0,1,5.6,12,59.9,73.7,82.0,57.5,82.5,62.7,0,20,25.0,4,1,2,113.7,16,140,171,7,10,18,1,123,79,0.9,7.7
Rashard Robinson,10767,CB,SF,6,1,14.8,45.7,99.2,13.6,6.2,1,2,5,14.3,28,59.8,61.7,0.0,58.1,83.3,65.5,1,31,10.0,2,5,6,73.6,16,236,238,2,17,35,2,221,34,1.0,13.8
Dean Lowry,10771,DI,GB,6,0,,,1.8,,,0,0,0,,12,58.8,53.9,83.5,56.6,52.8,71.4,0,,,0,0,0,0.0,0,2,110,0,0,0,0,0,0,0.0,
Matthew Judon,10780,ED,BLT,6,1,3.8,60.0,28.4,14.0,8.4,0,0,1,20.0,3,67.4,61.9,61.5,59.0,60.0,61.0,0,15,20.0,1,1,2,83.8,3,46,162,4,3,5,0,38,37,0.9,12.7
Matt Ioannidis,10786,DI,WAS,5,1,,,2.3,,,0,0,0,,32,60.9,78.6,82.9,80.9,56.5,72.8,0,,0.0,0,0,0,0.0,0,3,130,3,0,0,0,0,0,0.0,
LeShaun Sims,10791,CB,TEN,5,0,9.8,73.9,100.0,6.5,4.8,0,0,1,4.3,31,57.7,60.4,82.6,,74.0,31.2,0,36,27.3,3,1,1,124.9,17,118,118,3,8,23,2,178,45,1.6,10.5
Jatavis Brown,10809,LB,LAC,6,5,5.0,92.0,92.7,6.8,6.3,0,0,0,0.0,27,55.1,57.9,81.5,62.8,61.0,76.2,0,38,9.1,2,0,0,132.8,23,165,178,3,15,25,2,237,123,1.5,10.3
Devante Bond,10817,LB,TB,4,0,6.0,100.0,69.0,20.0,20.0,0,0,0,0.0,30,48.9,53.4,76.4,66.4,56.1,29.0,0,6,50.0,1,0,0,91.7,1,20,29,0,1,1,0,6,0,0.3,6.0
DeAndre Houston-Carson,10819,S,CHI,2,0,6.0,100.0,50.0,4.0,4.0,0,0,0,0.0,6,61.1,56.6,71.9,52.7,,,0,8,,0,0,0,100.0,1,4,8,0,0,1,0,8,2,2.0,8.0
Anthony Brown,10823,CB,DAL,5,0,12.8,56.7,98.2,11.8,6.7,1,1,5,16.7,9,63.7,63.9,83.9,52.9,62.2,69.4,1,25,6.3,1,2,4,99.0,17,214,218,3,15,30,4,173,21,0.9,10.2
Cory James,10828,LB,OAK,6,1,3.3,72.2,90.1,10.7,7.7,0,0,0,0.0,23,56.3,59.9,81.3,71.9,59.7,75.4,0,29,14.3,2,0,0,86.3,13,145,161,5,11,18,0,104,60,0.7,8.0
Blake Countess,10830,S,LA,4,0,24.0,100.0,90.5,9.0,9.0,0,0,0,0.0,26,53.0,47.8,76.2,57.6,52.2,79.7,0,50,0.0,0,0,0,118.8,2,19,21,0,3,2,0,58,10,3.2,29.0
Anthony Zettel,10836,ED,DET,6,0,4.0,0.0,6.5,,8.0,0,1,0,0.0,11,62.3,82.2,87.9,72.3,77.7,67.4,0,,50.0,1,0,0,39.6,0,9,138,4,1,1,0,0,0,0.0,
Kamu Grugier-Hill,10842,LB,PHI,1,0,,,100.0,,,0,0,0,,24,66.6,67.1,66.5,,,73.3,0,,0.0,0,0,0,0.0,0,7,7,0,1,0,0,0,0,0.0,
Kavon Frazier,10846,S,DAL,4,2,6.0,100.0,100.0,57.0,57.0,1,0,0,0.0,9,58.7,54.1,76.4,,43.5,50.7,0,15,11.1,1,0,1,118.8,1,63,63,0,6,1,0,15,9,0.3,15.0
Elandon Roberts,10848,LB,NE,5,0,7.0,87.5,86.8,10.7,9.4,0,0,0,0.0,19,51.0,60.8,79.5,53.9,70.5,75.0,0,16,14.3,1,0,0,137.5,7,79,91,1,6,8,1,60,17,0.8,8.6
Kevon Seymour,10852,CB,CAR,4,0,15.7,66.7,96.4,19.3,12.8,0,0,0,0.0,5,59.1,57.2,80.2,54.6,50.2,78.0,0,37,0.0,0,0,0,104.9,4,81,84,0,3,6,0,68,17,0.9,17.0
Will Parks,10853,S,DEN,5,0,8.5,75.0,88.7,7.5,5.6,0,0,1,5.0,10,63.3,65.2,81.5,55.4,69.8,45.8,0,31,22.2,2,1,0,94.0,15,118,133,4,7,20,0,141,39,1.3,9.4
Jalen Mills,10867,CB,PHI,6,2,8.8,66.7,99.6,7.0,4.7,1,1,6,10.5,24,55.6,58.9,84.1,60.0,79.2,73.6,2,35,8.8,3,5,3,87.3,38,284,285,11,29,57,3,366,142,1.4,9.6
Charone Peake,10875,WR,NYJ,1,0,,,100.0,,,0,0,0,,22,,60.0,60.0,,,,0,,,0,0,0,0.0,0,1,1,0,0,0,0,0,0,0.0,
Jayron Kearse,10878,S,MIN,1,0,,,100.0,,,0,0,0,,18,60.0,60.0,62.9,,,,0,,,0,0,0,0.0,0,1,1,0,0,0,0,0,0,0.0,
Clayton Fejedelem,10879,S,CIN,4,0,7.5,50.0,93.1,51.0,25.5,0,0,0,0.0,7,61.2,61.1,80.7,56.0,59.8,40.1,1,4,0.0,0,0,0,16.7,1,54,58,0,1,2,0,4,0,0.1,4.0
Tyler Matakevich,10880,LB,PIT,4,0,4.7,66.7,70.0,3.5,2.3,0,0,1,33.3,25,55.6,80.5,68.2,55.1,68.0,76.9,0,4,0.0,0,1,0,109.7,2,7,10,1,2,3,1,6,0,0.9,3.0
Joe Walker,10885,LB,PHI,2,0,,,100.0,,,0,0,0,,24,47.9,54.2,74.1,,64.6,33.6,0,,,0,0,0,0.0,0,8,8,0,0,0,0,0,0,0.0,
Mike Hilton,10898,CB,PIT,6,1,7.1,70.6,81.0,10.0,7.1,0,1,1,5.9,25,84.0,88.0,80.4,72.7,89.9,52.1,1,11,22.2,4,0,0,53.6,12,128,158,8,13,17,0,70,27,0.6,5.8
Jarrod Wilson,10902,S,JAX,3,0,,,85.7,,,0,0,0,,15,63.9,65.1,70.8,60.0,61.8,34.6,0,,,0,0,0,0.0,0,6,7,0,0,0,0,0,0,0.0,
Briean Boddy-Calhoun,10903,CB,CLV,6,2,7.0,57.1,92.6,36.3,20.7,0,0,3,42.9,8,79.2,78.4,84.1,48.9,68.3,73.6,0,9,33.3,2,3,0,104.2,4,150,162,1,2,7,1,25,6,0.2,6.3
Stefan McClure,10912,S,WAS,3,0,10.0,0.0,84.6,,9.0,0,0,1,100.0,32,72.2,67.8,71.8,57.9,56.1,75.2,0,,,0,0,0,39.6,0,11,13,0,0,1,0,0,0,0.0,
Matthias Farley,10953,S,IND,6,3,11.6,70.0,95.2,12.1,8.5,0,0,3,15.0,14,61.4,66.4,80.1,67.5,70.4,76.7,1,51,5.9,1,2,0,87.5,14,180,189,2,13,20,0,230,108,1.4,16.4
Trevor Williams,11004,CB,LAC,6,1,14.6,45.8,100.0,17.8,8.2,2,0,4,16.7,27,77.0,77.3,36.7,,76.8,79.8,1,31,0.0,0,4,3,57.1,11,208,208,4,12,24,1,117,35,0.6,10.6
Brian Poole,11052,CB,ATL,5,3,7.0,78.8,93.8,6.0,4.7,0,2,4,12.1,2,68.6,70.1,82.8,72.0,63.3,55.8,0,29,22.2,6,4,0,98.7,26,167,178,10,18,33,0,254,125,1.6,9.8
Trevon Coley,11093,DI,CLV,6,1,-3.0,100.0,3.2,4.0,4.0,0,0,0,0.0,8,58.0,59.3,83.1,51.6,64.9,74.2,0,2,0.0,0,0,0,79.2,1,4,126,2,1,1,0,2,5,0.5,2.0
Patrick Onwuasor,11100,LB,BLT,6,1,2.2,75.0,88.2,7.7,5.8,0,0,1,8.3,3,61.7,63.4,77.2,63.3,62.0,68.0,0,18,11.1,1,1,0,92.7,9,75,85,3,7,12,0,81,70,1.2,9.0
Michael Pierce,11101,DI,BLT,6,0,,,0.7,,,0,0,0,,3,60.0,83.6,85.9,66.8,82.0,76.5,0,,,0,0,0,0.0,0,1,141,1,0,0,0,0,0,0.0,
Charles Washington,11137,S,DET,6,0,10.0,100.0,95.9,42.0,42.0,0,0,0,0.0,11,59.5,63.0,78.6,69.7,64.1,81.2,0,18,0.0,0,0,0,118.8,1,47,49,0,1,1,0,18,8,0.4,18.0
Kentrell Brice,11142,S,GB,5,1,8.6,72.7,94.8,14.9,10.8,0,0,1,9.1,12,55.5,51.7,78.7,57.9,46.7,35.1,1,29,33.3,4,1,0,70.6,8,128,135,2,7,11,0,121,50,1.0,15.1
Josh Hawkins,11149,CB,GB,5,1,13.6,66.7,100.0,6.5,4.3,0,1,3,16.7,12,63.5,66.9,80.9,,76.4,52.3,0,25,21.4,3,3,1,86.3,12,86,86,3,10,18,0,124,32,1.6,10.3
Brian Price,11157,DI,DAL,5,0,,,8.3,,,0,0,0,,9,57.6,51.9,81.9,60.6,50.3,42.8,0,,,0,0,0,0.0,0,4,48,0,0,0,0,0,0,0.0,
Ufomba Kamalu,11164,ED,HST,2,0,,,2.6,,,0,0,0,,13,60.0,71.9,79.1,68.4,64.5,72.0,0,,,0,0,0,0.0,0,1,39,1,0,0,0,0,0,0.0,
Brennan Scarlett,11169,ED,HST,5,1,5.3,100.0,25.9,7.0,7.0,0,0,0,0.0,13,56.3,67.5,82.3,53.6,78.8,48.2,0,19,25.0,1,0,0,112.5,3,22,85,2,2,3,0,33,17,1.6,11.0
Terrance Smith,11181,LB,KC,1,0,,,33.3,,,0,0,0,,16,60.0,58.3,68.7,56.2,,,0,,,0,0,0,0.0,0,1,3,0,0,0,0,0,0,0.0,
Mike Jordan,11189,CB,CLV,1,0,8.0,100.0,100.0,4.0,4.0,0,0,0,0.0,8,49.1,49.5,69.9,,60.0,72.5,0,9,0.0,0,0,0,104.2,1,4,4,0,1,1,0,9,1,2.3,9.0
Cory Littleton,11190,LB,LA,5,0,,,100.0,,,0,0,0,,26,66.7,85.1,77.2,,82.7,78.3,0,,,0,0,0,0.0,0,13,13,0,0,0,0,0,0,0.0,
James Burgess,11202,LB,CLV,5,1,3.2,90.9,70.3,6.2,5.6,0,0,0,0.0,8,46.0,50.3,81.8,67.0,53.1,35.7,0,16,28.6,2,0,0,103.8,10,64,91,3,4,11,0,98,68,1.6,9.8
Lafayette Pitts,11210,CB,JAX,2,0,,,100.0,,,0,0,0,,15,23.9,25.0,83.0,,60.0,,0,,,0,0,0,0.0,0,5,5,0,0,0,0,0,0,0.0,
Jonathan Jones,11217,CB,NE,6,1,13.8,56.0,96.6,7.6,4.2,1,1,3,12.0,19,58.9,59.1,80.9,48.2,68.5,51.9,0,30,16.7,2,3,1,98.4,14,114,118,4,9,25,1,218,54,2.1,15.6
Cre'Von LeBlanc,11218,CB,CHI,1,0,10.0,100.0,100.0,4.0,4.0,0,0,0,0.0,6,48.8,48.9,70.1,,60.0,70.2,0,11,0.0,0,0,0,112.5,1,4,4,0,1,1,0,11,1,2.8,11.0
Ken Crawley,11224,CB,NO,3,0,12.1,44.8,100.0,9.9,4.4,1,1,3,10.3,20,89.2,88.7,82.2,,70.7,63.6,1,45,12.5,2,3,2,69.9,13,137,137,5,14,29,2,152,67,1.2,11.7
De'Vante Harris,11227,CB,NO,3,0,12.3,77.8,100.0,7.1,5.6,1,0,0,0.0,20,33.2,36.3,78.0,,63.4,80.6,0,38,0.0,0,0,1,155.8,7,52,52,0,7,9,1,117,22,2.3,16.7
Andrew Adams,11240,S,NYG,6,0,8.0,100.0,100.0,23.5,23.5,0,0,0,0.0,21,60.9,57.5,77.5,,48.3,27.0,0,13,,0,0,0,135.4,2,50,50,0,0,2,1,14,4,0.3,7.0
Dont'e Deayon,11242,CB,NYG,1,0,8.0,100.0,91.4,30.0,30.0,0,0,0,0.0,21,70.8,69.0,76.5,53.0,60.0,71.6,0,13,0.0,0,0,0,118.8,1,32,35,0,1,1,0,13,5,0.4,13.0
Michael Hunter,11243,CB,NYG,2,0,,,100.0,,,0,0,0,,21,62.1,62.4,66.8,,,,0,,,0,0,0,0.0,0,4,4,0,0,0,0,0,0,0.0,
Romeo Okwara,11250,ED,NYG,5,0,,,6.5,,,0,0,0,,21,57.9,46.5,82.3,47.2,53.7,71.9,0,,,0,0,0,0.0,0,4,62,0,0,0,0,0,0,0.0,
Steve Longa,11285,ED,DET,2,0,10.0,66.7,85.7,3.0,2.0,0,0,0,0.0,11,29.0,27.0,69.6,60.0,44.6,71.4,0,21,0.0,0,0,0,103.5,2,6,7,0,1,3,0,33,2,5.5,16.5
Kevin Peterson,11302,CB,LA,1,0,14.0,100.0,100.0,2.0,2.0,0,0,0,0.0,26,46.4,44.1,69.9,,60.0,,0,11,,0,0,0,152.1,1,2,2,0,0,1,1,11,0,5.5,11.0
Roy Robertson-Harris,11341,DI,CHI,6,0,,,4.1,,,0,0,0,,6,59.5,51.4,79.1,53.2,53.6,71.0,0,,,0,0,0,0.0,0,2,49,0,0,0,0,0,0,0.0,
Marwin Evans,11343,S,GB,4,0,16.0,100.0,97.8,42.0,42.0,0,0,0,0.0,12,62.6,57.9,0.0,60.0,58.6,81.9,0,10,0.0,0,0,1,147.9,1,44,45,0,3,1,1,10,0,0.2,10.0
James Cowser,11351,ED,OAK,5,1,-1.5,100.0,46.2,6.0,6.0,0,0,0,0.0,23,88.1,81.7,80.3,57.5,57.1,76.9,0,4,0.0,0,0,0,79.2,2,12,26,3,4,2,0,3,6,0.3,1.5
Javien Elliott,11418,CB,TB,2,0,3.0,100.0,100.0,6.0,6.0,0,0,0,0.0,30,49.4,50.8,73.6,,60.0,,0,31,,0,0,0,118.8,2,12,12,0,0,2,0,38,32,3.2,19.0
Solomon Thomas,11758,ED,SF,6,0,,,4.3,,,0,0,0,,28,61.6,62.9,70.5,56.5,66.3,37.4,0,,25.0,1,0,1,0.0,0,8,188,3,3,0,0,0,0,0.0,
Jamal Adams,11761,S,NYJ,6,2,10.1,66.7,86.8,18.5,12.3,1,0,2,13.3,22,64.1,62.8,13.6,54.5,66.2,65.0,0,35,7.7,1,2,3,133.9,10,198,228,4,10,15,3,132,56,0.7,13.2
Marshon Lattimore,11766,CB,NO,4,1,8.7,63.2,100.0,13.3,8.4,0,0,2,10.5,20,90.3,90.3,83.5,,71.5,79.5,1,27,5.9,1,2,1,57.8,12,172,172,5,15,19,0,114,40,0.7,9.5
Haason Reddick,11768,ED,ARZ,6,0,3.7,100.0,56.6,8.5,8.5,1,0,0,0.0,1,52.6,52.6,0.0,50.8,69.3,77.7,0,20,16.7,2,0,2,104.9,11,98,173,3,10,11,0,101,60,1.1,9.2
Derek Barnett,11769,ED,PHI,6,0,13.0,100.0,2.3,3.0,3.0,1,0,0,0.0,24,58.8,58.5,0.0,63.4,70.5,57.0,0,21,50.0,1,0,4,118.8,1,3,130,1,1,1,0,21,8,7.0,21.0
Malik Hooker,11770,S,IND,6,0,20.4,50.0,98.3,55.0,27.5,0,0,1,12.5,14,65.6,64.3,31.7,66.1,59.0,68.2,3,53,0.0,0,1,1,87.5,4,236,240,0,13,8,3,84,20,0.4,21.0
Marlon Humphrey,11771,CB,BLT,6,0,11.9,50.0,100.0,9.1,4.6,0,1,2,12.5,3,65.4,62.5,82.8,,47.7,55.1,0,24,0.0,0,2,1,67.7,8,79,79,4,9,16,0,92,31,1.3,11.5
Adoree' Jackson,11773,CB,TEN,6,0,11.6,55.3,100.0,10.8,5.9,1,1,7,18.4,31,61.0,62.5,84.7,,65.6,32.2,0,26,25.0,6,5,4,99.1,21,238,238,3,18,38,3,225,85,1.0,10.7
Jarrad Davis,11776,LB,DET,4,5,5.1,85.7,87.0,6.9,5.9,1,0,1,4.8,11,56.0,56.9,0.0,63.9,64.8,33.8,0,64,18.2,4,1,3,120.0,18,134,154,6,13,21,1,189,109,1.5,10.5
Charles Harris,11777,ED,MIA,5,1,,,2.7,,,0,0,0,,17,64.1,72.9,85.9,72.9,53.1,51.2,0,,0.0,0,0,0,0.0,0,3,111,2,1,0,0,0,0,0.0,
Gareon Conley,11779,CB,OAK,2,1,11.8,80.0,100.0,14.0,11.2,0,0,1,20.0,23,73.5,72.8,80.2,,62.0,81.3,0,14,0.0,0,1,0,95.8,4,58,58,0,5,5,0,35,1,0.6,8.8
Jabrill Peppers,11780,S,CLV,6,1,15.4,100.0,93.4,38.0,38.0,0,0,0,0.0,8,48.3,45.8,32.3,58.8,51.2,77.1,0,39,6.7,1,0,2,158.3,5,198,212,1,13,5,2,94,24,0.5,18.8
Takkarist McKinley,11781,ED,ATL,5,0,,,3.2,,,0,0,0,,2,70.1,67.6,50.0,70.0,51.9,53.7,0,,50.0,1,0,1,0.0,0,4,124,2,1,0,0,0,0,0.0,
Tre'Davious White,11782,CB,BUF,5,0,13.7,47.1,99.5,12.9,6.1,0,1,9,26.5,4,80.9,79.8,83.6,60.0,64.1,71.0,1,77,0.0,0,9,2,74.8,16,219,220,4,20,34,1,293,104,1.4,18.3
T.J. Watt,11785,ED,PIT,5,2,2.0,50.0,46.3,21.7,10.8,0,0,1,16.7,25,71.8,68.8,51.3,59.8,68.4,34.5,1,6,50.0,4,1,1,16.7,3,68,147,4,2,6,0,10,12,0.2,3.3
Reuben Foster,11786,LB,SF,1,0,5.5,50.0,100.0,5.0,2.5,0,0,1,50.0,28,91.5,92.7,67.8,,66.4,75.5,0,7,0.0,0,1,0,58.3,1,5,5,1,2,2,0,7,4,1.4,7.0
Kevin King,11788,CB,GB,5,1,11.5,54.5,100.0,8.3,4.5,0,0,2,9.1,12,51.6,53.8,82.8,,62.6,49.0,0,18,15.4,2,2,1,72.7,12,102,102,2,10,22,0,133,47,1.3,11.1
Budda Baker,11791,S,ARZ,6,0,12.2,80.0,73.9,4.3,3.4,0,0,0,0.0,1,34.9,30.2,75.2,48.8,60.0,23.5,0,72,25.0,1,0,0,158.3,4,17,23,1,3,5,1,102,37,6.0,25.5
Marcus Maye,11794,S,NYJ,6,0,3.8,75.0,96.2,71.7,53.8,0,0,0,0.0,22,71.6,71.2,83.2,48.2,64.8,62.8,1,16,7.7,1,0,0,94.8,3,229,238,2,12,4,1,29,19,0.1,9.7
Marcus Williams,11797,S,NO,5,4,16.4,60.0,99.1,67.3,40.4,0,0,0,0.0,20,64.5,66.8,26.3,55.8,74.9,70.3,1,38,10.0,2,0,1,64.6,3,214,216,2,14,5,0,64,9,0.3,21.3
Quincy Wilson,11801,CB,IND,2,0,22.1,63.6,100.0,6.4,4.1,0,1,2,18.2,14,50.6,54.2,78.9,,67.0,75.9,0,46,0.0,0,2,0,137.5,7,45,45,1,2,11,1,199,36,4.4,28.4
Tyus Bowser,11802,ED,BLT,6,0,8.0,50.0,23.0,13.0,6.5,0,0,0,0.0,3,60.9,59.9,85.8,61.3,53.8,75.5,1,17,,0,0,0,79.2,1,14,61,1,0,2,1,17,3,1.3,17.0
Ryan Anderson,11804,ED,WAS,5,0,-3.0,100.0,16.7,7.0,7.0,0,0,0,0.0,32,77.3,49.7,15.2,48.6,52.1,72.4,0,-1,0.0,0,0,1,79.2,1,7,42,1,1,1,0,-1,2,-0.1,-1.0
Justin Evans,11805,S,TB,4,1,8.0,60.0,100.0,17.2,10.3,0,0,1,10.0,30,63.3,69.9,81.4,,78.5,63.5,1,17,25.0,3,1,0,70.0,6,113,113,1,8,10,1,58,23,0.6,9.7
DeMarcus Walker,11806,ED,DEN,4,0,,,10.5,,,0,0,0,,10,60.6,64.3,77.1,55.9,67.0,69.9,0,,,0,0,0,0.0,0,2,19,0,0,0,0,0,0,0.0,
Teez Tabor,11808,CB,DET,1,0,,,66.7,,,0,0,0,,11,60.5,59.4,68.4,58.4,,,0,,,0,0,0,0.0,0,2,3,0,0,0,0,0,0,0.0,
Dalvin Tomlinson,11810,DI,NYG,6,1,,,4.2,,,0,0,0,,21,58.0,76.0,83.9,59.0,79.0,75.6,0,,0.0,0,0,0,0.0,0,5,120,0,0,0,0,0,0,0.0,
Zach Cunningham,11812,LB,HST,6,4,3.3,92.3,82.4,11.6,10.7,0,0,0,0.0,13,65.7,70.8,25.4,51.4,81.0,69.2,0,22,13.3,2,0,1,120.2,12,145,176,4,9,13,1,87,50,0.6,7.3
Tanoh Kpassagnon,11814,ED,KC,2,0,,,25.0,,,0,0,0,,16,60.0,58.2,71.4,56.6,,,0,,,0,0,0,0.0,0,1,4,0,0,0,0,0,0,0.0,
Chidobe Awuzie,11815,CB,DAL,3,1,7.3,100.0,100.0,13.7,13.7,0,0,0,0.0,9,73.8,71.0,77.0,,49.2,79.7,0,10,0.0,0,0,0,97.2,3,44,44,1,4,3,0,22,0,0.5,7.3
Josh Jones,11816,S,GB,5,1,6.3,86.7,90.7,8.5,7.3,1,0,0,0.0,12,57.1,52.2,0.0,70.6,51.9,87.7,0,21,0.0,0,0,2,96.7,13,117,129,6,12,15,0,108,40,1.0,8.3
Larry Ogunjobi,11820,DI,CLV,6,0,,,4.8,,,0,0,0,,8,61.4,73.4,30.7,60.7,78.3,74.7,0,,0.0,0,0,1,0.0,0,3,63,1,1,0,0,0,0,0.0,
Ahkello Witherspoon,11821,CB,SF,2,0,9.0,66.7,100.0,12.5,8.3,0,0,0,0.0,28,57.8,56.7,75.5,,54.3,74.8,0,18,0.0,0,0,0,103.5,2,26,26,0,1,3,0,33,12,1.3,16.5
Jordan Willis,11828,ED,CIN,5,2,,,3.4,,,0,0,0,,7,64.5,75.5,85.4,66.1,69.0,78.0,0,,0.0,0,0,0,0.0,0,2,58,1,1,0,0,0,0,0.0,
Duke Riley,11830,LB,ATL,5,1,3.0,91.7,93.7,7.5,6.9,0,0,0,0.0,2,52.7,49.6,81.2,54.2,50.4,27.1,0,34,33.3,3,0,0,133.3,11,89,95,1,5,12,1,112,82,1.3,10.2
Alex Anzalone,11831,LB,NO,4,0,4.5,81.8,85.4,8.7,7.1,0,0,1,9.1,20,60.3,61.4,22.8,62.3,64.0,66.9,0,53,11.1,1,1,1,151.7,9,82,96,6,8,11,2,120,84,1.5,13.3
Tim Williams,11833,ED,BLT,4,0,,,2.7,,,0,0,0,,3,61.2,72.2,78.8,66.2,67.9,73.3,0,,0.0,0,0,0,0.0,0,1,37,1,1,0,0,0,0,0.0,
Tarell Basham,11835,ED,IND,5,0,17.0,100.0,13.2,5.0,5.0,0,0,0,0.0,14,33.4,57.0,80.2,68.0,56.6,69.2,0,20,,0,0,0,118.8,1,5,38,0,0,1,0,20,3,4.0,20.0
Fabian Moreau,11836,CB,WAS,4,1,15.9,62.5,100.0,8.2,5.1,0,0,1,12.5,32,53.3,50.9,79.7,,42.8,29.8,0,45,20.0,1,1,0,145.8,5,42,42,0,3,8,1,102,40,2.5,20.4
Eddie Vanderdoes,11843,DI,OAK,6,0,,,2.1,,,0,0,0,,23,59.4,51.8,83.1,60.4,47.5,72.2,0,,,0,0,0,0.0,0,2,95,0,0,0,0,0,0,0.0,
Shaquill Griffin,11845,CB,SEA,5,2,11.5,64.5,100.0,8.4,5.4,1,0,5,16.1,29,65.3,67.5,84.7,,74.0,78.0,0,20,4.5,1,4,2,91.2,20,181,181,5,19,31,1,183,43,1.1,9.2
Jourdan Lewis,11846,CB,DAL,4,0,9.5,60.0,100.0,11.0,6.6,0,0,4,20.0,9,72.6,74.8,83.3,,78.0,86.8,1,20,0.0,0,4,1,86.5,12,139,139,5,15,20,2,105,43,0.8,8.8
John Johnson III,11847,S,LA,5,0,7.2,40.0,99.2,55.5,22.2,0,1,2,40.0,26,86.4,87.8,80.4,58.5,61.1,52.9,1,6,20.0,1,2,0,47.9,2,118,119,2,4,5,1,10,1,0.1,5.0
Cordrea Tankersley,11852,CB,MIA,3,0,8.9,75.0,100.0,9.8,7.3,0,1,3,18.8,17,66.3,67.3,80.5,,66.7,58.8,0,17,11.1,1,3,0,108.9,12,123,123,2,8,16,1,90,25,0.8,7.5
Rasul Douglas,11854,CB,PHI,5,1,11.1,62.5,100.0,8.4,5.3,2,1,4,12.5,24,66.1,61.4,0.0,,48.5,27.8,2,75,23.8,5,3,4,74.9,20,181,181,4,15,32,1,279,123,1.7,14.0
Nazair Jones,11857,DI,SEA,5,0,,,2.0,,,0,0,0,,29,59.4,75.9,80.8,90.1,58.2,28.9,1,,0.0,0,0,0,0.0,0,1,51,0,1,0,0,0,0,0.0,
Trey Hendrickson,11858,ED,NO,4,0,,,2.4,,,0,0,0,,20,59.7,73.8,81.1,80.6,54.0,72.8,0,,,0,0,0,0.0,0,1,42,1,0,0,0,0,0,0.0,
Kendell Beckwith,11862,LB,TB,5,2,4.7,76.7,93.9,8.0,6.2,0,0,1,3.3,30,62.6,69.6,84.1,68.4,72.0,75.1,0,19,9.1,2,1,2,104.4,23,201,214,10,18,30,1,197,89,1.1,8.6
Eddie Jackson,11867,S,CHI,6,0,11.9,72.7,99.6,27.5,20.0,0,0,3,27.3,6,60.3,60.6,84.9,60.0,58.5,79.9,0,18,0.0,0,3,0,129.7,8,233,234,1,11,11,1,97,16,0.4,12.1
Rayshawn Jenkins,11868,S,LAC,2,0,,,75.0,,,0,0,0,,27,61.4,62.1,67.3,58.4,60.5,,0,,,0,0,0,0.0,0,3,4,0,0,0,0,0,0,0.0,
Carl Lawson,11871,ED,CIN,5,0,,,1.5,,,0,0,0,,7,55.4,73.9,25.1,79.8,58.2,43.8,0,,100.0,2,0,2,0.0,0,2,133,4,0,0,0,0,0,0.0,
Ben Gedeon,11875,LB,MIN,5,0,-5.0,100.0,92.9,25.0,25.0,0,0,0,0.0,18,57.0,70.4,76.6,58.6,73.6,56.9,0,18,50.0,1,0,0,118.8,1,26,28,0,1,1,0,18,23,0.7,18.0
Montae Nicholson,11878,S,WAS,5,1,27.8,25.0,98.5,127.0,31.8,0,0,1,25.0,32,76.6,79.2,0.0,69.2,70.4,50.3,1,8,27.3,3,1,1,0.0,1,134,136,0,7,4,0,8,6,0.1,8.0
Jalen Reeves-Maybin,11879,LB,DET,4,1,0.0,100.0,94.6,8.0,8.0,0,0,0,0.0,11,50.9,39.1,74.2,56.1,36.7,27.2,0,27,40.0,2,0,0,118.8,4,35,37,0,2,4,0,51,51,1.6,12.8
Samson Ebukam,11880,ED,LA,6,0,-3.0,100.0,43.9,8.5,8.5,0,0,0,0.0,26,59.2,67.9,80.5,48.0,79.2,27.7,0,1,50.0,2,0,0,79.2,2,18,41,2,2,2,0,1,7,0.1,0.5
Deatrich Wise Jr.,11886,ED,NE,6,0,,,0.7,,,0,0,0,,19,60.2,65.4,24.0,74.8,47.3,74.0,0,,0.0,0,0,2,0.0,0,1,141,4,1,0,0,0,0,0.0,
Grover Stewart,11899,DI,IND,5,0,,,2.5,,,1,0,0,,14,59.8,48.0,15.8,50.0,57.9,70.6,0,,,0,0,1,0.0,0,1,40,0,0,0,0,0,0,0.0,
Blair Brown,11903,LB,JAX,2,0,3.5,100.0,80.0,1.5,1.5,0,0,0,0.0,15,44.8,53.1,68.7,60.0,66.8,76.0,0,7,,0,0,0,133.3,2,4,5,0,0,2,1,13,6,4.3,6.5
Damontae Kazee,11904,S,ATL,3,0,-1.0,100.0,100.0,40.0,40.0,0,0,0,0.0,2,64.4,71.9,77.9,,76.9,85.6,0,1,0.0,0,0,0,79.2,1,46,46,1,3,1,0,1,2,0.0,1.0
Desmond King II,11906,CB,LAC,6,0,3.6,77.8,93.2,9.4,7.3,0,0,2,11.1,27,64.5,64.5,82.6,61.5,60.2,42.0,0,36,0.0,0,2,0,104.9,14,138,148,4,9,18,0,165,98,1.3,11.8
Jayon Brown,11910,LB,TEN,6,2,8.0,52.9,90.5,14.0,7.4,1,0,3,17.6,31,57.5,51.9,80.0,47.6,44.6,46.2,0,46,20.0,3,3,1,95.2,9,134,148,4,10,17,1,120,55,1.0,13.3
Nate Hairston,11913,CB,IND,5,1,8.5,52.9,95.4,14.6,7.7,0,0,2,11.8,14,60.4,58.6,80.9,88.0,32.0,47.0,0,29,9.1,1,1,0,65.3,9,145,152,6,9,17,0,78,54,0.6,8.7
Matt Milano,11918,LB,BUF,2,0,0.8,60.0,84.4,12.0,7.2,0,0,0,0.0,4,52.7,48.7,75.4,49.1,53.4,79.8,0,18,0.0,0,0,0,77.1,3,38,45,1,1,5,0,30,35,0.8,10.0
Jamal Agnew,11920,CB,DET,1,0,,,100.0,,,0,0,0,,11,60.0,61.3,63.1,,,,0,,,0,0,0,0.0,0,1,1,0,0,0,0,0,0,0.0,
Avery Moss,11922,ED,NYG,2,0,,,3.5,,,0,0,0,,21,60.2,63.7,81.5,65.3,51.2,,0,,,0,0,0,0.0,0,2,57,0,0,0,0,0,0,0.0,
Marquel Lee,11923,LB,OAK,5,1,5.4,80.0,97.4,8.8,7.0,0,0,0,0.0,23,59.0,66.6,0.0,60.0,72.8,39.2,0,22,20.0,1,0,1,133.8,4,38,39,2,3,5,1,33,21,0.9,8.3
Treston Decoud,11924,CB,HST,2,0,6.5,50.0,100.0,7.0,3.5,0,0,0,0.0,13,60.9,61.5,74.0,,60.0,75.1,0,9,0.0,0,0,0,61.5,2,15,15,0,2,4,0,17,4,1.2,8.5
Davon Godchaux,11934,DI,MIA,5,0,,,1.2,,,2,0,0,,17,59.9,42.5,0.0,56.6,64.5,71.9,0,,,0,0,7,0.0,0,1,86,0,0,0,0,0,0,0.0,
Dylan Donahue,11936,ED,NYJ,4,0,,,2.6,,,0,0,0,,22,64.1,67.4,78.7,57.7,71.2,75.9,0,,0.0,0,0,0,0.0,0,1,38,0,1,0,0,0,0,0.0,
Chuck Clark,11941,S,BLT,2,1,,,100.0,,,0,0,0,,3,63.9,73.4,70.1,,61.7,86.2,0,,0.0,0,0,0,0.0,0,2,2,0,0,0,0,0,0,0.0,
Elijah McGuire,11943,HB,NYJ,1,0,,,100.0,,,0,0,0,,22,,60.0,60.0,,,,0,,,0,0,0,0.0,0,1,1,0,0,0,0,0,0,0.0,
Xavier Woods,11946,S,DAL,4,0,1.8,100.0,95.2,14.8,14.8,0,1,0,0.0,9,76.4,76.8,79.1,67.8,50.9,59.8,0,16,0.0,0,0,0,90.0,5,80,84,2,5,5,0,28,19,0.4,5.6
Jordan Evans,11947,LB,CIN,1,0,-1.0,100.0,100.0,2.0,2.0,0,0,0,0.0,7,48.0,56.2,70.7,,68.8,76.0,0,14,,0,0,0,118.8,1,2,2,0,0,1,0,14,15,7.0,14.0
Jeremiah Ledbetter,11960,DI,DET,6,0,,,2.1,,,0,0,0,,11,58.9,62.7,81.6,58.6,63.9,28.0,0,,100.0,1,0,0,0.0,0,2,97,0,0,0,0,0,0,0.0,
Elijah Qualls,11969,DI,PHI,4,0,,,2.9,,,0,0,0,,24,60.0,56.2,0.0,56.9,67.1,,0,,,0,0,1,0.0,0,1,35,0,0,0,0,0,0,0.0,
Shalom Luani,11976,S,OAK,2,0,,,100.0,,,0,0,0,,23,60.2,63.6,67.4,,60.0,75.2,0,,,0,0,0,0.0,0,2,2,0,0,0,0,0,0,0.0,
Elijah Lee,11987,LB,SF,1,0,,,100.0,,,0,0,0,,28,61.5,64.7,66.0,,60.0,,0,,,0,0,0,0.0,0,3,3,0,0,0,0,0,0,0.0,
Joshua Holsey,11990,CB,WAS,1,0,,,100.0,,,0,0,0,,32,61.5,61.8,67.5,,,,0,,,0,0,0,0.0,0,4,4,0,0,0,0,0,0,0.0,
Treyvon Hester,11999,DI,OAK,6,0,,,1.2,,,0,0,0,,23,60.0,60.0,82.0,56.1,60.7,70.3,0,,,0,0,0,0.0,0,1,82,0,0,0,0,0,0,0.0,
Nigel Harris,12038,LB,LAC,4,0,17.5,100.0,73.9,8.5,8.5,0,0,0,0.0,27,46.3,44.2,98.3,51.9,58.2,82.4,0,30,0.0,0,0,0,158.3,2,17,23,0,3,2,1,41,7,2.4,20.5
Greg Mabin,12068,CB,BUF,1,0,14.3,33.3,100.0,18.0,6.0,0,1,1,33.3,4,53.5,47.3,75.6,,37.6,23.1,0,20,,0,1,1,57.6,1,19,19,0,0,3,0,20,6,1.1,20.0
B.J. Bello,12097,LB,CLV,1,0,,,100.0,,,0,0,0,,8,60.0,62.6,65.0,,,,0,,,0,0,0,0.0,0,1,1,0,0,0,0,0,0,0.0,
Lenzy Pipkins,12117,CB,GB,1,1,6.5,75.0,92.9,8.0,6.0,0,0,0,0.0,12,76.0,76.3,76.6,53.2,74.3,81.7,0,8,0.0,0,0,0,81.3,3,26,28,3,4,4,0,16,0,0.7,5.3
Isaiah Irving,12171,ED,CHI,1,0,,,100.0,,,0,0,0,,6,60.0,61.5,65.0,,,,0,,,0,0,0,0.0,0,1,1,0,0,0,0,0,0,0.0,
Jeremiah Valoaga,12194,ED,DET,6,0,,,1.8,,,0,0,0,,11,60.0,55.6,84.1,64.8,43.5,38.5,0,,,0,0,0,0.0,0,1,55,1,0,0,0,0,0,0.0,
Chase Allen,12211,LB,MIA,2,1,4.0,100.0,77.8,12.0,12.0,0,0,0,0.0,17,70.5,80.7,73.5,55.2,79.0,83.8,0,4,0.0,0,0,0,83.3,1,14,18,1,2,1,0,4,0,0.3,4.0
Calvin Munson,12236,LB,NYG,4,0,7.0,100.0,83.7,10.7,10.7,0,0,0,0.0,21,52.8,54.8,77.1,62.7,57.7,72.1,0,17,33.3,1,0,0,113.9,3,36,43,1,2,3,0,34,13,1.1,11.3
Xavier Coleman,12242,CB,NYJ,1,0,,,100.0,,,0,0,0,,22,64.2,64.8,67.6,,,,0,,,0,0,0,0.0,0,3,3,0,0,0,0,0,0,0.0,
Lorenzo Jerome,12308,S,SF,4,1,2.0,100.0,96.2,46.0,46.0,0,0,0,0.0,28,56.5,53.1,76.0,55.9,52.5,39.1,0,6,25.0,1,0,0,91.7,1,50,52,0,2,1,0,6,4,0.1,6.0
Dominique Hatfield,12338,CB,LA,1,0,,,100.0,,,0,0,0,,26,64.1,70.9,71.8,,71.0,72.5,0,,,0,0,0,0.0,0,5,5,0,0,0,0,0,0,0.0,
Dylan Cole,24304,LB,HST,6,1,3.1,60.0,93.5,6.7,4.0,0,0,0,0.0,13,85.0,80.9,78.2,78.7,61.7,38.4,2,6,28.6,2,0,0,25.0,6,43,46,4,4,10,0,2,18,0.1,0.3
Jamal Carter,49282,S,DEN,3,0,,,66.7,,,0,0,0,,10,66.0,64.1,81.8,52.2,61.5,,0,,,0,0,0,0.0,0,8,12,0,0,0,0,0,0,0.0,
Harvey Langi,50118,ED,NE,1,0,,,20.0,,,0,0,0,,19,60.0,56.5,71.6,54.5,60.0,,0,,,0,0,0,0.0,0,1,5,0,0,0,0,0,0,0.0,
Hardy Nickerson,50712,LB,CIN,1,0,,,100.0,,,0,0,0,,7,60.0,57.9,68.1,,57.7,,0,,,0,0,0,0.0,0,1,1,0,0,0,0,0,0,0.0,
Xavier Woodson-Luster,50835,LB,OAK,1,0,-0.5,50.0,100.0,16.0,8.0,0,0,0,0.0,23,45.8,51.8,73.9,,62.8,77.6,0,11,0.0,0,0,0,66.7,1,16,16,0,2,2,0,11,8,0.7,11.0
Demetrious Cox,51176,S,CAR,1,0,2.0,100.0,100.0,13.5,13.5,0,0,0,0.0,5,55.1,49.2,75.4,,48.3,39.7,0,17,0.0,0,0,0,114.6,2,27,27,0,3,2,0,23,19,0.9,11.5
Kenny Moore II,51596,CB,IND,1,0,12.0,100.0,100.0,6.5,6.5,0,0,0,0.0,14,33.3,34.7,76.1,,,,0,22,,0,0,0,118.8,2,13,13,0,0,2,0,42,18,3.2,21.0
Nicholas Morrow,51674,LB,OAK,6,0,4.5,73.3,91.4,9.5,6.9,0,0,2,13.3,23,68.8,64.1,80.1,57.6,55.6,54.3,0,74,14.3,1,2,0,100.7,11,106,116,5,6,15,0,135,119,1.3,12.3
