player,player_id,position,team_name,player_game_count,declined_penalties,franchise_id,grades_pass_block,hits_allowed,hurries_allowed,non_spike_pass_block,non_spike_pass_block_percentage,pass_block_percent,pbe,penalties,pressures_allowed,sacks_allowed,snap_counts_pass_block,snap_counts_pass_play,true_pass_set_grades_pass_block,true_pass_set_hits_allowed,true_pass_set_hurries_allowed,true_pass_set_non_spike_pass_block,true_pass_set_non_spike_pass_block_percentage,true_pass_set_pass_block_percent,true_pass_set_pbe,true_pass_set_pressures_allowed,true_pass_set_sacks_allowed,true_pass_set_snap_counts_pass_block,true_pass_set_snap_counts_pass_play
Jake Matthews,8641,T,ATL,7,0,2,76.1,2,9,319,100.0,100.0,97.0,1,15,4,345,345,69.8,1,7,157,100.0,100.0,96.2,10,2,172,172
Alex Mack,4944,C,ATL,7,0,2,75.7,2,8,314,100.0,100.0,98.1,2,11,1,340,340,68.4,2,4,155,100.0,100.0,97.4,7,1,170,170
Bobby Hart,9659,T,CIN,7,1,7,57.8,3,15,314,100.0,100.0,96.2,3,21,3,337,337,53.9,1,11,135,100.0,100.0,94.1,14,2,145,145
Trey Hopkins,9276,C,CIN,7,0,7,66.0,1,10,314,100.0,100.0,97.9,0,12,1,337,337,61.2,1,5,135,100.0,100.0,97.0,7,1,145,145
Rob Havenstein,9490,T,LA,7,0,26,50.6,3,21,301,100.0,100.0,94.7,3,28,4,324,324,40.6,2,16,141,100.0,100.0,90.8,22,4,152,152
Brian Allen,46104,C,LA,7,0,26,46.5,4,12,301,100.0,100.0,97.0,2,17,1,324,324,47.6,2,8,141,100.0,100.0,96.5,10,0,152,152
Andrew Whitworth,3000,T,LA,7,1,26,76.7,2,15,301,100.0,100.0,96.8,6,18,1,324,324,73.7,0,12,141,100.0,100.0,95.0,13,1,152,152
Mike Remmers,7431,T,NYG,7,0,21,64.2,2,20,299,100.0,100.0,95.7,3,24,2,321,321,57.2,2,18,148,100.0,100.0,92.6,21,1,162,162
Kevin Zeitler,7032,G,NYG,7,0,21,71.1,2,6,299,100.0,100.0,98.0,1,10,2,321,321,67.8,1,5,148,100.0,100.0,96.6,8,2,162,162
Jon Halapio,8814,C,NYG,7,1,21,53.5,4,6,299,100.0,100.0,97.7,2,12,2,321,321,56.6,3,4,148,100.0,100.0,96.3,9,2,162,162
Nate Solder,6169,T,NYG,7,1,21,69.4,3,17,299,100.0,100.0,95.0,3,25,5,321,321,57.0,3,14,148,100.0,100.0,90.9,22,5,162,162
Will Hernandez,46180,G,NYG,7,0,21,78.8,2,9,299,100.0,100.0,98.2,1,11,0,321,321,73.4,1,7,148,100.0,100.0,97.3,8,0,162,162
Justin Pugh,7800,G,ARZ,7,0,1,84.1,2,6,298,100.0,100.0,98.3,0,9,1,318,318,74.6,2,5,104,100.0,100.0,95.7,8,1,110,110
J.R. Sweezy,7209,G,ARZ,7,0,1,78.7,1,8,298,100.0,100.0,98.5,1,9,0,318,318,66.1,1,6,104,100.0,100.0,96.6,7,0,110,110
D.J. Humphries,9457,T,ARZ,7,1,1,72.8,1,11,298,100.0,100.0,97.7,4,13,1,318,318,71.5,1,5,104,100.0,100.0,96.2,7,1,110,110
A.Q. Shipley,5150,C,ARZ,7,0,1,79.9,0,4,298,100.0,100.0,99.3,0,4,0,318,318,72.9,0,2,104,100.0,100.0,99.0,2,0,110,110
James Carpenter,6177,G,ATL,7,0,2,45.1,2,16,291,100.0,100.0,96.2,3,20,2,316,316,35.3,2,13,148,100.0,100.0,94.3,16,1,162,162
Michael Schofield III,8730,G,LAC,7,0,27,73.8,2,11,294,100.0,100.0,97.8,0,13,0,316,316,72.5,2,5,141,100.0,100.0,97.5,7,0,157,157
Trent Scott,24481,T,LAC,7,1,27,52.1,9,16,293,100.0,100.0,94.7,4,28,3,315,315,39.6,7,11,140,100.0,100.0,92.9,19,1,156,156
Sam Tevi,11945,T,LAC,7,1,27,53.2,8,14,292,99.7,99.7,94.5,2,27,5,314,315,53.5,4,8,140,100.0,100.0,94.3,14,2,156,156
Laurent Duvernay-Tardif,8834,G,KC,7,1,16,65.2,0,11,278,100.0,100.0,97.3,1,13,2,312,312,56.8,0,6,95,100.0,100.0,94.7,8,2,117,117
Austin Reiter,9655,C,KC,7,2,16,80.5,0,0,278,100.0,100.0,99.6,5,1,1,312,312,80.3,0,0,95,100.0,100.0,100.0,0,0,117,117
Mitchell Schwartz,7041,T,KC,7,0,16,79.4,3,6,278,100.0,100.0,98.4,2,9,0,312,312,70.2,3,4,95,100.0,100.0,96.3,7,0,117,117
Shaq Mason,9564,G,NE,7,0,19,59.8,2,17,289,100.0,100.0,96.4,0,20,1,307,307,47.7,2,10,96,100.0,100.0,93.7,12,0,102,102
Ted Karras,10855,C,NE,7,1,19,52.9,0,8,289,100.0,100.0,97.9,2,10,2,307,307,60.2,0,2,96,100.0,100.0,97.9,3,1,102,102
Joe Thuney,10712,G,NE,7,0,19,82.3,0,5,286,100.0,100.0,98.8,0,6,1,304,304,77.7,0,3,95,100.0,100.0,98.4,3,0,101,101
Kaleb McGary,46912,T,ATL,7,0,2,55.2,7,7,277,99.6,99.7,95.7,0,19,5,301,302,51.4,5,5,143,100.0,100.0,93.0,15,5,157,157
Nick Martin,10684,C,HST,7,1,13,72.5,1,1,279,100.0,100.0,99.3,2,3,1,300,300,81.2,0,0,100,100.0,100.0,99.0,1,1,113,113
Laremy Tunsil,10647,T,HST,7,0,13,89.8,0,7,278,100.0,100.0,98.0,2,9,2,299,299,89.5,0,2,100,100.0,100.0,98.0,3,1,113,113
Billy Turner,8702,G,GB,7,0,12,43.4,2,20,272,100.0,100.0,94.9,0,25,3,298,298,36.9,0,12,107,100.0,100.0,92.5,14,2,120,120
David Bakhtiari,7891,T,GB,7,0,12,82.8,4,13,272,100.0,100.0,96.5,3,18,1,298,298,73.6,2,12,107,100.0,100.0,92.5,15,1,120,120
Brandon Linder,8728,C,JAX,7,1,15,78.4,0,6,274,100.0,100.0,98.9,3,6,0,297,297,80.3,0,4,144,100.0,100.0,98.6,4,0,155,155
Dan Feeney,11826,G,LAC,7,0,27,50.7,3,14,277,100.0,100.0,95.8,0,20,3,297,297,54.3,2,7,134,100.0,100.0,95.9,10,1,149,149
Jawaan Taylor,41665,T,JAX,7,1,15,66.1,1,8,274,100.0,100.0,96.2,5,15,6,297,297,61.8,0,7,144,100.0,100.0,94.8,11,4,155,155
Germain Ifedi,10665,T,SEA,7,1,29,49.1,1,28,267,100.0,100.0,93.4,3,32,3,297,297,45.3,1,17,93,100.0,100.0,88.2,20,2,105,105
Andrew Norwell,9126,G,JAX,7,1,15,69.7,2,10,274,100.0,100.0,97.4,1,13,1,297,297,64.3,2,7,144,100.0,100.0,96.2,10,1,155,155
Justin Britt,8699,C,SEA,7,0,29,45.4,4,6,266,100.0,100.0,97.4,1,12,2,296,296,46.0,1,2,93,100.0,100.0,97.3,4,1,105,105
Lane Johnson,7786,T,PHI,7,0,24,72.2,3,14,269,100.0,100.0,96.5,1,18,1,290,290,66.4,2,9,110,100.0,100.0,94.1,12,1,118,118
Isaac Seumalo,10713,G,PHI,7,0,24,60.2,1,14,268,100.0,100.0,96.5,0,17,2,289,289,56.8,0,8,109,100.0,100.0,94.5,10,2,117,117
Jason Kelce,6343,C,PHI,7,0,24,70.0,1,11,268,100.0,100.0,97.8,0,12,0,289,289,76.7,0,6,110,100.0,100.0,97.3,6,0,118,118
Larry Warford,7846,G,NO,7,2,20,64.0,4,14,268,100.0,100.0,95.9,3,20,2,287,287,55.5,3,10,123,100.0,100.0,93.9,14,1,133,133
Erik McCoy,37347,C,NO,7,0,20,82.8,0,6,268,100.0,100.0,98.9,1,6,0,287,287,82.3,0,4,123,100.0,100.0,98.4,4,0,133,133
Ryan Ramczyk,11787,T,NO,7,0,20,79.8,1,10,268,100.0,100.0,97.9,2,11,0,287,287,74.5,1,8,123,100.0,100.0,96.3,9,0,133,133
Terron Armstead,7856,T,NO,7,0,20,86.1,3,4,265,100.0,100.0,98.7,2,7,0,284,284,89.3,1,3,123,100.0,100.0,98.4,4,0,133,133
Travis Frederick,7812,C,DAL,7,0,9,66.8,5,6,257,100.0,100.0,97.5,0,12,1,281,281,58.9,4,5,121,100.0,100.0,95.5,10,1,133,133
Connor Williams,46216,G,DAL,7,1,9,61.1,1,11,257,100.0,100.0,97.3,2,13,1,281,281,53.3,0,7,121,100.0,100.0,96.3,8,1,133,133
Zack Martin,8651,G,DAL,7,0,9,86.0,3,6,257,100.0,100.0,98.2,1,9,0,281,281,78.0,3,5,121,100.0,100.0,96.7,8,0,133,133
Brandon Brooks,7078,G,PHI,7,0,24,86.6,1,3,259,100.0,100.0,98.8,0,5,1,280,280,79.1,1,2,106,100.0,100.0,98.6,3,0,114,114
Bradley Bozeman,27934,G,BLT,7,1,3,58.3,1,10,263,100.0,100.0,96.4,1,15,4,278,278,34.0,1,9,115,100.0,100.0,93.0,13,3,120,120
Matt Skura,11102,C,BLT,7,0,3,65.4,0,4,263,100.0,100.0,98.9,2,5,1,278,278,62.9,0,2,115,100.0,100.0,99.1,2,0,120,120
Orlando Brown Jr.,46227,T,BLT,7,2,3,76.7,0,11,263,100.0,100.0,96.8,2,14,3,278,278,71.2,0,7,115,100.0,100.0,95.2,9,2,120,120
Ronnie Stanley,10640,T,BLT,7,1,3,90.4,1,3,259,100.0,100.0,99.2,2,4,0,274,274,84.0,1,2,114,100.0,100.0,98.7,3,0,119,119
Ron Leary,7338,G,DEN,7,1,10,69.4,4,6,257,100.0,100.0,97.7,3,11,1,273,273,72.6,2,4,140,100.0,100.0,97.1,7,1,149,149
Dalton Risner,47008,G,DEN,7,0,10,75.8,2,6,257,100.0,100.0,98.4,1,8,0,273,273,65.0,1,6,140,100.0,100.0,97.5,7,0,149,149
Connor McGovern,10778,C,DEN,7,0,10,77.2,0,5,257,100.0,100.0,98.6,0,6,1,273,273,73.0,0,3,140,100.0,100.0,98.2,4,1,149,149
Marshal Yanda,3702,G,BLT,7,0,3,81.1,0,5,257,100.0,100.0,98.6,0,6,1,272,272,74.6,0,3,113,100.0,100.0,97.8,4,1,118,118
Garett Bolles,11775,T,DEN,7,3,10,77.9,1,11,256,99.6,99.6,96.5,5,15,3,272,273,78.7,1,9,140,100.0,100.0,95.0,12,2,149,149
Mike Iupati,5542,G,SEA,7,1,29,56.8,2,9,244,100.0,100.0,97.7,3,11,0,272,272,40.0,1,7,88,100.0,100.0,95.5,8,0,98,98
Rodger Saffold,5558,G,TEN,7,0,31,70.0,0,7,252,100.0,100.0,96.2,0,13,6,270,270,72.0,0,5,119,100.0,100.0,93.7,10,5,131,131
Ben Jones,7099,C,TEN,7,0,31,86.0,0,3,252,100.0,100.0,99.0,1,4,1,270,270,87.2,0,2,119,100.0,100.0,98.3,3,1,131,131
Ali Marpet,9494,G,TB,6,1,30,67.7,4,5,254,100.0,100.0,97.4,2,11,2,269,269,62.0,3,4,132,100.0,100.0,95.8,9,2,141,141
Ryan Jensen,7985,C,TB,6,0,30,83.1,0,4,254,100.0,100.0,99.2,0,4,0,269,269,82.2,0,3,132,100.0,100.0,98.9,3,0,141,141
Marcus Cannon,6290,T,NE,6,0,19,70.2,1,11,256,100.0,100.0,97.3,0,13,1,268,268,64.5,1,8,92,100.0,100.0,95.1,9,0,96,96
Cam Erving,9452,T,KC,6,2,16,61.0,3,11,242,100.0,100.0,96.3,3,16,2,268,268,39.1,3,11,88,100.0,100.0,90.9,15,1,105,105
Donovan Smith,9467,T,TB,6,1,30,66.0,5,13,253,100.0,100.0,95.7,1,20,2,268,268,57.4,2,10,131,100.0,100.0,93.9,14,2,140,140
Elijah Wilkinson,46238,T,DEN,7,0,10,54.7,1,11,252,99.6,99.6,94.0,0,21,9,267,268,55.9,1,9,138,100.0,100.0,92.0,16,6,146,146
Michael Deiter,38554,G,MIA,6,0,17,26.6,6,9,246,100.0,100.0,95.7,0,18,3,267,267,37.8,1,4,121,100.0,100.0,96.3,7,2,130,130
Marshall Newhouse,5692,T,NE,6,2,19,68.9,4,8,251,100.0,100.0,96.4,2,15,3,267,267,64.5,3,3,79,100.0,100.0,93.7,8,2,84,84
Corey Linsley,8796,C,GB,7,0,12,78.8,0,5,246,100.0,100.0,98.2,0,7,2,267,267,74.6,0,2,94,100.0,100.0,97.9,3,1,104,104
Austin Blythe,10882,C,LA,6,0,26,50.9,2,16,242,100.0,100.0,95.9,0,19,1,263,263,36.8,1,11,122,100.0,100.0,94.3,13,1,132,132
Andrus Peat,9446,G,NO,7,0,20,63.0,1,9,247,100.0,100.0,97.2,0,12,2,263,263,45.2,0,9,106,100.0,100.0,93.9,11,2,115,115
Ereck Flowers,9442,G,WAS,7,1,32,55.1,0,12,239,100.0,100.0,97.5,3,12,0,262,262,46.3,0,7,102,100.0,100.0,96.6,7,0,111,111
Morgan Moses,8701,T,WAS,7,0,32,65.6,4,13,238,100.0,100.0,95.2,0,20,3,261,261,57.7,3,9,102,100.0,100.0,91.2,15,3,111,111
Quinton Spain,10110,G,BUF,6,0,4,69.6,3,11,242,100.0,100.0,97.1,0,14,0,261,261,54.6,3,8,115,100.0,100.0,95.2,11,0,120,120
Donald Penn,3459,T,WAS,7,0,32,60.8,3,7,237,100.0,100.0,96.2,3,14,4,260,260,57.7,2,3,101,100.0,100.0,93.6,9,4,110,110
Dion Dawkins,11818,T,BUF,6,2,4,75.1,0,9,241,100.0,100.0,96.9,4,12,3,260,260,66.2,0,6,115,100.0,100.0,94.8,9,3,120,120
James Daniels,45576,C,CHI,6,0,6,66.2,2,4,241,100.0,100.0,98.3,0,7,1,259,259,63.6,2,3,109,100.0,100.0,97.7,5,0,119,119
Cody Whitehair,10690,G,CHI,6,0,6,73.1,2,6,241,100.0,100.0,97.5,1,10,2,259,259,64.7,1,5,109,100.0,100.0,95.4,8,2,119,119
Charles Leno Jr.,8880,T,CHI,6,0,6,67.5,5,12,241,100.0,100.0,96.1,3,18,1,259,259,57.9,4,9,109,100.0,100.0,93.1,14,1,119,119
Justin Murray,11022,T,ARZ,7,0,1,64.0,1,10,240,100.0,100.0,96.9,1,13,2,259,259,47.7,1,9,82,100.0,100.0,91.5,12,2,87,87
Joseph Noteboom,46249,G,LA,6,0,26,51.3,2,16,237,100.0,100.0,96.2,1,18,0,256,256,41.2,1,13,112,100.0,100.0,93.7,14,0,119,119
Frank Ragnow,39137,C,DET,6,0,11,66.7,2,6,238,100.0,100.0,98.3,1,8,0,253,253,56.2,2,5,93,100.0,100.0,96.2,7,0,100,100
Rick Wagner,7950,T,DET,6,0,11,54.5,4,17,238,100.0,100.0,94.3,0,24,3,253,253,52.3,3,9,93,100.0,100.0,91.4,14,2,100,100
Bryan Bulaga,5548,T,GB,7,1,12,79.9,0,9,232,100.0,100.0,98.1,1,9,0,253,253,80.7,0,6,86,100.0,100.0,96.5,6,0,97,97
Zach Fulton,8828,G,HST,6,0,13,77.3,1,10,237,100.0,100.0,97.7,0,11,0,252,252,58.2,1,8,79,100.0,100.0,94.3,9,0,89,89
Mark Glowinski,9567,G,IND,6,0,14,43.4,6,10,226,100.0,100.0,95.6,1,18,2,248,248,36.6,5,4,87,100.0,100.0,92.5,11,2,95,95
Braden Smith,46794,T,IND,6,1,14,68.5,1,11,226,100.0,100.0,96.9,2,13,1,248,248,66.5,0,7,87,100.0,100.0,94.8,8,1,95,95
Ryan Kelly,10652,C,IND,6,0,14,66.5,1,5,226,100.0,100.0,98.7,1,6,0,248,248,72.6,0,0,87,100.0,100.0,100.0,0,0,95,95
Anthony Castonzo,6174,T,IND,6,0,14,86.2,1,8,226,100.0,100.0,98.0,0,9,0,248,248,81.3,1,7,87,100.0,100.0,95.4,8,0,95,95
Quenton Nelson,12954,G,IND,6,0,14,74.8,1,9,225,99.6,99.6,97.8,1,10,0,247,248,74.1,0,7,87,100.0,100.0,96.0,7,0,95,95
J.C. Tretter,7904,C,CLV,6,1,8,88.1,0,4,221,100.0,100.0,99.1,1,4,0,246,246,81.2,0,2,96,100.0,100.0,99.0,2,0,102,102
Joel Bitonio,8670,G,CLV,6,0,8,78.7,0,8,221,100.0,100.0,97.3,0,10,2,246,246,74.4,0,5,96,100.0,100.0,96.4,6,1,102,102
Eric Kush,7952,G,CLV,6,0,8,55.0,0,17,221,100.0,100.0,96.2,0,17,0,246,246,33.0,0,14,96,100.0,100.0,92.7,14,0,102,102
John Miller,9514,G,CIN,6,0,7,51.9,2,7,228,100.0,100.0,97.6,0,10,1,243,243,38.9,2,6,96,100.0,100.0,94.8,9,1,101,101
Jack Conklin,10642,T,TEN,7,1,31,67.3,2,9,224,100.0,100.0,96.2,3,14,3,242,242,57.5,2,7,103,100.0,100.0,93.7,11,2,115,115
Matt Paradis,8841,C,CAR,6,0,5,28.0,2,17,230,100.0,100.0,95.4,0,20,1,240,240,12.7,2,13,100,100.0,100.0,91.5,16,1,104,104
Greg Van Roten,7746,G,CAR,6,1,5,65.9,1,7,230,100.0,100.0,97.8,1,9,1,240,240,75.5,1,3,100,100.0,100.0,98.0,4,0,104,104
Taylor Moton,11819,T,CAR,6,1,5,80.3,0,3,229,100.0,100.0,98.5,1,5,2,239,239,74.8,0,2,99,100.0,100.0,97.0,4,2,103,103
Mitch Morse,9482,C,BUF,6,1,4,77.3,1,3,219,100.0,100.0,99.1,3,4,0,238,238,69.4,1,3,109,100.0,100.0,98.2,4,0,114,114
Brian Winters,7853,G,NYJ,6,0,22,58.3,3,8,212,100.0,100.0,96.9,0,12,1,234,234,62.7,0,5,86,100.0,100.0,95.9,6,1,95,95
Jon Feliciano,9561,G,BUF,6,0,4,61.1,3,4,215,100.0,100.0,97.9,2,8,1,231,231,52.2,2,3,101,100.0,100.0,96.5,6,1,106,106
Daryl Williams,9535,T,CAR,6,1,5,57.4,2,8,219,100.0,100.0,94.5,1,17,7,229,229,51.0,1,5,93,100.0,100.0,90.3,12,6,97,97
Elgton Jenkins,46298,G,GB,6,0,12,71.4,0,7,207,100.0,100.0,98.3,2,7,0,228,228,65.0,0,5,85,100.0,100.0,97.1,5,0,95,95
Garrett Bradbury,46013,C,MIN,7,0,18,39.0,1,10,208,100.0,100.0,96.9,1,12,1,226,226,40.8,0,4,59,100.0,100.0,94.9,5,1,68,68
Brian O'Neill,46854,T,MIN,7,1,18,71.9,1,6,208,100.0,100.0,98.3,1,7,0,226,226,57.5,0,4,59,100.0,100.0,96.6,4,0,68,68
Matt Feiler,9289,T,PIT,6,0,25,78.5,1,6,203,100.0,100.0,97.8,0,8,1,224,224,68.8,1,5,86,100.0,100.0,95.3,7,1,97,97
Alejandro Villanueva,9091,T,PIT,6,1,25,72.3,2,13,203,100.0,100.0,95.8,3,16,1,224,224,50.4,2,10,86,100.0,100.0,91.9,13,1,97,97
David DeCastro,7640,G,PIT,6,0,25,87.6,0,6,203,100.0,100.0,98.5,1,6,0,224,224,80.9,0,5,86,100.0,100.0,97.1,5,0,97,97
Andrew Wylie,12333,G,KC,5,0,16,77.2,4,4,202,100.0,100.0,98.0,2,8,0,223,223,60.7,2,4,63,100.0,100.0,95.2,6,0,76,76
Max Scharping,46961,G,HST,5,0,13,63.7,2,8,206,100.0,100.0,97.6,1,10,0,223,223,66.7,0,3,68,100.0,100.0,97.8,3,0,78,78
Ramon Foster,5229,G,PIT,6,1,25,65.6,0,16,202,100.0,100.0,95.5,1,17,1,223,223,52.1,0,13,86,100.0,100.0,91.3,14,1,97,97
J'Marcus Webb,5741,T,MIA,5,2,17,36.3,3,14,205,100.0,100.0,93.9,3,21,4,223,223,41.7,0,6,101,100.0,100.0,93.1,10,4,109,109
Daniel Kilgore,6315,C,MIA,5,0,17,69.6,1,2,208,100.0,100.0,98.8,0,4,1,222,222,64.1,0,1,102,100.0,100.0,98.5,2,1,107,107
Bobby Massie,7112,T,CHI,5,0,6,63.6,2,9,207,100.0,100.0,96.9,0,12,1,221,221,55.6,0,8,94,100.0,100.0,94.7,9,1,101,101
Taylor Decker,10650,T,DET,5,2,11,55.2,2,13,206,100.0,100.0,94.9,3,18,3,220,220,46.7,1,10,84,100.0,100.0,89.9,14,3,90,90
Greg Robinson,8637,T,CLV,6,1,8,67.1,2,7,191,100.0,100.0,96.6,3,11,2,212,212,58.3,2,4,83,100.0,100.0,94.0,8,2,87,87
Jason Peters,2148,T,PHI,6,0,24,81.9,3,6,195,100.0,100.0,97.7,1,9,0,212,212,67.4,2,4,72,100.0,100.0,95.8,6,0,79,79
Rodney Hudson,6207,C,OAK,6,0,23,83.0,0,2,205,100.0,100.0,99.5,0,2,0,211,211,74.4,0,1,91,100.0,100.0,99.5,1,0,93,93
Kolton Miller,47013,T,OAK,6,0,23,67.9,0,8,205,100.0,100.0,97.1,1,10,2,211,211,57.7,0,6,91,100.0,100.0,94.5,8,2,93,93
Maurkice Pouncey,5543,C,PIT,6,0,25,54.6,1,3,189,100.0,100.0,98.9,0,4,0,209,209,30.8,1,2,82,100.0,100.0,98.2,3,0,92,92
La'el Collins,9719,T,DAL,6,1,9,75.8,1,6,191,100.0,100.0,97.6,1,8,1,207,207,63.9,1,4,76,100.0,100.0,95.4,6,1,85,85
Joe Dahl,10785,G,DET,6,0,11,67.4,1,8,194,100.0,100.0,97.2,0,10,1,206,206,57.9,0,5,73,100.0,100.0,95.2,6,1,79,79
Graham Glasgow,10729,G,DET,6,0,11,68.6,1,10,191,100.0,100.0,97.1,0,11,0,204,204,62.8,1,7,81,100.0,100.0,95.1,8,0,86,86
Riley Reiff,7029,T,MIN,7,1,18,75.4,2,5,189,100.0,100.0,97.1,2,9,2,204,204,58.0,0,3,57,100.0,100.0,93.9,5,2,64,64
Chris Hubbard,8051,T,CLV,5,0,8,65.5,0,8,182,100.0,100.0,96.7,3,10,2,203,203,51.2,0,6,79,100.0,100.0,94.9,7,1,84,84
Mike Pouncey,6167,C,LAC,5,0,27,60.6,2,9,188,100.0,100.0,97.1,0,11,0,202,202,57.0,1,5,87,100.0,100.0,96.6,6,0,97,97
Alex Cappa,66578,G,TB,5,0,30,53.6,3,7,192,100.0,100.0,96.4,0,12,2,202,202,47.1,2,4,96,100.0,100.0,94.8,8,2,102,102
Jesse Davis,9989,T,MIA,5,0,17,60.8,1,12,183,100.0,100.0,95.9,1,14,1,199,199,60.7,1,9,92,100.0,100.0,94.6,10,0,98,98
Ryan Kalil,3675,C,NYJ,6,2,22,65.7,1,6,176,100.0,100.0,98.0,3,7,0,195,195,62.8,1,4,68,100.0,100.0,96.3,5,0,75,75
Mike Person,6391,G,SF,6,0,28,46.8,4,12,180,100.0,100.0,95.0,0,17,1,194,194,46.0,1,9,49,100.0,100.0,87.8,11,1,56,56
Weston Richburg,8678,C,SF,6,0,28,78.3,0,7,180,100.0,100.0,98.1,1,7,0,194,194,79.7,0,2,49,100.0,100.0,98.0,2,0,56,56
A.J. Cann,9500,G,JAX,7,0,15,43.5,1,13,182,100.0,100.0,96.2,0,14,0,194,194,34.9,1,10,96,100.0,100.0,94.3,11,0,101,101
Demar Dotson,5410,T,TB,5,0,30,65.0,3,7,185,100.0,100.0,96.2,2,12,2,194,194,63.4,1,4,95,100.0,100.0,95.3,7,2,100,100
Laken Tomlinson,9461,G,SF,6,0,28,73.1,1,7,180,100.0,100.0,97.8,0,8,0,193,193,54.5,0,6,49,100.0,100.0,93.9,6,0,55,55
Chase Roullier,11954,C,WAS,5,0,32,69.0,1,7,171,100.0,100.0,97.1,0,9,1,191,191,57.6,1,5,66,100.0,100.0,93.9,7,1,73,73
Tytus Howard,25472,T,HST,5,0,13,71.0,0,13,179,100.0,100.0,95.8,1,14,1,190,190,66.6,0,9,67,100.0,100.0,91.8,10,1,75,75
Will Richardson Jr.,46980,G,JAX,7,1,15,40.3,1,11,171,100.0,100.0,94.7,1,15,3,188,188,25.1,1,10,93,100.0,100.0,90.9,14,3,101,101
Brandon Scherff,9438,G,WAS,5,0,32,66.8,0,2,169,100.0,100.0,98.8,2,3,1,188,188,70.0,0,1,65,100.0,100.0,97.7,2,1,71,71
Kelvin Beachum,7229,T,NYJ,5,2,22,59.8,1,10,168,100.0,100.0,94.3,4,15,4,184,184,63.0,0,3,68,100.0,100.0,91.9,7,4,75,75
Dennis Kelly,7146,T,TEN,5,1,31,76.3,3,5,173,100.0,100.0,97.1,1,9,1,184,184,72.0,0,3,79,100.0,100.0,96.8,4,1,86,86
Pat Elflein,11825,G,MIN,6,1,18,48.1,1,9,169,100.0,100.0,95.3,2,13,3,183,183,30.1,1,4,45,100.0,100.0,90.0,7,2,52,52
Michael Jordan,28021,G,CIN,4,0,7,34.4,0,9,172,100.0,100.0,94.5,1,14,5,182,182,0.9,0,9,65,100.0,100.0,85.4,14,5,69,69
Duane Brown,4340,T,SEA,5,0,29,70.6,2,7,163,100.0,100.0,96.6,0,10,1,180,180,65.3,2,3,47,100.0,100.0,94.7,5,0,54,54
Evan Boehm,10762,G,MIA,5,0,17,53.0,3,7,160,100.0,100.0,96.9,0,10,0,178,178,53.9,1,4,76,100.0,100.0,96.7,5,0,83,83
Wes Schweitzer,10829,G,ATL,6,0,2,46.8,1,9,163,100.0,100.0,96.3,1,11,1,175,175,34.1,1,7,89,100.0,100.0,94.4,9,1,96,96
Brandon Shell,10792,T,NYJ,5,2,22,55.5,1,10,156,100.0,100.0,94.6,3,14,3,173,173,51.7,0,6,64,100.0,100.0,93.7,7,1,70,70
John Jerry,5598,T,CIN,5,0,7,59.4,2,7,159,100.0,100.0,95.9,0,11,2,173,173,53.6,2,5,72,100.0,100.0,92.4,9,2,79,79
Tyron Smith,6161,T,DAL,5,0,9,77.0,1,5,158,100.0,100.0,97.5,1,7,1,171,171,80.2,0,2,57,100.0,100.0,98.2,2,0,66,66
Jamon Brown,9505,G,ATL,5,0,2,53.2,2,4,155,100.0,100.0,98.1,3,6,0,167,167,54.1,1,1,65,100.0,100.0,98.5,2,0,72,72
Cam Robinson,11789,T,JAX,5,1,15,61.4,2,12,152,100.0,100.0,94.1,3,16,2,165,165,52.9,1,9,80,100.0,100.0,91.2,12,2,88,88
Kyle Long,7801,G,CHI,4,1,6,52.4,2,11,150,100.0,100.0,95.0,1,14,1,164,164,36.6,2,8,68,100.0,100.0,91.2,11,1,76,76
Andre Smith,4929,T,CIN,5,0,7,57.6,1,11,155,100.0,100.0,94.2,0,15,3,164,164,43.6,1,9,63,100.0,100.0,90.5,11,1,66,66
D.J. Fluker,7792,G,SEA,5,1,29,65.9,1,2,143,100.0,100.0,97.6,2,5,2,159,159,58.5,0,1,46,100.0,100.0,94.6,3,2,52,52
Cody Ford,39805,T,BUF,6,0,4,49.6,0,5,146,100.0,100.0,95.5,1,9,4,158,158,40.7,0,3,68,100.0,100.0,93.4,6,3,71,71
Billy Price,46795,G,CIN,5,0,7,36.6,2,7,142,100.0,100.0,96.1,1,10,1,155,155,26.2,1,6,70,100.0,100.0,93.6,8,1,76,76
Jamil Douglas,9547,G,TEN,5,0,31,45.0,5,4,142,100.0,100.0,96.1,1,10,1,152,152,34.9,4,2,65,100.0,100.0,93.8,7,1,71,71
Trent Brown,9677,T,OAK,5,0,23,73.1,0,5,149,100.0,100.0,97.7,0,6,1,151,151,67.2,0,3,56,100.0,100.0,95.5,4,1,57,57
Richie Incognito,2298,G,OAK,4,0,23,82.1,0,4,135,100.0,100.0,98.5,1,4,0,140,140,71.7,0,4,62,100.0,100.0,96.8,4,0,64,64
Josh Kline,8230,G,MIN,5,0,18,61.7,1,5,128,100.0,100.0,97.7,0,6,0,140,140,41.9,1,3,34,100.0,100.0,94.1,4,0,40,40
Jordan Devey,8268,G,OAK,4,0,23,41.2,2,4,137,100.0,100.0,97.8,1,6,0,139,139,23.8,2,4,57,100.0,100.0,94.7,6,0,58,58
Justin Skule,38951,T,SF,5,0,28,59.2,2,4,125,100.0,100.0,96.0,2,8,2,132,132,39.4,1,2,34,100.0,100.0,89.7,5,2,38,38
Mike McGlinchey,46275,T,SF,4,0,28,69.7,1,2,120,100.0,100.0,97.1,2,5,2,131,131,60.5,0,1,28,100.0,100.0,94.6,2,1,33,33
Dakota Dozier,8772,G,MIN,5,0,18,43.4,3,9,119,100.0,100.0,94.1,1,13,1,129,129,11.2,2,7,39,100.0,100.0,85.9,10,1,44,44
Trai Turner,8727,G,CAR,3,0,5,75.1,0,4,123,100.0,100.0,98.4,0,4,0,127,127,55.3,0,4,55,100.0,100.0,96.4,4,0,56,56
George Fant,11282,T,SEA,7,0,29,51.9,1,9,113,98.3,98.4,94.7,0,11,1,126,128,59.8,1,5,48,98.0,98.1,91.7,7,1,53,54
Ty Nsekhe,7636,T,BUF,5,0,4,67.0,2,7,114,100.0,100.0,96.1,0,9,0,124,124,71.1,2,2,59,100.0,100.0,96.6,4,0,61,61
Jamarco Jones,46226,G,SEA,3,0,29,60.6,2,2,111,100.0,100.0,98.2,0,4,0,124,124,78.9,0,1,46,100.0,100.0,98.9,1,0,51,51
Kelechi Osemele,7062,G,NYJ,3,0,22,57.7,1,3,110,100.0,100.0,97.3,1,5,1,121,121,45.3,0,3,45,100.0,100.0,94.4,4,1,49,49
Alex Lewis,10764,G,NYJ,3,0,22,78.2,0,3,104,100.0,100.0,98.6,0,3,0,115,115,70.0,0,3,42,100.0,100.0,96.4,3,0,47,47
Chuma Edoga,46232,T,NYJ,3,1,22,50.1,1,9,104,100.0,100.0,93.3,1,12,2,115,115,46.4,1,3,42,100.0,100.0,90.5,6,2,47,47
Taylor Lewan,8646,T,TEN,3,0,31,70.4,0,3,107,100.0,100.0,97.7,1,4,1,114,114,64.4,0,3,56,100.0,100.0,95.5,4,1,61,61
Cameron Fleming,8775,T,DAL,3,0,9,61.0,3,5,99,100.0,100.0,94.9,1,9,1,110,110,60.7,2,5,64,100.0,100.0,93.0,8,1,67,67
Forrest Lamp,11793,G,LAC,6,0,27,60.4,0,10,101,100.0,100.0,95.0,1,10,0,109,109,54.5,0,6,51,100.0,100.0,94.1,6,0,57,57
Denzelle Good,9688,G,OAK,4,0,23,50.8,2,2,106,100.0,100.0,97.2,0,5,1,108,108,23.1,2,1,42,100.0,100.0,94.0,4,1,43,43
Nate Davis,46808,G,TEN,4,0,31,41.3,0,3,97,100.0,100.0,95.4,0,6,3,105,105,23.4,0,3,44,100.0,100.0,89.8,6,3,50,50
Kenny Wiggins,6471,G,DET,6,0,11,58.6,0,3,91,100.0,100.0,96.2,0,5,2,96,96,58.0,0,2,32,100.0,100.0,93.7,3,1,35,35
Danny Isidora,11933,G,MIA,3,1,17,54.3,1,4,92,100.0,100.0,97.3,1,5,0,95,95,57.2,1,1,47,100.0,100.0,97.9,2,0,49,49
Roderick Johnson,11915,T,HST,6,0,13,53.5,3,3,87,98.9,99.0,95.4,0,7,1,95,96,53.6,1,1,27,100.0,100.0,92.6,3,1,31,31
Alex Redmond,11113,G,CIN,2,0,7,50.3,2,2,86,100.0,100.0,96.5,0,5,1,94,94,31.7,2,1,39,100.0,100.0,93.6,4,1,44,44
Jamil Demby,31982,G,LA,3,0,26,3.2,2,12,85,100.0,100.0,88.2,0,17,3,89,89,0.0,2,8,35,100.0,100.0,80.0,12,2,38,38
Justin McCray,9234,T,CLV,4,0,8,49.8,1,4,68,98.6,98.7,93.4,1,7,2,76,77,29.9,1,3,29,100.0,100.0,86.2,6,2,32,32
Josh Wells,8968,T,TB,3,0,30,56.5,0,5,70,100.0,100.0,93.6,1,7,2,76,76,63.0,0,5,38,100.0,100.0,90.8,6,1,42,42
Martinas Rankin,46333,T,KC,2,0,16,39.5,0,3,65,100.0,100.0,97.7,0,3,0,76,76,30.4,0,2,23,100.0,100.0,95.7,2,0,30,30
Andre Dillard,29250,T,PHI,5,0,24,42.8,4,11,70,98.6,98.7,86.4,0,17,2,74,75,26.3,1,10,36,100.0,100.0,79.2,13,2,37,37
Tony Bergstrom,7095,C,WAS,3,1,32,54.5,0,1,70,100.0,100.0,97.9,1,2,1,74,74,33.0,0,1,37,100.0,100.0,95.9,2,1,40,40
Dennis Daley,60063,T,CAR,3,0,5,74.2,2,1,70,100.0,100.0,97.9,0,3,0,74,74,63.8,1,1,31,100.0,100.0,96.8,2,0,32,32
Brandon Knight,25018,T,DAL,2,0,9,61.2,2,7,66,100.0,100.0,93.2,0,9,0,74,74,52.7,1,7,45,100.0,100.0,91.1,8,0,48,48
Wes Martin,46087,G,WAS,2,1,32,31.8,0,3,68,100.0,100.0,96.3,1,4,1,71,71,23.6,0,3,36,100.0,100.0,93.1,4,1,38,38
Lane Taylor,8365,G,GB,2,1,12,75.5,1,2,65,100.0,100.0,96.2,1,4,1,70,70,61.5,0,2,22,100.0,100.0,90.9,3,1,25,25
Ryan Griffin,7982,TE,NYJ,6,0,22,57.1,1,4,58,31.4,33.3,94.0,0,6,1,68,204,61.6,0,1,22,28.6,29.8,93.2,2,1,25,84
Earl Watford,7898,G,TB,1,0,30,73.4,1,4,62,100.0,100.0,96.0,0,5,0,67,67,67.3,1,4,36,100.0,100.0,93.1,5,0,39,39
Rashaad Coward,12168,G,CHI,2,0,6,49.1,0,3,66,100.0,100.0,97.7,0,3,0,67,67,27.0,0,2,30,100.0,100.0,96.7,2,0,30,30
Deion Calhoun,46676,G,MIA,3,0,17,60.9,1,3,58,100.0,100.0,96.6,0,4,0,65,65,57.7,1,3,29,100.0,100.0,93.1,4,0,34,34
Daniel Brunskill,34807,T,SF,2,0,28,75.0,0,2,60,100.0,100.0,96.7,0,3,1,63,63,72.6,0,1,21,100.0,100.0,92.9,2,1,23,23
Joe Staley,3644,T,SF,2,0,28,89.2,0,0,55,100.0,100.0,100.0,0,0,0,62,62,86.7,0,0,15,100.0,100.0,100.0,0,0,18,18
Jordan Mills,7945,T,ARZ,2,0,1,33.4,0,3,58,100.0,100.0,95.7,0,4,1,59,59,24.7,0,3,22,100.0,100.0,88.6,4,1,23,23
Todd Gurley II,9443,HB,LA,6,0,26,55.1,1,6,53,25.1,25.9,93.4,0,7,0,58,224,46.0,0,5,33,31.1,33.0,92.4,5,0,37,112
Giovani Bernard,7818,HB,CIN,7,0,7,76.3,0,1,49,29.2,29.3,99.0,0,1,0,53,181,69.6,0,1,25,28.7,29.8,98.0,1,0,28,94
Christian McCaffrey,11763,HB,CAR,6,1,5,76.5,0,1,49,21.9,22.2,99.0,1,1,0,52,234,90.2,0,0,16,16.2,15.5,100.0,0,0,16,103
Ty Sambrailo,9492,T,ATL,3,0,2,47.8,0,6,49,100.0,100.0,93.9,0,6,0,51,51,46.7,0,3,16,100.0,100.0,90.6,3,0,17,17
Cedric Ogbuehi,9454,T,JAX,4,0,15,53.4,0,3,46,100.0,100.0,96.7,0,3,0,50,50,61.9,0,2,19,100.0,100.0,94.7,2,0,20,20
Greg Little,46254,T,CAR,2,0,5,86.5,0,1,48,100.0,100.0,99.0,0,1,0,50,50,86.2,0,1,22,100.0,100.0,97.7,1,0,24,24
Dion Lewis,6301,HB,TEN,7,0,31,83.9,1,1,45,31.3,31.6,97.8,0,2,0,49,155,80.9,1,1,36,37.9,38.5,97.2,2,0,40,104
Greg Mancz,10019,G,HST,1,0,13,40.0,0,3,42,100.0,100.0,91.7,0,5,2,48,48,16.6,0,3,21,100.0,100.0,83.3,5,2,24,24
Kyle Rudolph,6195,TE,MIN,7,0,18,59.0,0,2,41,22.3,22.8,95.1,0,3,1,46,202,49.0,0,2,10,18.9,17.7,90.0,2,0,11,62
Alex Light,31454,T,GB,2,0,12,32.5,0,8,41,100.0,100.0,90.2,0,8,0,46,46,15.5,0,8,21,100.0,100.0,81.0,8,0,23,23
Isaiah Wynn,46048,T,NE,2,0,19,77.4,1,0,42,100.0,100.0,98.8,0,1,0,45,45,88.8,0,0,18,100.0,100.0,100.0,0,0,19,19
Lee Smith,6311,TE,BUF,6,1,4,72.2,0,1,38,57.6,58.7,96.1,1,2,1,44,75,68.8,0,1,7,33.3,33.3,92.9,1,0,7,21
David Johnson,9519,HB,ARZ,7,0,1,65.1,0,0,42,19.9,19.6,95.2,0,2,2,44,224,81.5,0,0,13,17.6,16.7,100.0,0,0,13,78
Eric Fisher,7783,T,KC,2,0,16,72.0,0,2,36,100.0,100.0,97.2,0,2,0,44,44,58.3,0,2,7,100.0,100.0,85.7,2,0,12,12
Durham Smythe,47257,TE,MIA,6,0,17,53.7,1,2,39,47.0,47.8,93.6,0,4,1,43,90,33.7,1,1,13,50.0,48.3,84.6,3,1,14,29
Seantrel Henderson,8871,T,HST,2,1,13,58.6,0,3,39,100.0,100.0,96.2,1,3,0,42,42,52.4,0,2,16,100.0,100.0,93.7,2,0,18,18
Joe Mixon,11803,HB,CIN,7,0,7,60.5,0,3,39,27.3,27.6,96.2,2,3,0,42,152,56.0,0,2,13,30.2,33.3,92.3,2,0,15,45
Will Clapp,39386,G,NO,5,0,20,63.2,1,1,37,100.0,100.0,97.3,2,2,0,42,42,59.0,0,1,17,100.0,100.0,97.1,1,0,18,18
Chris Manhertz,10211,TE,CAR,5,0,5,74.1,0,0,39,78.0,78.8,100.0,1,0,0,41,52,49.1,0,0,7,77.8,80.0,100.0,0,0,8,10
Senio Kelemete,7144,G,HST,1,0,13,62.1,1,1,38,100.0,100.0,94.7,0,3,1,41,41,41.3,1,1,16,100.0,100.0,87.5,3,1,18,18
C.J. Uzomah,9590,TE,CIN,7,0,7,34.5,1,2,39,26.9,27.0,91.0,0,5,2,41,152,20.0,1,0,2,5.3,5.0,75.0,1,0,2,40
David Sharpe,11884,T,OAK,3,0,23,45.0,0,4,38,97.4,97.6,94.7,2,4,0,41,42,47.8,0,4,23,100.0,100.0,91.3,4,0,23,23
Jonotthan Harrison,9132,C,NYJ,2,0,22,66.2,0,2,38,100.0,100.0,97.4,0,2,0,41,41,80.8,0,0,19,100.0,100.0,100.0,0,0,21,21
Leonard Fournette,11759,HB,JAX,7,1,15,61.8,2,2,39,15.5,14.7,92.3,1,5,1,40,272,50.7,2,1,22,16.7,15.6,88.6,4,1,22,141
Ethan Pocic,11813,G,SEA,2,0,29,54.5,0,1,37,100.0,100.0,98.6,1,1,0,40,40,47.7,0,0,6,100.0,100.0,100.0,0,0,9,9
Cornelius Lucas,9025,T,CHI,3,0,6,48.6,0,3,36,100.0,100.0,95.8,0,3,0,40,40,46.6,0,1,15,100.0,100.0,96.7,1,0,18,18
David Edwards,35941,G,LA,1,0,26,70.8,0,0,38,100.0,100.0,100.0,0,0,0,40,40,53.1,0,0,13,100.0,100.0,100.0,0,0,15,15
Julie'n Davenport,11885,T,MIA,1,0,17,43.3,1,1,37,100.0,100.0,94.6,1,3,1,39,39,38.5,1,0,16,100.0,100.0,90.6,2,1,17,17
Isaiah Prince,47019,T,MIA,3,1,17,32.0,0,5,35,97.2,97.5,90.0,1,6,1,39,40,8.5,0,5,17,100.0,100.0,79.4,6,1,18,18
Josh Hill,8200,TE,NO,7,0,20,65.0,0,3,37,28.0,26.6,93.2,0,4,1,37,139,39.7,0,0,4,9.5,9.3,75.0,1,1,4,43
Devonta Freeman,8738,HB,ATL,7,1,2,81.5,0,1,35,18.4,17.6,98.6,1,1,0,36,205,87.3,0,0,12,14.5,13.5,100.0,0,0,12,89
Darren Fells,8549,TE,HST,7,0,13,63.5,0,4,34,19.5,19.6,94.1,0,4,0,36,184,73.4,0,0,2,4.9,4.5,100.0,0,0,2,44
Ezekiel Elliott,10638,HB,DAL,7,0,9,39.0,0,3,32,14.7,15.3,95.3,1,3,0,36,235,30.3,0,2,13,12.5,15.2,92.3,2,0,17,112
Gabe Jackson,8716,G,OAK,1,0,23,75.1,0,1,32,100.0,100.0,98.4,0,1,0,35,35,67.9,0,1,21,100.0,100.0,97.6,1,0,21,21
Chris Carson,12004,HB,SEA,7,0,29,43.0,1,4,30,17.2,18.2,91.7,0,5,0,35,192,30.3,1,2,12,23.1,24.1,87.5,3,0,14,58
Demetrius Harris,8524,TE,CLV,6,0,8,56.6,1,1,30,26.8,26.6,96.7,1,2,0,34,128,73.8,0,0,3,6.8,6.4,100.0,0,0,3,47
Jesse James,9593,TE,DET,6,0,11,38.2,0,2,34,31.5,30.9,94.1,0,3,1,34,110,27.1,0,0,2,7.7,7.4,100.0,0,0,2,27
Blake Bell,9550,TE,KC,7,1,16,77.4,0,0,32,30.8,31.2,96.9,1,1,1,34,109,,0,0,0,0.0,0.0,,0,0,0,22
Kenyan Drake,10707,HB,MIA,6,0,17,37.8,1,3,29,19.7,21.5,89.7,0,5,1,34,158,33.4,0,2,17,21.0,23.0,88.2,3,1,20,87
Kerryon Johnson,34455,HB,DET,6,0,11,75.9,1,1,33,27.3,26.6,97.0,0,2,0,34,128,59.5,1,1,12,24.0,23.5,91.7,2,0,12,51
George Kittle,11901,TE,SF,6,0,28,71.7,0,2,32,19.0,18.8,96.9,0,2,0,34,181,76.2,0,0,4,8.5,11.3,100.0,0,0,6,53
Luke Stocker,6256,TE,ATL,7,0,2,79.6,0,1,33,43.4,42.0,98.5,0,1,0,34,81,72.7,0,0,2,13.3,12.5,100.0,0,0,2,16
Ito Smith,45932,HB,ATL,7,1,2,28.7,0,3,31,27.9,27.0,95.2,2,3,0,33,122,18.8,0,3,20,30.3,28.0,92.5,3,0,21,75
Tyrell Crosby,38897,T,DET,1,0,11,61.6,0,3,32,100.0,100.0,95.3,0,3,0,33,33,27.1,0,3,9,100.0,100.0,83.3,3,0,10,10
Lucas Patrick,11435,C,GB,2,0,12,70.5,0,0,28,100.0,100.0,100.0,0,0,0,33,33,57.4,0,0,13,100.0,100.0,100.0,0,0,16,16
Rhett Ellison,7128,TE,NYG,7,0,21,71.6,0,2,32,29.6,28.0,96.9,0,2,0,33,118,79.5,0,0,11,22.9,22.6,100.0,0,0,12,53
Le'Veon Bell,7829,HB,NYJ,6,0,22,69.1,0,1,30,15.2,15.1,98.3,0,1,0,33,218,87.5,0,0,11,14.5,15.3,100.0,0,0,13,85
Chris Lindstrom,46692,G,ATL,1,0,2,77.5,0,0,29,100.0,100.0,100.0,1,0,0,32,32,66.1,0,0,12,100.0,100.0,100.0,0,0,14,14
Tyler Higbee,10744,TE,LA,6,0,26,62.6,1,1,28,26.9,27.6,96.4,0,2,0,32,116,28.9,0,0,1,3.0,2.7,100.0,0,0,1,37
Ryan Izzo,47327,TE,NE,6,0,19,55.4,1,0,30,24.4,23.9,95.0,3,2,1,32,134,65.8,0,0,1,3.2,2.8,100.0,0,0,1,36
Mark Ingram II,6180,HB,BLT,7,0,3,88.7,0,0,31,25.0,24.2,100.0,0,0,0,32,132,83.5,0,0,15,30.6,30.2,100.0,0,0,16,53
Korey Cunningham,38555,T,NE,1,0,19,63.2,0,1,26,100.0,100.0,98.1,0,1,0,31,31,60.4,0,0,2,100.0,100.0,100.0,0,0,4,4
MyCole Pruitt,9576,TE,TEN,7,0,31,74.2,0,2,30,40.0,39.2,96.7,0,2,0,31,79,73.1,0,0,2,14.3,14.3,100.0,0,0,2,14
Jordan Howard,10784,HB,PHI,7,0,24,73.2,0,0,26,29.5,32.3,96.2,0,1,1,31,96,45.9,0,0,6,30.0,28.6,83.3,1,1,6,21
Jonnu Smith,11855,TE,TEN,7,0,31,46.2,1,1,27,24.3,25.9,96.3,0,2,0,30,116,66.5,0,0,1,3.4,3.3,100.0,0,0,1,30
Aaron Jones,11937,HB,GB,7,0,12,91.0,0,0,26,16.4,16.7,100.0,0,0,0,29,174,87.6,0,0,10,18.5,18.6,100.0,0,0,11,59
Nick Boyle,9604,TE,BLT,7,0,3,72.7,0,0,27,23.5,23.6,100.0,1,0,0,29,123,72.9,0,0,2,6.5,6.1,100.0,0,0,2,33
Travis Kelce,7844,TE,KC,7,2,16,73.6,0,2,27,10.4,9.9,96.3,4,2,0,29,294,74.9,0,0,3,3.3,2.6,100.0,0,0,3,114
Ted Larsen,5728,G,CHI,1,0,6,13.8,1,1,25,100.0,100.0,92.0,0,3,1,28,28,18.0,1,0,11,100.0,100.0,86.4,2,1,13,13
Gerald Everett,11799,TE,LA,7,0,26,65.5,1,1,28,13.7,13.0,96.4,0,2,0,28,216,75.0,0,0,3,3.0,2.8,100.0,0,0,3,106
Nick O'Leary,9627,TE,MIA,6,0,17,87.4,0,0,28,42.4,40.0,100.0,0,0,0,28,70,83.4,0,0,12,41.4,38.7,100.0,0,0,12,31
O.J. Howard,11774,TE,TB,6,0,30,42.8,0,3,27,14.4,13.9,90.7,1,4,1,28,202,69.3,0,0,1,1.1,1.0,100.0,0,0,1,98
Scott Quessenberry,23918,C,LAC,2,0,27,30.9,0,3,25,100.0,100.0,94.0,0,3,0,27,27,80.4,0,0,11,100.0,100.0,100.0,0,0,12,12
Greg Olsen,3647,TE,CAR,6,0,5,70.9,0,0,24,11.3,11.7,95.8,0,1,1,26,223,59.7,0,0,8,8.4,8.1,100.0,0,0,8,99
Dare Ogunbowale,12329,HB,TB,6,0,30,29.8,0,1,24,20.0,20.2,97.9,0,1,0,26,129,87.6,0,0,10,12.8,13.3,100.0,0,0,11,83
Austin Ekeler,12164,HB,LAC,7,0,27,48.6,0,3,24,12.1,12.2,93.7,0,3,0,26,213,42.3,0,2,10,12.2,12.8,90.0,2,0,12,94
Darren Waller,9637,TE,OAK,6,0,23,67.9,1,0,24,12.6,12.8,97.9,0,1,0,25,195,48.7,1,0,8,9.5,9.4,93.7,1,0,8,85
Virgil Green,6356,TE,LAC,6,0,27,77.4,0,0,25,21.9,19.8,100.0,1,0,0,25,126,69.7,0,0,1,2.6,2.1,100.0,0,0,1,48
Duke Johnson Jr.,9510,HB,HST,7,0,13,38.0,0,3,24,14.2,13.7,93.7,0,3,0,25,182,27.5,0,3,12,14.6,14.4,87.5,3,0,13,90
Foster Moreau,47043,TE,OAK,6,0,23,38.4,0,3,22,25.9,27.6,93.2,0,3,0,24,87,14.5,0,2,5,17.9,17.9,80.0,2,0,5,28
Nick Chubb,45783,HB,CLV,6,0,8,90.8,0,0,23,14.6,14.0,100.0,0,0,0,24,172,89.3,0,0,12,20.3,19.4,100.0,0,0,12,62
Jeremy Sprinkle,11909,TE,WAS,7,1,32,57.6,1,0,22,22.7,22.4,97.7,1,1,0,24,107,69.6,0,0,1,4.2,4.2,100.0,0,0,1,24
Halapoulivaati Vaitai,10798,G,PHI,5,0,24,42.5,1,2,23,95.8,96.0,93.5,1,3,0,24,25,12.6,0,2,7,100.0,100.0,85.7,2,0,8,8
Gus Edwards,46027,HB,BLT,7,0,3,69.1,0,2,21,28.4,30.0,95.2,0,2,0,24,80,68.5,0,1,5,16.7,19.4,90.0,1,0,6,31
Spencer Long,8713,G,BUF,1,0,4,84.8,0,0,23,100.0,100.0,100.0,0,0,0,23,23,79.5,0,0,6,100.0,100.0,100.0,0,0,6,6
Royce Freeman,45747,HB,DEN,7,0,10,76.3,1,1,21,13.6,13.7,95.2,0,2,0,23,168,84.1,0,0,7,7.7,7.1,100.0,0,0,7,98
Dalvin Cook,11796,HB,MIN,7,0,18,45.8,0,2,21,14.3,14.5,90.5,1,3,1,23,159,21.8,0,2,9,22.0,20.8,77.8,3,1,10,48
Marcedes Lewis,2973,TE,GB,7,0,12,65.5,0,2,19,24.1,26.4,89.5,0,3,1,23,87,69.8,0,0,1,5.9,5.0,100.0,0,0,1,20
Saquon Barkley,45791,HB,NYG,4,0,21,77.2,0,1,22,16.8,17.0,97.7,0,1,0,23,135,74.3,0,0,8,13.3,14.3,100.0,0,0,9,63
Luke Willson,7940,TE,SEA,4,0,29,70.7,0,0,18,28.6,30.6,100.0,1,0,0,22,72,69.6,0,0,2,10.5,9.5,100.0,0,0,2,21
Rashod Hill,11369,T,MIN,1,0,18,86.2,0,0,19,100.0,100.0,100.0,0,0,0,22,22,79.4,0,0,2,100.0,100.0,100.0,0,0,4,4
Maxx Williams,9488,TE,ARZ,7,0,1,74.6,0,1,18,22.0,23.6,97.2,0,1,0,21,89,,0,0,0,0.0,0.0,,0,0,0,17
Miles Sanders,40555,HB,PHI,7,0,24,41.2,0,3,19,16.4,17.1,92.1,0,3,0,21,123,28.8,0,2,6,11.8,13.2,83.3,2,0,7,53
Dallas Goedert,47272,TE,PHI,6,0,24,65.1,0,1,21,19.6,18.1,92.9,0,2,1,21,116,60.0,0,1,4,10.5,9.8,87.5,1,0,4,41
Brandon Parker,34693,T,OAK,3,0,23,26.3,0,2,19,100.0,100.0,89.5,0,3,1,20,20,15.5,0,2,12,100.0,100.0,83.3,3,1,13,13
Austin Hooper,10715,TE,ATL,7,0,2,71.5,1,1,20,7.2,6.7,95.0,0,2,0,20,299,75.7,0,0,5,3.4,3.1,100.0,0,0,5,160
Chase Edmonds,45851,HB,ARZ,7,0,1,71.0,1,1,19,21.1,20.8,94.7,0,2,0,20,96,69.8,1,1,11,34.4,35.3,90.9,2,0,12,34
Will Dissly,30762,TE,SEA,6,0,29,66.9,0,1,18,14.6,14.6,97.2,1,1,0,20,137,68.7,0,0,1,3.1,2.8,100.0,0,0,1,36
Antony Auclair,24606,TE,TB,6,0,30,55.5,1,1,19,59.4,60.6,89.5,0,3,1,20,33,72.1,0,0,2,50.0,50.0,100.0,0,0,2,4
Mark Walton,45996,HB,MIA,5,0,17,31.2,0,2,16,28.6,32.3,87.5,0,3,1,20,62,80.6,0,0,4,20.0,19.0,100.0,0,0,4,21
Jeff Heuerman,9525,TE,DEN,7,0,10,65.0,0,2,17,17.2,19.0,94.1,0,2,0,20,105,76.6,0,0,4,9.5,11.1,100.0,0,0,5,45
Derrick Henry,10679,HB,TEN,7,0,31,82.2,0,0,17,15.7,16.5,94.1,0,1,1,19,115,61.8,0,0,4,18.2,16.0,75.0,1,1,4,25
James Conner,11860,HB,PIT,6,0,25,67.7,0,1,16,14.3,15.2,96.9,0,1,0,19,125,41.7,0,1,5,11.9,10.2,90.0,1,0,5,49
Mo Alie-Cox,12078,TE,IND,6,0,14,75.3,0,1,17,36.2,36.5,97.1,0,1,0,19,52,,0,0,0,0.0,0.0,,0,0,0,8
Drew Sample,47259,TE,CIN,7,0,7,69.3,1,0,16,34.0,36.5,96.9,0,1,0,19,52,45.0,1,0,5,25.0,23.8,90.0,1,0,5,21
Peyton Barber,10927,HB,TB,6,0,30,60.4,0,2,18,27.3,26.8,94.4,0,2,0,19,71,45.3,0,2,8,30.8,30.0,87.5,2,0,9,30
Jon Hilliman,45826,HB,NYG,3,0,21,87.9,0,0,14,23.3,27.7,100.0,0,0,0,18,65,84.7,0,0,5,18.5,20.7,100.0,0,0,6,29
Josh Jacobs,45953,HB,OAK,6,0,23,65.0,0,0,18,19.8,18.9,100.0,0,0,0,18,95,30.6,0,0,3,10.0,9.7,100.0,0,0,3,31
Marlon Mack,11898,HB,IND,6,0,14,32.5,1,1,16,13.7,14.2,93.7,0,2,0,18,127,16.7,1,1,7,22.6,24.2,85.7,2,0,8,33
Jack Doyle,8520,TE,IND,6,0,14,74.2,0,0,16,11.1,10.8,100.0,0,0,0,17,158,,0,0,0,0.0,0.0,,0,0,0,48
Sony Michel,27589,HB,NE,7,0,19,85.6,0,0,15,21.7,23.3,100.0,0,0,0,17,73,77.2,0,0,2,18.2,18.2,100.0,0,0,2,11
Jalen Richard,11395,HB,OAK,6,0,23,60.4,0,0,17,21.0,20.7,100.0,0,0,0,17,82,57.6,0,0,11,23.4,22.9,100.0,0,0,11,48
Wayne Gallman,11895,HB,NYG,6,0,21,62.5,0,1,13,15.7,18.3,96.2,0,1,0,17,93,68.4,0,0,3,6.4,11.1,100.0,0,0,6,54
Dan Skipper,12307,T,HST,1,0,13,52.9,0,1,17,100.0,100.0,97.1,0,1,0,17,17,56.7,0,0,6,100.0,100.0,100.0,0,0,6,6
Jason Witten,1384,TE,DAL,7,0,9,68.5,0,2,17,8.5,7.8,94.1,0,2,0,17,219,,0,0,0,0.0,0.0,,0,0,0,109
C.J. Ham,11347,FB,MIN,7,0,18,76.8,0,1,14,24.1,27.9,96.4,0,1,0,17,61,74.6,0,0,0,0.0,20.0,,0,0,1,5
David Montgomery,45719,HB,CHI,6,0,6,63.1,0,1,14,12.8,14.3,96.4,0,1,0,17,119,74.5,0,1,7,14.3,14.5,92.9,1,0,8,55
Ronald Jones,34001,HB,TB,6,0,30,35.5,1,3,17,31.5,30.9,88.2,0,4,0,17,55,35.8,0,1,5,25.0,25.0,90.0,1,0,5,20
Latavius Murray,7962,HB,NO,7,1,20,71.1,0,1,14,13.7,14.5,96.4,1,1,0,16,110,82.1,0,0,4,10.5,9.8,100.0,0,0,4,41
Elijhaa Penny,11300,FB,NYG,7,0,21,55.9,0,2,15,37.5,34.8,93.3,0,2,0,16,46,42.3,0,2,8,44.4,42.9,87.5,2,0,9,21
Frank Gore,2282,HB,BUF,6,0,4,72.8,1,1,13,14.6,16.2,92.3,0,2,0,16,99,69.3,1,0,5,17.9,20.0,90.0,1,0,6,30
B.J. Finney,9875,C,PIT,3,0,25,71.1,0,0,15,100.0,100.0,100.0,0,0,0,16,16,76.8,0,0,4,100.0,100.0,100.0,0,0,5,5
Zach Line,8420,FB,NO,7,0,20,85.7,0,0,13,28.3,30.0,100.0,0,0,0,15,50,79.8,0,0,2,12.5,15.8,100.0,0,0,3,19
Tyler Eifert,7802,TE,CIN,7,0,7,70.9,0,0,15,9.6,8.8,100.0,0,0,0,15,171,39.2,0,0,2,2.4,2.2,100.0,0,0,2,89
James White,8765,HB,NE,6,0,19,59.9,1,2,13,8.3,9.0,88.5,0,3,0,15,166,46.6,1,1,4,6.5,7.5,75.0,2,0,5,67
Alex Armah,11948,FB,CAR,6,0,5,72.9,0,0,15,60.0,57.7,100.0,0,0,0,15,26,72.8,0,0,7,63.6,58.3,100.0,0,0,7,12
Carlos Hyde,8692,HB,HST,7,0,13,46.9,0,1,13,11.4,12.3,96.2,0,1,0,15,122,50.8,0,0,5,26.3,29.2,100.0,0,0,7,24
Tevin Coleman,9506,HB,SF,4,0,28,87.0,0,0,12,21.8,25.4,100.0,0,0,0,15,59,83.4,0,0,4,22.2,26.3,100.0,0,0,5,19
Tyler Conklin,47124,TE,MIN,6,0,18,67.1,1,1,14,48.3,50.0,92.9,0,2,0,15,30,,0,0,0,0.0,0.0,,0,0,0,3
Kalen Ballage,45741,HB,MIA,6,0,17,70.3,0,1,14,28.6,25.9,96.4,0,1,0,14,54,84.9,0,0,7,35.0,31.8,100.0,0,0,7,22
Jimmy Graham,5619,TE,GB,7,0,12,66.6,0,0,14,7.1,6.5,92.9,1,1,1,14,217,35.0,0,0,3,3.4,3.0,66.7,1,1,3,99
T.J. Hockenson,40912,TE,DET,6,0,11,36.3,0,2,13,8.6,8.6,76.9,0,4,2,14,163,72.7,0,0,1,1.7,1.6,100.0,0,0,1,64
Zach Ertz,7816,TE,PHI,7,0,24,69.5,0,0,12,4.9,5.4,100.0,0,0,0,14,261,,0,0,0,0.0,0.0,,0,0,0,114
Levine Toilolo,7915,TE,SF,6,0,28,73.1,0,1,14,51.9,51.9,96.4,0,1,0,14,27,56.5,0,1,3,50.0,50.0,83.3,1,0,3,6
Noah Fant,42388,TE,DEN,7,1,10,25.9,0,0,10,5.3,6.5,90.0,3,1,1,13,201,29.3,0,0,5,4.7,6.2,100.0,0,0,7,113
Jamaal Williams,11889,HB,GB,6,0,12,68.9,1,0,13,13.7,12.6,96.2,0,1,0,13,103,58.4,1,0,8,21.6,18.6,93.7,1,0,8,43
Evan Engram,11778,TE,NYG,6,1,21,62.5,0,0,11,4.7,5.2,100.0,1,0,0,13,252,53.2,0,0,6,5.1,5.4,100.0,0,0,7,129
Nick Vannett,10728,TE,PIT,6,0,25,29.3,0,0,11,11.2,12.1,90.9,0,1,1,13,107,19.8,0,0,2,6.5,5.6,100.0,0,0,2,36
Malcolm Brown,9902,HB,LA,6,0,26,49.8,1,1,10,15.4,17.6,90.0,0,2,0,13,74,39.4,1,1,6,24.0,24.1,83.3,2,0,7,29
Geoff Swaim,9679,TE,JAX,6,1,15,48.1,0,1,11,10.6,11.2,95.5,1,1,0,13,116,24.0,0,0,3,5.4,4.8,100.0,0,0,3,62
Aaron Stinnie,28653,G,TEN,1,0,31,44.3,0,1,13,100.0,100.0,96.2,0,1,0,13,13,38.1,0,1,10,100.0,100.0,95.0,1,0,10,10
Jordan Akins,47050,TE,HST,7,0,13,64.0,0,2,11,6.2,6.8,90.9,0,2,0,13,191,66.4,0,0,1,1.4,1.3,100.0,0,0,1,77
Damien Williams,9205,HB,KC,5,1,16,62.0,0,1,13,13.4,11.6,96.2,1,1,0,13,112,80.5,0,0,4,11.8,9.3,100.0,0,0,4,43
Alvin Kamara,11822,HB,NO,6,0,20,59.2,0,1,11,6.9,7.0,95.5,1,1,0,12,172,40.9,0,1,4,5.0,5.7,87.5,1,0,5,88
Charles Clay,6326,TE,ARZ,7,0,1,72.7,0,2,11,12.6,12.4,90.9,0,2,0,12,97,,0,0,0,0.0,0.0,,0,0,0,19
Phillip Lindsay,12660,HB,DEN,7,0,10,4.0,0,7,11,10.1,10.9,68.2,0,7,0,12,110,7.8,0,4,6,11.3,13.0,66.7,4,0,7,54
Kyle Juszczyk,7912,FB,SF,4,0,28,82.9,0,0,12,26.7,24.5,100.0,1,0,0,12,49,,0,0,0,0.0,0.0,,0,0,0,9
Pharaoh Brown,12247,TE,CLV,5,1,8,68.4,0,1,12,38.7,32.4,95.8,2,1,0,12,37,69.2,0,0,1,20.0,20.0,100.0,0,0,1,5
C.J. Prosise,10724,HB,SEA,5,0,29,29.7,1,2,8,11.8,14.7,81.2,0,3,0,11,75,22.0,1,2,5,15.6,19.4,70.0,3,0,7,36
Darrel Williams,13014,HB,KC,6,0,16,72.5,0,0,11,14.1,12.9,100.0,0,0,0,11,85,55.9,0,0,3,8.8,7.7,100.0,0,0,3,39
Ryan Hunter,46904,G,KC,1,1,16,0.0,0,2,9,100.0,100.0,88.9,1,2,0,11,11,0.0,0,2,8,100.0,100.0,87.5,2,0,10,10
James O'Shaughnessy,9606,TE,JAX,5,0,15,77.8,0,0,9,7.4,8.4,100.0,0,0,0,11,131,,0,0,0,0.0,0.0,,0,0,0,63
Irv Smith Jr.,42060,TE,MIN,7,0,18,51.9,1,1,11,10.3,9.6,90.9,0,2,0,11,115,24.0,0,1,2,6.3,5.7,75.0,1,0,2,35
Adrian Peterson,3623,HB,WAS,6,0,32,20.4,1,0,11,20.4,18.3,95.5,0,1,0,11,60,76.5,0,0,2,20.0,20.0,100.0,0,0,2,10
Seth DeValve,10772,TE,JAX,7,0,15,81.0,0,1,11,21.2,20.4,95.5,0,1,0,11,54,72.4,0,0,1,4.5,4.5,100.0,0,0,1,22
Patrick Ricard,48862,DI,BLT,7,0,3,81.4,0,0,9,37.5,42.3,100.0,0,0,0,11,26,,0,0,0,0.0,0.0,,0,0,0,3
Vernon Davis,2951,TE,WAS,4,1,32,55.1,0,0,9,6.8,7.4,88.9,1,1,1,11,149,71.7,0,0,1,1.4,1.3,100.0,0,0,1,77
Matt Breida,12271,HB,SF,6,0,28,32.5,0,1,9,13.4,15.3,94.4,0,1,0,11,72,73.4,0,0,0,0.0,7.1,,0,0,1,14
Ryan Bates,28300,T,BUF,1,0,4,23.6,0,1,10,100.0,100.0,95.0,0,1,0,10,10,72.6,0,0,2,100.0,100.0,100.0,0,0,2,2
LeSean McCoy,4976,HB,KC,7,0,16,51.4,0,0,8,8.2,9.1,100.0,1,0,0,10,110,42.8,0,0,3,11.1,13.9,100.0,0,0,5,36
Vance McDonald,7836,TE,PIT,5,0,25,77.8,0,0,9,7.6,7.6,100.0,1,0,0,10,132,,0,0,0,0.0,0.0,,0,0,0,61
Chris Thompson,7936,HB,WAS,6,0,32,38.4,0,1,5,3.7,6.7,90.0,0,1,0,10,150,49.3,0,0,2,2.7,6.0,100.0,0,0,5,84
Mike Davis,9559,HB,CHI,3,0,6,53.2,0,0,9,20.9,21.3,88.9,0,1,1,10,47,21.7,0,0,3,15.8,14.3,66.7,1,1,3,21
Chris Reed,9830,G,MIA,1,0,17,48.4,0,0,8,100.0,100.0,100.0,1,0,0,10,10,79.2,0,0,4,100.0,100.0,100.0,0,0,5,5
Danny Vitale,10831,FB,GB,7,0,12,86.3,0,0,8,17.8,20.4,100.0,0,0,0,10,49,77.3,0,0,2,16.7,16.7,100.0,0,0,2,12
David Njoku,11784,TE,CLV,2,0,8,76.9,0,0,8,17.0,18.9,100.0,0,0,0,10,53,70.2,0,0,1,5.0,4.5,100.0,0,0,1,22
Adam Shaheen,11800,TE,CHI,6,0,6,69.4,0,0,10,14.5,13.5,100.0,0,0,0,10,74,70.2,0,0,1,3.2,2.9,100.0,0,0,1,35
Sean Culkin,12037,TE,LAC,4,0,27,35.6,0,0,10,18.9,17.9,90.0,0,1,1,10,56,,0,0,0,0.0,0.0,,0,0,0,26
Blake Jarwin,12320,TE,DAL,7,0,9,75.3,0,0,10,11.2,10.5,100.0,0,0,0,10,95,,0,0,0,0.0,0.0,,0,0,0,33
Trevon Wesco,42018,TE,NYJ,5,0,22,24.3,1,0,8,66.7,66.7,81.2,0,2,1,10,15,,0,0,0,,0.0,,0,0,0,1
Ty Johnson,45769,HB,DET,6,0,11,47.3,0,2,10,15.6,14.7,90.0,0,2,0,10,68,57.9,0,1,3,14.3,13.0,83.3,1,0,3,23
Mike Gesicki,47153,TE,MIA,6,0,17,57.6,0,0,8,5.2,5.4,100.0,0,0,0,9,167,36.8,0,0,5,5.7,5.3,100.0,0,0,5,94
Raheem Mostert,9783,HB,SF,5,0,28,63.4,0,1,8,17.4,18.4,81.2,0,2,1,9,49,68.4,0,1,5,27.8,31.6,90.0,1,0,6,19
T.J. Yeldon,9469,HB,BUF,5,0,4,75.5,0,0,9,10.6,9.9,100.0,0,0,0,9,91,71.6,0,0,6,12.5,12.2,100.0,0,0,6,49
Justice Hill,45865,HB,BLT,7,0,3,60.3,0,0,9,15.3,15.0,88.9,0,1,1,9,60,44.6,0,0,5,15.6,15.6,80.0,1,1,5,32
Robert Woods,7822,WR,LA,7,0,26,76.5,0,0,9,3.1,2.9,100.0,2,0,0,9,310,,0,0,0,0.0,0.0,,0,0,0,145
Keith Smith,9302,FB,ATL,7,0,2,38.1,1,0,9,34.6,31.0,94.4,0,1,0,9,29,79.3,0,0,4,57.1,50.0,100.0,0,0,4,8
Trey Burton,9185,TE,CHI,5,0,6,35.6,0,1,7,5.6,6.0,92.9,0,1,0,8,134,30.8,0,0,1,1.7,1.6,100.0,0,0,1,64
Ben Koyack,9662,TE,JAX,2,0,15,65.0,0,1,8,61.5,57.1,93.7,0,1,0,8,14,,0,0,0,0.0,0.0,,0,0,0,3
Tarik Cohen,11874,HB,CHI,6,0,6,69.7,0,0,8,5.4,5.1,100.0,0,0,0,8,158,78.9,0,0,3,4.1,3.9,100.0,0,0,3,77
Darren Sproles,2347,HB,PHI,5,0,24,72.4,0,1,7,10.6,11.1,92.9,2,1,0,8,72,67.8,0,1,5,12.5,13.3,90.0,1,0,6,45
Jaylen Samuels,47297,HB,PIT,5,1,25,44.2,0,2,7,9.6,10.1,85.7,1,2,0,8,79,24.4,0,1,3,8.6,7.9,83.3,1,0,3,38
Cooper Kupp,11824,WR,LA,7,0,26,55.1,0,0,7,2.6,2.7,85.7,0,1,1,8,295,,0,0,0,0.0,0.0,,0,0,0,150
Rex Burkhead,7971,HB,NE,4,0,19,83.6,0,0,7,8.8,9.4,100.0,0,0,0,8,85,80.8,0,0,3,8.3,7.9,100.0,0,0,3,38
Alec Ingold,34934,FB,OAK,6,0,23,84.3,0,0,8,33.3,32.0,100.0,0,0,0,8,25,74.4,0,0,1,14.3,14.3,100.0,0,0,1,7
Logan Thomas,8755,TE,DET,6,0,11,69.6,0,0,7,13.7,14.5,100.0,1,0,0,8,55,76.0,0,0,2,8.3,7.7,100.0,0,0,2,26
Justin Jackson,29539,HB,LAC,3,0,27,20.7,0,4,8,21.1,20.0,75.0,0,4,0,8,40,9.6,0,3,4,20.0,20.0,62.5,3,0,4,20
Nyheim Hines,48103,HB,IND,6,0,14,27.2,0,0,8,10.1,9.2,100.0,0,0,0,8,87,18.8,0,0,4,9.5,8.9,100.0,0,0,4,45
Zach Banner,11892,T,PIT,4,0,25,76.3,0,0,7,70.0,70.0,100.0,0,0,0,7,10,69.6,0,0,1,100.0,100.0,100.0,0,0,1,1
Jacob Hollister,12051,TE,SEA,2,0,29,41.0,1,1,7,16.3,14.9,85.7,0,2,0,7,47,39.6,0,0,1,5.0,4.5,100.0,0,0,1,22
D'Ernest Johnson,45734,HB,CLV,4,0,8,16.4,0,0,4,14.8,21.2,75.0,0,1,1,7,33,15.3,0,0,4,23.5,30.0,75.0,1,1,6,20
Dawson Knox,35883,TE,BUF,6,0,4,75.4,0,0,7,4.6,4.2,100.0,0,0,0,7,165,73.0,0,0,2,2.6,2.4,100.0,0,0,2,82
Dontrell Hilliard,45691,HB,CLV,5,0,8,7.3,1,2,7,18.4,16.7,64.3,0,4,1,7,42,0.0,1,2,5,23.8,23.8,50.0,4,1,5,21
Jared Cook,5012,TE,NO,6,0,20,36.0,0,1,6,3.7,3.9,91.7,1,1,0,7,178,69.7,0,0,1,1.1,1.0,100.0,0,0,1,99
Matt LaCosse,9840,TE,NE,4,0,19,54.2,0,0,4,5.6,9.2,100.0,0,0,0,7,76,,0,0,0,0.0,0.0,,0,0,0,20
Patrick DiMarco,6997,FB,BUF,6,0,4,82.4,0,0,3,7.7,13.3,100.0,0,0,0,6,45,75.0,0,0,0,0.0,4.5,,0,0,1,22
Geron Christian Sr.,46375,T,WAS,3,0,32,78.4,0,0,6,100.0,100.0,100.0,0,0,0,6,6,74.7,0,0,1,100.0,100.0,100.0,0,0,1,1
Eric Tomlinson,9786,TE,NE,3,0,19,43.1,0,0,6,46.2,46.2,100.0,0,0,0,6,13,,0,0,0,0.0,0.0,,0,0,0,4
Patrick Mekari,46219,G,BLT,1,0,3,77.9,0,0,6,100.0,100.0,100.0,0,0,0,6,6,75.3,0,0,2,100.0,100.0,100.0,0,0,2,2
Devin Singletary,40485,HB,BUF,3,0,4,84.2,0,0,6,9.2,8.8,100.0,0,0,0,6,68,82.8,0,0,4,10.3,9.8,100.0,0,0,4,41
Jordan Wilkins,26618,HB,IND,5,0,14,40.1,0,1,5,15.2,16.2,90.0,0,1,0,6,37,41.9,0,1,4,28.6,29.4,87.5,1,0,5,17
Nick Bawden,27413,FB,DET,6,0,11,85.8,0,0,6,20.7,20.0,100.0,0,0,0,6,30,,0,0,0,0.0,0.0,,0,0,0,4
Wendell Smallwood,10787,HB,WAS,6,0,32,48.8,0,0,5,13.2,15.0,100.0,0,0,0,6,40,79.7,0,0,2,12.5,12.5,100.0,0,0,2,16
Tommy Sweeney,47216,TE,BUF,5,0,4,44.9,0,1,6,13.3,13.3,91.7,0,1,0,6,45,66.3,0,0,1,4.8,4.8,100.0,0,0,1,21
Andrew Beck,47121,TE,DEN,7,0,10,44.1,1,0,6,21.4,20.7,91.7,0,1,0,6,29,,0,0,0,0.0,0.0,,0,0,0,11
Jakob Johnson,32565,FB,NE,3,0,19,81.0,0,0,6,17.1,17.1,100.0,0,0,0,6,35,,0,0,0,0.0,0.0,,0,0,0,8
C.J. Anderson,8101,HB,DET,2,1,11,20.9,1,1,6,35.3,33.3,83.3,1,2,0,6,18,13.9,0,1,2,28.6,25.0,75.0,1,0,2,8
J.P. Holtz,11062,TE,CHI,4,0,6,74.7,0,0,5,38.5,35.7,100.0,0,0,0,5,14,,0,0,0,0.0,0.0,,0,0,0,2
Robert Tonyan,12193,TE,GB,5,0,12,47.9,0,1,5,11.9,11.4,70.0,0,2,1,5,44,69.8,0,0,1,9.1,7.7,100.0,0,0,1,13
Ameer Abdullah,9487,HB,MIN,7,0,18,80.9,0,0,4,15.4,17.2,100.0,0,0,0,5,29,77.4,0,0,2,16.7,14.3,100.0,0,0,2,14
James Develin,6142,FB,NE,2,0,19,80.9,0,0,3,25.0,31.3,100.0,0,0,0,5,16,74.4,0,0,0,0.0,25.0,,0,0,1,4
Dalton Schultz,47304,TE,DAL,6,0,9,74.4,0,0,5,41.7,41.7,100.0,1,0,0,5,12,,0,0,0,,,,0,0,0,0
Delanie Walker,3120,TE,TEN,7,0,31,23.3,0,1,4,2.8,3.2,87.5,0,1,0,5,158,22.4,0,1,2,2.5,3.3,75.0,1,0,3,92
Auden Tate,48192,WR,CIN,6,0,7,79.6,0,0,4,1.9,2.2,100.0,0,0,0,5,228,,0,0,0,0.0,0.0,,0,0,0,101
Ja'Wuan James,8654,T,DEN,1,0,10,76.8,0,0,4,100.0,100.0,100.0,0,0,0,5,5,74.9,0,0,2,100.0,100.0,100.0,0,0,3,3
Hunter Henry,10669,TE,LAC,3,0,27,58.5,0,1,5,4.6,4.4,90.0,0,1,0,5,114,65.8,0,0,1,1.6,1.5,100.0,0,0,1,65
Xavier Grimble,9092,TE,PIT,3,0,25,75.6,0,0,4,13.3,15.2,100.0,0,0,0,5,33,,0,0,0,0.0,0.0,,0,0,0,13
Ross Dwelley,20994,TE,SF,6,0,28,64.2,0,1,4,12.1,13.9,87.5,0,1,0,5,36,78.7,0,0,1,12.5,22.2,100.0,0,0,2,9
Brandon Bolden,7469,HB,NE,5,0,19,80.9,0,0,3,7.3,11.6,100.0,0,0,0,5,43,78.6,0,0,2,11.8,16.7,100.0,0,0,3,18
Tyler Kroft,9518,TE,BUF,1,0,4,78.0,0,0,5,35.7,35.7,100.0,0,0,0,5,14,74.1,0,0,1,25.0,25.0,100.0,0,0,1,4
Derrius Guice,45664,HB,WAS,1,0,32,79.6,0,0,5,41.7,41.7,100.0,0,0,0,5,12,,0,0,0,0.0,0.0,,0,0,0,1
DeAndre Washington,10777,HB,OAK,6,0,23,80.9,0,0,5,14.3,13.9,100.0,0,0,0,5,36,77.9,0,0,2,13.3,13.3,100.0,0,0,2,15
J.D. McKissic,11047,HB,DET,6,0,11,63.0,0,1,5,13.9,12.5,90.0,0,1,0,5,40,43.4,0,1,2,15.4,12.5,75.0,1,0,2,16
Patrick Omameh,8277,T,NO,1,0,20,74.5,0,0,4,100.0,100.0,100.0,0,0,0,4,4,,0,0,0,,,,0,0,0,0
Mark Andrews,47436,TE,BLT,7,1,3,54.0,0,1,3,1.7,2.1,83.3,1,1,0,4,187,,0,0,0,0.0,0.0,,0,0,0,95
Alexander Mattison,45817,HB,MIN,7,0,18,54.5,0,0,4,11.1,10.3,100.0,0,0,0,4,39,73.0,0,0,1,33.3,33.3,100.0,0,0,1,3
James Hurst,9001,T,BLT,1,0,3,77.2,0,0,4,100.0,100.0,100.0,0,0,0,4,4,75.7,0,0,1,100.0,100.0,100.0,0,0,1,1
Tony Pollard,27126,HB,DAL,7,0,9,33.6,0,0,3,8.3,9.8,100.0,0,0,0,4,41,78.3,0,0,2,18.2,14.3,100.0,0,0,2,14
Hayden Hurst,47294,TE,BLT,7,0,3,72.1,0,0,4,4.3,4.1,100.0,0,0,0,4,98,70.6,0,0,1,2.6,2.4,100.0,0,0,1,41
Jeff Wilson Jr.,29413,HB,SF,3,0,28,80.8,0,0,4,40.0,33.3,100.0,0,0,0,4,12,73.4,0,0,1,50.0,25.0,100.0,0,0,1,4
Daniel Brown,10144,TE,NYJ,4,0,22,58.3,0,0,4,40.0,33.3,75.0,0,1,1,4,12,,0,0,0,0.0,0.0,,0,0,0,4
Jamize Olawale,7572,FB,DAL,7,0,9,81.8,0,0,3,12.0,14.3,100.0,0,0,0,4,28,74.6,0,0,1,10.0,9.1,100.0,0,0,1,11
Jaron Brown,8128,WR,SEA,7,0,29,61.4,0,1,4,2.4,2.1,87.5,0,1,0,4,188,,0,0,0,0.0,0.0,,0,0,0,75
Chandler Cox,45629,FB,MIA,4,0,17,24.1,0,0,3,33.3,40.0,66.7,0,1,1,4,10,,0,0,0,0.0,0.0,,0,0,0,3
Darrell Henderson,41193,HB,LA,3,0,26,30.7,0,1,3,13.0,16.7,83.3,0,1,0,4,24,25.4,0,1,2,20.0,27.3,75.0,1,0,3,11
Eric Ebron,8645,TE,IND,6,0,14,34.8,0,1,2,1.8,3.3,75.0,0,1,0,4,120,32.6,0,1,1,1.9,1.8,50.0,1,0,1,57
Derek Carrier,7406,TE,OAK,5,0,23,73.4,0,0,2,6.1,8.3,100.0,0,0,0,3,36,,0,0,0,0.0,0.0,,0,0,0,20
James Ferentz,9258,G,NE,1,0,19,75.9,0,0,3,100.0,100.0,100.0,0,0,0,3,3,71.0,0,0,1,100.0,100.0,100.0,0,0,1,1
Rashaad Penny,27414,HB,SEA,4,0,29,79.0,0,0,3,12.5,10.7,100.0,0,0,0,3,28,76.7,0,0,1,11.1,9.1,100.0,0,0,1,11
Andy Janovich,10810,FB,DEN,4,0,10,78.2,0,0,3,10.7,10.3,100.0,0,0,0,3,29,,0,0,0,0.0,0.0,,0,0,0,8
Jermaine Eluemunor,11914,G,NE,1,0,19,76.6,0,0,3,100.0,100.0,100.0,0,0,0,3,3,71.0,0,0,1,100.0,100.0,100.0,0,0,1,1
Tra Carson,11104,HB,DET,1,0,11,82.2,0,0,2,14.3,17.6,100.0,0,0,0,3,17,75.0,0,0,1,12.5,10.0,100.0,0,0,1,10
Larry Fitzgerald,1724,WR,ARZ,7,0,1,48.8,1,0,3,1.1,1.0,83.3,1,1,0,3,291,,0,0,0,0.0,0.0,,0,0,0,105
Reggie Bonnafon,47542,HB,CAR,2,0,5,75.6,0,0,3,37.5,37.5,100.0,0,0,0,3,8,,0,0,0,0.0,0.0,,0,0,0,2
Ryquell Armstead,45810,HB,JAX,5,0,15,53.5,0,1,3,16.7,15.0,83.3,0,1,0,3,20,75.8,0,0,2,22.2,20.0,100.0,0,0,2,10
Sammy Watkins,8639,WR,KC,5,1,16,74.2,0,0,3,1.8,1.6,100.0,1,0,0,3,183,,0,0,0,0.0,0.0,,0,0,0,65
Cameron Brate,9207,TE,TB,6,0,30,22.4,0,1,3,2.9,2.8,83.3,0,1,0,3,108,,0,0,0,0.0,0.0,,0,0,0,57
Bradley Sowell,7693,TE,CHI,1,0,6,71.1,0,0,3,100.0,100.0,100.0,0,0,0,3,3,,0,0,0,,,,0,0,0,0
Cullen Gillaspia,38844,HB,HST,3,0,13,54.7,0,0,1,33.3,60.0,100.0,0,0,0,3,5,47.0,0,0,0,0.0,50.0,,0,0,2,4
Johnny Mundt,12206,TE,LA,3,0,26,83.1,0,0,3,42.9,42.9,100.0,0,0,0,3,7,,0,0,0,,,,0,0,0,0
Kendall Lamm,10017,T,CLV,1,0,8,76.6,0,0,3,100.0,100.0,100.0,0,0,0,3,3,74.7,0,0,1,100.0,100.0,100.0,0,0,1,1
Hunter Renfrow,47509,WR,OAK,6,1,23,67.0,0,0,2,1.7,1.6,100.0,1,0,0,2,123,,0,0,0,0.0,0.0,,0,0,0,68
Chris Godwin,11839,WR,TB,6,0,30,71.0,0,0,2,0.8,0.8,100.0,0,0,0,2,258,,0,0,0,0.0,0.0,,0,0,0,136
Zay Jones,11792,WR,OAK,5,0,23,44.9,0,1,2,2.1,1.9,75.0,0,1,0,2,108,,0,0,0,0.0,0.0,,0,0,0,53
Zach Pascal,12303,WR,IND,6,1,14,76.2,0,0,2,1.9,1.8,100.0,1,0,0,2,111,,0,0,0,0.0,0.0,,0,0,0,42
Ben Braunecker,11335,TE,CHI,3,0,6,71.0,0,0,2,12.5,11.8,100.0,0,0,0,2,17,,0,0,0,0.0,0.0,,0,0,0,7
Chester Rogers,10918,WR,IND,6,0,14,74.0,0,0,1,0.8,1.5,100.0,1,0,0,2,135,,0,0,0,0.0,0.0,,0,0,0,65
Joey Hunt,10849,G,SEA,1,0,29,40.7,0,0,2,100.0,100.0,50.0,0,1,1,2,2,,0,0,0,,,,0,0,0,0
Joe Haeg,10789,T,IND,2,0,14,72.4,0,0,1,100.0,100.0,100.0,0,0,0,2,2,,0,0,0,,,,0,0,0,0
Nick Gates,29476,G,NYG,3,0,21,71.3,0,0,2,100.0,66.7,100.0,0,0,0,2,3,,0,0,0,,,,0,0,0,0
Trey Quinn,38276,WR,WAS,7,0,32,68.2,0,0,2,1.0,0.9,100.0,0,0,0,2,221,,0,0,0,0.0,0.0,,0,0,0,105
Zach Zenner,9761,HB,NO,1,0,20,78.0,0,0,2,33.3,33.3,100.0,0,0,0,2,6,75.0,0,0,1,33.3,33.3,100.0,0,0,1,3
Kaden Smith,40973,TE,NYG,1,0,21,46.9,0,1,2,100.0,100.0,75.0,0,1,0,2,2,,0,0,0,,,,0,0,0,0
Ian Thomas,42130,TE,CAR,5,0,5,71.0,0,0,2,14.3,14.3,100.0,0,0,0,2,14,,0,0,0,0.0,0.0,,0,0,0,5
Melvin Gordon III,9448,HB,LAC,3,0,27,80.2,0,0,2,3.4,3.1,100.0,0,0,0,2,64,75.7,0,0,1,2.9,2.6,100.0,0,0,1,39
Jerome Cunningham,9400,TE,WAS,2,0,32,72.6,0,0,2,25.0,25.0,100.0,0,0,0,2,8,,0,0,0,0.0,0.0,,0,0,0,1
Trey Pipkins,91462,T,LAC,2,0,27,72.2,0,0,2,100.0,100.0,100.0,0,0,0,2,2,70.7,0,0,1,100.0,100.0,100.0,0,0,1,1
Tom Compton,7181,G,NYJ,1,0,22,74.2,0,0,2,100.0,100.0,100.0,0,0,0,2,2,71.0,0,0,1,100.0,100.0,100.0,0,0,1,1
Anthony Sherman,6288,FB,KC,5,0,16,72.5,0,0,2,22.2,22.2,100.0,0,0,0,2,9,,0,0,0,0.0,0.0,,0,0,0,1
Bilal Powell,6278,HB,NYJ,3,0,22,43.5,0,1,2,22.2,20.0,75.0,0,1,0,2,10,25.3,0,1,1,25.0,25.0,50.0,1,0,1,4
Stefen Wisniewski,6200,G,KC,1,0,16,35.1,0,0,2,100.0,100.0,100.0,0,0,0,2,2,74.1,0,0,1,100.0,100.0,100.0,0,0,1,1
Allen Lazard,48135,WR,GB,6,0,12,75.1,0,0,2,3.9,3.5,100.0,0,0,0,2,57,,0,0,0,0.0,0.0,,0,0,0,25
Brandin Cooks,8655,WR,LA,7,0,26,62.4,0,0,0,0.0,0.4,,1,0,0,1,279,,0,0,0,0.0,0.0,,0,0,0,127
Tyler Larsen,9304,G,CAR,1,0,5,72.7,0,0,1,100.0,100.0,100.0,0,0,0,1,1,,0,0,0,,,,0,0,0,0
Byron Pringle,42345,WR,KC,7,0,16,66.9,0,0,1,1.4,1.3,100.0,1,0,0,1,79,,0,0,0,0.0,0.0,,0,0,0,30
Mike Evans,8642,WR,TB,6,0,30,69.6,0,0,1,0.4,0.4,100.0,0,0,0,1,255,,0,0,0,0.0,0.0,,0,0,0,134
Phillip Dorsett,9462,WR,NE,6,0,19,65.7,0,0,1,0.6,0.6,100.0,0,0,0,1,180,,0,0,0,0.0,0.0,,0,0,0,63
Darwin Thompson,83791,HB,KC,4,0,16,67.1,0,0,1,12.5,12.5,100.0,0,0,0,1,8,,0,0,0,,,,0,0,0,0
Chris Conley,9509,WR,JAX,7,0,15,66.1,0,0,1,0.4,0.4,100.0,0,0,0,1,248,,0,0,0,0.0,0.0,,0,0,0,136
Ty Montgomery,9527,WR,NYJ,6,0,22,64.9,0,0,1,2.9,2.8,100.0,0,0,0,1,36,,0,0,0,0.0,0.0,,0,0,0,17
Geremy Davis,9619,WR,LAC,4,0,27,65.6,0,0,1,2.0,1.9,100.0,0,0,0,1,53,,0,0,0,0.0,0.0,,0,0,0,28
Daren Bates,8077,LB,TEN,2,0,31,62.7,0,0,1,50.0,50.0,100.0,0,0,0,1,2,,0,0,0,,,,0,0,0,0
Troy Reeder,38268,LB,LA,1,0,26,64.1,0,0,1,100.0,100.0,100.0,0,0,0,1,1,,0,0,0,,,,0,0,0,0
David Quessenberry,7957,T,TEN,2,0,31,65.9,0,0,1,50.0,50.0,100.0,0,0,0,1,2,,0,0,0,,,,0,0,0,0
Kenny Stills,7926,WR,HST,5,0,13,62.3,0,0,1,1.0,0.9,100.0,0,0,0,1,111,,0,0,0,0.0,0.0,,0,0,0,52
Zach Gentry,36049,TE,PIT,2,0,25,70.6,0,0,1,5.9,5.3,100.0,0,0,0,1,19,,0,0,0,0.0,0.0,,0,0,0,9
Jake Kumerow,9883,WR,GB,4,0,12,62.3,0,0,1,1.1,1.0,100.0,1,0,0,1,100,,0,0,0,0.0,0.0,,0,0,0,47
Baker Mayfield,46518,QB,CLV,6,0,8,60.9,0,0,1,0.5,0.4,100.0,1,0,0,1,245,,0,0,0,0.0,0.0,,0,0,0,101
Matt Pryor,46647,G,PHI,1,0,24,63.8,0,0,1,100.0,100.0,100.0,0,0,0,1,1,,0,0,0,,,,0,0,0,0
Cordarrelle Patterson,7810,WR,CHI,5,0,6,62.3,0,0,1,2.6,2.3,100.0,0,0,0,1,43,,0,0,0,0.0,0.0,,0,0,0,16
Josh Rosen,35460,QB,MIA,5,0,17,60.9,0,0,1,0.8,0.7,100.0,0,0,0,1,138,,0,0,0,0.0,0.0,,0,0,0,61
Damien Harris,35134,HB,NE,1,0,19,69.2,0,0,1,100.0,100.0,100.0,0,0,0,1,1,,0,0,0,,,,0,0,0,0
Rick Lovato,10007,LS,PHI,1,0,24,63.8,0,0,1,100.0,100.0,100.0,0,0,0,1,1,,0,0,0,,,,0,0,0,0
Beau Brinkley,7418,LS,TEN,1,0,31,61.5,0,0,1,100.0,100.0,100.0,0,0,0,1,1,,0,0,0,,,,0,0,0,0
Adam Humphries,10075,WR,TEN,7,0,31,65.2,0,0,1,0.6,0.5,100.0,0,0,0,1,184,65.2,0,0,1,1.0,0.9,100.0,0,0,1,112
Travin Howard,50959,LB,LA,1,0,26,70.3,0,0,1,100.0,100.0,100.0,0,0,0,1,1,,0,0,0,,,,0,0,0,0
Jarius Wright,7118,WR,CAR,6,0,5,66.1,0,0,1,0.6,0.6,100.0,0,0,0,1,170,,0,0,0,0.0,0.0,,0,0,0,81
Kirk Cousins,7102,QB,MIN,7,0,18,60.9,0,0,1,0.5,0.4,100.0,1,0,0,1,226,,0,0,0,0.0,0.0,,0,0,0,68
Will Fuller V,10655,WR,HST,7,0,13,64.5,0,0,1,0.4,0.4,100.0,1,0,0,1,252,,0,0,0,0.0,0.0,,0,0,0,98
Jake McQuaide,6586,LS,LA,1,0,26,66.0,0,0,1,100.0,100.0,100.0,0,0,0,1,1,,0,0,0,,,,0,0,0,0
Benjamin Watson,1753,TE,NE,1,0,19,68.8,0,0,0,0.0,3.3,,0,0,0,1,30,,0,0,0,0.0,0.0,,0,0,0,12
Brian Hill,11911,HB,ATL,1,0,2,75.7,0,0,1,9.1,9.1,100.0,0,0,0,1,11,75.7,0,0,1,20.0,20.0,100.0,0,0,1,5
Ricky Seals-Jones,12020,TE,CLV,5,0,8,71.6,0,0,0,0.0,1.5,,0,0,0,1,65,71.6,0,0,0,0.0,3.0,,0,0,1,33
Lance Kendricks,6199,TE,LAC,5,0,27,69.6,0,0,1,2.2,2.0,100.0,0,0,0,1,49,,0,0,0,0.0,0.0,,0,0,0,32
Kamalei Correa,10676,ED,TEN,1,1,31,62.7,0,0,1,100.0,100.0,100.0,2,0,0,1,1,,0,0,0,,,,0,0,0,0
Jacoby Brissett,10725,QB,IND,6,0,14,61.3,0,0,1,0.4,0.4,100.0,0,0,0,1,248,,0,0,0,0.0,0.0,,0,0,0,95
Hale Hentges,47150,TE,WAS,2,0,32,69.8,0,0,1,20.0,20.0,100.0,0,0,0,1,5,,0,0,0,,,,0,0,0,0
Joshua Miles,29038,T,ARZ,1,0,1,67.6,0,0,1,100.0,100.0,100.0,0,0,0,1,1,,0,0,0,,,,0,0,0,0
Hassan Ridgeway,10750,DI,PHI,1,0,24,63.8,0,0,1,100.0,100.0,100.0,0,0,0,1,1,,0,0,0,,,,0,0,0,0
Ben Garland,5839,G,SF,1,0,28,71.1,0,0,0,,100.0,,0,0,0,1,1,71.1,0,0,0,,100.0,,0,0,1,1
Pharoh Cooper,10751,WR,ARZ,4,0,1,65.6,0,0,1,2.5,2.3,100.0,0,0,0,1,43,,0,0,0,0.0,0.0,,0,0,0,17
Wesley Woodyard,4583,LB,TEN,1,0,31,62.7,0,0,1,100.0,100.0,100.0,0,0,0,1,1,,0,0,0,,,,0,0,0,0
Devontae Booker,10770,HB,DEN,2,0,10,75.0,0,0,0,0.0,50.0,,0,0,0,1,2,75.0,0,0,0,,100.0,,0,0,1,1
Derek Watt,10832,FB,LAC,7,0,27,16.9,0,0,1,4.8,4.5,100.0,0,0,0,1,22,3.6,0,0,0,0.0,0.0,,0,0,0,4
Reggie Gilbert,11147,ED,TEN,1,0,31,62.7,0,0,1,100.0,100.0,100.0,0,0,0,1,1,,0,0,0,,,,0,0,0,0
Joe Jones,12321,LB,DEN,1,0,10,61.4,0,0,1,100.0,100.0,100.0,0,0,0,1,1,,0,0,0,,,,0,0,0,0
Duke Williams,11366,WR,BUF,2,0,4,66.2,0,0,1,1.9,1.9,100.0,0,0,0,1,54,,0,0,0,0.0,0.0,,0,0,0,18
Josh Reynolds,11872,WR,LA,7,0,26,62.3,0,0,1,1.4,1.3,100.0,0,0,0,1,76,,0,0,0,0.0,0.0,,0,0,0,43
Troymaine Pope,11473,HB,LAC,1,0,27,74.1,0,0,1,7.1,7.1,100.0,0,0,0,1,14,74.1,0,0,1,14.3,14.3,100.0,0,0,1,7
Christian Kirk,47546,WR,ARZ,4,0,1,66.2,0,0,1,0.6,0.5,100.0,1,0,0,1,190,,0,0,0,0.0,0.0,,0,0,0,75
James Washington,47792,WR,PIT,5,0,25,62.4,0,0,1,0.8,0.7,100.0,0,0,0,1,139,,0,0,0,0.0,0.0,,0,0,0,58
Cameron Johnston,12255,P,PHI,1,0,24,63.8,0,0,1,100.0,100.0,100.0,0,0,0,1,1,,0,0,0,,,,0,0,0,0
Kenny Golladay,11851,WR,DET,6,1,11,36.3,0,1,1,0.5,0.4,50.0,1,1,0,1,233,,0,0,0,0.0,0.0,,0,0,0,97
Keelan Doss,48143,WR,OAK,5,0,23,66.2,0,0,1,2.6,2.5,100.0,0,0,0,1,40,,0,0,0,0.0,0.0,,0,0,0,19
John Ross,11764,WR,CIN,4,0,7,62.4,0,0,1,0.7,0.6,100.0,1,0,0,1,162,,0,0,0,0.0,0.0,,0,0,0,69
Robert Foster,48230,WR,BUF,3,0,4,65.7,0,0,1,2.6,2.5,100.0,0,0,0,1,40,,0,0,0,0.0,0.0,,0,0,0,25
Deebo Samuel,48274,WR,SF,5,0,28,73.4,0,0,1,1.0,0.9,100.0,1,0,0,1,115,,0,0,0,0.0,0.0,,0,0,0,35
Justin Hollins,48498,LB,DEN,1,0,10,61.4,0,0,1,100.0,100.0,100.0,0,0,0,1,1,,0,0,0,,,,0,0,0,0
Malik Reed,48567,ED,DEN,1,0,10,61.4,0,0,1,100.0,100.0,100.0,1,0,0,1,1,,0,0,0,,,,0,0,0,0
Taysom Hill,12112,QB,NO,7,0,20,66.8,0,0,1,2.1,2.0,100.0,0,0,0,1,49,66.8,0,0,1,3.8,3.8,100.0,0,0,1,26
Natrez Patrick,49805,ED,LA,1,0,26,64.1,0,0,1,100.0,100.0,100.0,0,0,0,1,1,,0,0,0,,,,0,0,0,0
Ogbonnia Okoronkwo,50130,ED,LA,1,0,26,68.5,0,0,1,100.0,100.0,100.0,0,0,0,1,1,,0,0,0,,,,0,0,0,0
Josey Jewell,50720,LB,DEN,1,0,10,61.4,0,0,1,100.0,100.0,100.0,0,0,0,1,1,,0,0,0,,,,0,0,0,0
David Fluellen,9184,FB,TEN,1,0,31,62.7,0,0,1,100.0,100.0,100.0,0,0,0,1,1,,0,0,0,,,,0,0,0,0
Bryan Witzmann,8995,TE,CAR,1,0,5,67.4,0,0,1,100.0,100.0,100.0,0,0,0,1,1,,0,0,0,,,,0,0,0,0
Casey Kreiter,8959,LS,DEN,1,0,10,60.8,0,0,1,100.0,100.0,100.0,0,0,0,1,1,,0,0,0,,,,0,0,0,0
Ryan Groy,9221,C,LAC,1,0,27,61.6,0,0,1,100.0,100.0,100.0,0,0,0,1,1,,0,0,0,,,,0,0,0,0
Jimmy Garoppolo,8697,QB,SF,6,0,28,61.2,0,0,1,0.6,0.5,100.0,0,0,0,1,194,,0,0,0,0.0,0.0,,0,0,0,56
