player,player_id,position,team_name,player_game_count,declined_penalties,franchise_id,gap_grades_run_block,gap_run_block_percent,gap_snap_counts_run_block,gap_snap_counts_run_block_percent,gap_snap_counts_run_play,grades_run_block,penalties,run_block_percent,snap_counts_run_block,snap_counts_run_play,zone_grades_run_block,zone_run_block_percent,zone_snap_counts_run_block,zone_snap_counts_run_block_percent,zone_snap_counts_run_play
Laken Tomlinson,9461,G,SF,9,1,28,54.3,100.0,120,36.1,120,63.4,3,100.0,332,332,67.6,100.0,180,54.2,180
Garrett Bradbury,46013,C,MIN,10,1,18,59.5,100.0,65,19.8,65,63.1,5,100.0,328,328,64.4,100.0,227,69.2,227
Brian O'Neill,46854,T,MIN,10,0,18,66.0,100.0,65,19.9,65,69.3,2,100.0,327,327,69.2,100.0,226,69.1,226
Weston Richburg,8678,C,SF,9,0,28,56.6,100.0,116,36.6,116,56.0,0,100.0,317,317,53.3,100.0,173,54.6,173
Mike Person,6391,G,SF,9,0,28,58.6,100.0,117,37.3,117,65.3,2,100.0,314,314,67.8,100.0,173,55.1,173
Kirk Cousins,7102,QB,MIN,10,0,18,60.0,100.0,65,21.0,65,60.0,0,95.1,310,326,60.0,99.1,225,72.6,227
Orlando Brown Jr.,46227,T,BLT,9,0,3,56.3,100.0,211,69.4,211,59.2,1,100.0,304,304,66.0,100.0,69,22.7,69
Bradley Bozeman,27934,G,BLT,9,0,3,58.1,100.0,211,69.4,211,58.8,1,100.0,304,304,61.0,100.0,69,22.7,69
Matt Skura,11102,C,BLT,9,0,3,66.9,100.0,211,69.4,211,68.1,0,100.0,304,304,63.9,100.0,69,22.7,69
Pat Elflein,11825,G,MIN,9,0,18,59.7,100.0,63,20.9,63,71.1,2,100.0,301,301,76.3,100.0,202,67.1,202
Jimmy Garoppolo,8697,QB,SF,9,0,28,60.0,99.2,118,39.3,119,60.0,0,92.3,300,325,60.0,98.9,175,58.3,177
Riley Reiff,7029,T,MIN,10,0,18,63.8,100.0,57,19.2,57,64.1,2,100.0,297,297,66.1,100.0,210,70.7,210
Germain Ifedi,10665,T,SEA,10,0,29,42.5,100.0,75,26.2,75,57.9,2,100.0,286,286,67.5,100.0,186,65.0,186
Ronnie Stanley,10640,T,BLT,9,0,3,63.6,100.0,203,71.0,203,68.1,1,100.0,286,286,67.7,100.0,63,22.0,63
Marshal Yanda,3702,G,BLT,9,0,3,63.4,100.0,200,70.9,200,75.6,0,100.0,282,282,92.2,100.0,59,20.9,59
Kyle Rudolph,6195,TE,MIN,10,0,18,48.9,100.0,60,21.9,60,55.8,1,100.0,274,274,60.0,100.0,190,69.3,190
Quenton Nelson,12954,G,IND,9,0,14,69.7,100.0,120,44.9,120,87.6,0,100.0,267,267,92.0,100.0,119,44.6,119
Mark Glowinski,9567,G,IND,9,0,14,51.1,100.0,120,44.9,120,65.7,2,100.0,267,267,74.7,100.0,119,44.6,119
Jason Kelce,6343,C,PHI,9,0,24,72.3,100.0,83,31.1,83,72.5,1,100.0,267,267,69.9,100.0,153,57.3,153
Anthony Castonzo,6174,T,IND,9,0,14,63.4,100.0,120,44.9,120,74.5,0,100.0,267,267,81.9,100.0,119,44.6,119
Braden Smith,46794,T,IND,9,0,14,73.1,100.0,120,44.9,120,78.0,0,100.0,267,267,78.7,100.0,119,44.6,119
Lane Johnson,7786,T,PHI,9,1,24,64.4,100.0,83,31.1,83,89.3,2,100.0,267,267,94.1,100.0,153,57.3,153
Isaac Seumalo,10713,G,PHI,9,0,24,49.9,100.0,83,31.2,83,56.8,2,100.0,266,266,61.8,100.0,152,57.1,152
Russell Wilson,7077,QB,SEA,10,0,29,60.0,100.0,75,28.4,75,60.0,0,92.3,264,286,60.0,95.2,177,67.0,186
Connor Williams,46216,G,DAL,9,0,9,64.9,100.0,86,33.1,86,58.8,1,100.0,260,260,55.7,100.0,159,61.2,159
Ted Karras,10855,C,NE,9,0,19,72.2,100.0,132,51.0,132,67.1,1,100.0,259,259,63.2,100.0,78,30.1,78
Brandon Brooks,7078,G,PHI,9,0,24,78.8,100.0,79,30.7,79,91.6,1,100.0,257,257,92.3,100.0,148,57.6,148
Travis Frederick,7812,C,DAL,9,0,9,58.2,100.0,85,33.1,85,61.9,0,100.0,257,257,65.7,100.0,157,61.1,157
Mike Iupati,5542,G,SEA,9,1,29,45.7,100.0,72,28.2,72,60.2,1,100.0,255,255,64.8,100.0,162,63.5,162
Zack Martin,8651,G,DAL,9,0,9,73.5,100.0,83,32.8,83,80.4,1,100.0,253,253,77.1,100.0,156,61.7,156
Joe Thuney,10712,G,NE,9,0,19,76.5,100.0,129,51.2,129,67.2,0,100.0,252,252,55.2,100.0,77,30.6,77
Justin Skule,38951,T,SF,8,0,28,65.5,100.0,92,36.7,92,73.2,2,100.0,251,251,76.3,100.0,130,51.8,130
Nick Boyle,9604,TE,BLT,9,0,3,67.3,100.0,187,75.1,187,66.1,3,100.0,249,249,55.6,100.0,49,19.7,49
Ryan Kelly,10652,C,IND,9,1,14,69.8,100.0,111,44.8,111,76.1,1,100.0,248,248,75.8,100.0,111,44.8,111
Kolton Miller,47013,T,OAK,9,0,23,44.4,100.0,60,24.3,60,57.6,0,100.0,247,247,61.5,100.0,168,68.0,168
George Kittle,11901,TE,SF,8,0,28,66.8,100.0,91,36.8,91,71.3,1,98.8,247,250,70.4,100.0,136,55.1,136
Tyler Lockett,9502,WR,SEA,10,0,29,53.3,100.0,61,25.1,61,59.6,0,98.4,243,247,64.7,99.4,170,70.0,171
Dak Prescott,10769,QB,DAL,9,0,9,60.0,97.6,83,34.4,85,60.0,0,93.8,241,257,60.0,95.5,150,62.2,157
Ron Leary,7338,G,DEN,9,0,10,46.5,100.0,105,44.3,105,47.1,3,100.0,237,237,53.9,100.0,113,47.7,113
Garett Bolles,11775,T,DEN,9,2,10,59.5,100.0,105,44.3,105,58.0,4,100.0,237,237,57.9,100.0,113,47.7,113
Dalton Risner,47008,G,DEN,9,0,10,60.5,100.0,105,44.3,105,60.4,0,100.0,237,237,65.2,100.0,113,47.7,113
Connor McGovern,10778,C,DEN,9,0,10,58.0,100.0,105,44.3,105,55.5,0,100.0,237,237,62.3,100.0,113,47.7,113
Nick Martin,10684,C,HST,9,0,13,68.7,100.0,57,24.2,57,58.8,0,100.0,236,236,58.1,100.0,161,68.2,161
Josh Kline,8230,G,MIN,8,1,18,48.4,100.0,49,20.8,49,61.2,1,100.0,236,236,64.8,100.0,166,70.3,166
Derek Carr,8671,QB,OAK,9,0,23,60.0,98.3,58,24.6,59,60.0,0,97.1,236,243,60.0,99.4,164,69.5,165
Carson Wentz,10636,QB,PHI,9,0,24,60.0,98.8,80,34.0,81,60.0,0,91.4,235,257,60.0,98.6,146,62.1,148
Tom Brady,698,QB,NE,9,0,19,60.1,100.0,127,54.0,127,60.1,0,94.4,235,249,60.0,100.0,77,32.8,77
Greg Van Roten,7746,G,CAR,9,0,5,52.9,100.0,102,43.6,102,58.4,0,100.0,234,234,63.2,100.0,112,47.9,112
Taylor Moton,11819,T,CAR,9,0,5,61.1,100.0,102,43.6,102,59.0,1,100.0,234,234,61.1,100.0,112,47.9,112
Billy Turner,8702,G,GB,10,1,12,58.7,100.0,50,21.6,50,62.4,1,100.0,231,231,59.9,100.0,163,70.6,163
David Bakhtiari,7891,T,GB,10,0,12,72.8,100.0,50,21.7,50,62.6,1,100.0,230,230,60.9,100.0,162,70.4,162
Michael Schofield III,8730,G,LAC,10,0,27,47.0,100.0,105,45.7,105,51.4,0,100.0,230,230,60.6,100.0,96,41.7,96
Frank Ragnow,39137,C,DET,9,0,11,82.0,100.0,98,42.8,98,79.5,1,100.0,229,229,68.6,100.0,115,50.2,115
Marshall Newhouse,5692,T,NE,8,0,19,45.3,100.0,118,51.5,118,52.2,0,100.0,229,229,57.3,100.0,67,29.3,67
Matt Paradis,8841,C,CAR,9,0,5,65.4,100.0,99,43.2,99,63.9,0,100.0,229,229,60.8,100.0,110,48.0,110
Shaq Mason,9564,G,NE,8,0,19,64.2,100.0,118,52.2,118,67.1,2,100.0,226,226,50.6,100.0,63,27.9,63
Jawaan Taylor,41665,T,JAX,9,0,15,44.5,100.0,107,47.6,107,52.7,1,100.0,225,225,68.2,100.0,97,43.1,97
La'el Collins,9719,T,DAL,8,0,9,71.3,100.0,74,32.9,74,87.1,2,100.0,225,225,91.4,100.0,137,60.9,137
Andrew Norwell,9126,G,JAX,9,0,15,58.7,100.0,107,47.6,107,60.5,1,100.0,225,225,61.9,100.0,97,43.1,97
A.Q. Shipley,5150,C,ARZ,10,0,1,63.9,100.0,64,28.6,64,47.5,1,100.0,224,224,44.8,100.0,116,51.8,116
J.R. Sweezy,7209,G,ARZ,10,0,1,68.1,100.0,64,28.6,64,56.5,4,100.0,224,224,44.7,100.0,116,51.8,116
DeAndre Hopkins,7808,WR,HST,9,0,13,65.2,98.2,56,25.0,57,68.8,0,99.6,224,225,63.7,100.0,157,70.1,157
Brandon Linder,8728,C,JAX,9,0,15,62.9,100.0,107,47.8,107,64.2,3,100.0,224,224,69.4,100.0,97,43.3,97
Duane Brown,4340,T,SEA,8,0,29,64.5,100.0,58,25.9,58,59.8,0,100.0,224,224,52.5,100.0,148,66.1,148
Dion Dawkins,11818,T,BUF,9,0,4,63.2,100.0,121,54.0,121,63.7,0,100.0,224,224,64.8,100.0,64,28.6,64
Nelson Agholor,9453,WR,PHI,9,0,24,50.0,100.0,71,31.7,71,50.1,0,99.1,224,226,68.2,100.0,135,60.3,135
Dan Feeney,11826,G,LAC,10,0,27,56.6,100.0,103,46.0,103,51.2,3,100.0,224,224,55.3,100.0,92,41.1,92
Justin Pugh,7800,G,ARZ,10,0,1,50.1,100.0,64,28.6,64,57.6,0,100.0,224,224,56.8,100.0,116,51.8,116
Stefon Diggs,9579,WR,MIN,10,0,18,61.8,100.0,40,17.9,40,70.0,0,99.1,224,226,67.2,100.0,162,72.3,162
D.J. Humphries,9457,T,ARZ,10,0,1,65.5,100.0,63,28.3,63,54.8,3,100.0,223,223,51.2,100.0,116,52.0,116
Elijah Wilkinson,46238,T,DEN,9,1,10,59.5,100.0,99,44.4,99,55.1,2,100.0,223,223,50.1,100.0,107,48.0,107
Donovan Smith,9467,T,TB,9,1,30,52.8,100.0,109,49.3,109,57.3,1,100.0,221,221,62.7,100.0,91,41.2,91
Ali Marpet,9494,G,TB,9,0,30,61.6,100.0,109,49.3,109,61.5,0,100.0,221,221,53.8,100.0,91,41.2,91
Philip Rivers,1725,QB,LAC,10,0,27,60.3,100.0,104,47.1,104,60.4,0,98.2,221,225,60.3,100.0,95,43.0,95
Ryan Jensen,7985,C,TB,9,0,30,63.9,100.0,109,49.3,109,62.5,0,100.0,221,221,55.0,100.0,91,41.2,91
Ben Jones,7099,C,TEN,9,0,31,62.1,100.0,50,22.6,50,69.0,0,100.0,221,221,68.1,100.0,153,69.2,153
Rodger Saffold,5558,G,TEN,10,0,31,53.3,100.0,52,23.6,52,66.4,0,100.0,220,220,66.5,100.0,153,69.5,153
Quinton Spain,10110,G,BUF,9,0,4,55.4,100.0,119,54.1,119,58.7,1,100.0,220,220,73.8,100.0,62,28.2,62
Erik McCoy,37347,C,NO,9,0,20,68.9,100.0,87,39.7,87,70.9,3,100.0,219,219,67.3,100.0,99,45.2,99
Ryan Ramczyk,11787,T,NO,9,0,20,76.2,100.0,87,39.7,87,87.7,0,100.0,219,219,91.9,100.0,99,45.2,99
Rob Havenstein,9490,T,LA,9,0,26,54.1,100.0,87,39.7,87,53.8,0,100.0,219,219,56.1,100.0,107,48.9,107
Larry Warford,7846,G,NO,9,0,20,65.2,100.0,87,39.7,87,72.4,0,100.0,219,219,68.3,100.0,99,45.2,99
Rick Wagner,7950,T,DET,9,0,11,46.6,100.0,95,43.8,95,48.9,0,100.0,217,217,54.2,100.0,107,49.3,107
Jack Doyle,8520,TE,IND,9,0,14,51.5,100.0,100,46.1,100,57.0,3,100.0,217,217,75.3,100.0,91,41.9,91
Zach Fulton,8828,G,HST,8,0,13,48.8,100.0,48,22.1,48,50.0,2,100.0,217,217,52.3,100.0,152,70.0,152
Andrew Whitworth,3000,T,LA,9,0,26,58.2,100.0,85,39.4,85,58.7,1,100.0,216,216,65.1,100.0,106,49.1,106
Zach Ertz,7816,TE,PHI,9,0,24,45.1,100.0,69,32.1,69,56.8,1,100.0,215,215,71.8,100.0,118,54.9,118
Marcus Cannon,6290,T,NE,8,0,19,61.0,100.0,105,48.8,105,72.1,0,100.0,215,215,83.2,100.0,71,33.0,71
Deshaun Watson,11767,QB,HST,9,0,13,60.0,89.5,51,23.8,57,60.0,0,90.7,214,236,60.0,95.7,154,72.0,161
Trent Scott,24481,T,LAC,10,0,27,47.0,100.0,96,45.1,96,45.6,0,100.0,213,213,58.9,100.0,90,42.3,90
Aaron Rodgers,2241,QB,GB,10,0,12,60.0,100.0,49,23.0,49,60.0,0,94.7,213,225,60.0,100.0,161,75.6,161
Jack Conklin,10642,T,TEN,10,0,31,66.2,100.0,51,24.1,51,69.3,1,100.0,212,212,74.2,100.0,146,68.9,146
Matt Feiler,9289,T,PIT,9,0,25,61.3,100.0,108,50.9,108,67.3,1,100.0,212,212,67.7,100.0,87,41.0,87
David DeCastro,7640,G,PIT,9,0,25,68.4,100.0,108,50.9,108,61.2,0,100.0,212,212,56.9,100.0,87,41.0,87
Alejandro Villanueva,9091,T,PIT,9,0,25,53.2,100.0,108,50.9,108,57.3,1,100.0,212,212,65.3,100.0,87,41.0,87
Terron Armstead,7856,T,NO,9,0,20,78.5,100.0,84,39.8,84,69.7,0,100.0,211,211,60.7,100.0,96,45.5,96
Joel Bitonio,8670,G,CLV,9,0,8,65.0,100.0,100,47.4,100,69.3,0,100.0,211,211,72.9,100.0,88,41.7,88
J.C. Tretter,7904,C,CLV,9,0,8,58.7,100.0,100,47.4,100,68.3,0,100.0,211,211,76.7,100.0,88,41.7,88
Jameis Winston,9434,QB,TB,9,0,30,60.0,99.1,108,51.4,109,60.0,0,95.0,210,221,60.0,98.9,90,42.9,91
Darren Waller,9637,TE,OAK,9,0,23,60.9,100.0,54,25.7,54,58.5,0,99.5,210,211,58.1,100.0,140,66.7,140
Gardner Minshew,41401,QB,JAX,9,0,15,60.0,99.0,104,49.5,105,60.0,0,94.6,210,222,60.0,99.0,95,45.2,96
Joe Flacco,4332,QB,DEN,8,0,10,60.0,100.0,98,46.9,98,60.0,0,96.8,209,216,60.0,100.0,104,49.8,104
Jonnu Smith,11855,TE,TEN,10,0,31,57.2,100.0,53,25.4,53,56.9,2,99.5,209,210,57.7,100.0,143,68.4,143
Maurkice Pouncey,5543,C,PIT,9,0,25,63.5,100.0,108,51.7,108,53.8,1,100.0,209,209,38.7,100.0,87,41.6,87
Bryan Bulaga,5548,T,GB,10,0,12,56.0,100.0,45,21.6,45,72.3,0,100.0,208,208,76.7,100.0,151,72.6,151
Demar Dotson,5410,T,TB,8,0,30,59.3,100.0,101,48.6,101,62.6,0,100.0,208,208,71.0,100.0,86,41.3,86
Courtland Sutton,48164,WR,DEN,9,0,10,81.3,100.0,89,43.0,89,86.1,0,99.5,207,208,85.2,100.0,103,49.8,103
D.K. Metcalf,47864,WR,SEA,10,0,29,67.1,100.0,52,25.1,52,66.3,0,99.0,207,209,64.9,100.0,145,70.0,145
Austin Reiter,9655,C,KC,10,0,16,70.3,100.0,59,28.5,59,53.3,0,100.0,207,207,48.2,100.0,129,62.3,129
Chris Godwin,11839,WR,TB,9,0,30,69.5,100.0,105,50.7,105,65.2,1,99.5,207,208,58.9,100.0,87,42.0,87
Mitch Morse,9482,C,BUF,9,0,4,64.3,100.0,111,53.6,111,63.3,1,100.0,207,207,64.5,100.0,62,30.0,62
Tyron Smith,6161,T,DAL,7,0,9,70.0,100.0,68,33.0,68,71.3,2,100.0,206,206,68.4,100.0,125,60.7,125
Mitchell Schwartz,7041,T,KC,10,0,16,82.1,100.0,59,28.6,59,81.2,0,100.0,206,206,73.0,100.0,128,62.1,128
Justin Britt,8699,C,SEA,8,0,29,71.1,100.0,55,26.8,55,66.2,0,100.0,205,205,62.4,100.0,132,64.4,132
Darren Fells,8549,TE,HST,9,0,13,53.4,100.0,53,26.0,53,55.5,1,100.0,204,204,60.4,100.0,141,69.1,141
D.J. Moore,48267,WR,CAR,9,0,5,81.9,98.9,88,43.3,89,75.1,0,99.0,203,205,70.2,100.0,102,50.2,102
Greg Olsen,3647,TE,CAR,9,0,5,56.8,100.0,86,42.4,86,53.6,0,100.0,203,203,45.5,100.0,100,49.3,100
Andrus Peat,9446,G,NO,9,0,20,55.8,100.0,80,39.4,80,47.4,1,100.0,203,203,42.9,100.0,94,46.3,94
Baker Mayfield,46518,QB,CLV,9,0,8,60.0,100.0,100,49.3,100,60.0,0,97.1,203,209,60.0,100.0,87,42.9,87
James Daniels,45576,C,CHI,9,1,6,63.7,100.0,70,34.7,70,64.5,2,100.0,202,202,67.3,100.0,118,58.4,118
Jared Goff,10635,QB,LA,9,0,26,60.0,97.6,82,40.6,84,60.0,0,94.0,202,215,60.0,100.0,106,52.5,106
Taylor Decker,10650,T,DET,8,0,11,71.4,100.0,88,43.6,88,68.3,2,100.0,202,202,62.8,100.0,99,49.0,99
Cody Whitehair,10690,G,CHI,9,0,6,45.6,100.0,70,34.7,70,58.7,0,100.0,202,202,66.1,100.0,118,58.4,118
Corey Linsley,8796,C,GB,10,0,12,53.5,100.0,44,21.8,44,65.9,1,100.0,202,202,68.5,100.0,146,72.3,146
Lamar Jackson,46416,QB,BLT,9,0,3,60.2,74.5,149,74.1,200,60.2,0,71.3,201,282,60.0,86.4,51,25.4,59
Charles Leno Jr.,8880,T,CHI,9,0,6,42.9,100.0,70,34.8,70,46.1,3,100.0,201,201,53.3,100.0,117,58.2,117
Jacoby Brissett,10725,QB,IND,8,0,14,60.0,100.0,93,46.3,93,60.0,0,92.2,201,218,60.0,99.0,99,49.3,100
Joe Dahl,10785,G,DET,9,0,11,54.3,100.0,85,42.3,85,61.1,0,100.0,201,201,66.8,100.0,100,49.8,100
Richie Incognito,2298,G,OAK,7,0,23,64.4,100.0,45,22.4,45,77.4,2,100.0,201,201,78.6,100.0,139,69.2,139
Will Hernandez,46180,G,NYG,10,0,21,49.7,100.0,66,33.0,66,47.9,2,100.0,200,200,45.2,100.0,105,52.5,105
Kevin Zeitler,7032,G,NYG,10,0,21,69.9,100.0,66,33.0,66,70.3,0,100.0,200,200,69.3,100.0,105,52.5,105
Julian Edelman,5156,WR,NE,9,0,19,55.8,100.0,112,56.3,112,61.1,2,97.1,199,205,73.7,100.0,65,32.7,65
Odell Beckham Jr.,8647,WR,CLV,9,0,8,58.7,98.9,92,46.2,93,57.6,1,98.5,199,202,61.5,100.0,88,44.2,88
Brian Allen,46104,C,LA,9,0,26,65.2,100.0,77,38.7,77,67.7,0,100.0,199,199,66.1,100.0,97,48.7,97
Jon Feliciano,9561,G,BUF,9,0,4,53.2,100.0,106,53.5,106,67.9,0,100.0,198,198,87.8,100.0,58,29.3,58
Laremy Tunsil,10647,T,HST,8,0,13,68.9,100.0,52,26.4,52,71.9,0,100.0,197,197,69.4,100.0,131,66.5,131
Matthew Stafford,4924,QB,DET,8,0,11,60.0,98.9,91,46.7,92,60.0,0,94.7,195,206,60.0,96.0,95,48.7,99
Willie Snead IV,8999,WR,BLT,9,0,3,66.6,100.0,130,67.0,130,62.0,1,99.5,194,195,53.7,98.1,51,26.3,52
Rodney Hudson,6207,C,OAK,8,0,23,60.4,100.0,47,24.4,47,68.8,2,100.0,193,193,70.2,100.0,130,67.4,130
Jarvis Landry,8698,WR,CLV,9,0,8,72.0,100.0,86,45.0,86,65.1,0,100.0,191,191,57.5,100.0,85,44.5,85
Michael Thomas,10681,WR,NO,9,0,20,46.0,100.0,73,38.2,73,51.8,1,99.5,191,192,66.8,100.0,93,48.7,93
Robert Woods,7822,WR,LA,9,0,26,73.5,94.7,72,37.9,76,76.7,1,94.1,190,202,82.5,100.0,103,54.2,103
Nate Solder,6169,T,NYG,10,0,21,58.3,100.0,63,33.3,63,56.4,1,100.0,189,189,54.5,100.0,99,52.4,99
Mike Evans,8642,WR,TB,9,0,30,67.1,100.0,94,50.0,94,72.1,0,100.0,188,188,74.1,100.0,80,42.6,80
D.J. Fluker,7792,G,SEA,8,0,29,58.7,100.0,47,25.0,47,60.4,0,100.0,188,188,59.0,100.0,125,66.5,125
Elgton Jenkins,46298,G,GB,9,0,12,62.5,100.0,45,24.1,45,62.3,2,100.0,187,187,57.7,100.0,128,68.4,128
Trey Hopkins,9276,C,CIN,9,0,7,56.7,100.0,54,29.0,54,65.1,0,100.0,186,186,64.7,100.0,118,63.4,118
Jason Witten,1384,TE,DAL,9,1,9,57.6,100.0,59,31.7,59,58.6,1,100.0,186,186,61.8,100.0,117,62.9,117
Chris Hubbard,8051,T,CLV,8,0,8,36.1,100.0,95,51.4,95,38.3,1,100.0,185,185,51.0,100.0,73,39.5,73
Max Scharping,46961,G,HST,7,0,13,44.3,100.0,49,26.5,49,50.1,0,100.0,185,185,54.9,100.0,123,66.5,123
Ereck Flowers,9442,G,WAS,9,0,32,55.2,100.0,91,49.2,91,57.7,0,100.0,185,185,61.4,100.0,83,44.9,83
Mike Remmers,7431,T,NYG,9,0,21,64.1,100.0,61,33.2,61,53.4,0,100.0,184,184,45.3,100.0,96,52.2,96
Jon Halapio,8814,C,NYG,9,0,21,49.9,100.0,61,33.2,61,54.0,0,100.0,184,184,48.7,100.0,96,52.2,96
Kyle Allen,26152,QB,CAR,7,0,5,60.0,100.0,87,47.5,87,60.0,0,95.3,183,192,60.0,97.7,86,47.0,88
Marvin Jones Jr.,7158,WR,DET,9,1,11,60.0,100.0,73,39.9,73,50.8,2,100.0,183,183,55.7,100.0,100,54.6,100
Morgan Moses,8701,T,WAS,9,2,32,56.8,100.0,90,49.2,90,53.8,4,100.0,183,183,56.5,100.0,82,44.8,82
Alex Cappa,66578,G,TB,7,0,30,55.8,100.0,90,49.2,90,59.0,0,100.0,183,183,55.5,100.0,75,41.0,75
Kyler Murray,38334,QB,ARZ,10,0,1,60.6,87.5,56,30.6,64,60.5,0,82.1,183,223,60.3,89.7,104,56.8,116
Zach Pascal,12303,WR,IND,9,0,14,87.2,100.0,81,44.8,81,86.2,0,99.5,181,182,63.3,100.0,75,41.4,75
Josh Allen,46601,QB,BUF,9,0,4,60.0,89.2,107,59.1,120,60.0,0,81.9,181,221,60.0,95.2,59,32.6,62
Emmanuel Sanders,5606,WR,SF,10,0,28,61.6,100.0,75,41.7,75,61.9,2,100.0,180,180,64.1,100.0,97,53.9,97
Donald Penn,3459,T,WAS,9,0,32,64.8,100.0,92,51.1,92,59.9,2,100.0,180,180,53.9,100.0,78,43.3,78
Brian Winters,7853,G,NYJ,9,0,22,56.4,100.0,76,42.2,76,60.7,1,100.0,180,180,60.8,100.0,85,47.2,85
Mike McGlinchey,46275,T,SF,5,0,28,49.0,100.0,62,34.6,62,56.9,0,100.0,179,179,74.2,100.0,102,57.0,102
Bobby Hart,9659,T,CIN,9,0,7,48.1,100.0,51,28.5,51,54.9,0,100.0,179,179,55.8,100.0,114,63.7,114
Cam Erving,9452,T,KC,9,0,16,48.3,100.0,51,28.5,51,35.4,0,100.0,179,179,38.3,100.0,110,61.5,110
Kenny Golladay,11851,WR,DET,9,0,11,72.7,100.0,72,40.2,72,70.3,0,100.0,179,179,69.6,100.0,96,53.6,96
Keenan Allen,7857,WR,LAC,10,0,27,79.4,100.0,85,47.8,85,57.9,1,98.9,178,180,51.7,100.0,77,43.3,77
Jake Matthews,8641,T,ATL,9,0,2,42.9,100.0,64,36.0,64,50.1,0,100.0,178,178,64.1,100.0,98,55.1,98
Ryan Griffin,7982,TE,NYJ,9,0,22,62.2,100.0,78,43.8,78,56.4,2,100.0,178,178,64.5,100.0,82,46.1,82
Trent Brown,9677,T,OAK,8,1,23,67.1,100.0,44,24.9,44,61.5,1,100.0,177,177,59.3,100.0,120,67.8,120
Bobby Massie,7112,T,CHI,8,0,6,47.8,100.0,63,35.6,63,58.1,0,100.0,177,177,66.7,100.0,102,57.6,102
Amari Cooper,9437,WR,DAL,9,0,9,65.2,100.0,55,31.3,55,67.4,2,100.0,176,176,67.6,100.0,116,65.9,116
Michael Deiter,38554,G,MIA,9,0,17,47.9,100.0,102,58.0,102,48.4,1,100.0,176,176,56.8,100.0,53,30.1,53
Alex Mack,4944,C,ATL,9,0,2,67.2,100.0,64,36.4,64,61.8,2,100.0,176,176,63.7,100.0,97,55.1,97
Austin Blythe,10882,C,LA,8,0,26,38.6,100.0,69,39.2,69,40.1,0,100.0,176,176,46.7,100.0,91,51.7,91
Irv Smith Jr.,42060,TE,MIN,10,0,18,68.9,100.0,33,18.8,33,67.2,0,100.0,176,176,65.2,100.0,125,71.0,125
Greg Robinson,8637,T,CLV,8,0,8,59.3,100.0,81,46.6,81,65.0,2,100.0,174,174,61.1,100.0,74,42.5,74
Allen Robinson II,8696,WR,CHI,9,0,6,75.3,100.0,56,32.4,56,74.1,0,100.0,173,173,59.5,100.0,106,61.3,106
Travis Kelce,7844,TE,KC,10,0,16,62.4,100.0,45,26.0,45,62.3,1,100.0,173,173,57.5,100.0,119,68.8,119
Josh Hill,8200,TE,NO,9,0,20,51.9,100.0,71,41.5,71,60.1,2,100.0,171,171,64.7,100.0,75,43.9,75
Dallas Goedert,47272,TE,PHI,8,0,24,73.4,100.0,45,26.5,45,84.7,1,100.0,170,170,86.4,100.0,106,62.4,106
John Brown,8726,WR,BUF,9,0,4,61.2,100.0,100,59.2,100,53.8,0,99.4,169,170,62.8,100.0,49,29.0,49
Cooper Kupp,11824,WR,LA,9,0,26,75.4,98.4,63,37.7,64,56.6,0,98.8,167,169,59.8,100.0,88,52.7,88
Michael Gallup,26075,WR,DAL,7,0,9,60.4,100.0,55,33.1,55,46.4,0,100.0,166,166,64.0,100.0,100,60.2,100
Curtis Samuel,11795,WR,CAR,9,0,5,72.2,100.0,63,38.0,63,49.8,0,96.5,166,172,59.2,100.0,99,59.6,99
J'Marcus Webb,5741,T,MIA,8,0,17,31.1,100.0,97,59.1,97,35.1,1,100.0,164,164,53.8,100.0,47,28.7,47
Alshon Jeffery,7048,WR,PHI,8,0,24,61.6,100.0,51,31.3,51,56.4,0,100.0,163,163,65.9,100.0,96,58.9,96
Graham Glasgow,10729,G,DET,8,0,11,64.8,100.0,78,47.9,78,73.4,1,100.0,163,163,75.7,100.0,76,46.6,76
Kaleb McGary,46912,T,ATL,9,0,2,61.3,100.0,58,35.8,58,55.9,0,100.0,162,162,56.4,100.0,89,54.9,89
Adam Thielen,8288,WR,MIN,8,0,18,59.2,97.5,39,24.1,40,63.4,1,98.8,162,164,59.0,100.0,105,64.8,105
MyCole Pruitt,9576,TE,TEN,10,0,31,52.9,100.0,36,22.4,36,56.9,1,100.0,161,161,56.2,100.0,112,69.6,112
Justin Murray,11022,T,ARZ,8,0,1,42.5,100.0,45,28.0,45,49.4,0,100.0,161,161,52.7,100.0,83,51.6,83
Mike Williams,11762,WR,LAC,9,0,27,53.4,100.0,69,43.1,69,58.2,1,99.4,160,161,64.3,100.0,73,45.6,73
O.J. Howard,11774,TE,TB,7,0,30,43.9,100.0,81,50.6,81,47.3,1,100.0,160,160,53.1,100.0,66,41.3,66
Laurent Duvernay-Tardif,8834,G,KC,8,0,16,60.8,100.0,47,29.6,47,53.3,0,100.0,159,159,53.5,100.0,98,61.6,98
Terry McLaurin,48229,WR,WAS,8,0,32,64.3,100.0,73,45.9,73,48.8,0,100.0,159,159,60.9,100.0,77,48.4,77
Larry Fitzgerald,1724,WR,ARZ,10,0,1,60.8,100.0,54,34.2,54,30.9,1,100.0,158,158,60.5,100.0,78,49.4,78
Sam Tevi,11945,T,LAC,9,0,27,65.9,100.0,65,41.1,65,57.4,0,100.0,158,158,49.6,100.0,75,47.5,75
Corey Davis,11760,WR,TEN,9,0,31,64.9,100.0,42,26.6,42,64.8,0,100.0,158,158,58.2,100.0,109,69.0,109
Marcedes Lewis,2973,TE,GB,10,0,12,68.2,100.0,42,26.8,42,62.4,0,100.0,157,157,61.4,100.0,104,66.2,104
Tyrell Williams,10154,WR,OAK,7,0,23,63.1,100.0,43,27.6,43,59.0,0,100.0,156,156,72.7,100.0,100,64.1,100
Daryl Williams,9535,T,CAR,9,0,5,59.0,100.0,59,37.8,59,53.9,0,100.0,156,156,52.6,100.0,83,53.2,83
Noah Fant,42388,TE,DEN,9,0,10,53.2,100.0,68,43.6,68,47.0,1,99.4,156,157,51.6,100.0,77,49.4,77
Deebo Samuel,48274,WR,SF,8,0,28,91.9,98.3,58,37.4,59,82.2,0,96.9,155,160,62.7,98.9,90,58.1,91
C.J. Ham,11347,FB,MIN,10,0,18,66.7,100.0,28,18.2,28,59.9,0,98.7,154,156,54.5,100.0,101,65.6,101
A.J. Cann,9500,G,JAX,9,0,15,43.5,100.0,76,49.4,76,49.2,1,100.0,154,154,56.7,100.0,65,42.2,65
Eric Kush,7952,G,CLV,7,0,8,58.7,100.0,73,47.4,73,46.8,1,100.0,154,154,44.4,100.0,64,41.6,64
Mack Hollins,11873,WR,PHI,9,0,24,42.7,100.0,50,32.7,50,53.1,1,100.0,153,153,63.8,100.0,88,57.5,88
Daniel Brunskill,34807,T,SF,6,0,28,78.3,100.0,58,37.9,58,66.0,0,100.0,153,153,51.3,100.0,78,51.0,78
Robby Anderson,11254,WR,NYJ,9,0,22,60.9,100.0,69,45.4,69,65.5,0,99.3,152,153,61.8,100.0,73,48.0,73
Chase Roullier,11954,C,WAS,7,0,32,59.2,100.0,78,51.3,78,67.6,1,100.0,152,152,67.3,100.0,65,42.8,65
Matt Ryan,4317,QB,ATL,8,0,2,60.4,100.0,57,37.5,57,61.0,0,96.8,152,157,61.1,100.0,86,56.6,86
Daniel Jones,39395,QB,NYG,8,0,21,60.0,98.2,55,36.2,56,60.0,0,92.7,152,164,60.0,96.5,82,53.9,85
Cam Robinson,11789,T,JAX,7,0,15,49.6,100.0,73,48.3,73,47.2,2,100.0,151,151,52.7,100.0,64,42.4,64
T.J. Hockenson,40912,TE,DET,9,0,11,41.2,100.0,65,43.0,65,62.3,2,100.0,151,151,71.7,100.0,74,49.0,74
Brandon Scherff,9438,G,WAS,7,0,32,83.5,100.0,76,50.7,76,84.1,2,100.0,150,150,77.0,100.0,65,43.3,65
Auden Tate,48192,WR,CIN,8,0,7,65.4,100.0,46,30.7,46,60.6,0,100.0,150,150,62.1,100.0,92,61.3,92
James Carpenter,6177,G,ATL,8,0,2,47.8,100.0,51,34.2,51,47.4,1,100.0,149,149,51.2,100.0,83,55.7,83
Dante Pettis,48113,WR,SF,9,0,28,63.9,100.0,54,36.2,54,60.5,0,100.0,149,149,59.1,100.0,86,57.7,86
Tyler Boyd,10689,WR,CIN,9,0,7,79.9,100.0,43,29.1,43,74.9,0,98.7,148,150,62.2,100.0,95,64.2,95
Evan Boehm,10762,G,MIA,8,0,17,53.7,100.0,88,59.5,88,49.7,1,100.0,148,148,47.5,100.0,41,27.7,41
Ross Dwelley,20994,TE,SF,9,0,28,43.7,100.0,47,32.0,47,51.8,0,100.0,147,147,56.9,100.0,79,53.7,79
Mitchell Trubisky,11757,QB,CHI,8,0,6,60.3,96.1,49,33.3,51,60.2,0,94.8,147,155,60.0,95.8,91,61.9,95
Chris Conley,9509,WR,JAX,9,0,15,80.1,100.0,69,46.9,69,75.3,0,100.0,147,147,58.5,100.0,69,46.9,69
Andrew Wylie,12333,G,KC,7,0,16,65.5,100.0,42,28.8,42,62.9,1,100.0,146,146,61.7,100.0,91,62.3,91
Brandin Cooks,8655,WR,LA,8,0,26,64.8,100.0,53,36.6,53,53.8,0,96.7,145,150,60.6,100.0,75,51.7,75
T.Y. Hilton,7092,WR,IND,6,0,14,66.2,100.0,58,40.0,58,64.6,1,100.0,145,145,63.7,100.0,75,51.7,75
Marquez Valdes-Scantling,47809,WR,GB,10,0,12,59.3,100.0,27,18.6,27,56.8,0,98.6,145,147,67.1,100.0,110,75.9,110
Demarcus Robinson,10760,WR,KC,10,0,16,54.6,100.0,41,28.3,41,50.0,0,100.0,145,145,59.7,100.0,92,63.4,92
Olabisi Johnson,47882,WR,MIN,10,1,18,85.5,100.0,30,20.8,30,76.1,2,100.0,144,144,69.0,100.0,103,71.5,103
Jesse Davis,9989,T,MIA,8,0,17,60.0,100.0,78,54.9,78,60.7,0,100.0,142,142,60.9,100.0,46,32.4,46
Tytus Howard,25472,T,HST,6,0,13,64.6,100.0,32,22.5,32,59.6,0,100.0,142,142,53.5,100.0,101,71.1,101
Rhett Ellison,7128,TE,NYG,10,0,21,68.8,100.0,54,38.3,54,65.4,0,100.0,141,141,57.5,100.0,72,51.1,72
George Fant,11282,T,SEA,10,0,29,50.1,100.0,38,27.0,38,50.2,0,100.0,141,141,52.9,100.0,89,63.1,89
Will Fuller V,10655,WR,HST,7,0,13,78.4,100.0,35,24.8,35,84.9,0,100.0,141,141,75.8,100.0,96,68.1,96
Jason Peters,2148,T,PHI,6,0,24,53.4,100.0,46,32.9,46,67.9,1,100.0,140,140,75.3,100.0,76,54.3,76
Ramon Foster,5229,G,PIT,7,0,25,52.2,100.0,69,49.3,69,52.6,0,100.0,140,140,47.9,100.0,60,42.9,60
Andy Dalton,6187,QB,CIN,8,0,7,60.0,97.4,38,27.1,39,60.0,0,94.0,140,149,60.0,95.9,94,67.1,98
Jamil Douglas,9547,G,TEN,7,0,31,56.6,100.0,34,24.3,34,64.5,1,100.0,140,140,63.8,100.0,91,65.0,91
Foster Moreau,47043,TE,OAK,9,0,23,62.1,100.0,35,25.2,35,58.4,1,100.0,139,139,56.1,100.0,89,64.0,89
Randall Cobb,6216,WR,DAL,8,0,9,38.7,100.0,39,28.1,39,45.2,1,97.9,139,142,60.9,100.0,95,68.3,95
Nick Vannett,10728,TE,PIT,9,0,25,58.6,100.0,64,46.0,64,56.0,1,100.0,139,139,49.1,100.0,60,43.2,60
JuJu Smith-Schuster,11817,WR,PIT,9,0,25,70.8,100.0,66,47.8,66,61.3,0,100.0,138,138,69.5,100.0,63,45.7,63
Teddy Bridgewater,8667,QB,NO,7,0,20,60.7,100.0,55,39.9,55,60.4,0,93.2,138,148,60.0,100.0,67,48.6,67
Nate Davis,46808,G,TEN,7,0,31,42.7,100.0,43,31.2,43,38.8,0,100.0,138,138,39.6,100.0,86,62.3,86
Seth Roberts,9079,WR,BLT,9,1,3,58.2,100.0,95,68.8,95,63.8,1,100.0,138,138,73.3,100.0,39,28.3,39
Dennis Kelly,7146,T,TEN,8,0,31,81.8,100.0,25,18.2,25,57.6,0,100.0,137,137,50.3,100.0,100,73.0,100
John Miller,9514,G,CIN,7,0,7,59.4,100.0,42,30.7,42,57.1,1,100.0,137,137,61.6,100.0,88,64.2,88
Jordan Akins,47050,TE,HST,9,0,13,58.5,100.0,39,28.5,39,50.1,2,100.0,137,137,55.4,100.0,83,60.6,83
Lee Smith,6311,TE,BUF,9,0,4,70.9,100.0,81,59.1,81,65.1,3,100.0,137,137,59.3,100.0,37,27.0,37
Taylor Lewan,8646,T,TEN,6,0,31,73.8,100.0,47,34.6,47,64.9,2,100.0,136,136,61.9,100.0,77,56.6,77
Trai Turner,8727,G,CAR,6,0,5,58.7,100.0,67,49.3,67,54.9,1,100.0,136,136,52.7,100.0,60,44.1,60
C.J. Uzomah,9590,TE,CIN,9,0,7,55.7,100.0,35,25.7,35,47.5,0,100.0,136,136,54.1,100.0,91,66.9,91
Mason Rudolph,46569,QB,PIT,7,0,25,61.0,100.0,76,56.3,76,61.4,0,95.1,135,142,60.3,98.1,51,37.8,52
Tajae Sharpe,10774,WR,TEN,10,0,31,59.2,100.0,29,21.5,29,58.9,1,100.0,135,135,59.5,100.0,100,74.1,100
Patrick Mahomes,11765,QB,KC,8,0,16,60.0,100.0,42,31.3,42,60.0,0,93.7,134,143,60.0,96.6,86,64.2,89
Ryan Izzo,47327,TE,NE,6,0,19,37.7,100.0,69,51.5,69,44.9,0,100.0,134,134,58.7,100.0,35,26.1,35
Maxx Williams,9488,TE,ARZ,10,0,1,71.5,100.0,44,33.1,44,83.1,1,100.0,133,133,79.4,100.0,69,51.9,69
Dawson Knox,35883,TE,BUF,9,0,4,53.1,100.0,55,41.4,55,72.5,2,99.3,133,134,80.9,100.0,48,36.1,48
Gerald Everett,11799,TE,LA,9,0,26,63.7,100.0,53,39.8,53,59.4,1,100.0,133,133,51.0,100.0,63,47.4,63
Sammy Watkins,8639,WR,KC,7,0,16,89.9,100.0,39,29.5,39,85.5,0,98.5,132,134,67.3,100.0,90,68.2,90
Hayden Hurst,47294,TE,BLT,9,0,3,42.4,100.0,87,65.9,87,43.1,0,100.0,132,132,65.0,100.0,25,18.9,25
Jamon Brown,9505,G,ATL,7,0,2,59.8,100.0,47,35.6,47,52.6,0,100.0,132,132,46.0,100.0,73,55.3,73
Phillip Dorsett,9462,WR,NE,7,0,19,55.1,100.0,62,47.3,62,54.0,0,97.8,131,134,59.1,100.0,51,38.9,51
Marcus Mariota,9435,QB,TEN,6,0,31,60.7,100.0,24,18.3,24,60.6,0,94.2,131,139,60.0,95.4,103,78.6,108
Patrick Ricard,48862,DI,BLT,9,0,3,63.4,100.0,101,77.7,101,68.2,0,100.0,130,130,61.8,100.0,14,10.8,14
DaeSean Hamilton,45416,WR,DEN,9,0,10,73.2,100.0,64,49.2,64,72.3,1,100.0,130,130,68.9,100.0,61,46.9,61
Brandon Shell,10792,T,NYJ,7,0,22,67.7,100.0,56,43.1,56,61.9,0,100.0,130,130,56.3,100.0,62,47.7,62
DeVante Parker,9447,WR,MIA,9,0,17,54.0,100.0,80,61.5,80,38.0,0,100.0,130,130,58.6,100.0,36,27.7,36
Chuma Edoga,46232,T,NYJ,6,0,22,62.1,100.0,60,46.9,60,55.6,1,100.0,128,128,51.0,100.0,53,41.4,53
Jaron Brown,8128,WR,SEA,9,0,29,67.3,100.0,36,28.1,36,52.8,2,100.0,128,128,56.1,100.0,84,65.6,84
Dennis Daley,60063,T,CAR,7,0,5,54.7,100.0,57,44.5,57,69.2,0,100.0,128,128,63.7,100.0,56,43.8,56
Tyler Higbee,10744,TE,LA,8,0,26,61.4,100.0,56,43.8,56,60.5,0,100.0,128,128,56.4,100.0,58,45.3,58
Alex Lewis,10764,G,NYJ,6,0,22,57.0,100.0,60,46.9,60,51.4,2,100.0,128,128,39.8,100.0,53,41.4,53
Ryan Kalil,3675,C,NYJ,7,0,22,57.8,100.0,51,40.2,51,55.5,1,100.0,127,127,59.3,100.0,62,48.8,62
Mo Alie-Cox,12078,TE,IND,9,0,14,58.1,100.0,69,54.8,69,61.8,0,100.0,126,126,56.2,100.0,40,31.7,40
Durham Smythe,47257,TE,MIA,9,0,17,54.2,100.0,74,58.7,74,53.9,1,100.0,126,126,56.3,100.0,42,33.3,42
Kelvin Beachum,7229,T,NYJ,6,0,22,66.3,100.0,48,38.1,48,57.1,1,100.0,126,126,53.0,100.0,67,53.2,67
Chester Rogers,10918,WR,IND,9,0,14,73.5,100.0,50,39.7,50,32.3,0,100.0,126,126,58.3,100.0,68,54.0,68
Jesse James,9593,TE,DET,9,0,11,47.3,100.0,56,44.8,56,47.7,1,100.0,125,125,53.2,100.0,64,51.2,64
Seth DeValve,10772,TE,JAX,9,0,15,41.3,100.0,55,44.4,55,41.7,0,100.0,124,124,46.1,100.0,55,44.4,55
Kyle Juszczyk,7912,FB,SF,5,0,28,70.7,97.6,41,33.1,42,79.5,1,98.4,124,126,82.1,98.6,72,58.1,73
Jeremy Sprinkle,11909,TE,WAS,9,0,32,46.8,100.0,66,53.2,66,45.4,3,100.0,124,124,52.3,100.0,53,42.7,53
Andre Dillard,29250,T,PHI,7,0,24,57.1,100.0,35,28.2,35,57.3,0,100.0,124,124,58.6,100.0,75,60.5,75
Case Keenum,7323,QB,WAS,7,0,32,60.0,98.5,67,54.5,68,60.0,0,96.1,123,128,60.0,98.0,49,39.8,50
Marquise Goodwin,7859,WR,SF,7,0,28,58.3,100.0,49,39.8,49,56.7,0,99.2,123,124,52.4,100.0,68,55.3,68
Cody Ford,39805,T,BUF,8,0,4,52.0,100.0,74,60.2,74,59.1,3,100.0,123,123,68.2,100.0,28,22.8,28
Demetrius Harris,8524,TE,CLV,9,0,8,50.5,100.0,64,52.0,64,47.0,1,100.0,123,123,46.3,100.0,46,37.4,46
D.J. Chark Jr.,47702,WR,JAX,9,0,15,54.0,100.0,50,40.7,50,60.3,1,98.4,123,125,69.8,100.0,67,54.5,67
Jamison Crowder,9538,WR,NYJ,9,0,22,57.8,100.0,48,39.3,48,37.7,0,99.2,122,123,59.9,100.0,65,53.3,65
Dakota Dozier,8772,G,MIN,8,0,18,68.6,100.0,19,15.6,19,47.5,1,100.0,122,122,52.7,100.0,86,70.5,86
Joseph Noteboom,46249,G,LA,6,0,26,39.5,100.0,47,39.2,47,31.8,0,100.0,120,120,42.3,100.0,55,45.8,55
Austin Hooper,10715,TE,ATL,9,0,2,59.5,100.0,37,30.8,37,57.2,2,100.0,120,120,58.5,100.0,72,60.0,72
Chris Manhertz,10211,TE,CAR,8,0,5,61.9,100.0,60,50.4,60,53.2,1,100.0,119,119,46.9,100.0,46,38.7,46
Sam Darnold,29048,QB,NYJ,6,0,22,60.0,98.2,56,47.1,57,60.0,1,92.2,119,129,60.0,98.3,57,47.9,58
Luke Stocker,6256,TE,ATL,9,0,2,73.3,100.0,51,43.2,51,80.1,0,100.0,118,118,83.0,100.0,54,45.8,54
Blake Jarwin,12320,TE,DAL,9,0,9,42.4,100.0,49,41.5,49,51.1,1,100.0,118,118,62.8,100.0,63,53.4,63
Jeff Heuerman,9525,TE,DEN,8,0,10,54.3,100.0,49,41.9,49,55.7,0,100.0,117,117,65.5,100.0,59,50.4,59
Ty Nsekhe,7636,T,BUF,8,0,4,57.8,100.0,57,48.7,57,70.1,0,100.0,117,117,83.7,100.0,41,35.0,41
Josh Gordon,7618,WR,SEA,7,0,29,61.2,100.0,70,59.8,70,51.8,1,99.2,117,118,56.9,100.0,29,24.8,29
Paul Richardson Jr.,8680,WR,WAS,9,0,32,68.3,100.0,43,36.8,43,61.8,0,100.0,117,117,68.2,100.0,66,56.4,66
Kendrick Bourne,12270,WR,SF,9,0,28,54.9,100.0,41,35.3,41,44.1,1,100.0,116,116,67.1,100.0,63,54.3,63
Preston Williams,38855,WR,MIA,8,0,17,62.2,100.0,76,65.5,76,42.6,1,100.0,116,116,59.0,100.0,31,26.7,31
A.J. Brown,48327,WR,TEN,10,0,31,66.1,100.0,32,27.6,32,55.5,0,99.1,116,117,62.9,100.0,77,66.4,77
Luke Willson,7940,TE,SEA,7,0,29,55.1,100.0,32,27.8,32,51.7,0,100.0,115,115,52.8,100.0,71,61.7,71
Christian Kirk,47546,WR,ARZ,7,0,1,54.6,100.0,32,27.8,32,42.8,0,96.6,115,119,61.0,100.0,66,57.4,66
Levine Toilolo,7915,TE,SF,9,0,28,56.1,100.0,46,40.0,46,60.9,0,100.0,115,115,65.9,100.0,55,47.8,55
Miles Boykin,48209,WR,BLT,9,0,3,57.3,100.0,83,72.2,83,61.1,0,100.0,115,115,67.8,100.0,29,25.2,29
Darius Slayton,25578,WR,NYG,8,0,21,59.4,100.0,44,38.9,44,53.8,0,100.0,113,113,52.5,100.0,59,52.2,59
Zay Jones,11792,WR,OAK,7,0,23,78.4,100.0,54,47.8,54,77.3,0,99.1,113,114,61.3,100.0,51,45.1,51
Will Dissly,30762,TE,SEA,6,0,29,62.9,100.0,32,28.6,32,60.0,1,100.0,112,112,62.5,100.0,74,66.1,74
Vance McDonald,7836,TE,PIT,8,0,25,56.9,100.0,60,53.6,60,51.2,1,99.1,112,113,57.2,100.0,44,39.3,44
Blake Bell,9550,TE,KC,10,0,16,64.8,100.0,34,30.4,34,66.4,0,100.0,112,112,66.6,100.0,63,56.3,63
Gabe Jackson,8716,G,OAK,4,0,23,41.2,100.0,23,20.7,23,53.5,1,100.0,111,111,58.0,100.0,81,73.0,81
Billy Price,46795,G,CIN,6,0,7,54.6,100.0,35,31.5,35,51.3,0,100.0,111,111,43.9,100.0,65,58.6,65
Jimmy Graham,5619,TE,GB,10,0,12,62.8,100.0,23,20.7,23,63.1,1,100.0,111,111,64.2,100.0,75,67.6,75
Daniel Kilgore,6315,C,MIA,6,1,17,60.4,100.0,62,56.9,62,55.3,1,100.0,109,109,58.3,100.0,36,33.0,36
Will Richardson Jr.,46980,G,JAX,9,1,15,46.3,100.0,49,45.4,49,41.0,3,100.0,108,108,45.7,100.0,49,45.4,49
John Jerry,5598,T,CIN,7,0,7,64.8,100.0,31,28.7,31,58.6,0,100.0,108,108,57.1,100.0,67,62.0,67
Ryan Fitzpatrick,2467,QB,MIA,8,0,17,60.3,98.3,58,54.2,59,60.8,0,92.2,107,116,60.6,100.0,41,38.3,41
Evan Engram,11778,TE,NYG,8,0,21,46.2,100.0,30,28.0,30,50.4,1,97.3,107,110,49.1,100.0,61,57.0,61
Antony Auclair,24606,TE,TB,8,0,30,43.4,100.0,66,61.7,66,46.2,0,100.0,107,107,54.6,100.0,37,34.6,37
Davante Adams,8688,WR,GB,6,0,12,48.8,100.0,19,17.9,19,48.4,0,100.0,106,106,70.8,100.0,81,76.4,81
Geronimo Allison,11141,WR,GB,10,0,12,73.8,100.0,25,23.8,25,65.6,0,99.1,105,106,68.6,100.0,78,74.3,78
Virgil Green,6356,TE,LAC,9,0,27,59.7,100.0,48,45.7,48,54.8,0,100.0,105,105,55.6,100.0,48,45.7,48
KeeSean Johnson,39587,WR,ARZ,9,0,1,57.5,100.0,29,27.9,29,57.4,0,99.0,104,105,63.4,100.0,57,54.8,57
Rashaad Coward,12168,G,CHI,5,0,6,62.4,100.0,46,44.2,46,64.6,1,100.0,104,104,61.4,100.0,52,50.0,52
Hunter Renfrow,47509,WR,OAK,9,0,23,52.4,100.0,19,18.3,19,53.6,0,100.0,104,104,59.2,100.0,79,76.0,79
Mike Pouncey,6167,C,LAC,5,0,27,57.1,100.0,45,43.7,45,55.6,0,100.0,103,103,59.5,100.0,47,45.6,47
Jarius Wright,7118,WR,CAR,9,0,5,58.2,100.0,38,36.9,38,44.9,0,99.0,103,104,53.7,100.0,59,57.3,59
Charles Clay,6326,TE,ARZ,10,0,1,59.3,100.0,30,29.1,30,61.5,0,100.0,103,103,59.5,100.0,60,58.3,60
Mohamed Sanu,7084,WR,NE,9,0,19,55.4,97.6,41,39.8,42,48.8,0,97.2,103,106,57.7,96.7,59,57.3,61
Hunter Henry,10669,TE,LAC,6,0,27,54.4,100.0,42,41.6,42,57.8,2,100.0,101,101,59.9,100.0,41,40.6,41
Trent Sherfield,48021,WR,ARZ,8,0,1,87.5,100.0,28,28.3,28,71.0,0,100.0,99,99,72.5,100.0,43,43.4,43
Scott Quessenberry,23918,C,LAC,6,0,27,71.5,100.0,52,52.5,52,66.9,0,100.0,99,99,62.2,100.0,31,31.3,31
Taylor Gabriel,9002,WR,CHI,7,0,6,59.6,100.0,34,34.3,34,60.6,0,97.1,99,102,61.7,100.0,62,62.6,62
Julio Jones,6158,WR,ATL,9,0,2,60.1,100.0,38,38.8,38,81.5,0,99.0,98,99,64.9,100.0,54,55.1,54
Diontae Johnson,33441,WR,PIT,8,0,25,65.9,100.0,45,45.9,45,64.4,0,98.0,98,100,61.6,100.0,47,48.0,47
Calvin Ridley,48262,WR,ATL,9,0,2,59.6,100.0,28,28.9,28,64.8,0,99.0,97,98,59.6,100.0,61,62.9,61
Kenny Stills,7926,WR,HST,7,0,13,57.2,100.0,16,16.5,16,56.9,0,100.0,97,97,59.5,100.0,76,78.4,76
Trey Quinn,38276,WR,WAS,9,0,32,60.0,100.0,46,47.4,46,55.9,1,100.0,97,97,52.3,100.0,46,47.4,46
Kenny Wiggins,6471,G,DET,9,0,11,55.7,100.0,34,35.4,34,59.1,0,100.0,96,96,64.0,100.0,55,57.3,55
Jamarco Jones,46226,G,SEA,4,0,29,59.3,100.0,26,27.4,26,61.6,0,100.0,95,95,62.3,100.0,60,63.2,60
Zach Banner,11892,T,PIT,7,0,25,78.5,100.0,54,56.8,54,79.2,2,100.0,95,95,70.5,100.0,35,36.8,35
Tyler Conklin,47124,TE,MIN,9,1,18,49.6,100.0,10,10.6,10,52.0,1,100.0,94,94,52.5,100.0,72,76.6,72
Golden Tate,5585,WR,NYG,6,0,21,48.8,100.0,38,40.9,38,66.4,0,98.9,93,94,70.1,100.0,48,51.6,48
Denzelle Good,9688,G,OAK,4,0,23,56.5,100.0,25,26.9,25,58.8,0,100.0,93,93,61.1,100.0,63,67.7,63
Damiere Byrd,9964,WR,ARZ,6,0,1,59.2,100.0,30,32.6,30,65.5,0,100.0,92,92,69.2,100.0,49,53.3,49
Marquise Brown,61568,WR,BLT,7,0,3,60.5,100.0,57,62.6,57,61.3,0,100.0,91,91,62.1,100.0,31,34.1,31
Ted Ginn Jr.,3625,WR,NO,9,0,20,52.8,100.0,27,29.7,27,62.0,0,95.8,91,95,58.2,100.0,56,61.5,56
Andre Patton,12043,WR,LAC,6,0,27,68.1,100.0,51,56.7,51,63.7,0,100.0,90,90,56.9,100.0,30,33.3,30
Jake Kumerow,9883,WR,GB,8,0,12,61.3,100.0,20,22.2,20,74.3,0,100.0,90,90,69.1,100.0,66,73.3,66
Johnny Holton,11354,WR,PIT,8,0,25,64.9,100.0,39,43.3,39,64.8,0,98.9,90,91,61.9,100.0,42,46.7,42
Joey Hunt,10849,G,SEA,6,0,29,45.2,100.0,24,26.7,24,57.2,1,100.0,90,90,64.1,100.0,58,64.4,58
Pharaoh Brown,12247,TE,CLV,7,0,8,63.2,100.0,54,60.7,54,66.4,0,100.0,89,89,64.8,100.0,31,34.8,31
Jordan Devey,8268,G,OAK,4,0,23,56.5,100.0,27,30.3,27,62.7,0,100.0,89,89,60.3,100.0,53,59.6,53
Austin Carr,12215,WR,NO,6,0,20,51.6,100.0,43,48.3,43,56.6,0,100.0,89,89,65.2,100.0,34,38.2,34
Roderick Johnson,11915,T,HST,6,0,13,54.4,100.0,28,31.8,28,64.9,1,100.0,88,88,71.1,100.0,53,60.2,53
Cole Beasley,7330,WR,BUF,9,0,4,56.8,100.0,50,56.8,50,46.6,0,100.0,88,88,62.0,100.0,26,29.5,26
Demaryius Thomas,5547,WR,NYJ,7,0,22,52.4,100.0,42,47.7,42,38.8,0,100.0,88,88,71.8,100.0,40,45.5,40
Martinas Rankin,46333,T,KC,6,0,16,46.6,100.0,22,25.3,22,42.9,0,100.0,87,87,44.7,100.0,56,64.4,56
Adam Shaheen,11800,TE,CHI,8,0,6,57.8,100.0,33,37.9,33,58.8,0,100.0,87,87,60.6,100.0,48,55.2,48
Ryan Tannehill,7014,QB,TEN,6,0,31,60.0,100.0,36,41.4,36,60.0,0,87.0,87,100,60.0,94.3,50,57.5,53
Kyle Long,7801,G,CHI,4,0,6,42.3,100.0,19,22.1,19,33.2,1,100.0,86,86,34.7,100.0,61,70.9,61
Bennie Fowler,8914,WR,NYG,8,0,21,88.7,100.0,22,25.6,22,61.9,1,98.9,86,87,58.7,100.0,54,62.8,54
Mecole Hardman,42683,WR,KC,10,0,16,60.7,100.0,19,22.1,19,63.3,0,96.6,86,89,63.6,100.0,67,77.9,67
Andre Smith,4929,T,CIN,6,0,7,42.5,100.0,26,30.6,26,46.0,2,100.0,85,85,51.1,100.0,55,64.7,55
David Edwards,35941,G,LA,3,0,26,64.5,100.0,34,40.0,34,59.4,0,100.0,85,85,56.0,100.0,46,54.1,46
Mark Andrews,47436,TE,BLT,9,0,3,67.2,100.0,49,58.3,49,71.3,0,100.0,84,84,66.7,100.0,18,21.4,18
Dede Westbrook,11865,WR,JAX,8,0,15,54.2,100.0,37,44.6,37,55.0,0,96.5,83,86,57.8,100.0,41,49.4,41
Alec Ingold,34934,FB,OAK,9,0,23,50.8,100.0,29,34.9,29,58.7,0,94.3,83,88,65.1,100.0,47,56.6,47
Cedric Ogbuehi,9454,T,JAX,7,0,15,58.2,100.0,44,53.0,44,66.2,0,100.0,83,83,66.2,100.0,33,39.8,33
Michael Jordan,28021,G,CIN,6,1,7,49.0,100.0,23,28.0,23,36.9,1,100.0,82,82,46.5,100.0,56,68.3,56
Geoff Swaim,9679,TE,JAX,6,1,15,53.8,100.0,45,54.9,45,50.9,4,100.0,82,82,54.8,100.0,30,36.6,30
Javon Wims,41406,WR,CHI,9,0,6,61.4,100.0,31,37.8,31,59.7,0,100.0,82,82,58.7,100.0,45,54.9,45
Joe Staley,3644,T,SF,3,0,28,55.9,100.0,28,34.6,28,66.2,1,100.0,81,81,71.4,100.0,50,61.7,50
Tyreek Hill,10799,WR,KC,6,0,16,61.4,91.3,21,25.9,23,62.4,0,95.3,81,85,63.4,100.0,55,67.9,55
Trey Burton,9185,TE,CHI,8,0,6,47.4,100.0,23,28.4,23,59.7,0,100.0,81,81,57.7,100.0,50,61.7,50
Nick Bawden,27413,FB,DET,9,0,11,38.8,100.0,40,50.6,40,41.4,0,100.0,79,79,54.1,100.0,29,36.7,29
Anthony Miller,48160,WR,CHI,9,0,6,59.5,100.0,29,37.2,29,74.0,0,98.7,78,79,63.0,97.9,46,59.0,47
James Washington,47792,WR,PIT,8,0,25,64.9,100.0,45,57.7,45,69.0,0,100.0,78,78,58.6,100.0,26,33.3,26
Chris Moore,10741,WR,BLT,8,0,3,61.0,100.0,50,64.1,50,61.1,0,100.0,78,78,61.7,100.0,19,24.4,19
J.P. Holtz,11062,TE,CHI,7,0,6,52.9,100.0,32,41.6,32,59.1,0,100.0,77,77,64.8,100.0,42,54.5,42
Trevor Davis,10797,WR,OAK,6,0,23,47.1,100.0,10,13.0,10,44.5,0,95.1,77,81,67.3,100.0,67,87.0,67
James O'Shaughnessy,9606,TE,JAX,5,0,15,52.1,100.0,34,44.7,34,49.2,0,100.0,76,76,51.1,100.0,35,46.1,35
Adam Humphries,10075,WR,TEN,10,0,31,59.2,100.0,21,27.6,21,47.2,0,98.7,76,77,56.9,100.0,51,67.1,51
Tavon Austin,7789,WR,DAL,7,0,9,49.2,100.0,29,39.2,29,54.4,1,94.9,74,78,47.8,97.6,41,55.4,42
Eric Ebron,8645,TE,IND,9,1,14,63.9,100.0,36,48.6,36,70.6,1,100.0,74,74,76.8,100.0,25,33.8,25
Zach Line,8420,FB,NO,9,0,20,57.6,100.0,24,32.9,24,62.9,0,94.8,73,77,66.6,100.0,35,47.9,35
Josh Reynolds,11872,WR,LA,8,0,26,63.5,97.0,32,43.8,33,57.5,0,98.6,73,74,55.2,100.0,37,50.7,37
Jared Cook,5012,TE,NO,7,0,20,58.3,100.0,24,33.3,24,47.3,1,100.0,72,72,36.2,100.0,40,55.6,40
Benjamin Watson,1753,TE,NE,3,0,19,50.4,100.0,31,43.1,31,54.9,0,100.0,72,72,54.4,100.0,28,38.9,28
Jakobi Meyers,47468,WR,NE,6,0,19,45.5,100.0,32,44.4,32,37.4,0,100.0,72,72,71.0,100.0,25,34.7,25
Danny Amendola,4717,WR,DET,8,0,11,55.5,100.0,23,32.4,23,73.4,0,100.0,71,71,82.3,100.0,48,67.6,48
Jonotthan Harrison,9132,C,NYJ,7,0,22,62.0,100.0,33,46.5,33,58.3,0,100.0,71,71,46.9,100.0,33,46.5,33
David Sharpe,11884,T,OAK,4,0,23,59.1,100.0,17,24.3,17,68.7,0,100.0,70,70,72.6,100.0,47,67.1,47
Marqise Lee,8674,WR,JAX,6,0,15,72.0,100.0,42,60.0,42,75.6,0,98.6,70,71,73.6,100.0,20,28.6,20
Breshad Perriman,9459,WR,TB,7,0,30,53.4,100.0,33,47.1,33,50.1,0,98.6,70,71,62.0,100.0,29,41.4,29
Deon Cain,13597,WR,IND,7,0,14,53.5,100.0,22,31.4,22,56.1,0,100.0,70,70,59.1,100.0,45,64.3,45
Justin McCray,9234,T,CLV,7,0,8,69.6,100.0,30,42.9,30,69.8,0,100.0,70,70,71.9,100.0,31,44.3,31
David Moore,11981,WR,SEA,8,0,29,56.9,100.0,18,26.1,18,50.3,1,98.6,69,70,49.4,100.0,48,69.6,48
Richie James Jr.,28991,WR,SF,8,0,28,53.2,100.0,24,34.8,24,41.7,1,100.0,69,69,56.1,100.0,28,40.6,28
Isaiah McKenzie,11927,WR,BUF,6,0,4,76.1,100.0,35,50.7,35,72.6,0,93.2,69,74,63.0,100.0,28,40.6,28
Sterling Shepard,10674,WR,NYG,4,0,21,60.6,100.0,15,21.7,15,83.4,0,94.5,69,73,69.6,100.0,47,68.1,47
Alex Erickson,11107,WR,CIN,9,0,7,51.0,100.0,19,27.5,19,54.7,0,94.5,69,73,60.4,100.0,47,68.1,47
Ben Koyack,9662,TE,JAX,4,1,15,58.8,100.0,31,47.0,31,50.3,1,100.0,66,66,43.7,100.0,27,40.9,27
J.J. Arcega-Whiteside,35014,WR,PHI,9,0,24,62.3,100.0,22,33.8,22,47.3,1,100.0,65,65,62.4,100.0,30,46.2,30
Will Clapp,39386,G,NO,7,0,20,59.7,100.0,32,49.2,32,52.6,0,100.0,65,65,53.1,100.0,22,33.8,22
Cornelius Lucas,9025,T,CHI,5,0,6,55.2,100.0,21,32.3,21,55.8,0,100.0,65,65,57.7,100.0,40,61.5,40
Andy Janovich,10810,FB,DEN,6,0,10,58.7,100.0,26,40.6,26,65.0,1,100.0,64,64,68.4,100.0,29,45.3,29
Kelechi Osemele,7062,G,NYJ,3,0,22,52.5,100.0,22,34.4,22,53.8,0,100.0,64,64,61.8,100.0,38,59.4,38
Keke Coutee,47698,WR,HST,6,0,13,55.8,87.5,14,21.9,16,57.2,0,97.0,64,66,59.1,100.0,45,70.3,45
Jacob Hollister,12051,TE,SEA,5,0,29,85.1,100.0,16,25.4,16,68.0,0,100.0,63,63,54.6,100.0,39,61.9,39
Matt LaCosse,9840,TE,NE,4,0,19,59.7,100.0,38,60.3,38,56.0,0,100.0,63,63,52.2,100.0,13,20.6,13
Matt Moore,4018,QB,KC,4,0,16,60.0,100.0,17,27.4,17,60.0,0,96.9,62,64,60.0,100.0,40,64.5,40
John Ross,11764,WR,CIN,4,0,7,55.5,100.0,19,30.6,19,58.8,0,100.0,62,62,61.9,100.0,40,64.5,40
Wes Schweitzer,10829,G,ATL,7,0,2,48.1,100.0,27,43.5,27,58.5,0,100.0,62,62,68.7,100.0,30,48.4,30
Nick O'Leary,9627,TE,MIA,7,0,17,59.0,100.0,37,60.7,37,56.3,0,100.0,61,61,58.7,100.0,19,31.1,19
Devin Smith,9470,WR,DAL,4,0,9,61.3,100.0,18,29.5,18,48.8,0,100.0,61,61,64.3,100.0,41,67.2,41
Damion Ratley,48182,WR,CLV,6,1,8,59.0,100.0,20,33.3,20,34.1,2,100.0,60,60,60.8,100.0,29,48.3,29
Malik Turner,48078,WR,SEA,10,0,29,83.2,100.0,15,25.4,15,86.6,0,100.0,59,59,79.6,100.0,39,66.1,39
Keith Smith,9302,FB,ATL,9,0,2,58.4,100.0,28,47.5,28,51.8,0,98.3,59,60,48.6,100.0,24,40.7,24
Josh Rosen,35460,QB,MIA,6,0,17,60.0,100.0,43,72.9,43,60.0,0,100.0,59,59,60.0,100.0,12,20.3,12
Drew Brees,802,QB,NO,4,0,20,60.3,100.0,30,50.8,30,60.8,0,100.0,59,59,60.6,100.0,24,40.7,24
Cameron Fleming,8775,T,DAL,5,1,9,45.1,100.0,19,32.8,19,55.0,1,100.0,58,58,58.7,100.0,37,63.8,37
Cody Latimer,8691,WR,NYG,9,0,21,45.0,100.0,19,32.8,19,77.8,0,100.0,58,58,88.5,100.0,28,48.3,28
Eric Tomlinson,9786,TE,NE,4,0,19,60.4,100.0,30,51.7,30,62.1,1,100.0,58,58,55.7,100.0,17,29.3,17
Mike Gesicki,47153,TE,MIA,9,0,17,29.4,100.0,33,56.9,33,37.9,0,100.0,58,58,61.0,100.0,14,24.1,14
Alex Armah,11948,FB,CAR,8,0,5,50.5,97.1,34,58.6,35,49.7,0,92.1,58,63,55.3,100.0,17,29.3,17
Danny Vitale,10831,FB,GB,10,0,12,49.1,100.0,8,13.8,8,40.2,0,98.3,58,59,41.9,97.4,37,63.8,38
Parris Campbell,47940,WR,IND,6,0,14,60.1,100.0,30,51.7,30,60.9,2,93.5,58,62,61.8,100.0,27,46.6,27
Trevon Wesco,42018,TE,NYJ,9,0,22,53.1,100.0,28,49.1,28,57.4,0,98.3,57,58,64.2,100.0,23,40.4,23
Jamil Demby,31982,G,LA,3,0,26,48.1,100.0,24,42.1,24,43.9,0,100.0,57,57,46.2,100.0,22,38.6,22
Wyatt Teller,46131,G,CLV,4,0,8,36.0,100.0,27,47.4,27,36.6,0,100.0,57,57,51.1,100.0,24,42.1,24
Allen Lazard,48135,WR,GB,7,0,12,61.7,100.0,17,29.8,17,75.6,1,100.0,57,57,70.5,100.0,37,64.9,37
Allen Hurns,8931,WR,MIA,7,0,17,59.6,100.0,28,50.0,28,46.7,0,100.0,56,56,60.6,100.0,19,33.9,19
Patrick DiMarco,6997,FB,BUF,9,0,4,60.8,100.0,27,48.2,27,54.6,0,94.9,56,59,57.5,100.0,15,26.8,15
Andrew Beck,47121,TE,DEN,8,0,10,58.8,100.0,24,43.6,24,57.3,1,100.0,55,55,51.4,100.0,22,40.0,22
Tony Bergstrom,7095,C,WAS,6,0,32,49.7,100.0,29,52.7,29,54.1,1,100.0,55,55,55.3,100.0,24,43.6,24
Cameron Brate,9207,TE,TB,9,0,30,66.2,100.0,19,34.5,19,62.8,0,100.0,55,55,59.3,100.0,28,50.9,28
Andre James,47058,C,OAK,2,0,23,42.3,100.0,13,24.1,13,32.0,0,100.0,54,54,35.3,100.0,38,70.4,38
Luke Falk,46586,QB,NYJ,3,0,22,60.3,100.0,23,43.4,23,60.6,0,100.0,53,53,60.3,100.0,25,47.2,25
Russell Okung,5531,T,LAC,3,0,27,58.3,100.0,31,58.5,31,53.0,1,100.0,53,53,50.5,100.0,16,30.2,16
Kelvin Harmon,47931,WR,WAS,9,0,32,64.1,100.0,33,64.7,33,54.0,0,100.0,51,51,62.2,100.0,16,31.4,16
Halapoulivaati Vaitai,10798,G,PHI,7,0,24,84.3,100.0,19,37.3,19,78.2,2,100.0,51,51,67.7,100.0,27,52.9,27
Hale Hentges,47150,TE,WAS,4,0,32,54.4,100.0,28,54.9,28,59.5,0,100.0,51,51,66.1,100.0,20,39.2,20
Jakeem Grant,10820,WR,MIA,8,1,17,59.7,100.0,28,56.0,28,60.9,1,94.3,50,53,62.1,100.0,16,32.0,16
Drew Sample,47259,TE,CIN,9,0,7,40.5,100.0,18,36.0,18,52.3,1,100.0,50,50,56.5,100.0,26,52.0,26
Russell Gage,44771,WR,ATL,9,0,2,59.4,100.0,21,42.9,21,79.4,0,98.0,49,50,61.4,100.0,23,46.9,23
Alex Redmond,11113,G,CIN,3,0,7,47.9,100.0,12,24.5,12,54.2,0,100.0,49,49,55.2,100.0,30,61.2,30
Derek Watt,10832,FB,LAC,10,0,27,49.5,100.0,20,40.8,20,51.7,0,89.1,49,55,57.9,100.0,21,42.9,21
Forrest Lamp,11793,G,LAC,7,0,27,59.1,100.0,14,29.2,14,56.3,0,100.0,48,48,48.7,100.0,24,50.0,24
Brian Hoyer,5277,QB,IND,2,0,14,60.0,100.0,27,56.3,27,60.0,0,98.0,48,49,60.0,100.0,19,39.6,19
B.J. Finney,9875,C,PIT,4,0,25,54.8,100.0,23,48.9,23,56.5,0,100.0,47,47,59.1,100.0,18,38.3,18
Greg Little,46254,T,CAR,2,0,5,56.0,100.0,19,41.3,19,56.0,0,100.0,46,46,57.6,100.0,24,52.2,24
Keelan Doss,48143,WR,OAK,4,0,23,51.5,100.0,9,19.6,9,55.2,0,100.0,46,46,61.6,100.0,35,76.1,35
Daniel Brown,10144,TE,NYJ,9,0,22,49.7,100.0,20,44.4,20,51.8,0,100.0,45,45,60.0,100.0,16,35.6,16
Devlin Hodges,29838,QB,PIT,2,0,25,60.0,100.0,14,31.1,14,60.0,0,93.8,45,48,60.0,96.9,31,68.9,32
Antonio Callaway,48101,WR,CLV,4,0,8,60.0,100.0,19,42.2,19,57.4,0,100.0,45,45,56.8,100.0,20,44.4,20
Marvin Hall,11440,WR,DET,7,0,11,61.9,100.0,18,40.0,18,63.7,0,97.8,45,46,62.5,100.0,23,51.1,23
Tommy Sweeney,47216,TE,BUF,5,0,4,67.6,100.0,25,56.8,25,66.7,0,100.0,44,44,61.5,100.0,9,20.5,9
Lane Taylor,8365,G,GB,2,0,12,47.4,100.0,5,11.4,5,51.8,0,100.0,44,44,50.3,100.0,35,79.5,35
Tyrell Crosby,38897,T,DET,3,0,11,60.7,100.0,16,36.4,16,54.2,2,100.0,44,44,52.3,100.0,26,59.1,26
Dontrelle Inman,6597,WR,LAC,4,0,27,56.4,100.0,25,58.1,25,56.6,1,100.0,43,43,59.5,100.0,16,37.2,16
Travis Benjamin,7100,WR,LAC,5,0,27,59.2,100.0,18,41.9,18,57.5,0,100.0,43,43,57.4,100.0,22,51.2,22
Keelan Cole,51593,WR,JAX,8,0,15,56.8,100.0,26,60.5,26,66.2,0,100.0,43,43,54.7,100.0,15,34.9,15
Logan Thomas,8755,TE,DET,9,0,11,49.9,100.0,25,58.1,25,51.1,0,100.0,43,43,58.0,100.0,13,30.2,13
Laquon Treadwell,10657,WR,MIN,7,0,18,37.4,100.0,10,23.3,10,46.2,1,100.0,43,43,57.3,100.0,30,69.8,30
Sean Culkin,12037,TE,LAC,3,0,27,67.8,100.0,22,51.2,22,63.8,0,100.0,43,43,58.4,100.0,17,39.5,17
Chase Daniel,5214,QB,CHI,2,0,6,60.2,100.0,19,44.2,19,60.3,0,91.5,43,47,60.0,95.7,22,51.2,23
Mason Cole,45547,T,ARZ,4,0,1,80.2,100.0,16,37.2,16,59.0,0,100.0,43,43,49.7,100.0,19,44.2,19
Damion Willis,61737,WR,CIN,5,0,7,62.1,100.0,10,23.8,10,61.1,0,100.0,42,42,60.4,100.0,31,73.8,31
DeAndre Carter,9859,WR,HST,5,0,13,60.2,100.0,3,7.3,3,72.0,0,97.6,41,42,72.4,100.0,35,85.4,35
James Ferentz,9258,G,NE,5,0,19,84.1,100.0,18,43.9,18,74.7,0,100.0,41,41,59.3,100.0,16,39.0,16
Dalton Schultz,47304,TE,DAL,8,0,9,67.4,100.0,17,41.5,17,66.1,1,100.0,41,41,62.1,100.0,20,48.8,20
Fred Brown,23172,WR,DEN,6,0,10,51.2,100.0,25,61.0,25,54.0,0,100.0,41,41,61.4,100.0,15,36.6,15
Deion Calhoun,46676,G,MIA,3,0,17,43.8,100.0,30,73.2,30,45.5,0,100.0,41,41,43.6,100.0,7,17.1,7
Chris Clark,4623,T,HST,2,0,13,54.8,100.0,6,14.6,6,60.5,0,100.0,41,41,62.6,100.0,30,73.2,30
Chandler Cox,45629,FB,MIA,8,0,17,51.1,100.0,13,32.5,13,48.3,0,100.0,40,40,51.1,100.0,21,52.5,21
James Develin,6142,FB,NE,2,0,19,50.2,100.0,23,57.5,23,48.5,0,95.2,40,42,52.2,100.0,10,25.0,10
Dwayne Haskins,41897,QB,WAS,3,0,32,60.0,100.0,20,51.3,20,60.0,0,100.0,39,39,60.0,100.0,19,48.7,19
Justin Hardy,9540,WR,ATL,9,0,2,69.2,100.0,10,25.6,10,59.7,0,100.0,39,39,53.2,100.0,25,64.1,25
Cam Newton,6153,QB,CAR,2,0,5,60.0,100.0,15,39.5,15,60.2,0,90.5,38,42,60.2,87.5,21,55.3,24
Earl Watford,7898,G,TB,2,0,30,51.2,100.0,19,50.0,19,48.9,1,100.0,38,38,53.1,100.0,16,42.1,16
Andre Roberts,5612,WR,BUF,6,0,4,71.6,100.0,20,52.6,20,74.6,1,97.4,38,39,79.4,100.0,12,31.6,12
Tre'Quan Smith,48228,WR,NO,4,0,20,76.1,100.0,18,48.6,18,83.4,0,100.0,37,37,70.5,100.0,16,43.2,16
Gus Edwards,46027,HB,BLT,9,0,3,48.3,29.2,21,56.8,72,48.3,0,36.3,37,102,60.0,12.5,2,5.4,16
Isaiah Wynn,46048,T,NE,2,0,19,71.4,100.0,18,48.6,18,65.9,1,100.0,37,37,61.4,100.0,12,32.4,12
Robert Tonyan,12193,TE,GB,5,0,12,59.1,100.0,6,16.2,6,53.6,0,100.0,37,37,55.1,100.0,29,78.4,29
Tyler Eifert,7802,TE,CIN,9,0,7,55.2,100.0,9,24.3,9,47.8,0,100.0,37,37,47.8,100.0,26,70.3,26
Vernon Davis,2951,TE,WAS,4,0,32,50.2,100.0,21,56.8,21,46.7,0,100.0,37,37,48.4,100.0,12,32.4,12
Anthony Sherman,6288,FB,KC,9,0,16,49.3,100.0,19,52.8,19,55.3,0,92.3,36,39,66.9,100.0,9,25.0,9
Jakob Johnson,32565,FB,NE,4,0,19,58.9,100.0,23,63.9,23,67.3,0,100.0,36,36,62.5,100.0,8,22.2,8
Mark Ingram II,6180,HB,BLT,9,0,3,52.2,22.0,24,66.7,109,53.2,0,22.2,36,162,60.3,13.0,6,16.7,46
Trey Pipkins,91462,T,LAC,3,0,27,59.7,100.0,19,52.8,19,68.7,0,100.0,36,36,67.1,100.0,10,27.8,10
Chris Reed,9830,G,MIA,4,0,17,61.0,100.0,19,54.3,19,72.8,1,100.0,35,35,85.6,100.0,8,22.9,8
Eli Manning,1722,QB,NYG,2,0,21,60.0,100.0,10,28.6,10,60.0,0,97.2,35,36,60.0,100.0,20,57.1,20
Brandon Knight,25018,T,DAL,2,0,9,60.7,100.0,12,34.3,12,57.1,0,100.0,35,35,55.8,100.0,22,62.9,22
Delanie Walker,3120,TE,TEN,7,0,31,54.7,100.0,9,25.7,9,57.7,0,100.0,35,35,61.5,100.0,22,62.9,22
Pharoh Cooper,10751,WR,ARZ,6,0,1,78.8,83.3,5,14.3,6,76.8,0,94.6,35,37,58.6,91.7,11,31.4,12
Ryan Finley,46426,QB,CIN,1,0,7,60.0,100.0,15,42.9,15,60.0,0,94.6,35,37,60.0,95.0,19,54.3,20
Jamize Olawale,7572,FB,DAL,9,0,9,52.4,100.0,8,23.5,8,54.5,0,100.0,34,34,57.3,100.0,22,64.7,22
Tyler Kroft,9518,TE,BUF,4,0,4,67.0,100.0,15,44.1,15,62.5,0,100.0,34,34,57.8,100.0,13,38.2,13
Wes Martin,46087,G,WAS,2,0,32,53.1,100.0,14,41.2,14,51.5,0,100.0,34,34,58.2,100.0,18,52.9,18
Gunner Olszewski,95015,WR,NE,5,0,19,61.2,100.0,12,36.4,12,36.6,0,100.0,33,33,58.9,100.0,12,36.4,12
Ethan Pocic,11813,G,SEA,2,0,29,59.1,100.0,5,15.2,5,44.5,0,100.0,33,33,48.4,100.0,24,72.7,24
Vyncint Smith,66957,WR,NYJ,6,0,22,69.2,100.0,14,42.4,14,49.5,0,94.3,33,35,60.7,100.0,15,45.5,15
Danny Isidora,11933,G,MIA,3,0,17,50.1,100.0,16,50.0,16,50.7,0,100.0,32,32,55.0,100.0,14,43.8,14
Rashod Hill,11369,T,MIN,3,0,18,56.5,100.0,8,25.0,8,60.7,0,100.0,32,32,63.2,100.0,18,56.3,18
Lucas Patrick,11435,C,GB,4,0,12,64.4,100.0,7,21.9,7,28.3,0,100.0,32,32,25.2,100.0,19,59.4,19
David Johnson,9519,HB,ARZ,8,0,1,58.7,9.7,3,9.7,31,57.3,0,26.3,31,118,59.2,13.8,9,29.0,65
Duke Williams,11366,WR,BUF,3,0,4,55.7,100.0,20,64.5,20,76.9,1,100.0,31,31,60.4,100.0,3,9.7,3
Ian Thomas,42130,TE,CAR,8,0,5,61.3,100.0,14,45.2,14,48.1,0,100.0,31,31,36.1,100.0,14,45.2,14
Isaiah Prince,47019,T,MIA,3,0,17,57.4,100.0,23,74.2,23,62.0,0,100.0,31,31,69.0,100.0,5,16.1,5
Elijhaa Penny,11300,FB,NYG,9,0,21,57.4,73.3,11,35.5,15,57.8,0,68.9,31,45,60.2,60.0,12,38.7,20
Albert Wilson,8943,WR,MIA,6,0,17,59.4,100.0,17,54.8,17,42.5,0,96.9,31,32,59.7,90.0,9,29.0,10
Ryan Grant,8777,WR,GB,2,0,12,60.0,100.0,6,19.4,6,43.6,0,100.0,31,31,60.6,100.0,24,77.4,24
Ricky Seals-Jones,12020,TE,CLV,7,0,8,50.9,100.0,15,48.4,15,38.9,0,100.0,31,31,58.2,100.0,9,29.0,9
Frank Gore,2282,HB,BUF,9,0,4,57.7,8.5,7,23.3,82,56.4,0,21.1,30,142,60.0,5.1,2,6.7,39
Taysom Hill,12112,QB,NO,9,0,20,64.3,70.6,12,40.0,17,79.4,0,71.4,30,42,75.1,72.2,13,43.3,18
Cedrick Wilson,48170,WR,DAL,3,0,9,58.9,100.0,12,40.0,12,61.1,0,100.0,30,30,62.6,100.0,15,50.0,15
Chukwuma Okorafor,46302,T,PIT,1,0,25,48.2,100.0,17,58.6,17,56.5,1,100.0,29,29,68.7,100.0,9,31.0,9
Derek Carrier,7406,TE,OAK,8,0,23,56.3,100.0,7,24.1,7,63.5,0,96.7,29,30,69.8,100.0,18,62.1,18
Tarik Cohen,11874,HB,CHI,9,0,6,55.4,45.5,10,34.5,22,56.3,0,48.3,29,60,61.6,43.8,14,48.3,32
Marcell Ateman,23670,WR,OAK,3,0,23,50.9,100.0,3,10.3,3,63.5,0,100.0,29,29,67.8,100.0,24,82.8,24
Donte Moncrief,8725,WR,CAR,5,0,5,63.7,100.0,18,62.1,18,43.1,0,100.0,29,29,61.6,100.0,10,34.5,10
Byron Pringle,42345,WR,KC,7,0,16,59.1,100.0,9,31.0,9,49.6,1,100.0,29,29,46.1,100.0,16,55.2,16
Korey Cunningham,38555,T,NE,1,0,19,56.4,100.0,20,71.4,20,61.3,0,100.0,28,28,72.8,100.0,4,14.3,4
Eric Fisher,7783,T,KC,2,0,16,62.5,100.0,8,28.6,8,60.7,0,100.0,28,28,59.4,100.0,19,67.9,19
Roosevelt Nix,10269,FB,PIT,2,0,25,47.7,100.0,10,35.7,10,48.9,0,100.0,28,28,54.8,100.0,16,57.1,16
Stanley Morgan Jr.,48110,WR,CIN,4,1,7,57.6,100.0,10,35.7,10,65.9,1,100.0,28,28,71.9,100.0,17,60.7,17
Bobo Wilson,12067,WR,TB,5,1,30,56.6,100.0,12,44.4,12,46.8,1,100.0,27,27,61.0,100.0,12,44.4,12
Geremy Davis,9619,WR,LAC,5,0,27,56.4,100.0,11,40.7,11,58.2,0,100.0,27,27,61.0,100.0,14,51.9,14
Nick Gates,29476,G,NYG,5,0,21,65.6,100.0,9,33.3,9,72.4,0,100.0,27,27,74.7,100.0,14,51.9,14
Chris Carson,12004,HB,SEA,10,0,29,,0.0,0,0.0,62,60.0,0,11.6,27,233,59.3,6.0,9,33.3,149
Xavier Grimble,9092,TE,PIT,3,0,25,53.4,100.0,17,63.0,17,47.1,0,100.0,27,27,55.5,100.0,7,25.9,7
Josh Wells,8968,T,TB,3,0,30,48.6,100.0,14,53.8,14,43.0,0,100.0,26,26,45.4,100.0,11,42.3,11
Josh Bellamy,7472,WR,NYJ,5,0,22,31.1,100.0,9,34.6,9,29.5,1,100.0,26,26,60.2,100.0,13,50.0,13
Alex Light,31454,T,GB,5,0,12,52.9,100.0,7,26.9,7,38.4,0,100.0,26,26,37.7,100.0,13,50.0,13
Lance Kendricks,6199,TE,LAC,4,0,27,63.2,100.0,12,46.2,12,63.4,0,100.0,26,26,62.5,100.0,10,38.5,10
J.D. McKissic,11047,HB,DET,8,0,11,59.0,63.6,14,56.0,22,55.6,0,45.5,25,55,55.2,36.0,9,36.0,25
Rashard Higgins,10806,WR,CLV,4,0,8,59.1,100.0,7,28.0,7,65.8,0,100.0,25,25,59.5,100.0,13,52.0,13
DeSean Jackson,4363,WR,PHI,2,0,24,60.4,100.0,7,28.0,7,58.0,1,100.0,25,25,62.1,100.0,15,60.0,15
Stephen Carlson,94365,TE,CLV,2,0,8,53.3,100.0,16,64.0,16,53.0,0,100.0,25,25,57.2,100.0,7,28.0,7
Anthony Firkser,51837,TE,TEN,5,0,31,59.3,100.0,7,29.2,7,60.3,0,100.0,24,24,60.6,100.0,10,41.7,10
James Hurst,9001,T,BLT,6,0,3,60.7,100.0,14,58.3,14,54.3,1,100.0,24,24,47.7,100.0,6,25.0,6
Josh Oliver,47083,TE,JAX,3,0,15,50.6,100.0,8,33.3,8,58.9,0,100.0,24,24,69.6,100.0,7,29.2,7
Robert Foster,48230,WR,BUF,6,0,4,59.1,100.0,14,60.9,14,60.1,0,100.0,23,23,60.2,100.0,5,21.7,5
Senio Kelemete,7144,G,HST,1,0,13,65.4,100.0,3,13.0,3,73.8,0,100.0,23,23,73.3,100.0,19,82.6,19
Andy Isabella,47448,WR,ARZ,6,0,1,60.0,100.0,2,8.7,2,42.2,0,88.5,23,26,62.8,100.0,20,87.0,20
Seantrel Henderson,8871,T,HST,1,0,13,60.3,100.0,3,13.0,3,27.6,1,100.0,23,23,26.6,100.0,19,82.6,19
Ben Garland,5839,G,SF,4,0,28,60.3,100.0,5,21.7,5,69.0,0,100.0,23,23,69.0,100.0,9,39.1,9
Cordarrelle Patterson,7810,WR,CHI,9,0,6,62.4,54.5,6,26.1,11,41.6,1,67.6,23,34,57.1,82.4,14,60.9,17
Jerome Cunningham,9400,TE,WAS,2,0,32,61.8,100.0,12,52.2,12,65.4,0,100.0,23,23,67.2,100.0,11,47.8,11
Jeff Driskel,10841,QB,DET,1,0,11,60.0,100.0,6,27.3,6,60.0,0,95.7,22,23,60.0,93.8,15,68.2,16
Jaeden Graham,31849,TE,ATL,8,0,2,56.4,100.0,6,27.3,6,63.9,0,100.0,22,22,67.0,100.0,14,63.6,14
Jordan Mills,7945,T,ARZ,2,0,1,45.1,100.0,3,13.6,3,39.1,0,100.0,22,22,43.4,100.0,15,68.2,15
Patrick Mekari,46219,G,BLT,2,0,3,52.6,100.0,11,50.0,11,57.2,0,100.0,22,22,63.5,100.0,10,45.5,10
Derrick Henry,10679,HB,TEN,10,0,31,,0.0,0,0.0,52,60.3,1,10.3,22,214,60.4,5.4,8,36.4,147
Nick Bellore,6515,FB,SEA,8,0,29,62.3,100.0,6,27.3,6,68.5,0,100.0,22,22,72.9,100.0,4,18.2,4
Spencer Long,8713,G,BUF,3,0,4,42.1,100.0,13,59.1,13,43.8,0,100.0,22,22,57.2,100.0,4,18.2,4
David Njoku,11784,TE,CLV,2,0,8,58.9,100.0,13,59.1,13,56.6,0,100.0,22,22,54.9,100.0,9,40.9,9
Austin Ekeler,12164,HB,LAC,10,0,27,57.2,9.8,5,22.7,51,59.4,0,19.0,22,116,61.4,20.8,11,50.0,53
Ben Roethlisberger,1732,QB,PIT,2,0,25,60.0,100.0,17,81.0,17,60.0,0,100.0,21,21,60.0,100.0,3,14.3,3
Christian McCaffrey,11763,HB,CAR,9,0,5,57.9,3.3,3,14.3,92,64.8,0,9.9,21,213,58.9,4.6,5,23.8,108
Jermaine Eluemunor,11914,G,NE,6,0,19,56.7,100.0,11,52.4,11,50.2,0,100.0,21,21,47.7,100.0,4,19.0,4
Kaden Smith,40973,TE,NYG,3,0,21,49.4,100.0,9,45.0,9,53.3,0,100.0,20,20,60.7,100.0,9,45.0,9
Chad Beebe,21528,WR,MIN,3,0,18,59.9,100.0,7,35.0,7,53.7,0,100.0,20,20,53.2,100.0,10,50.0,10
Carlos Hyde,8692,HB,HST,9,0,13,57.9,20.9,9,45.0,43,58.9,0,11.4,20,175,60.4,6.5,8,40.0,124
Russell Shepard,8254,WR,NYG,3,0,21,92.7,100.0,6,30.0,6,88.7,0,100.0,20,20,61.9,100.0,9,45.0,9
Matt Schaub,1811,QB,ATL,2,0,2,60.0,100.0,7,35.0,7,60.0,0,95.2,20,21,60.0,100.0,12,60.0,12
Sony Michel,27589,HB,NE,9,0,19,,0.0,0,0.0,85,58.3,0,12.1,20,165,,0.0,0,0.0,54
Le'Veon Bell,7829,HB,NYJ,9,0,22,60.0,3.9,3,15.0,76,70.0,0,11.9,20,168,60.0,6.7,5,25.0,75
Ty Sambrailo,9492,T,ATL,4,0,2,56.2,100.0,8,40.0,8,43.2,1,100.0,20,20,41.0,100.0,11,55.0,11
Alvin Kamara,11822,HB,NO,7,0,20,57.7,9.1,4,20.0,44,57.4,0,17.5,20,114,60.8,13.2,7,35.0,53
Marlon Mack,11898,HB,IND,9,0,14,,0.0,0,0.0,89,59.7,0,9.1,19,209,60.0,1.0,1,5.3,99
Marcus Johnson,11074,WR,IND,1,0,14,61.6,100.0,8,42.1,8,62.9,0,100.0,19,19,61.9,100.0,11,57.9,11
Colt McCoy,5609,QB,WAS,1,0,32,60.0,100.0,4,21.1,4,60.0,0,100.0,19,19,60.0,100.0,14,73.7,14
Ted Larsen,5728,G,CHI,3,0,6,54.5,100.0,10,52.6,10,54.1,0,100.0,19,19,57.6,100.0,7,36.8,7
Stefen Wisniewski,6200,G,KC,3,0,16,55.5,100.0,7,36.8,7,53.2,0,100.0,19,19,57.7,100.0,10,52.6,10
Josh Andrews,9068,C,IND,1,0,14,59.6,100.0,9,47.4,9,53.4,0,100.0,19,19,51.5,100.0,8,42.1,8
Robert Griffin III,7008,QB,BLT,2,0,3,60.0,81.8,9,47.4,11,60.1,0,82.6,19,23,60.1,90.9,10,52.6,11
Troy Fumagalli,47333,TE,DEN,4,0,10,50.5,100.0,7,36.8,7,45.8,1,100.0,19,19,49.8,100.0,9,47.4,9
Geron Christian Sr.,46375,T,WAS,6,0,32,56.2,100.0,10,52.6,10,54.6,1,100.0,19,19,55.4,100.0,8,42.1,8
Greg Mancz,10019,G,HST,1,0,13,43.6,100.0,9,47.4,9,43.9,0,100.0,19,19,54.9,100.0,9,47.4,9
Ezekiel Elliott,10638,HB,DAL,9,0,9,71.0,4.4,3,16.7,68,79.6,0,8.9,18,203,60.0,2.5,3,16.7,122
Austin Corbett,46290,G,LA,2,0,26,54.4,100.0,8,44.4,8,64.7,0,100.0,18,18,71.0,100.0,9,50.0,9
J.J. Nelson,9592,WR,OAK,2,0,23,58.2,100.0,5,29.4,5,59.0,0,100.0,17,17,60.8,100.0,11,64.7,11
Todd Gurley II,9443,HB,LA,8,0,26,58.2,11.1,6,35.3,54,42.7,0,13.8,17,123,,0.0,0,0.0,58
Scotty Miller,47481,WR,TB,6,0,30,62.2,100.0,9,52.9,9,81.9,0,94.4,17,18,85.5,100.0,5,29.4,5
Quincy Enunwa,8843,WR,NYJ,1,0,22,60.5,100.0,4,23.5,4,82.6,0,100.0,17,17,85.7,100.0,12,70.6,12
Steven Sims,48341,WR,WAS,8,0,32,52.1,66.7,6,35.3,9,52.8,0,73.9,17,23,57.4,90.0,9,52.9,10
Dan Skipper,12307,T,HST,2,0,13,59.9,100.0,1,5.9,1,73.2,1,100.0,17,17,74.7,100.0,12,70.6,12
Ben Braunecker,11335,TE,CHI,4,0,6,60.0,100.0,1,5.9,1,56.0,0,100.0,17,17,56.7,100.0,14,82.4,14
Brandon Allen,10835,QB,DEN,1,0,10,60.0,100.0,7,41.2,7,60.2,0,81.0,17,21,60.0,100.0,9,52.9,9
Zach Gentry,36049,TE,PIT,3,0,25,54.2,100.0,9,56.3,9,53.4,0,100.0,16,16,56.8,100.0,4,25.0,4
Joe Mixon,11803,HB,CIN,9,0,7,60.0,2.3,1,6.3,44,67.8,0,10.7,16,150,60.0,5.3,5,31.3,95
Spencer Pulley,10998,C,NYG,1,0,21,54.8,100.0,5,31.3,5,49.8,0,100.0,16,16,44.9,100.0,9,56.3,9
Chris Hogan,6468,WR,CAR,4,0,5,53.4,100.0,8,50.0,8,55.5,0,100.0,16,16,60.5,100.0,6,37.5,6
Dare Ogunbowale,12329,HB,TB,9,0,30,58.6,33.3,2,12.5,6,62.7,0,76.2,16,21,64.0,100.0,9,56.3,9
Johnny Mundt,12206,TE,LA,4,0,26,73.7,100.0,11,73.3,11,80.0,0,100.0,15,15,60.0,100.0,1,6.7,1
Cody Core,10833,WR,NYG,6,0,21,60.2,100.0,3,20.0,3,54.7,1,100.0,15,15,54.4,100.0,6,40.0,6
Phillip Lindsay,12660,HB,DEN,9,0,10,60.0,1.5,1,6.7,65,60.5,0,10.5,15,143,59.2,6.1,4,26.7,66
Chase Edmonds,45851,HB,ARZ,8,0,1,73.5,18.2,4,26.7,22,66.0,0,20.3,15,74,60.0,8.3,3,20.0,36
Christian Blake,47900,WR,ATL,2,0,2,60.0,100.0,2,13.3,2,60.4,0,100.0,15,15,61.0,100.0,12,80.0,12
Devin Funchess,9474,WR,IND,1,0,14,60.1,100.0,4,26.7,4,60.6,0,100.0,15,15,61.0,100.0,10,66.7,10
David Montgomery,45719,HB,CHI,9,0,6,59.4,7.4,4,26.7,54,36.1,0,10.1,15,148,51.2,4.7,4,26.7,85
Darrell Daniels,12122,TE,ARZ,4,0,1,59.4,100.0,3,20.0,3,66.7,0,100.0,15,15,70.7,100.0,4,26.7,4
Robert Davis,11964,WR,WAS,3,0,32,61.6,100.0,8,57.1,8,60.2,0,100.0,14,14,58.2,100.0,5,35.7,5
Latavius Murray,7962,HB,NO,9,0,20,,0.0,0,0.0,40,69.6,0,13.6,14,103,,0.0,0,0.0,47
Darrius Shepherd,29347,WR,GB,4,0,12,60.0,100.0,1,7.1,1,60.6,0,100.0,14,14,60.9,100.0,12,85.7,12
Tanner Hudson,66924,TE,TB,3,0,30,53.0,100.0,7,50.0,7,53.8,0,100.0,14,14,60.0,100.0,5,35.7,5
Ja'Wuan James,8654,T,DEN,2,0,10,37.7,100.0,6,42.9,6,39.4,0,100.0,14,14,65.5,100.0,6,42.9,6
Raheem Mostert,9783,HB,SF,8,0,28,60.0,7.7,2,14.3,26,67.2,0,18.4,14,76,,0.0,0,0.0,38
Aaron Jones,11937,HB,GB,10,0,12,,0.0,0,0.0,29,57.0,0,9.3,14,150,59.9,3.6,4,28.6,111
Tom Compton,7181,G,NYJ,2,0,22,46.1,100.0,6,46.2,6,54.3,0,100.0,13,13,65.5,100.0,7,53.8,7
Nyheim Hines,48103,HB,IND,9,0,14,58.3,28.6,4,30.8,14,76.9,0,36.1,13,36,61.1,35.3,6,46.2,17
Ty Montgomery,9527,WR,NYJ,7,0,22,85.9,77.8,7,53.8,9,83.8,0,52.0,13,25,61.1,33.3,5,38.5,15
Leonard Fournette,11759,HB,JAX,9,0,15,60.0,1.0,1,7.7,98,70.1,0,6.6,13,197,60.0,1.2,1,7.7,83
Michael Burton,9601,FB,WAS,3,0,32,65.7,100.0,5,38.5,5,57.8,0,100.0,13,13,52.9,100.0,6,46.2,6
Chris Lindstrom,46692,G,ATL,1,0,2,59.4,100.0,3,23.1,3,60.9,0,100.0,13,13,61.6,100.0,9,69.2,9
T.J. Jones,8824,WR,NYG,3,0,21,60.2,100.0,5,38.5,5,60.1,0,100.0,13,13,60.7,100.0,5,38.5,5
Krishawn Hogan,12014,WR,NO,2,0,20,54.8,100.0,9,69.2,9,55.8,0,100.0,13,13,60.4,100.0,4,30.8,4
Dalvin Cook,11796,HB,MIN,10,0,18,60.0,2.2,1,7.7,46,58.1,0,5.8,13,223,60.0,0.6,1,7.7,154
Saquon Barkley,45791,HB,NYG,7,0,21,60.0,2.4,1,8.3,41,58.9,0,10.4,12,115,60.0,4.9,3,25.0,61
Brandon Parker,34693,T,OAK,4,0,23,48.9,100.0,8,66.7,8,49.1,0,100.0,12,12,59.3,100.0,3,25.0,3
Evan Baylis,23652,TE,GB,4,0,12,57.8,100.0,2,16.7,2,52.2,0,100.0,12,12,52.8,100.0,7,58.3,7
Matthew Slater,4467,WR,NE,5,0,19,59.3,100.0,1,8.3,1,58.5,0,100.0,12,12,,,0,0.0,0
Lil'Jordan Humphrey,42247,WR,NO,3,0,20,52.4,100.0,7,58.3,7,72.1,0,100.0,12,12,84.8,100.0,4,33.3,4
Malcolm Brown,9902,HB,LA,7,0,26,60.0,6.3,1,8.3,16,59.8,0,21.8,12,55,,0.0,0,0.0,28
Jordan Howard,10784,HB,PHI,9,0,24,60.0,2.6,1,8.3,39,66.8,0,8.8,12,136,60.0,3.4,3,25.0,87
Joe Haeg,10789,T,IND,5,0,14,59.0,100.0,11,91.7,11,58.9,0,100.0,12,12,,,0,0.0,0
Dan Arnold,51842,TE,NO,2,0,20,32.1,100.0,3,27.3,3,44.8,0,100.0,11,11,60.0,100.0,2,18.2,2
Justice Hill,45865,HB,BLT,9,0,3,55.3,24.1,7,63.6,29,55.8,0,28.9,11,38,60.0,16.7,1,9.1,6
Josh Jacobs,45953,HB,OAK,9,0,23,60.0,2.2,1,9.1,46,59.6,0,6.0,11,184,60.0,0.8,1,9.1,128
Ryan Switzer,11888,WR,PIT,4,0,25,59.3,100.0,6,54.5,6,41.9,0,100.0,11,11,39.7,100.0,4,36.4,4
Deonte Harty,91470,WR,NO,4,0,20,60.0,100.0,2,18.2,2,61.1,0,91.7,11,12,61.0,100.0,8,72.7,8
Diontae Spencer,91248,WR,DEN,6,0,10,85.3,100.0,4,36.4,4,80.8,0,84.6,11,13,60.6,100.0,7,63.6,7
Kareem Hunt,11841,HB,CLV,1,0,8,53.3,100.0,4,36.4,4,73.6,0,73.3,11,15,72.6,70.0,7,63.6,10
Kenyan Drake,10707,HB,ARZ,8,0,1,60.0,2.6,1,9.1,38,59.4,0,13.1,11,84,60.0,11.8,4,36.4,34
Brandon Bolden,7469,HB,NE,7,0,19,,0.0,0,0.0,9,60.0,0,44.0,11,25,60.0,33.3,1,9.1,3
Darius Jennings,10038,WR,TEN,4,0,31,60.0,100.0,1,9.1,1,79.1,0,100.0,11,11,59.7,100.0,5,45.5,5
Eric Smith,46987,T,NYG,1,0,21,68.1,100.0,3,27.3,3,51.8,0,100.0,11,11,42.3,100.0,6,54.5,6
Patrick Omameh,8277,T,NO,3,0,20,54.0,100.0,6,54.5,6,53.7,0,100.0,11,11,59.4,100.0,2,18.2,2
Tevin Coleman,9506,HB,SF,7,0,28,60.0,2.1,1,9.1,47,72.6,0,10.6,11,104,59.7,6.0,3,27.3,50
Devin Singletary,40485,HB,BUF,6,0,4,60.0,7.4,2,18.2,27,59.9,0,17.7,11,62,60.0,4.3,1,9.1,23
Sam Young,5702,T,SF,1,0,28,59.8,100.0,2,20.0,2,53.7,0,100.0,10,10,52.8,100.0,5,50.0,5
Royce Freeman,45747,HB,DEN,9,0,10,60.0,2.4,1,10.0,42,59.1,0,9.6,10,104,60.0,1.9,1,10.0,52
Tyler Larsen,9304,G,CAR,2,0,5,75.4,100.0,7,70.0,7,71.9,0,100.0,10,10,58.5,100.0,3,30.0,3
Darrel Williams,13014,HB,KC,8,0,16,,0.0,0,0.0,8,60.0,0,29.4,10,34,60.0,5.9,1,10.0,17
Ashton Dulin,91479,WR,IND,4,0,14,61.3,100.0,7,70.0,7,56.1,0,100.0,10,10,59.3,100.0,3,30.0,3
Julie'n Davenport,11885,T,MIA,1,0,17,47.1,100.0,4,40.0,4,43.0,0,100.0,10,10,50.8,100.0,6,60.0,6
Ryan Bates,28300,T,BUF,1,0,4,74.0,100.0,5,50.0,5,72.3,0,100.0,10,10,60.0,100.0,1,10.0,1
Keaton Sutherland,46035,G,MIA,1,0,17,58.5,100.0,4,40.0,4,68.1,0,100.0,10,10,58.7,100.0,4,40.0,4
Miles Sanders,40555,HB,PHI,9,0,24,60.0,3.2,1,10.0,31,60.0,0,11.0,10,91,,0.0,0,0.0,48
Braxton Berrios,47961,WR,NYJ,4,0,22,60.0,100.0,1,10.0,1,60.4,0,100.0,10,10,59.5,100.0,7,70.0,7
Peyton Barber,10927,HB,TB,9,0,30,60.0,1.8,1,10.0,55,60.0,0,9.5,10,105,60.0,2.4,1,10.0,41
Kalif Raymond,11028,WR,TEN,3,0,31,57.7,100.0,3,30.0,3,59.3,0,100.0,10,10,61.1,100.0,6,60.0,6
Jace Sternberger,47081,TE,GB,1,0,12,50.4,100.0,6,60.0,6,52.1,0,100.0,10,10,59.7,100.0,4,40.0,4
Duke Johnson Jr.,9510,HB,HST,9,0,13,59.6,22.2,4,40.0,18,58.7,0,15.4,10,65,58.8,9.5,4,40.0,42
Cullen Gillaspia,38844,HB,HST,5,0,13,,,0,0.0,0,68.9,0,100.0,9,9,60.0,100.0,1,11.1,1
C.J. Board,12088,WR,JAX,1,0,15,60.0,100.0,3,33.3,3,60.7,0,100.0,9,9,60.7,100.0,5,55.6,5
Garrett Dickerson,47268,TE,NYG,2,0,21,57.9,100.0,2,22.2,2,56.6,0,100.0,9,9,60.2,100.0,3,33.3,3
Brandon Zylstra,66438,WR,CAR,3,0,5,60.0,100.0,3,33.3,3,59.3,0,100.0,9,9,58.5,100.0,3,33.3,3
Melvin Gordon III,9448,HB,LAC,6,0,27,59.7,2.4,1,11.1,42,59.8,0,9.3,9,97,,0.0,0,0.0,40
Kalen Ballage,45741,HB,MIA,9,0,17,60.0,3.0,1,12.5,33,60.0,0,12.3,8,65,,0.0,0,0.0,20
Bradley Sowell,7693,TE,CHI,2,0,6,50.8,100.0,3,37.5,3,51.6,0,100.0,8,8,58.6,100.0,5,62.5,5
Clive Walford,9501,TE,MIA,2,0,17,58.6,100.0,5,62.5,5,58.6,0,100.0,8,8,60.0,100.0,1,12.5,1
Jeff Allen,7642,G,KC,3,0,16,57.4,100.0,4,50.0,4,56.6,0,100.0,8,8,59.2,100.0,2,25.0,2
Jeff Wilson Jr.,29413,HB,SF,4,0,28,,0.0,0,0.0,11,60.0,0,23.5,8,34,60.0,6.3,1,12.5,16
T.J. Yeldon,9469,HB,BUF,4,0,4,60.0,20.0,2,25.0,10,60.1,0,44.4,8,18,,0.0,0,0.0,2
Jarrett Stidham,13725,QB,NE,2,0,19,60.0,100.0,5,62.5,5,60.0,0,80.0,8,10,60.0,100.0,1,12.5,1
Buddy Howell,12888,FB,HST,5,0,13,,,0,0.0,0,60.3,0,100.0,8,8,,,0,0.0,0
Devonta Freeman,8738,HB,ATL,9,0,2,,0.0,0,0.0,47,60.0,0,6.7,8,119,60.0,3.3,2,25.0,61
Olamide Zaccheaus,44920,WR,ATL,2,0,2,59.9,100.0,2,25.0,2,39.7,1,100.0,8,8,61.0,100.0,6,75.0,6
James Conner,11860,HB,PIT,7,0,25,60.0,6.6,4,50.0,61,76.9,0,7.1,8,112,60.0,4.3,2,25.0,46
Josh McCown,1085,QB,PHI,3,0,24,60.0,100.0,2,25.0,2,60.0,0,80.0,8,10,60.0,100.0,5,62.5,5
LeSean McCoy,4976,HB,KC,9,0,16,60.0,9.1,2,28.6,22,59.8,0,8.9,7,79,60.0,1.9,1,14.3,53
Keith Kirkwood,48017,WR,NO,1,0,20,53.0,100.0,5,71.4,5,53.4,0,100.0,7,7,60.0,100.0,1,14.3,1
Nick Chubb,45783,HB,CLV,9,0,8,60.0,1.1,1,14.3,90,58.7,0,3.7,7,187,,0.0,0,0.0,81
Isaiah Ford,11991,WR,MIA,3,0,17,59.7,100.0,4,57.1,4,59.1,0,100.0,7,7,60.0,100.0,2,28.6,2
Reggie Bonnafon,47542,HB,CAR,5,0,5,56.7,18.2,2,28.6,11,56.4,0,38.9,7,18,,0.0,0,0.0,2
Kerryon Johnson,34455,HB,DET,6,0,11,60.0,1.9,1,14.3,53,60.4,0,6.8,7,103,60.0,2.3,1,14.3,44
Brandon Dillon,91468,TE,MIN,1,0,18,,,0,0.0,0,61.4,0,100.0,7,7,61.4,100.0,7,100.0,7
Jason Moore,91472,WR,LAC,2,0,27,59.1,100.0,3,42.9,3,58.4,0,100.0,7,7,58.2,100.0,2,28.6,2
Deon Yelder,29556,TE,KC,5,0,16,,,0,0.0,0,60.4,0,100.0,7,7,59.7,100.0,2,28.6,2
Xavier Su'a-Filo,8668,G,DAL,1,0,9,57.1,100.0,3,42.9,3,39.1,1,100.0,7,7,41.4,100.0,3,42.9,3
Jon Hilliman,45826,HB,NYG,3,0,21,,0.0,0,0.0,11,59.4,0,18.9,7,37,,0.0,0,0.0,18
Matt Breida,12271,HB,SF,9,0,28,,0.0,0,0.0,36,60.0,0,5.9,7,119,60.0,1.3,1,14.3,77
Adrian Peterson,3623,HB,WAS,8,0,32,59.8,3.0,2,28.6,67,59.1,0,5.4,7,130,60.0,1.8,1,14.3,57
Trevor Siemian,9683,QB,NYJ,1,0,22,60.0,100.0,2,28.6,2,60.1,0,100.0,7,7,60.0,100.0,5,71.4,5
Taywan Taylor,11827,WR,CLV,3,0,8,60.0,100.0,1,16.7,1,60.8,0,100.0,6,6,60.5,100.0,4,66.7,4
Jalen Richard,11395,HB,OAK,9,0,23,59.7,14.3,1,16.7,7,59.2,0,25.0,6,24,59.6,16.7,2,33.3,12
Alex Ellis,11326,TE,PHI,3,0,24,,,0,0.0,0,68.4,0,100.0,6,6,69.7,100.0,2,33.3,2
Tony Pollard,27126,HB,DAL,8,1,9,,0.0,0,0.0,19,60.1,1,10.3,6,58,60.0,13.5,5,83.3,37
Damien Williams,9205,HB,KC,8,0,16,60.0,3.7,1,16.7,27,60.3,0,6.9,6,87,60.0,1.8,1,16.7,55
Alexander Mattison,45817,HB,MIN,10,0,18,,0.0,0,0.0,16,60.0,0,6.7,6,90,,0.0,0,0.0,66
James White,8765,HB,NE,8,0,19,,0.0,0,0.0,18,60.0,0,15.8,6,38,,0.0,0,0.0,12
Rex Burkhead,7971,HB,NE,6,0,19,,0.0,0,0.0,19,69.3,0,14.6,6,41,60.0,9.1,1,16.7,11
Garrett Celek,7274,TE,SF,1,0,28,68.5,100.0,3,50.0,3,66.0,0,100.0,6,6,59.6,100.0,2,33.3,2
Dion Lewis,6301,HB,TEN,8,0,31,59.5,20.0,2,33.3,10,59.2,0,22.2,6,27,,0.0,0,0.0,12
Antonio Brown,5718,WR,NE,1,0,19,60.0,100.0,5,83.3,5,60.4,0,85.7,6,7,60.0,100.0,1,16.7,1
Justin Watson,66915,WR,TB,5,0,30,,,0,0.0,0,60.0,0,100.0,6,6,,,0,0.0,0
Ryquell Armstead,45810,HB,JAX,6,0,15,,0.0,0,0.0,9,60.0,0,17.9,5,28,,0.0,0,0.0,14
Juwann Winfree,38275,WR,DEN,2,0,10,60.0,100.0,3,60.0,3,60.9,0,100.0,5,5,60.0,100.0,2,40.0,2
Bryan Witzmann,8995,TE,CAR,2,0,5,58.6,100.0,5,100.0,5,58.6,0,100.0,5,5,,,0,0.0,0
Jamaal Williams,11889,HB,GB,8,0,12,,0.0,0,0.0,17,56.6,0,7.0,5,71,,0.0,0,0.0,49
River Cracraft,47417,WR,DEN,1,0,10,60.4,100.0,4,80.0,4,60.7,0,100.0,5,5,60.0,100.0,1,20.0,1
David Quessenberry,7957,T,TEN,2,0,31,60.0,100.0,1,20.0,1,70.5,0,100.0,5,5,71.3,100.0,4,80.0,4
Michael Crabtree,4933,WR,ARZ,2,0,1,,,0,0.0,0,82.7,0,100.0,5,5,60.6,100.0,4,80.0,4
Steven Mitchell Jr.,47508,WR,HST,2,0,13,60.0,100.0,2,40.0,2,34.4,1,100.0,5,5,,,0,0.0,0
Mike Davis,9559,HB,CHI,4,0,6,60.0,50.0,1,20.0,2,59.7,0,31.3,5,16,60.0,16.7,2,40.0,12
Darrell Henderson,41193,HB,LA,5,0,26,59.3,13.3,2,40.0,15,58.8,0,13.2,5,38,,0.0,0,0.0,20
Benny Snell Jr.,45954,HB,PIT,5,0,25,,0.0,0,0.0,10,60.0,0,15.2,5,33,60.0,5.3,1,20.0,19
Mike Thomas,10840,WR,LA,2,0,26,59.7,100.0,2,40.0,2,59.2,0,100.0,5,5,59.7,100.0,3,60.0,3
DeAndre Washington,10777,HB,OAK,9,0,23,,0.0,0,0.0,8,60.0,0,11.6,5,43,,0.0,0,0.0,30
DeAndrew White,9697,WR,CAR,2,0,5,60.0,100.0,2,40.0,2,57.5,0,100.0,5,5,58.5,100.0,2,40.0,2
Tom Kennedy,94379,WR,DET,1,0,11,60.0,100.0,1,25.0,1,60.4,0,100.0,4,4,60.4,100.0,3,75.0,3
Tim Patrick,12087,WR,DEN,1,0,10,60.3,100.0,3,75.0,3,60.4,0,100.0,4,4,60.0,100.0,1,25.0,1
De'Anthony Thomas,8759,WR,BLT,1,0,3,59.0,50.0,1,25.0,2,56.9,0,80.0,4,5,58.4,100.0,3,75.0,3
Bilal Powell,6278,HB,NYJ,6,0,22,60.0,14.3,1,25.0,7,60.0,0,19.0,4,21,59.7,9.1,1,25.0,11
Dontrell Hilliard,45691,HB,CLV,6,0,8,60.0,11.1,1,25.0,9,75.0,0,23.5,4,17,60.0,25.0,1,25.0,4
Darren Sproles,2347,HB,PHI,5,0,24,60.0,18.2,2,50.0,11,60.0,0,17.4,4,23,,0.0,0,0.0,7
Ryan Anderson,11804,ED,WAS,3,0,32,67.2,100.0,4,100.0,4,67.2,0,100.0,4,4,,,0,0.0,0
Chris Thompson,7936,HB,WAS,6,0,32,59.5,16.7,2,50.0,12,59.1,0,14.3,4,28,60.0,7.7,1,25.0,13
Nick Mullens,12282,QB,SF,1,0,28,60.0,100.0,1,25.0,1,60.0,0,57.1,4,7,60.0,100.0,3,75.0,3
Mike Boone,31615,HB,MIN,2,0,18,,0.0,0,0.0,1,60.0,0,57.1,4,7,,0.0,0,0.0,2
Mike Glennon,7854,QB,OAK,1,0,23,60.0,100.0,1,25.0,1,60.0,0,100.0,4,4,60.0,100.0,3,75.0,3
Chris Herndon,47164,TE,NYJ,1,0,22,59.8,100.0,1,25.0,1,56.2,0,100.0,4,4,57.1,100.0,3,75.0,3
Ito Smith,45932,HB,ATL,7,0,2,,0.0,0,0.0,6,60.0,0,14.8,4,27,60.0,5.6,1,25.0,18
Wayne Gallman,11895,HB,NYG,7,0,21,,0.0,0,0.0,10,60.0,0,11.4,4,35,60.0,5.3,1,25.0,19
Jordan Scarlett,39258,HB,CAR,2,0,5,,0.0,0,0.0,2,60.0,0,50.0,4,8,,0.0,0,0.0,2
Troymaine Pope,11473,HB,LAC,1,0,27,,0.0,0,0.0,6,60.0,0,28.6,4,14,,0.0,0,0.0,4
Elandon Roberts,10848,LB,NE,2,0,19,57.0,100.0,3,75.0,3,56.2,1,100.0,4,4,60.0,100.0,1,25.0,1
Chris Lacy,29726,WR,DET,2,0,11,60.0,100.0,1,33.3,1,60.0,0,100.0,3,3,60.0,100.0,1,33.3,1
David Fales,8818,QB,NYJ,1,0,22,,,0,0.0,0,60.0,0,100.0,3,3,60.0,100.0,3,100.0,3
David Fluellen,9184,FB,TEN,1,0,31,,,0,0.0,0,46.1,0,100.0,3,3,46.1,100.0,3,100.0,3
Ryan Groy,9221,C,LAC,2,0,27,78.7,100.0,3,100.0,3,78.7,0,100.0,3,3,,,0,0.0,0
Ameer Abdullah,9487,HB,MIN,6,0,18,,0.0,0,0.0,2,60.0,0,30.0,3,10,60.0,42.9,3,100.0,7
Boston Scott,39462,HB,PHI,3,0,24,,0.0,0,0.0,5,60.0,0,15.0,3,20,,0.0,0,0.0,12
Coleman Shelton,39316,G,LA,1,0,26,59.9,100.0,2,66.7,2,59.1,0,100.0,3,3,60.0,100.0,1,33.3,1
Jordan Matthews,8677,WR,SF,1,0,28,60.0,100.0,1,33.3,1,54.5,0,100.0,3,3,60.0,100.0,1,33.3,1
Nick Allegretti,39268,G,KC,2,0,16,,,0,0.0,0,59.5,0,100.0,3,3,60.0,100.0,1,33.3,1
Blake Bortles,8638,QB,LA,2,0,26,60.0,66.7,2,66.7,3,60.0,0,75.0,3,4,60.0,100.0,1,33.3,1
Trey Edmunds,38329,HB,PIT,3,0,25,,0.0,0,0.0,12,60.0,0,14.3,3,21,,0.0,0,0.0,6
Ryan Hunter,46904,G,KC,1,0,16,60.0,100.0,1,33.3,1,68.6,0,100.0,3,3,60.0,100.0,1,33.3,1
Jordan Poyer,8000,S,BUF,1,0,4,,,0,0.0,0,60.0,0,100.0,3,3,,,0,0.0,0
Bobby Evans,36800,T,LA,1,0,26,60.0,100.0,2,66.7,2,59.7,0,100.0,3,3,59.9,100.0,1,33.3,1
Matt Barkley,7880,QB,BUF,1,0,4,60.0,100.0,1,33.3,1,60.0,0,100.0,3,3,60.0,100.0,2,66.7,2
Davion Davis,33158,WR,MIN,2,0,18,60.0,100.0,1,33.3,1,59.6,0,100.0,3,3,60.0,100.0,1,33.3,1
Cethan Carter,47149,TE,CIN,1,0,7,60.0,100.0,1,33.3,1,60.1,0,100.0,3,3,60.1,100.0,2,66.7,2
Jaylen Samuels,47297,HB,PIT,7,0,25,,0.0,0,0.0,25,59.7,0,6.8,3,44,60.0,6.7,1,33.3,15
Joe Looney,7117,C,DAL,1,0,9,60.0,100.0,1,33.3,1,57.0,0,100.0,3,3,58.0,100.0,2,66.7,2
Nick Foles,7089,QB,JAX,1,0,15,60.0,100.0,2,66.7,2,60.0,0,100.0,3,3,60.0,100.0,1,33.3,1
C.J. Prosise,10724,HB,SEA,5,0,29,,0.0,0,0.0,3,60.0,0,17.6,3,17,60.0,16.7,2,66.7,12
Tyrod Taylor,6332,QB,LAC,2,0,27,60.0,50.0,1,33.3,2,60.0,0,42.9,3,7,60.0,100.0,2,66.7,2
Ventell Bryant,47959,WR,DAL,2,0,9,60.0,100.0,1,33.3,1,60.0,0,100.0,3,3,60.0,100.0,2,66.7,2
KhaDarel Hodge,26104,WR,CLV,2,0,8,60.0,100.0,1,33.3,1,59.9,0,100.0,3,3,60.0,100.0,1,33.3,1
Wendell Smallwood,10787,HB,WAS,6,0,32,,0.0,0,0.0,6,60.0,0,15.0,3,20,60.0,16.7,2,66.7,12
Tim Boyle,21956,QB,GB,1,0,12,60.0,100.0,1,33.3,1,60.0,0,50.0,3,6,60.0,100.0,2,66.7,2
Cooper Rush,12324,QB,DAL,1,0,9,60.0,100.0,1,33.3,1,60.0,0,100.0,3,3,60.0,100.0,2,66.7,2
Corey Clement,12253,HB,PHI,1,0,24,60.0,100.0,1,33.3,1,59.9,0,100.0,3,3,,,0,0.0,0
Dexter Williams,45913,HB,GB,1,0,12,,0.0,0,0.0,1,60.0,0,50.0,3,6,,0.0,0,0.0,2
C.J. Anderson,8101,HB,DET,2,0,11,,0.0,0,0.0,6,60.0,0,11.1,2,18,60.0,9.1,1,50.0,11
Nicholas Morrow,51674,LB,OAK,2,1,23,,,0,0.0,0,59.8,1,100.0,2,2,,,0,0.0,0
Trent Sieg,27036,LS,OAK,2,0,23,,,0,0.0,0,60.0,0,100.0,2,2,,,0,0.0,0
Dwayne Washington,10870,HB,NO,1,0,20,,0.0,0,0.0,2,60.0,0,40.0,2,5,,0.0,0,0.0,1
Keisean Nixon,56167,CB,OAK,2,0,23,,,0,0.0,0,59.5,0,100.0,2,2,,,0,0.0,0
Paul Perkins,10783,HB,DET,3,0,11,,0.0,0,0.0,5,60.0,0,13.3,2,15,,0.0,0,0.0,8
Marcus Williams,11797,S,NO,2,0,20,,,0,0.0,0,60.0,0,100.0,2,2,,,0,0.0,0
Garrett Gilbert,8848,QB,CLV,1,0,8,,,0,0.0,0,60.0,0,100.0,2,2,60.0,100.0,1,50.0,1
Brian Hill,11911,HB,ATL,3,0,2,60.0,11.1,1,50.0,9,60.0,0,6.5,2,31,,0.0,0,0.0,20
Greg Ward,12258,WR,PHI,1,0,24,,,0,0.0,0,60.0,0,100.0,2,2,60.0,100.0,2,100.0,2
Taybor Pepper,11748,LS,MIA,2,0,17,,,0,0.0,0,60.0,0,100.0,2,2,,,0,0.0,0
Vita Vea,48956,DI,TB,1,0,30,57.0,100.0,2,100.0,2,57.0,1,100.0,2,2,,,0,0.0,0
Dallin Leavitt,49120,S,OAK,2,0,23,,,0,0.0,0,59.5,0,100.0,2,2,,,0,0.0,0
Giovani Bernard,7818,HB,CIN,9,0,7,,0.0,0,0.0,10,60.0,0,5.4,2,37,,0.0,0,0.0,23
Ronald Jones,34001,HB,TB,9,0,30,,0.0,0,0.0,50,60.0,0,1.9,2,108,,0.0,0,0.0,50
Ty Johnson,45769,HB,DET,8,0,11,,0.0,0,0.0,19,60.0,0,4.0,2,50,,0.0,0,0.0,28
Jordan Wilkins,26618,HB,IND,8,0,14,,0.0,0,0.0,19,60.0,0,6.5,2,31,,0.0,0,0.0,9
John Ursua,26586,WR,SEA,1,0,29,,,0,0.0,0,60.0,0,100.0,2,2,,,0,0.0,0
Justin Jackson,29539,HB,LAC,4,0,27,,0.0,0,0.0,11,60.0,0,8.7,2,23,,0.0,0,0.0,10
Kyle Wilber,7113,LB,OAK,2,0,23,,,0,0.0,0,60.0,0,100.0,2,2,,,0,0.0,0
Daren Bates,8077,LB,TEN,2,0,31,60.0,100.0,1,50.0,1,57.8,0,100.0,2,2,59.2,100.0,1,50.0,1
A.J. Cole III,36038,P,OAK,2,0,23,,,0,0.0,0,59.5,0,100.0,2,2,,,0,0.0,0
Maxx Crosby,26316,ED,OAK,2,0,23,,,0,0.0,0,62.1,2,100.0,2,2,,,0,0.0,0
Zach Zenner,9761,HB,ARZ,3,0,1,,0.0,0,0.0,1,60.0,0,40.0,2,5,,,0,0.0,0
Sam Eguavoen,15301,LB,MIA,1,0,17,,,0,0.0,0,60.0,0,100.0,1,1,,,0,0.0,0
Tyson Alualu,5535,DI,PIT,1,0,25,60.0,100.0,1,100.0,1,60.0,0,100.0,1,1,,,0,0.0,0
Brynden Trawick,8471,ED,BLT,1,0,3,,,0,0.0,0,60.0,0,100.0,1,1,,,0,0.0,0
Deon Lacey,8512,LB,MIA,1,0,17,,,0,0.0,0,60.0,0,100.0,1,1,,,0,0.0,0
J.J. Jansen,4712,LS,CAR,1,0,5,,,0,0.0,0,60.0,0,100.0,1,1,,,0,0.0,0
Michael Palardy,9277,P,CAR,1,0,5,,,0,0.0,0,60.0,0,100.0,1,1,,,0,0.0,0
Chris Lammons,49368,CB,MIA,1,0,17,,,0,0.0,0,60.0,0,100.0,1,1,,,0,0.0,0
Peter Kalambayi,50089,LB,HST,1,0,13,,,0,0.0,0,60.0,0,100.0,1,1,,,0,0.0,0
Andre Smith,50897,LB,CAR,1,0,5,,,0,0.0,0,60.0,0,100.0,1,1,,,0,0.0,0
Kenny Young,51029,LB,LA,1,0,26,,,0,0.0,0,60.0,0,100.0,1,1,,,0,0.0,0
A.J. Moore,51146,S,HST,1,0,13,,,0,0.0,0,60.0,0,100.0,1,1,,,0,0.0,0
Rashaan Gaulden,51241,S,CAR,1,0,5,,,0,0.0,0,60.0,0,100.0,1,1,,,0,0.0,0
D'Ernest Johnson,45734,HB,CLV,3,0,8,,0.0,0,0.0,2,60.0,0,16.7,1,6,,0.0,0,0.0,1
Brennan Scarlett,11169,ED,HST,1,0,13,,,0,0.0,0,60.0,0,100.0,1,1,,,0,0.0,0
Matt Haack,12212,P,MIA,2,0,17,,,0,0.0,0,60.0,0,50.0,1,2,,,0,0.0,0
Sam Koch,3148,P,BLT,1,0,3,,,0,0.0,0,60.0,0,100.0,1,1,,,0,0.0,0
Tyler Shatley,9257,C,JAX,1,0,15,,,0,0.0,0,60.0,0,100.0,1,1,,,0,0.0,0
Walt Aikens,8760,S,MIA,1,0,17,,,0,0.0,0,60.0,0,100.0,1,1,,,0,0.0,0
Tyus Bowser,11802,ED,BLT,1,0,3,,,0,0.0,0,60.0,0,100.0,1,1,,,0,0.0,0
Trenton Cannon,66446,HB,NYJ,1,0,22,59.7,100.0,1,100.0,1,59.7,0,100.0,1,1,,,0,0.0,0
Vince Biegel,11863,ED,MIA,1,0,17,,,0,0.0,0,60.0,0,100.0,1,1,,,0,0.0,0
Efe Obada,10235,ED,CAR,1,0,5,,,0,0.0,0,60.0,0,100.0,1,1,,,0,0.0,0
Justin Bethel,7654,CB,NE,1,0,19,,,0,0.0,0,60.0,0,100.0,1,1,,,0,0.0,0
Jason Sanders,29578,K,MIA,1,0,17,,,0,0.0,0,60.0,0,100.0,1,1,,,0,0.0,0
Chris Board,29456,LB,BLT,1,0,3,,,0,0.0,0,60.0,0,100.0,1,1,,,0,0.0,0
Chuck Clark,11941,S,BLT,1,0,3,,,0,0.0,0,60.0,0,100.0,1,1,,,0,0.0,0
Jalen Ramsey,10639,CB,LA,1,0,26,,,0,0.0,0,60.0,0,100.0,1,1,,,0,0.0,0
Beau Brinkley,7418,LS,TEN,1,0,31,,,0,0.0,0,60.0,0,100.0,1,1,,,0,0.0,0
Austin Johnson,10677,DI,TEN,1,0,31,,,0,0.0,0,60.0,0,100.0,1,1,,,0,0.0,0
Joshua Miles,29038,T,ARZ,1,0,1,60.0,100.0,1,100.0,1,60.0,0,100.0,1,1,,,0,0.0,0
DeShon Elliott,28854,S,BLT,1,0,3,,,0,0.0,0,60.0,0,100.0,1,1,,,0,0.0,0
Jermaine Carter,28838,LB,CAR,1,0,5,,,0,0.0,0,60.0,0,100.0,1,1,,,0,0.0,0
Kenjon Barner,7963,HB,ATL,2,0,2,,0.0,0,0.0,2,60.0,0,33.3,1,3,60.0,100.0,1,100.0,1
Aaron Stinnie,28653,G,TEN,1,0,31,60.0,100.0,1,100.0,1,60.0,0,100.0,1,1,,,0,0.0,0
Patrick Laird,28219,HB,MIA,2,0,17,,0.0,0,0.0,1,60.0,0,33.3,1,3,,0.0,0,0.0,1
Alfred Morris,7165,HB,ARZ,1,0,1,60.0,100.0,1,100.0,1,60.0,0,50.0,1,2,,0.0,0,0.0,1
Jerome Baker,28091,LB,MIA,1,0,17,,,0,0.0,0,60.0,0,100.0,1,1,,,0,0.0,0
T.J. Logan,11935,HB,TB,2,0,30,,,0,0.0,0,60.0,0,50.0,1,2,,,0,0.0,0
Darwin Thompson,83791,HB,KC,3,0,16,,0.0,0,0.0,2,81.6,0,14.3,1,7,,0.0,0,0.0,4
Rashaad Penny,27414,HB,SEA,6,0,29,,0.0,0,0.0,10,60.0,0,2.6,1,38,,0.0,0,0.0,26
Sheldon Day,10737,DI,SF,1,0,28,,,0,0.0,0,60.0,0,100.0,1,1,60.0,100.0,1,100.0,1
Nevin Lawson,8768,CB,OAK,1,0,23,,,0,0.0,0,60.0,0,100.0,1,1,,,0,0.0,0
Zach Cunningham,11812,LB,HST,1,0,13,,,0,0.0,0,60.0,0,100.0,1,1,,,0,0.0,0
Taiwan Jones,6277,HB,HST,1,0,13,,,0,0.0,0,60.0,0,100.0,1,1,,,0,0.0,0
Austin Walter,45038,FB,NYG,1,0,21,,,0,0.0,0,60.0,0,100.0,1,1,,,0,0.0,0
Morgan Cox,6020,LS,BLT,1,0,3,,,0,0.0,0,60.0,0,100.0,1,1,,,0,0.0,0
Cody Parkey,9030,,TEN,1,0,31,,,0,0.0,0,60.0,0,100.0,1,1,,,0,0.0,0
Jon Weeks,5800,LS,HST,1,0,13,,,0,0.0,0,60.0,0,100.0,1,1,,,0,0.0,0
Dylan Cole,24304,LB,HST,1,0,13,,,0,0.0,0,60.0,0,100.0,1,1,,,0,0.0,0
Jahleel Addae,8117,LB,HST,1,0,13,,,0,0.0,0,60.0,0,100.0,1,1,,,0,0.0,0
Brett Hundley,9580,QB,ARZ,1,0,1,,,0,0.0,0,60.0,0,100.0,1,1,,,0,0.0,0
Mark Walton,45996,HB,MIA,7,0,17,,0.0,0,0.0,39,60.0,0,1.8,1,57,,0.0,0,0.0,14
