player,player_id,position,team_name,player_game_count,assists,avg_depth_of_tackle,declined_penalties,forced_fumbles,franchise_id,grades_coverage_defense,grades_defense,grades_defense_penalty,grades_pass_rush_defense,grades_run_defense,grades_tackle,missed_tackle_rate,missed_tackles,penalties,run_stop_opp,snap_counts_run,stop_percent,stops,tackles
Terrell Suggs,1326,ED,ARZ,11,5,1.3,0,0,1,34.1,67.2,23.5,68.6,75.9,36.2,21.2,7,5,174,183,9.8,17,21
Mike Adams,1972,S,HST,2,0,,0,0,13,67.5,70.0,82.2,,61.4,79.9,,0,0,11,12,0.0,0,0
Thomas Davis Sr.,2231,LB,LAC,11,14,3.1,0,0,27,53.8,61.1,19.5,73.4,69.6,51.9,7.5,4,3,254,266,7.5,19,35
Lorenzo Alexander,2476,ED,BUF,11,6,3.7,0,0,4,62.4,71.2,59.8,74.4,61.7,69.2,8.7,2,1,125,132,5.6,7,15
Johnathan Joseph,2969,CB,HST,9,0,14.3,1,0,13,61.8,62.1,84.9,75.9,54.2,38.5,33.3,2,2,147,151,0.0,0,4
Domata Peko Sr.,3068,DI,BLT,2,0,3.5,0,0,3,61.7,50.0,0.0,50.5,61.9,28.3,0.0,0,1,17,17,5.9,1,2
Antoine Bethea,3152,S,NYG,11,9,10.2,0,0,21,65.5,71.9,85.4,65.3,79.8,75.2,7.9,3,0,310,320,2.6,8,26
Tramon Williams,3558,CB,GB,11,2,14.0,0,0,12,78.9,73.8,15.2,55.7,54.8,75.1,16.7,1,3,166,170,0.0,0,3
Eric Weddle,3653,S,LA,11,8,5.7,1,0,26,72.3,74.2,86.8,68.2,72.2,79.3,6.1,2,1,288,296,3.5,10,23
Brandon Mebane,3701,DI,LAC,8,2,3.2,0,0,27,59.3,53.3,86.6,52.7,55.0,61.2,6.7,1,0,122,132,6.6,8,12
Dominique Rodgers-Cromartie,4330,CB,WAS,2,0,13.5,0,0,32,41.5,42.6,77.7,,51.3,32.2,33.3,1,0,27,29,0.0,0,2
Aqib Talib,4334,CB,LA,5,1,13.0,2,0,26,55.8,55.4,82.7,,52.4,33.2,60.0,3,2,126,129,0.0,0,1
Calais Campbell,4364,DI,JAX,11,9,1.4,0,2,15,63.2,90.4,51.4,82.0,90.2,35.4,19.5,8,5,199,203,8.0,16,24
Brandon Carr,4454,CB,BLT,11,0,6.3,1,0,3,65.4,65.3,85.3,70.8,53.0,59.2,27.3,3,3,152,159,2.6,4,8
Orlando Scandrick,4457,CB,PHI,3,0,4.5,0,0,24,64.3,91.7,78.2,99.9,73.8,56.4,33.3,1,0,22,22,4.5,1,2
Wesley Woodyard,4583,LB,TEN,10,5,2.1,0,1,31,39.1,53.7,81.1,63.1,75.1,46.8,4.8,1,0,111,114,9.0,10,15
Cameron Wake,4907,ED,TEN,8,0,4.0,0,0,31,60.2,83.5,86.4,77.8,65.3,44.6,0.0,0,0,11,12,0.0,0,1
Malcolm Jenkins,4937,S,PHI,11,4,8.2,1,1,24,57.6,59.0,19.4,61.3,66.8,60.9,16.0,4,4,237,249,4.2,10,17
Clay Matthews,4949,ED,LA,8,3,1.6,0,1,26,34.4,62.4,86.3,68.5,62.5,49.4,22.7,5,1,163,169,5.5,9,14
Patrick Chung,4957,S,NE,8,4,3.3,1,0,19,68.8,64.5,82.1,52.3,55.1,65.8,12.5,2,1,108,109,6.5,7,10
Jason McCourty,5127,CB,NE,10,1,2.7,0,0,19,80.6,75.2,0.0,53.4,60.4,78.3,22.2,2,4,133,138,3.8,5,6
Clinton McDonald,5173,DI,ARZ,9,2,4.7,1,0,1,58.3,45.7,35.5,56.3,45.9,51.4,11.1,1,1,40,40,7.5,3,6
Steve McLendon,5232,DI,NYJ,11,2,0.9,0,0,22,64.7,72.6,44.4,62.9,74.3,75.9,0.0,0,2,149,153,8.1,12,14
Michael Bennett,5273,DI,DAL,9,0,1.2,1,0,9,62.3,64.1,11.2,63.5,70.7,27.1,33.3,3,4,79,83,6.3,5,6
Ndamukong Suh,5527,DI,TB,11,7,1.5,0,0,30,69.9,66.7,40.3,59.9,70.6,36.1,8.0,2,4,175,181,7.4,13,16
Gerald McCoy,5528,DI,CAR,11,7,1.5,0,0,5,,83.1,19.3,73.0,88.6,39.2,14.8,4,5,163,169,9.2,15,16
Joe Haden,5532,CB,PIT,11,1,6.0,0,1,25,66.7,66.9,86.0,,61.6,53.9,22.2,4,3,280,293,2.1,6,13
Tyson Alualu,5535,DI,PIT,11,3,1.8,1,0,25,63.5,78.0,59.4,70.4,73.8,55.6,11.8,2,1,117,125,6.8,8,12
Brandon Graham,5538,ED,PHI,11,4,0.8,0,1,24,72.8,88.6,66.2,79.0,74.9,36.8,21.4,6,2,176,182,8.0,14,18
Earl Thomas III,5539,S,BLT,11,6,12.3,0,0,3,86.8,78.8,55.1,56.1,53.1,64.8,20.0,4,2,190,197,0.5,1,10
Jason Pierre-Paul,5540,ED,TB,5,1,0.6,0,0,30,49.9,58.9,64.5,54.0,71.1,37.2,30.8,4,1,91,94,8.8,8,8
Kareem Jackson,5545,S,DEN,10,10,2.4,0,0,10,70.6,75.0,90.0,71.8,76.3,49.7,12.1,4,1,252,258,6.0,15,19
Devin McCourty,5552,S,NE,11,3,9.2,0,0,19,90.0,82.7,54.5,53.1,57.0,57.1,15.8,3,1,202,207,2.5,5,13
Jerry Hughes,5556,ED,BUF,11,3,0.8,0,0,4,71.0,80.4,51.5,76.2,69.5,29.3,26.7,4,3,142,152,4.9,7,8
Patrick Robinson,5557,S,NO,1,0,3.0,0,0,20,56.4,52.5,79.0,57.8,45.1,48.8,0.0,0,0,3,3,0.0,0,1
Linval Joseph,5571,DI,MIN,9,8,2.8,0,0,18,83.3,70.7,87.8,63.9,65.3,68.2,3.7,1,0,157,160,8.9,14,18
Carlos Dunlap,5579,ED,CIN,9,8,1.2,0,0,7,69.4,79.6,75.9,67.1,77.9,76.8,3.8,1,1,219,224,6.4,14,17
Sean Lee,5580,LB,DAL,11,4,5.2,0,0,9,69.6,63.3,79.8,65.1,52.0,47.9,22.7,5,0,157,165,3.8,6,13
Morgan Burnett,5596,S,CLV,8,13,4.0,0,0,8,58.2,68.0,38.0,75.1,80.8,76.3,12.0,3,1,144,153,4.2,6,9
Corey Peters,5607,DI,ARZ,11,3,2.2,0,0,1,58.5,64.9,49.5,60.6,69.0,57.8,4.5,1,3,205,215,6.3,13,18
Everson Griffen,5624,ED,MIN,11,5,1.8,0,0,18,76.2,84.6,31.2,80.2,72.9,33.2,22.6,7,6,209,212,8.1,17,19
Geno Atkins,5643,DI,CIN,11,10,2.2,0,0,7,59.0,79.3,73.9,79.3,69.8,58.7,3.6,1,1,238,243,5.9,14,17
Al Woods,5646,DI,SEA,11,7,0.8,0,0,29,65.8,73.9,51.2,56.3,82.2,57.2,13.0,3,2,148,158,8.1,12,13
Sherrick McManis,5667,CB,CHI,2,0,,0,0,6,93.2,93.8,72.9,59.4,60.0,80.0,,0,0,3,3,0.0,0,0
Reshad Jones,5686,S,MIA,4,7,9.5,1,0,17,66.2,72.3,80.5,53.8,75.4,79.7,0.0,0,1,101,106,5.9,6,11
Kurt Coleman,5767,LB,BUF,2,0,,0,0,4,62.6,66.1,70.3,,61.2,,,0,0,5,6,0.0,0,0
Kyle Love,5806,DI,CAR,10,1,1.5,1,0,5,60.0,59.7,33.3,64.1,58.1,35.6,0.0,0,1,94,96,2.1,2,2
Darian Stewart,5820,S,TB,4,0,11.0,0,0,30,53.1,43.6,0.0,56.3,50.6,27.2,40.0,2,1,37,37,2.7,1,3
Tramaine Brock Sr.,5903,CB,ARZ,9,0,3.9,0,0,1,62.4,62.7,47.6,65.4,63.1,54.1,16.7,2,1,155,160,4.5,7,10
Anthony Levine,6013,S,BLT,6,0,,0,0,3,49.5,46.4,83.1,76.8,24.7,25.9,,0,0,10,10,0.0,0,0
Marcus Sherels,6017,CB,MIA,1,0,,0,0,17,,60.0,64.4,,60.0,,,0,0,1,1,0.0,0,0
Albert McClellan,6022,LB,NYJ,1,2,5.0,0,0,22,27.8,27.5,72.2,54.1,52.4,79.5,0.0,0,0,14,14,7.1,1,2
Andrew Sendejo,6118,S,MIN,10,1,4.6,0,0,18,70.3,68.8,28.2,68.1,59.3,59.2,38.5,5,1,63,64,4.8,3,7
Von Miller,6154,ED,DEN,11,7,2.7,1,0,10,59.5,76.8,30.0,68.5,86.8,65.6,3.6,1,6,247,256,5.7,14,20
Marcell Dareus,6155,DI,JAX,6,3,3.4,0,0,15,60.0,62.7,83.7,53.0,68.8,59.5,0.0,0,0,92,93,6.5,6,10
Patrick Peterson,6157,CB,ARZ,5,2,8.0,0,0,1,50.3,55.0,84.5,82.0,72.3,71.8,0.0,0,2,109,112,0.0,0,2
J.J. Watt,6163,ED,HST,8,3,2.3,0,0,13,67.1,89.6,13.4,90.3,73.1,64.0,0.0,0,5,138,146,5.8,8,12
Robert Quinn,6166,ED,DAL,9,2,2.3,1,0,9,53.9,61.5,47.7,76.4,42.6,32.7,33.3,3,3,146,154,1.4,2,4
Ryan Kerrigan,6168,ED,WAS,11,3,1.2,1,0,32,39.1,62.0,66.6,72.5,55.0,29.7,15.8,3,2,265,279,3.0,8,13
Corey Liuget,6170,DI,BUF,6,1,1.2,1,0,4,66.6,65.2,0.0,71.3,68.0,72.9,0.0,0,3,34,39,14.7,5,5
Prince Amukamara,6171,CB,CHI,11,2,4.6,2,0,6,71.0,68.8,14.3,60.0,64.9,77.4,16.7,2,5,268,275,1.5,4,8
Adrian Clayborn,6172,ED,ATL,11,2,1.5,0,0,2,54.3,79.2,87.0,76.1,67.6,51.1,11.1,1,0,62,65,8.1,5,6
Cameron Jordan,6176,ED,NO,11,5,2.9,1,0,20,71.5,82.7,45.3,76.8,79.7,45.6,7.1,2,4,191,195,6.8,13,21
Jimmy Smith,6179,CB,BLT,5,0,6.5,0,0,3,68.0,69.0,83.5,83.4,57.6,71.9,0.0,0,1,63,65,0.0,0,2
Cameron Heyward,6183,DI,PIT,11,14,2.7,0,0,25,67.3,91.9,87.0,86.2,90.3,81.5,0.0,0,0,230,238,8.7,20,31
Jabaal Sheard,6189,ED,IND,8,1,1.2,0,0,14,67.5,58.9,88.3,61.1,47.5,28.4,27.8,5,0,104,111,10.6,11,12
Brooks Reed,6194,ED,ARZ,8,0,3.0,0,0,1,51.5,53.2,80.0,57.4,53.8,38.9,33.3,1,0,30,30,3.3,1,2
Terrell McClain,6217,DI,OAK,4,2,3.5,0,0,23,,39.8,79.2,69.0,30.3,27.3,33.3,2,0,25,27,4.0,1,2
Justin Houston,6222,ED,IND,11,6,1.8,0,0,14,71.2,87.4,78.9,81.8,70.9,64.4,0.0,0,1,144,152,9.7,14,17
Jurrell Casey,6229,DI,TEN,9,9,2.3,0,0,31,64.1,76.0,53.0,65.4,79.8,70.1,0.0,0,2,149,156,8.7,13,15
Allen Bailey,6238,DI,ATL,11,5,1.4,0,0,2,63.8,64.9,71.1,64.0,60.8,27.2,26.9,7,1,218,225,5.5,12,14
K.J. Wright,6251,LB,SEA,11,16,4.7,0,0,29,59.5,61.9,84.5,56.5,64.3,85.8,7.1,3,1,226,238,6.2,14,23
Sam Acho,6255,ED,TB,3,0,0.0,0,0,30,60.7,74.1,76.5,56.2,78.2,69.9,0.0,0,0,10,11,10.0,1,1
Buster Skrine,6289,CB,CHI,11,3,3.3,0,0,6,68.7,68.4,84.9,77.6,53.4,44.5,40.0,4,0,134,141,1.5,2,3
Richard Sherman,6306,CB,SF,11,2,7.5,2,0,28,86.1,83.6,54.8,,68.0,74.5,16.7,2,8,228,238,1.3,3,8
Pernell McPhee,6317,ED,BLT,7,2,1.8,0,0,3,46.0,64.5,0.0,64.6,80.3,69.3,6.3,1,4,74,76,13.5,10,13
Colin Jones,6342,S,CAR,4,0,8.0,0,0,5,67.8,68.9,74.3,,61.7,69.9,0.0,0,0,8,8,0.0,0,1
Lawrence Guy,6385,DI,NE,11,10,2.4,0,0,19,61.5,67.0,85.7,58.7,65.5,68.3,2.8,1,0,171,176,9.9,17,25
Chris Harris Jr.,6457,CB,DEN,11,1,5.7,0,0,10,70.7,73.5,86.9,,79.2,72.4,0.0,0,4,287,296,0.7,2,6
Josh Bynes,6503,LB,BLT,7,8,2.9,0,0,3,86.2,83.5,12.1,44.3,78.3,57.8,4.2,1,1,109,110,9.2,10,15
Mario Addison,6558,ED,CAR,10,3,4.2,1,1,5,67.1,68.0,34.5,68.6,64.7,63.4,11.1,1,4,164,168,1.2,2,5
Craig Robertson,7003,ED,NO,1,0,,0,0,20,66.2,65.3,74.7,57.8,60.0,76.1,,0,0,1,1,0.0,0,0
Morris Claiborne,7012,CB,KC,7,1,5.3,1,0,16,64.0,63.8,0.0,,70.3,50.9,0.0,0,3,65,67,1.5,1,3
Mark Barron,7013,LB,PIT,10,8,4.8,1,0,25,42.1,50.8,84.2,63.8,62.6,53.7,3.7,1,4,197,207,4.6,9,18
Luke Kuechly,7015,LB,CAR,11,14,3.4,0,0,5,79.8,85.9,86.3,49.9,87.7,79.5,3.8,2,1,253,259,9.5,24,37
Stephon Gilmore,7016,CB,NE,11,1,8.2,1,0,19,78.2,75.8,56.7,,57.0,47.6,22.2,2,5,199,204,0.5,1,6
Dontari Poe,7017,DI,CAR,11,1,3.7,0,0,5,63.8,71.1,69.3,63.6,69.9,63.9,0.0,0,1,161,165,4.3,7,10
Fletcher Cox,7018,DI,PHI,11,7,2.1,0,0,24,63.0,89.8,87.5,90.3,69.0,60.9,3.7,1,0,176,185,7.4,13,19
Michael Brockers,7020,DI,LA,11,11,2.8,0,0,26,67.2,77.3,61.8,57.0,85.6,52.0,6.5,3,2,242,249,10.3,25,32
Bruce Irvin,7021,ED,CAR,8,4,3.9,1,0,5,71.0,63.6,70.3,59.6,61.7,47.7,0.0,0,1,120,123,3.3,4,8
Dre Kirkpatrick,7023,CB,CIN,6,1,8.8,0,0,7,61.2,61.7,0.0,83.9,67.0,59.3,12.5,2,2,157,162,1.9,3,13
Melvin Ingram III,7024,ED,LAC,8,2,2.5,1,0,27,81.6,76.9,16.7,74.7,70.8,58.9,13.6,3,4,148,154,9.5,14,17
Chandler Jones,7027,ED,ARZ,11,2,2.7,0,0,1,45.3,82.7,27.9,90.3,68.2,39.5,26.1,6,6,254,265,4.7,12,15
Dont'a Hightower,7030,LB,NE,10,4,2.5,0,0,19,76.8,74.2,57.1,68.3,63.0,67.8,9.5,2,1,143,148,7.7,11,15
Whitney Mercilus,7031,ED,HST,11,5,1.6,1,0,13,84.2,62.6,75.4,57.6,60.9,30.5,29.4,10,1,219,227,6.8,15,19
Derek Wolfe,7040,DI,DEN,11,7,2.4,0,0,10,60.1,68.3,31.4,66.2,70.0,56.5,10.3,3,4,209,212,6.2,13,19
Jackrabbit Jenkins,7043,CB,NYG,11,0,2.7,0,0,21,67.9,67.7,59.4,60.0,65.8,51.8,35.7,5,5,298,308,2.0,6,9
Mychal Kendricks,7049,ED,SEA,11,8,5.3,0,0,29,64.4,66.7,48.2,76.5,61.7,35.5,15.6,5,3,218,229,3.7,8,19
Bobby Wagner,7050,LB,SEA,11,12,5.3,1,1,29,56.5,73.6,59.1,83.3,85.9,74.5,3.6,2,2,228,240,10.5,24,41
Tavon Wilson,7051,S,DET,11,3,4.2,1,0,11,71.6,66.7,50.5,61.2,55.9,55.8,15.4,4,2,182,184,6.0,11,19
Zach Brown,7055,LB,PHI,6,4,1.7,0,0,24,51.5,54.7,28.2,55.7,63.3,66.0,9.5,2,2,110,115,10.9,12,15
Lavonte David,7060,LB,TB,11,17,2.2,0,0,30,90.5,85.1,85.7,54.2,69.5,75.2,8.5,4,0,236,242,7.2,17,26
Vinny Curry,7061,ED,PHI,11,2,3.1,0,0,24,61.4,85.6,86.7,78.8,74.3,79.0,0.0,0,0,75,80,13.3,10,11
Casey Hayward Jr.,7064,CB,LAC,11,2,7.0,1,0,27,84.0,83.2,87.3,,69.3,57.3,14.3,1,3,266,277,0.4,1,4
Trumaine Johnson,7067,CB,NYJ,6,1,4.0,0,0,22,50.3,53.0,29.5,56.3,73.4,87.4,0.0,0,4,114,117,1.8,2,3
Olivier Vernon,7074,ED,CLV,8,0,3.6,0,1,8,72.0,81.7,89.2,77.2,68.8,36.4,10.0,2,0,183,191,6.6,12,18
Demario Davis,7079,LB,NO,11,8,4.3,1,0,20,79.2,86.1,62.2,72.3,84.4,90.3,0.0,0,3,218,222,10.1,22,33
Tyrone Crawford,7083,DI,DAL,4,1,,0,0,9,61.9,53.4,81.2,58.8,44.1,27.1,50.0,1,0,24,25,0.0,0,0
Akiem Hicks,7090,DI,CHI,4,0,1.8,0,0,6,55.5,77.0,82.6,64.3,81.7,47.3,16.7,1,0,44,44,9.1,4,5
Nigel Bradham,7105,LB,PHI,7,4,3.5,0,0,24,71.4,61.8,83.2,49.2,46.9,32.8,11.1,2,0,125,128,6.4,8,12
Kyle Wilber,7113,LB,OAK,4,1,,0,0,23,64.3,48.0,0.0,55.3,53.3,71.7,0.0,0,1,19,19,0.0,0,0
Mike Daniels,7132,DI,DET,6,3,1.0,0,0,11,,59.1,81.1,62.4,52.6,45.5,0.0,0,0,39,39,5.1,2,2
Tahir Whitehead,7135,LB,OAK,11,8,5.1,0,0,23,46.1,56.8,84.9,57.2,71.2,66.8,13.3,6,0,258,272,5.0,13,31
Najee Goode,7137,LB,JAX,7,3,9.2,0,0,15,47.5,39.0,79.7,68.1,34.1,27.7,36.8,7,0,128,131,1.6,2,9
Jack Crawford,7151,DI,ATL,11,2,2.4,0,0,2,67.2,48.7,41.7,53.8,44.8,65.2,5.6,1,2,114,121,9.6,11,15
Danny Trevathan,7177,LB,CHI,9,18,3.6,0,1,6,50.3,61.9,51.5,77.3,70.9,72.0,7.4,4,1,201,209,10.4,21,32
Nate Stupar,7214,LB,NYG,2,0,2.0,0,0,21,28.3,27.7,73.9,58.9,48.4,26.5,50.0,1,0,17,18,5.9,1,1
Rodney McLeod,7271,S,PHI,11,7,5.4,0,1,24,71.9,71.8,58.0,63.3,68.7,60.0,17.9,5,1,236,248,3.4,8,16
Michael Thomas,7279,S,NYG,8,2,6.7,0,0,21,61.8,62.8,80.5,49.8,67.1,78.1,0.0,0,0,43,43,2.3,1,3
Vontaze Burfict,7280,LB,OAK,4,5,3.7,0,0,23,66.3,62.2,0.0,79.2,53.2,31.4,26.7,4,1,78,81,5.1,4,6
Tashaun Gipson Sr.,7288,S,HST,9,2,10.2,0,0,13,58.4,56.6,48.0,47.2,57.4,44.5,22.2,4,2,177,182,1.7,3,12
L.J. Fort,7292,LB,BLT,5,5,4.0,0,0,3,60.7,60.4,0.0,77.4,54.4,58.5,20.0,2,1,51,52,2.0,1,3
Damon Harrison Sr.,7355,DI,DET,11,9,2.5,0,0,11,57.3,62.9,66.4,56.7,66.3,33.8,8.6,3,1,172,175,8.1,14,23
Johnson Bademosi,7374,CB,NO,3,0,14.0,0,0,20,68.0,68.7,80.2,,63.9,76.3,0.0,0,0,11,11,0.0,0,1
Harrison Smith,7641,S,MIN,11,3,9.6,0,0,18,89.3,80.7,88.2,64.7,49.1,55.6,34.8,8,1,236,240,2.1,5,12
Malik Jackson,7647,DI,PHI,1,0,,0,0,24,,53.7,75.7,59.9,50.5,66.8,,0,0,10,11,0.0,0,0
Josh Norman,7649,CB,WAS,9,3,9.4,1,1,32,45.2,47.2,23.0,,64.7,58.7,26.7,4,5,249,262,1.6,4,8
Justin Bethel,7654,CB,NE,1,0,,0,0,19,51.1,51.5,73.4,,60.0,27.0,,0,0,1,1,0.0,0,0
Neiko Thorpe,7716,CB,SEA,3,0,13.0,0,0,29,56.1,58.9,75.6,,65.7,77.6,0.0,0,0,5,6,20.0,1,2
Dion Jordan,7785,ED,OAK,1,0,,0,0,23,60.0,67.6,0.0,71.9,60.0,26.7,,0,1,1,1,0.0,0,0
Barkevious Mingo,7787,ED,HST,2,0,,0,0,13,60.0,55.7,93.5,52.0,60.0,,,0,0,5,5,0.0,0,0
D.J. Hayden,7793,CB,JAX,10,0,6.1,0,0,15,72.3,77.2,83.8,90.0,69.0,88.0,0.0,0,1,137,141,5.1,7,11
Sheldon Richardson,7794,DI,CLV,11,10,3.5,0,0,8,70.6,83.4,59.8,68.7,81.1,55.3,7.1,3,2,185,193,9.7,18,29
Star Lotulelei,7795,DI,BUF,11,7,2.0,0,0,4,59.8,57.6,85.7,51.6,60.5,25.7,33.3,6,0,143,151,2.1,3,5
Kenny Vaccaro,7796,S,TEN,11,4,7.0,2,0,31,53.3,61.7,38.3,80.7,73.6,73.3,10.7,3,4,254,267,4.3,11,21
Eric Reid,7799,S,CAR,11,8,5.6,0,1,5,40.4,50.9,85.2,79.0,64.1,53.4,9.8,5,1,260,266,6.9,18,38
Desmond Trufant,7803,CB,ATL,7,2,10.5,0,0,2,73.3,72.5,84.9,,62.2,35.7,33.3,2,0,184,193,0.5,1,2
Xavier Rhodes,7806,CB,MIN,11,1,3.2,2,0,18,47.7,49.1,56.8,,60.3,71.7,14.3,1,9,216,220,1.9,4,5
Sylvester Williams,7809,DI,LAC,4,2,5.0,0,0,27,,71.4,80.3,68.9,65.7,34.1,20.0,1,0,26,26,0.0,0,2
Alec Ogletree,7811,LB,NYG,9,6,2.8,0,0,21,67.9,62.8,52.9,71.5,52.0,58.7,7.7,2,2,244,253,4.9,12,18
Johnathan Cyprien,7814,S,ATL,1,0,5.5,0,0,2,41.3,43.2,73.9,59.4,65.6,79.0,0.0,0,1,11,12,9.1,1,2
Darius Slay,7817,CB,DET,9,1,20.3,1,0,11,60.8,59.7,86.7,,48.9,69.6,20.0,1,5,198,201,0.5,1,3
Tank Carradine,7821,DI,MIA,1,2,0.0,0,0,17,60.1,64.8,76.7,61.4,62.3,70.1,0.0,0,0,19,19,5.3,1,1
Kawann Short,7825,DI,CAR,2,0,2.3,0,0,5,,73.6,79.8,74.3,64.4,71.5,0.0,0,0,38,38,7.9,3,4
Kevin Minter,7826,LB,TB,6,2,2.6,0,0,30,57.1,66.0,22.6,74.3,70.5,58.7,11.8,2,1,69,70,15.9,11,13
Kiko Alonso,7827,LB,NO,10,3,2.9,0,0,20,67.6,69.2,81.0,58.3,67.8,62.1,8.3,1,0,75,75,8.0,6,8
Johnathan Hankins,7830,DI,OAK,11,12,1.6,2,0,23,55.0,65.8,21.1,58.7,74.9,47.1,5.9,2,5,212,223,8.0,17,20
Jon Bostic,7831,LB,WAS,11,12,3.6,0,0,32,59.7,60.6,56.0,58.6,61.9,78.9,8.0,4,1,306,321,5.6,17,34
Jamie Collins Sr.,7833,LB,NE,11,12,3.6,0,0,19,82.2,81.0,89.0,82.8,55.7,43.2,14.7,5,0,191,194,7.3,14,17
Margus Hunt,7834,DI,IND,11,3,3.4,0,0,14,59.0,56.7,85.0,53.9,58.0,26.6,27.3,3,0,126,129,1.6,2,5
Jamar Taylor,7835,CB,SEA,5,0,7.0,1,0,29,41.6,39.0,81.8,41.7,41.7,60.2,0.0,0,3,9,9,0.0,0,1
D.J. Swearinger Sr.,7838,S,OAK,6,2,8.2,0,0,23,38.0,48.3,81.1,58.9,72.8,71.7,5.0,1,0,139,145,2.9,4,17
Tyrann Mathieu,7850,S,KC,11,4,4.9,0,0,16,68.6,67.2,62.3,59.2,62.5,61.1,19.0,4,2,282,296,2.1,6,13
Blidi Wreh-Wilson,7851,CB,ATL,5,1,5.4,0,0,2,46.9,50.4,81.0,,66.0,60.9,14.3,1,1,58,59,3.4,2,5
Damontre Moore,7862,ED,SF,2,0,1.0,0,0,28,77.2,75.0,12.1,71.2,55.7,34.7,33.3,1,1,17,18,11.8,2,2
John Jenkins,7863,DI,MIA,11,7,2.7,0,0,17,58.7,76.0,85.5,74.8,69.1,46.9,12.5,4,0,185,195,8.6,16,21
Logan Ryan,7864,CB,TEN,11,8,2.3,2,1,31,65.0,66.3,60.4,81.2,59.8,62.0,19.2,5,6,254,267,3.9,10,13
Shawn Williams,7865,S,CIN,11,7,5.6,0,0,7,53.5,53.5,80.1,53.0,55.2,48.3,14.0,7,0,311,318,4.8,15,36
Duron Harmon,7872,S,NE,11,4,5.5,0,0,19,70.0,71.2,85.0,58.6,67.8,52.2,16.7,2,0,132,136,1.5,2,6
Brandon Williams,7875,DI,BLT,10,10,2.7,0,0,3,53.5,68.3,48.4,56.8,78.6,65.4,0.0,0,3,134,137,4.5,6,11
Akeem Spence,7882,DI,JAX,10,3,2.6,0,0,15,56.6,55.9,59.7,52.1,62.5,73.3,0.0,0,1,120,123,5.0,6,8
Alex Okafor,7885,ED,KC,7,3,4.0,1,0,16,73.3,47.5,68.7,54.3,37.0,71.0,8.3,1,2,108,114,3.7,4,8
B.W. Webb,7896,CB,CIN,10,1,7.5,0,0,7,53.6,53.0,50.1,46.4,57.5,47.1,0.0,0,4,215,221,0.5,1,4
William Gholston,7908,DI,TB,11,6,2.1,0,0,30,60.4,69.8,85.8,60.6,70.0,62.9,3.8,1,0,157,160,8.9,14,19
John Simon,7911,ED,NE,11,5,3.0,0,0,19,90.3,73.7,84.2,63.0,64.8,64.6,7.7,1,0,124,126,4.0,5,7
A.J. Klein,7930,LB,NO,11,3,4.4,1,0,20,34.5,39.2,56.8,57.3,52.4,52.1,10.3,3,2,193,197,8.3,16,23
Micah Hyde,7941,S,BUF,11,4,11.2,0,0,4,78.5,78.6,86.8,51.5,73.3,75.7,13.8,4,0,237,250,3.4,8,21
Vince Williams,7988,LB,PIT,9,4,2.1,0,0,25,57.5,75.8,19.0,76.5,81.7,59.1,16.0,4,1,110,115,10.9,12,17
Jordan Poyer,8000,S,BUF,11,13,5.8,0,0,4,71.4,76.9,85.5,67.4,79.1,84.5,4.4,2,1,239,253,6.7,16,30
Nick Williams,8006,DI,CHI,11,7,2.4,0,0,6,64.5,72.7,49.2,65.6,73.0,68.3,4.8,1,2,154,158,6.5,10,13
Kemal Ishmael,8026,S,ATL,8,5,2.8,0,0,2,41.1,47.7,79.3,66.4,59.2,56.2,12.5,3,0,139,141,7.2,10,16
Damion Square,8042,DI,LAC,11,4,2.7,1,0,27,83.5,64.8,67.1,56.6,62.6,45.8,10.0,2,1,148,152,5.4,8,14
Daren Bates,8077,LB,TEN,2,1,2.0,0,0,31,60.0,31.5,69.7,58.2,65.1,38.5,0.0,0,0,5,5,20.0,1,1
Ezekiel Ansah,8094,ED,SEA,7,0,2.3,1,0,29,81.2,60.0,23.1,57.4,56.8,40.6,25.0,2,3,44,44,9.1,4,6
Rontez Miles,8102,S,NYJ,2,0,,0,0,22,70.8,72.4,71.9,58.4,60.0,77.2,,0,0,3,3,0.0,0,0
A.J. Bouye,8110,CB,JAX,10,1,9.0,2,0,15,65.8,67.7,87.0,,70.7,65.6,11.1,1,3,240,245,1.7,4,7
Jahleel Addae,8117,LB,HST,11,3,10.5,0,0,13,56.5,57.7,41.2,43.8,71.3,60.3,13.3,2,3,133,137,2.3,3,10
Lerentee McCray,8159,ED,JAX,7,1,1.0,0,0,15,67.2,67.1,81.3,56.7,66.7,74.3,0.0,0,0,18,18,11.1,2,2
Abry Jones,8177,DI,JAX,11,3,2.9,0,0,15,60.0,65.3,86.0,60.9,63.3,55.3,5.0,1,1,176,180,6.3,11,16
Benson Mayowa,8196,ED,OAK,7,0,4.0,0,0,23,50.1,63.7,37.4,74.3,62.6,62.7,0.0,0,2,31,34,3.2,1,1
Bradley McDougald,8220,S,SEA,10,1,8.7,0,0,29,72.1,66.4,85.0,47.2,49.1,57.1,22.2,4,1,184,194,1.6,3,13
Will Compton,8308,LB,OAK,4,0,5.7,0,0,23,63.0,70.7,74.8,54.8,70.1,79.9,0.0,0,0,29,31,10.3,3,6
Rashaan Melvin,8334,CB,DET,10,1,8.7,1,0,11,49.4,55.4,86.8,89.6,73.8,79.6,0.0,0,4,226,228,0.9,2,7
Tony Jefferson,8361,S,BLT,5,2,5.9,0,0,3,48.9,53.1,80.2,53.2,68.9,44.1,9.1,1,2,82,87,3.7,3,8
Brandon Copeland,8378,LB,NYJ,7,4,1.9,0,0,22,50.2,68.9,85.4,63.4,82.8,49.3,4.3,1,0,102,105,13.7,14,18
Jeff Heath,8396,S,DAL,10,6,7.1,0,0,9,65.9,64.4,84.7,64.3,55.1,82.4,10.0,2,1,183,192,2.7,5,12
Chris Banjo,8419,S,ARZ,2,0,,0,0,1,60.0,63.7,68.9,,60.2,,,0,0,3,3,0.0,0,0
Cody Davis,8458,S,JAX,3,0,19.0,0,0,15,65.2,68.9,78.8,,61.8,82.8,0.0,0,0,5,5,0.0,0,1
Jordan Dangerfield,8468,S,PIT,2,0,,0,0,25,,68.9,68.6,68.0,60.0,,,0,0,3,3,0.0,0,0
Nickell Robey-Coleman,8483,CB,LA,11,2,1.5,0,0,26,78.0,77.7,84.5,60.0,66.5,58.5,20.0,1,1,114,116,1.8,2,2
Wes Horton,8484,DI,CAR,2,1,,1,0,5,,32.6,0.0,51.1,44.6,67.4,50.0,1,1,16,16,0.0,0,0
LaRoy Reynolds,8500,LB,CIN,5,0,,0,0,7,44.0,37.3,76.9,57.2,41.6,45.7,,0,0,15,15,0.0,0,0
Deon Lacey,8512,LB,MIA,1,0,,0,0,17,,44.6,61.9,58.5,60.0,,,0,0,1,1,0.0,0,0
Mike Purcell,8530,DI,DEN,8,6,0.6,0,0,10,59.5,79.0,7.0,52.4,90.2,30.1,15.6,5,3,116,119,12.9,15,21
Jadeveon Clowney,8636,ED,SEA,10,4,1.4,0,0,29,89.1,89.5,14.9,81.3,80.2,37.0,19.0,4,6,121,124,9.1,11,13
Khalil Mack,8640,ED,CHI,11,5,3.3,1,0,6,59.9,90.2,47.5,90.0,86.0,65.5,9.1,3,4,223,230,9.0,20,25
Anthony Barr,8644,LB,MIN,10,6,2.6,2,0,18,56.0,57.0,37.5,61.3,60.1,79.0,10.0,3,3,221,225,7.7,17,21
Aaron Donald,8648,DI,LA,11,4,0.1,1,0,26,67.3,93.8,43.0,93.0,90.3,49.8,8.0,2,3,254,262,5.9,15,19
Kyle Fuller,8649,CB,CHI,11,0,4.3,0,0,6,54.3,56.0,59.9,,65.5,73.6,12.5,1,8,271,279,1.1,3,7
C.J. Mosley,8652,LB,NYJ,2,0,4.8,0,0,22,77.1,75.0,78.4,58.1,62.1,82.8,0.0,0,0,36,37,5.6,2,4
Ha Ha Clinton-Dix,8656,S,CHI,11,2,6.9,0,0,6,76.6,77.3,85.4,50.3,75.0,76.1,13.6,3,0,270,278,2.6,7,17
Dee Ford,8658,ED,SF,9,0,2.3,0,0,28,78.5,85.0,60.1,82.4,58.2,79.4,0.0,0,1,44,45,9.1,4,4
Darqueze Dennard,8659,CB,CIN,4,2,5.3,0,0,7,72.1,72.7,79.3,60.9,68.7,53.1,18.2,2,0,95,97,6.3,6,7
Jason Verrett,8660,CB,SF,1,0,,0,0,28,24.1,19.6,67.5,,60.0,,,0,1,2,2,0.0,0,0
Deone Bucannon,8662,LB,NYG,6,1,3.3,0,0,21,48.6,46.9,77.9,56.2,52.7,40.2,0.0,0,0,27,28,7.4,2,4
Jimmie Ward,8665,S,SF,8,1,15.5,0,0,28,83.0,87.4,85.3,,83.0,63.1,5.6,1,0,173,181,1.7,3,16
Bradley Roby,8666,CB,HST,6,1,5.3,1,0,13,68.9,67.1,84.2,69.6,47.7,54.8,28.6,2,1,106,111,1.9,2,4
Demarcus Lawrence,8669,ED,DAL,11,4,0.2,0,0,9,67.0,86.0,27.8,78.3,84.5,58.6,16.0,4,5,155,160,10.3,16,17
Kyle Van Noy,8675,ED,NE,10,4,4.1,0,1,19,85.8,85.0,74.3,73.6,77.1,67.0,11.1,3,1,178,182,5.1,9,20
Lamarcus Joyner,8676,CB,OAK,9,2,2.9,2,0,23,43.0,46.0,17.4,46.9,71.2,35.5,18.2,2,8,156,169,2.6,4,7
Stephon Tuitt,8681,DI,PIT,6,2,0.9,0,0,25,62.9,89.1,61.7,85.0,75.7,29.8,11.8,2,1,106,110,9.4,10,13
Trent Murphy,8682,ED,BUF,11,4,1.8,1,0,4,72.4,69.6,34.0,65.2,70.1,29.1,20.0,3,4,145,156,4.1,6,8
Timmy Jernigan,8683,DI,PHI,5,0,1.0,0,0,24,61.7,67.7,34.6,61.9,70.5,69.6,0.0,0,1,42,45,2.4,1,1
Jeremiah Attaochu,8685,ED,DEN,6,0,-0.3,0,0,10,62.5,62.5,80.1,55.0,65.8,74.4,0.0,0,0,42,42,9.5,4,4
Christian Kirksey,8706,LB,CLV,2,0,5.1,0,0,8,50.4,48.2,78.8,48.5,55.3,29.8,30.0,3,0,48,49,6.3,3,7
Preston Brown,8708,LB,OAK,9,10,5.1,0,0,23,52.0,44.1,82.8,60.1,41.3,74.7,3.3,1,0,228,234,4.4,10,19
Terrence Brooks,8714,S,NE,10,1,5.7,0,0,19,66.1,66.1,18.5,62.4,67.3,72.9,12.5,1,1,46,49,6.5,3,6
Kareem Martin,8719,ED,NYG,1,0,4.0,0,0,21,60.0,57.3,74.3,53.1,61.3,70.5,0.0,0,0,4,4,25.0,1,1
Phillip Gaines,8722,CB,HST,3,0,-4.0,1,0,13,29.2,31.4,81.3,60.0,65.3,83.0,0.0,0,3,37,40,2.7,1,1
Jaylen Watkins,8736,S,LAC,9,0,2.2,0,0,27,48.2,50.5,78.7,68.1,59.8,32.2,33.3,3,0,64,66,6.3,4,6
Bashaud Breeland,8737,CB,KC,11,5,5.8,2,0,16,41.2,47.2,55.5,,77.0,61.9,15.8,3,8,242,253,2.5,6,11
Justin Ellis,8742,DI,BLT,2,0,10.5,0,0,3,,74.4,77.5,58.4,76.6,68.7,0.0,0,0,11,11,9.1,1,2
Cassius Marsh,8743,ED,ARZ,11,2,1.2,0,0,1,65.4,68.6,56.0,56.6,77.7,69.8,6.7,1,1,94,96,9.6,9,12
Ross Cockrell,8744,CB,CAR,8,2,4.3,0,0,5,57.6,58.1,47.6,51.8,64.4,68.7,7.7,1,2,135,138,5.2,7,10
Maurice Alexander,8745,LB,BUF,2,1,3.3,0,0,4,64.7,55.6,80.8,53.8,48.4,81.2,0.0,0,0,20,22,10.0,2,3
DaQuan Jones,8747,DI,TEN,11,8,2.1,0,0,31,59.8,81.1,88.8,73.0,76.2,60.0,10.3,3,0,193,202,8.3,16,18
Aaron Colvin,8749,CB,WAS,2,0,,0,0,32,31.2,29.4,76.4,56.8,29.9,62.4,100.0,1,0,19,19,0.0,0,0
Anthony Hitchens,8754,LB,KC,10,10,5.4,0,0,16,67.3,57.2,45.5,61.1,47.1,53.5,10.5,4,1,198,209,5.1,10,24
Logan Thomas,8755,TE,DET,1,0,,0,0,11,,60.0,60.0,,60.0,,,0,3,1,1,0.0,0,0
Walt Aikens,8760,S,MIA,5,2,6.8,0,0,17,34.9,48.4,76.6,53.4,71.5,65.4,0.0,0,0,35,38,2.9,1,4
Pierre Desir,8762,CB,IND,7,1,10.7,3,0,14,43.9,45.4,36.8,,62.3,47.4,0.0,0,4,110,115,0.9,1,3
Tre Boston,8763,S,CAR,11,4,11.4,0,0,5,88.3,77.1,5.7,,51.1,65.4,23.1,6,3,262,268,1.1,3,16
Dontae Johnson,8764,CB,SF,2,0,,0,0,28,59.0,60.3,70.8,,61.8,75.1,,0,0,7,7,0.0,0,0
Kevin Pierre-Louis,8767,LB,CHI,2,0,,0,0,6,90.0,89.2,73.0,60.0,55.0,79.8,,0,0,4,4,0.0,0,0
Nevin Lawson,8768,CB,OAK,4,1,,0,0,23,71.1,70.6,80.6,49.5,69.0,82.7,0.0,0,1,38,39,0.0,0,0
Brent Urban,8769,ED,CHI,8,1,2.0,0,0,6,,58.4,82.1,57.0,58.0,34.5,12.5,1,0,80,81,7.5,6,6
Ricardo Allen,8782,S,ATL,11,9,8.3,0,0,2,59.4,61.8,27.1,63.4,70.7,73.9,10.0,3,2,276,288,2.9,8,18
Aaron Lynch,8785,ED,CHI,11,1,1.0,1,0,6,65.0,50.3,0.0,65.2,57.5,43.2,25.0,1,5,53,54,1.9,1,2
Chris Smith,8794,ED,CLV,8,0,,0,0,8,62.3,51.3,84.7,49.3,55.3,69.2,,0,0,43,46,0.0,0,0
Devon Kennard,8809,ED,DET,11,5,3.5,0,0,11,65.6,69.6,89.6,60.8,71.0,50.2,9.1,3,0,249,252,6.4,16,25
Antone Exum Jr.,8817,S,SF,1,0,,0,0,28,64.3,65.7,68.2,,60.0,,,0,0,2,2,0.0,0,0
Bennett Jackson,8822,S,BLT,2,1,,0,0,3,63.4,66.8,74.8,,64.1,79.4,0.0,0,0,13,13,0.0,0,0
Dan McCullers,8849,DI,PIT,11,0,2.0,1,0,25,,54.8,0.0,64.4,60.4,70.7,0.0,0,2,46,46,4.3,2,3
T.J. Carrie,8853,CB,CLV,10,4,7.3,1,0,8,49.5,58.3,86.3,82.2,81.4,53.4,17.6,3,2,168,174,3.6,6,10
Shamar Stephen,8854,DI,MIN,11,4,2.5,0,0,18,67.2,57.9,70.5,53.9,57.3,75.6,0.0,0,3,185,188,5.4,10,15
Beau Allen,8858,DI,TB,11,3,3.0,0,0,30,59.8,65.4,82.0,55.0,69.2,33.2,14.3,1,0,71,71,2.8,2,3
Shelby Harris,8869,DI,DEN,11,7,2.1,0,0,10,65.9,82.1,85.4,77.4,72.4,64.2,6.1,2,0,202,209,9.4,19,24
Corey Nelson,8876,LB,DEN,4,3,6.3,0,0,10,58.1,53.6,79.0,63.2,51.5,57.6,0.0,0,0,58,60,1.7,1,3
Terrance Mitchell,8888,CB,CLV,6,0,2.0,1,0,8,57.9,60.3,84.1,,66.2,68.8,20.0,1,1,130,134,2.3,3,4
Kerry Wynn,8938,ED,CIN,2,0,3.0,0,0,7,60.0,47.4,74.9,56.2,66.0,69.6,0.0,0,0,5,6,20.0,1,1
Denico Autry,8982,DI,IND,11,5,2.6,0,0,14,61.5,70.8,85.3,69.5,61.2,37.7,6.3,1,0,140,149,5.7,8,10
Shaquil Barrett,9000,ED,TB,11,2,1.3,1,0,30,70.4,77.0,12.6,79.9,68.1,43.4,20.0,3,7,183,188,4.4,8,10
Josh Mauro,9003,ED,OAK,9,3,2.0,0,0,23,42.9,47.8,86.1,46.4,54.0,62.7,5.3,1,0,112,114,11.6,13,15
Todd Davis,9007,LB,DEN,9,16,4.9,0,0,10,65.5,67.9,82.7,50.7,70.1,72.6,6.7,3,0,227,234,6.6,15,26
Christian Jones,9020,LB,DET,11,12,4.1,0,0,11,48.2,48.1,88.4,58.4,45.6,57.7,16.1,5,0,210,211,3.3,7,14
Malcolm Butler,9040,CB,TEN,9,1,3.4,0,0,31,64.2,65.5,22.9,80.9,73.0,70.5,0.0,0,5,189,199,1.6,3,5
Kerry Hyder,9045,ED,DAL,11,5,0.0,0,0,9,60.0,68.3,87.6,63.0,65.7,39.3,20.0,2,0,104,110,1.9,2,3
Adarius Taylor,9074,LB,CLV,7,0,6.0,0,0,8,32.9,40.9,74.5,55.0,56.5,26.2,0.0,0,0,34,37,0.0,0,1
Adrian Phillips,9177,S,LAC,2,3,2.3,0,0,27,57.1,62.2,78.1,54.3,69.0,37.6,0.0,0,0,53,55,1.9,1,4
Zach Kerr,9195,DI,ARZ,7,0,1.7,0,0,1,59.3,68.2,0.0,67.1,75.6,35.6,22.2,2,3,63,64,9.5,6,7
C.J. Goodwin,9243,CB,DAL,2,0,,0,0,9,69.6,69.3,74.4,,60.6,,,0,0,5,5,0.0,0,0
Daniel Sorensen,9253,S,KC,11,3,7.8,0,0,16,62.9,62.2,82.4,50.2,61.9,70.8,7.7,1,1,71,74,4.2,3,9
Brandon Dunn,9262,DI,HST,11,6,4.0,0,0,13,59.1,58.8,85.4,54.8,60.3,29.5,16.7,2,0,103,109,2.9,3,4
Joe Thomas,9272,LB,DAL,9,1,3.2,0,0,9,69.5,68.9,79.7,61.6,62.1,50.0,30.0,3,0,69,69,4.3,3,6
Mike Pennel,9316,DI,KC,3,2,1.8,0,0,16,59.0,75.2,79.8,60.3,78.4,37.6,12.5,1,0,22,23,18.2,4,5
K'Waun Williams,9332,CB,SF,11,5,3.6,1,2,28,71.1,75.9,83.6,84.2,75.0,46.2,22.2,4,2,135,139,4.4,6,9
Jayrone Elliott,9336,ED,PIT,3,0,1.0,0,0,25,60.0,71.6,74.9,58.3,73.4,69.9,0.0,0,0,10,10,10.0,1,1
Dante Fowler Jr.,9436,ED,LA,11,7,4.1,2,0,26,58.9,67.5,22.3,69.5,69.2,40.7,12.0,3,6,218,221,5.0,11,15
Leonard Williams,9439,DI,NYG,10,8,1.6,1,0,21,58.0,66.0,29.3,65.8,68.6,50.9,12.5,3,5,178,184,6.2,11,13
Vic Beasley Jr.,9441,ED,ATL,11,2,2.6,3,0,2,60.1,56.0,21.2,57.2,63.2,44.5,18.8,3,5,191,197,4.2,8,11
Trae Waynes,9444,CB,MIN,10,1,0.0,1,1,18,52.2,56.7,86.5,,73.8,49.7,27.3,3,3,201,205,3.0,6,7
Danny Shelton,9445,DI,NE,11,13,2.7,0,0,19,50.3,60.5,45.1,70.4,56.7,71.9,0.0,0,2,160,164,9.4,15,21
Kevin Johnson,9449,CB,BUF,7,1,-1.0,0,0,4,77.2,74.8,84.5,59.6,49.4,51.7,33.3,1,1,33,36,3.0,1,1
Arik Armstead,9450,ED,SF,11,5,2.2,1,1,28,69.5,88.8,62.3,71.5,90.0,54.0,8.7,2,2,165,171,6.1,10,16
Marcus Peters,9451,CB,BLT,11,1,1.0,0,0,3,87.3,85.7,59.5,55.2,72.2,64.5,14.3,1,1,255,261,1.6,4,5
Bud Dupree,9455,ED,PIT,11,6,1.1,0,0,25,45.3,82.9,86.9,75.8,82.5,52.1,5.7,2,1,252,264,9.1,23,27
Shaq Thompson,9458,LB,CAR,11,8,3.9,0,0,5,59.8,68.7,86.1,77.2,73.4,66.1,10.8,4,1,259,265,6.6,17,25
Byron Jones,9460,CB,DAL,11,1,7.4,0,0,9,70.2,71.3,87.1,56.6,70.2,82.6,7.7,1,1,219,231,0.9,2,11
Damarious Randall,9463,S,CLV,7,6,12.0,0,0,8,69.3,67.5,32.1,68.8,58.1,70.6,20.0,4,1,164,173,0.6,1,10
Malcom Brown,9465,DI,NO,11,11,2.3,0,0,20,54.2,70.5,86.0,59.5,74.2,53.7,10.0,3,0,131,134,9.9,13,16
Landon Collins,9466,S,WAS,11,12,4.8,1,0,32,60.4,70.4,61.6,80.0,79.3,62.0,6.9,4,3,339,356,6.8,23,42
Mario Edwards Jr.,9468,ED,NO,9,2,6.0,0,0,20,,71.9,85.3,74.8,58.7,73.4,0.0,0,0,77,78,1.3,1,2
Preston Smith,9471,ED,GB,11,6,2.9,0,0,12,45.8,69.0,72.8,78.3,62.4,57.2,14.8,4,1,211,217,5.2,11,17
Eddie Goldman,9472,DI,CHI,11,10,2.0,0,0,6,58.4,75.1,47.9,72.0,72.6,55.6,6.9,2,2,148,152,9.5,14,17
Benardrick McKinney,9476,LB,HST,11,13,2.9,0,1,13,79.1,74.5,58.5,67.7,62.0,74.1,11.3,6,1,217,226,11.5,25,34
Eric Kendricks,9478,LB,MIN,11,22,3.8,0,0,18,80.9,90.1,87.6,66.5,90.3,79.1,4.4,3,0,241,245,10.0,24,43
Jaquiski Tartt,9479,S,SF,11,7,5.6,0,0,28,68.4,66.3,82.4,56.7,59.1,66.7,10.7,3,0,231,241,4.3,10,18
Eric Rowe,9480,CB,MIA,11,7,5.5,0,0,17,58.5,56.0,60.0,59.8,51.8,59.5,11.8,4,5,318,334,2.5,8,23
Denzel Perryman,9481,LB,LAC,8,9,2.6,0,0,27,44.0,47.3,21.6,50.1,58.9,29.9,20.0,7,1,128,134,10.2,13,19
Ronald Darby,9483,CB,PHI,7,1,13.5,0,0,24,47.3,49.2,84.2,58.7,59.2,42.7,44.4,4,0,102,110,2.0,2,4
Jordan Phillips,9485,DI,BUF,11,2,0.3,1,1,4,59.1,59.5,1.9,62.0,66.9,44.6,16.7,2,5,120,127,5.0,6,8
Markus Golden,9491,ED,NYG,11,6,3.4,0,0,21,59.1,56.0,23.6,60.5,58.8,76.1,0.0,0,6,246,252,6.9,17,24
Frank Clark,9496,ED,KC,9,2,1.6,2,1,16,62.1,61.8,25.9,63.5,64.2,55.2,11.1,2,5,174,185,6.3,11,14
P.J. Williams,9511,CB,NO,9,4,3.8,0,0,20,48.0,52.3,86.2,92.1,45.5,54.1,7.7,1,4,152,154,3.3,5,8
Jordan Hicks,9517,LB,ARZ,11,34,4.2,1,0,1,54.3,61.6,36.8,72.1,67.4,64.7,8.0,6,4,276,287,7.6,21,35
Danielle Hunter,9521,ED,MIN,11,5,3.3,0,0,18,58.2,88.4,81.3,82.9,76.9,73.5,3.0,1,1,213,217,6.6,14,27
Carl Davis,9523,DI,IND,1,0,,0,0,14,58.3,34.2,71.9,60.0,45.1,,,0,0,4,4,0.0,0,0
Henry Anderson,9526,DI,NYJ,8,4,0.6,0,0,22,60.3,61.7,63.7,55.3,69.7,65.9,7.7,1,1,83,86,9.6,8,8
Steven Nelson,9531,CB,PIT,10,2,7.1,0,0,25,76.2,77.2,87.5,59.0,73.3,58.5,14.3,2,2,267,280,1.5,4,10
Angelo Blackson,9533,DI,HST,11,1,2.0,1,0,13,60.3,38.8,44.1,55.6,35.7,46.5,0.0,0,2,135,141,3.7,5,9
Trey Flowers,9534,ED,DET,10,11,2.2,0,1,11,56.9,76.8,47.1,71.2,78.9,48.0,10.5,4,6,156,157,12.2,19,23
Clayton Geathers,9542,S,IND,10,4,8.3,0,0,14,58.2,63.1,84.5,64.7,69.8,64.4,13.0,3,1,156,163,3.2,5,16
Ibraheim Campbell,9548,S,GB,2,0,8.3,0,1,12,50.5,62.7,73.0,53.8,87.8,56.2,0.0,0,0,15,15,6.7,1,4
Rodney Gunter,9549,DI,ARZ,11,6,1.8,0,0,1,65.5,65.9,59.7,63.1,64.6,57.6,10.0,2,2,206,213,4.4,9,12
Za'Darius Smith,9555,ED,GB,11,3,3.3,1,0,12,79.3,84.6,37.9,84.9,68.3,47.3,12.5,3,4,205,211,4.9,10,18
Kwon Alexander,9557,LB,SF,8,7,1.5,0,1,28,81.3,61.3,25.4,56.1,37.5,29.9,26.1,6,1,132,137,6.8,9,10
Damien Wilson,9560,LB,KC,11,12,4.3,0,0,16,52.3,51.7,58.6,64.2,51.9,69.4,10.8,4,2,256,270,5.5,14,21
Grady Jarrett,9570,DI,ATL,11,8,1.5,1,1,2,59.3,83.3,49.2,82.0,74.8,41.5,14.6,6,3,225,233,8.0,18,27
Adrian Amos,9575,S,GB,11,3,7.6,0,0,12,70.3,71.9,82.7,62.4,70.7,78.5,7.7,2,0,268,275,2.2,6,21
MyCole Pruitt,9576,TE,TEN,1,0,,0,0,31,,61.6,60.1,,60.0,,,0,2,1,1,0.0,0,0
Bobby McCain,9578,S,MIA,9,3,12.2,1,0,17,69.6,63.6,13.1,54.0,53.3,29.2,29.4,5,2,229,239,0.9,2,9
Tyeler Davison,9587,DI,ATL,11,13,2.4,0,0,2,58.5,72.9,36.7,65.6,75.3,59.0,7.1,3,3,222,232,7.7,17,26
David Mayo,9602,LB,NYG,9,8,2.5,0,0,21,54.9,73.1,83.3,68.3,82.1,66.6,2.9,1,0,179,185,12.8,23,26
D.J. Alexander,9605,LB,JAX,2,1,0.5,0,0,15,70.1,69.3,73.5,,60.1,60.5,0.0,0,0,13,14,7.7,1,2
Quandre Diggs,9633,S,SEA,7,3,7.9,0,0,29,65.1,66.9,41.8,58.5,71.3,32.5,16.7,3,1,149,152,1.3,2,12
Anthony Chickillo,9645,ED,PIT,6,0,3.0,0,0,25,58.5,61.1,81.0,58.4,61.5,43.5,20.0,1,0,41,42,7.3,3,4
Christian Covington,9649,DI,DAL,11,1,1.7,0,0,9,57.2,62.1,64.6,55.0,69.1,34.1,14.3,2,1,119,125,7.6,9,11
Rakeem Nunez-Roches,9650,DI,TB,11,3,2.2,0,0,30,,61.3,6.6,65.7,64.4,73.4,0.0,0,3,83,85,4.8,4,5
Bryce Hager,9657,LB,LA,4,2,3.0,0,0,26,42.3,64.7,73.5,68.6,79.3,63.2,0.0,0,0,35,37,11.4,4,5
Mark Nzeocha,9669,LB,SF,2,0,5.5,0,0,28,60.6,56.4,71.8,,55.0,75.1,0.0,0,0,14,15,0.0,0,2
Darryl Roberts,9680,CB,NYJ,8,2,5.8,1,0,22,54.6,53.1,23.3,66.6,52.5,63.4,14.3,1,7,207,214,0.0,0,4
Akeem King,9682,S,SEA,3,0,1.0,0,0,29,45.3,50.4,79.9,71.6,70.5,80.8,0.0,0,0,20,22,5.0,1,1
Jermaine Whitehead,9698,S,CLV,8,6,7.2,1,1,8,51.7,40.0,19.8,51.5,30.7,29.4,28.6,8,3,207,216,2.9,6,14
Xavier Williams,9809,DI,KC,5,0,3.9,0,1,16,59.8,31.1,0.0,57.5,37.4,26.4,30.0,3,3,50,55,8.0,4,7
Neville Hewitt,9836,LB,NYJ,7,8,3.6,0,0,22,45.6,48.5,85.5,86.0,43.9,32.1,24.2,8,0,153,157,7.8,12,17
Troy Hill,9881,CB,LA,10,4,5.8,0,0,26,70.7,76.0,84.5,91.6,80.4,75.9,0.0,0,2,171,176,2.3,4,8
Justin Coleman,9892,CB,DET,11,2,10.0,1,0,11,54.2,57.3,87.7,92.5,52.3,45.3,33.3,2,6,232,235,0.4,1,2
Anthony Harris,9895,S,MIN,10,4,7.1,0,0,18,84.6,82.4,56.5,63.6,68.3,79.6,10.0,2,3,200,204,2.0,4,14
James Vaughters,9934,ED,CHI,3,0,3.0,0,0,6,65.8,60.0,75.8,51.8,60.7,74.0,0.0,0,0,12,13,8.3,1,1
Deshazor Everett,9940,S,WAS,5,2,0.0,0,0,32,29.8,28.7,72.5,,39.1,28.8,40.0,2,0,19,21,5.3,1,1
Dean Marlowe,9966,S,BUF,5,0,5.0,0,0,4,64.9,68.7,77.0,64.0,69.3,78.2,0.0,0,0,24,25,4.2,1,2
Rod Smith,9996,HB,TEN,1,0,,0,0,31,,60.0,60.0,,60.0,,,0,0,1,1,0.0,0,0
Olsen Pierre,10010,DI,NYG,9,0,1.0,0,0,21,60.0,57.5,82.1,51.3,62.9,26.9,42.9,3,0,60,61,6.7,4,4
De'Vante Bausby,10057,CB,DEN,3,2,5.3,1,0,10,72.3,67.9,80.1,,50.6,46.1,14.3,1,1,60,65,5.0,3,4
Justin March-Lillard,10065,LB,DAL,3,0,,0,0,9,65.9,60.0,72.0,,53.7,,,0,0,7,7,0.0,0,0
Quinton Dunbar,10073,CB,WAS,9,1,8.0,0,0,32,89.9,88.8,86.6,,71.4,81.8,0.0,0,0,210,219,1.4,3,9
Adam Humphries,10075,WR,TEN,1,0,,0,0,31,,60.0,60.0,,60.0,,,0,0,1,1,0.0,0,0
Curtis Riley,10109,S,OAK,6,1,7.9,0,0,23,50.8,54.5,79.5,59.2,68.1,77.9,9.1,1,0,53,54,7.5,4,9
T.Y. McGill,10156,DI,LAC,2,1,,0,0,27,59.9,41.0,75.2,63.6,39.3,68.4,0.0,0,0,10,11,0.0,0,0
Efe Obada,10235,ED,CAR,11,5,3.6,0,0,5,63.3,66.6,55.7,70.4,55.0,77.1,0.0,0,1,73,74,2.7,2,7
Erik Harris,10346,S,OAK,10,2,9.4,0,0,23,68.9,68.3,88.6,53.7,61.6,54.9,16.7,4,2,210,223,1.9,4,18
Joey Bosa,10637,ED,LAC,11,5,1.6,1,0,27,60.6,89.5,45.6,90.8,68.5,65.7,5.3,2,4,228,238,10.5,24,31
Jalen Ramsey,10639,CB,LA,8,1,11.6,0,1,26,60.9,64.2,85.6,,74.9,74.9,0.0,0,2,194,199,1.0,2,7
DeForest Buckner,10641,DI,SF,11,9,2.3,0,0,28,66.8,78.8,72.5,73.2,71.5,71.8,3.2,1,1,180,187,9.4,17,21
Leonard Floyd,10643,ED,CHI,11,4,2.6,0,0,6,61.4,71.8,76.3,65.2,74.7,50.8,10.0,2,2,218,224,5.0,11,14
Eli Apple,10644,CB,NO,11,1,10.1,1,1,20,68.2,71.9,86.7,71.9,81.8,67.3,11.1,1,5,213,217,0.5,1,7
Vernon Hargreaves III,10645,CB,HST,10,5,2.0,2,0,13,47.0,50.4,87.2,50.9,68.2,58.2,18.2,2,4,192,195,1.6,3,4
Sheldon Rankins,10646,DI,NO,8,4,2.6,0,0,20,58.9,59.7,57.5,58.3,63.4,74.7,0.0,0,1,71,72,5.6,4,5
Karl Joseph,10648,S,OAK,9,5,4.1,0,0,23,64.7,69.9,47.9,71.3,78.1,66.5,11.5,3,2,205,220,3.9,8,18
Keanu Neal,10651,S,ATL,3,1,5.0,0,0,2,42.0,43.1,2.7,86.7,54.3,65.2,33.3,2,3,67,72,1.5,1,3
Shaq Lawson,10653,ED,BUF,11,1,0.2,0,0,4,60.5,69.1,33.7,71.9,64.6,28.2,35.3,6,3,121,127,8.3,10,10
Darron Lee,10654,LB,KC,7,2,5.0,0,0,16,29.0,35.4,77.2,69.8,53.8,32.7,23.1,3,0,74,78,2.7,2,8
William Jackson III,10658,CB,CIN,10,1,15.0,1,0,7,61.0,57.9,86.2,55.0,43.6,55.7,40.0,2,1,285,293,0.0,0,2
Artie Burns,10659,CB,PIT,1,1,,0,0,25,64.1,61.1,0.0,,65.0,80.2,0.0,0,1,13,13,0.0,0,0
Kenny Clark,10661,DI,GB,11,11,2.2,0,0,12,53.6,69.2,27.4,77.0,63.0,45.0,8.3,3,5,222,229,7.7,17,22
Robert Nkemdiche,10663,DI,MIA,2,0,,0,0,17,,26.7,75.0,57.2,27.2,,,0,0,12,12,0.0,0,0
Vernon Butler,10664,DI,CAR,9,0,2.9,0,0,5,60.0,62.8,84.6,63.6,57.2,64.0,7.7,1,0,105,107,8.6,9,12
Emmanuel Ogbah,10666,ED,KC,10,3,2.1,0,0,16,69.2,70.1,88.9,62.6,67.4,57.9,8.0,2,0,141,150,10.6,15,20
Jaylon Smith,10668,LB,DAL,11,9,3.8,0,1,9,55.9,71.9,30.3,69.8,90.2,84.7,7.3,4,4,227,239,10.1,23,42
Myles Jack,10670,LB,JAX,11,12,4.4,3,0,15,45.7,45.9,0.0,62.1,55.8,47.5,15.9,7,8,234,238,6.4,15,25
Chris Jones,10671,DI,KC,8,4,2.7,0,0,16,57.0,81.3,36.6,87.6,66.3,57.7,0.0,0,3,128,137,5.5,7,12
Xavien Howard,10672,CB,MIA,5,0,4.5,3,0,17,57.0,56.5,28.9,60.0,54.5,53.9,33.3,2,5,153,160,1.3,2,4
Noah Spence,10673,ED,WAS,7,2,2.0,0,0,32,62.3,61.8,80.1,68.1,51.5,52.7,25.0,1,0,42,44,0.0,0,1
Reggie Ragland,10675,LB,KC,9,3,2.0,0,0,16,55.1,62.0,80.5,57.5,68.0,84.3,0.0,0,0,68,70,10.3,7,8
Kamalei Correa,10676,ED,TEN,11,5,2.8,1,0,31,90.0,67.2,13.0,56.0,68.4,81.7,0.0,0,3,117,123,3.4,4,6
Austin Johnson,10677,DI,TEN,11,3,2.2,0,0,31,60.0,61.8,83.4,54.8,67.0,55.6,0.0,0,0,92,96,5.4,5,6
Jihad Ward,10678,DI,BLT,8,1,2.8,0,0,3,48.4,56.4,84.1,55.9,62.8,52.6,16.7,1,0,62,64,4.8,3,4
A'Shawn Robinson,10680,DI,DET,11,7,3.4,0,1,11,60.0,57.9,70.7,51.7,62.8,52.4,6.1,2,1,194,197,8.2,16,24
Jarran Reed,10683,DI,SEA,5,4,-0.2,0,0,29,71.2,65.4,58.7,56.1,71.4,74.6,0.0,0,1,81,84,7.4,6,6
Deion Jones,10686,LB,ATL,11,13,4.8,0,0,2,77.2,77.3,84.3,62.4,69.9,61.6,10.7,6,0,260,271,6.5,17,37
Mackensie Alexander,10688,CB,MIN,8,2,2.0,0,0,18,66.6,68.6,82.6,75.8,66.1,86.8,0.0,0,0,77,77,1.3,1,1
Sean Davis,10692,S,PIT,1,0,21.0,0,0,25,55.8,48.7,0.0,,57.7,35.6,0.0,0,1,19,20,0.0,0,1
Cyrus Jones,10694,CB,DEN,2,0,,0,0,10,54.8,55.7,71.7,,60.0,75.4,,0,0,4,4,0.0,0,0
Vonn Bell,10695,S,NO,11,5,4.6,2,2,20,47.0,61.5,34.8,85.2,90.5,67.1,11.1,3,5,217,221,5.5,12,19
James Bradberry,10696,CB,CAR,10,1,5.8,1,0,5,68.8,65.6,86.2,77.9,39.3,64.3,28.6,4,3,236,242,1.3,3,9
Adam Gotsis,10697,DI,DEN,7,1,2.1,0,0,10,60.0,60.2,82.6,48.3,64.6,25.4,25.0,4,0,126,132,7.1,9,11
Kevin Byard,10698,S,TEN,11,5,11.9,0,0,31,72.1,78.4,82.6,64.1,89.4,90.8,0.0,0,1,254,267,2.0,5,19
Carl Nassib,10699,ED,TB,9,3,0.1,0,0,30,63.1,68.1,44.7,61.7,76.7,42.0,22.7,5,3,135,138,9.6,13,14
Maliek Collins,10701,DI,DAL,11,1,0.6,1,0,9,62.2,67.0,23.9,76.8,56.2,50.4,14.3,2,5,174,184,4.6,8,11
Will Redmond,10702,S,GB,8,1,9.6,0,0,12,52.4,56.1,80.1,51.9,69.3,43.6,7.7,1,0,94,95,3.2,3,11
Yannick Ngakoue,10703,ED,JAX,10,2,1.3,0,0,15,78.2,76.0,48.3,76.3,63.5,32.5,22.2,6,3,170,173,9.4,16,19
Bronson Kaufusi,10704,ED,NYJ,3,0,2.3,0,0,22,60.0,55.5,80.1,53.1,58.6,72.7,0.0,0,0,27,28,11.1,3,3
Darian Thompson,10705,S,DAL,8,6,4.1,0,0,9,58.8,56.4,17.5,56.5,57.5,42.7,14.3,3,1,92,95,7.6,7,12
Jonathan Bullard,10706,DI,ARZ,8,2,1.7,1,0,1,60.0,55.9,40.9,58.4,57.6,32.2,15.0,3,2,130,135,9.2,12,15
Shilique Calhoun,10709,ED,NE,8,2,3.8,0,0,19,64.9,60.5,24.6,60.9,64.8,48.1,14.3,1,2,42,44,4.8,2,4
Daryl Worley,10711,CB,OAK,11,3,4.4,1,0,23,73.7,71.7,87.5,59.1,55.5,57.3,33.3,4,2,248,263,1.2,3,5
Jordan Jenkins,10717,ED,NYJ,9,3,5.6,0,0,22,67.0,74.3,87.0,71.1,64.3,71.9,0.0,0,0,115,117,3.5,4,7
Kendall Fuller,10718,CB,KC,6,3,5.0,0,0,16,60.5,62.3,82.9,67.2,62.2,89.9,0.0,0,0,92,96,4.3,4,9
Nick Vigil,10721,LB,CIN,11,18,4.1,0,0,7,60.7,53.8,56.5,54.1,50.8,53.6,13.6,9,1,329,338,7.0,23,39
Kyler Fackrell,10722,ED,GB,11,2,1.5,0,0,12,68.7,63.3,84.2,63.2,51.7,32.7,33.3,3,0,78,79,2.6,2,4
Javon Hargrave,10723,DI,PIT,11,11,3.8,0,0,25,60.0,87.7,70.3,82.7,77.6,79.3,2.9,1,1,185,192,7.6,14,23
Justin Simmons,10732,S,DEN,11,8,8.5,0,0,10,90.5,90.8,81.4,53.8,82.8,89.7,0.0,0,0,292,301,3.1,9,26
Joe Schobert,10733,LB,CLV,11,17,4.1,0,0,8,77.0,72.0,85.0,70.0,57.7,62.5,7.9,5,0,262,275,9.9,26,41
Sheldon Day,10737,DI,SF,11,2,1.8,0,0,28,60.2,55.1,83.3,49.9,58.1,55.0,12.5,1,0,90,93,5.6,5,5
Eric Murray,10740,CB,CLV,7,1,2.4,1,0,8,59.1,61.2,0.0,66.5,79.0,45.8,15.4,2,4,115,117,7.8,9,10
Ryan Smith,10742,CB,TB,1,0,,0,0,30,43.8,42.8,82.2,,60.0,72.8,,0,0,1,1,0.0,0,0
B.J. Goodson,10743,LB,GB,9,7,4.8,0,0,12,58.4,60.2,76.3,71.5,58.7,78.8,4.8,1,0,116,120,6.0,7,13
Miles Killebrew,10745,LB,DET,1,0,,0,0,11,65.7,57.7,72.3,56.9,56.0,29.4,,0,0,2,2,0.0,0,0
Nick Kwiatkoski,10747,LB,CHI,5,3,4.0,0,0,6,70.7,77.4,78.2,88.4,65.4,69.5,9.1,1,0,71,71,4.2,3,7
De'Vondre Campbell,10749,LB,ATL,11,12,4.5,2,1,2,41.1,49.4,64.8,54.7,62.7,76.9,6.7,3,4,271,281,6.3,17,30
Hassan Ridgeway,10750,DI,PHI,7,2,-0.5,0,0,24,57.5,57.3,57.0,63.4,54.9,51.5,25.0,2,1,97,100,4.1,4,4
Juston Burris,10752,S,CLV,8,0,7.3,0,0,8,64.6,71.1,81.1,67.9,76.4,67.3,20.0,1,1,74,79,2.7,2,4
David Onyemata,10754,DI,NO,10,3,2.2,0,0,20,50.0,63.8,48.2,64.9,73.4,42.0,4.3,1,3,110,111,12.7,14,19
Andrew Billings,10756,DI,CIN,11,3,1.8,0,0,7,50.6,76.0,73.0,67.3,75.7,35.4,13.0,3,2,243,248,4.5,11,17
Deon Bush,10758,S,CHI,4,0,,0,0,6,69.8,68.4,74.0,,58.4,77.7,,0,0,6,6,0.0,0,0
Blake Martinez,10765,LB,GB,11,22,4.5,0,0,12,57.5,57.1,85.9,65.6,54.6,62.8,10.4,8,0,268,275,9.3,25,47
Dean Lowry,10771,DI,GB,11,8,2.0,0,0,12,,58.6,70.7,55.2,60.7,34.0,11.8,4,1,209,215,8.6,18,22
Ronald Blair III,10776,ED,SF,9,3,1.9,0,0,28,62.5,77.5,59.8,70.5,74.0,61.2,11.8,2,1,80,85,11.3,9,12
Matthew Judon,10780,ED,BLT,11,3,1.0,0,0,3,56.4,69.5,60.4,75.7,58.0,50.0,14.3,3,2,153,159,7.2,11,15
Quinton Jefferson,10781,DI,SEA,9,3,1.8,0,0,29,57.4,77.4,85.5,64.0,85.8,27.6,20.0,4,1,106,109,9.4,10,13
Paul Perkins,10783,HB,DET,1,0,,0,0,11,,60.0,60.0,,60.0,,,0,0,1,1,0.0,0,0
Matt Ioannidis,10786,DI,WAS,11,10,3.0,0,0,32,60.0,70.5,50.8,70.8,68.1,43.5,10.6,5,2,276,288,8.0,22,32
LeShaun Sims,10791,CB,TEN,6,0,6.4,0,0,31,44.3,48.1,84.3,57.5,70.7,36.5,16.7,1,2,62,64,1.6,1,5
Kentrell Brothers,10794,LB,MIN,1,0,,0,0,18,35.3,29.9,69.4,,60.0,73.8,,0,0,1,1,0.0,0,0
D.J. Reader,10800,DI,HST,11,7,2.0,1,0,13,65.7,86.3,55.4,75.0,83.2,62.7,6.5,2,2,179,187,10.1,18,22
Marqui Christian,10801,S,LA,9,2,5.5,1,0,26,70.9,59.8,26.7,74.6,28.0,34.2,46.7,7,1,70,71,5.7,4,6
Jatavis Brown,10809,LB,LAC,3,0,3.0,0,0,27,30.6,28.9,74.8,69.0,29.1,26.0,50.0,1,0,21,22,0.0,0,1
Devante Bond,10817,ED,TB,4,0,2.0,0,0,30,47.0,41.7,0.0,47.9,71.1,74.2,0.0,0,1,6,6,33.3,2,2
DeAndre Houston-Carson,10819,S,CHI,1,0,,0,0,6,60.0,60.2,64.5,,60.0,,,0,0,1,1,0.0,0,0
Jakeem Grant,10820,WR,MIA,1,0,60.0,1,0,17,,63.9,60.0,,62.5,71.4,0.0,0,2,1,1,0.0,0,1
Anthony Brown,10823,CB,DAL,7,3,1.6,0,0,9,61.7,63.9,83.1,51.4,72.3,42.7,20.0,2,2,74,79,5.4,4,5
Anthony Zettel,10836,ED,CIN,3,2,,0,0,7,58.8,57.1,80.1,54.5,60.0,25.8,60.0,3,0,30,30,0.0,0,0
Jordan Lucas,10838,S,KC,4,1,4.0,0,0,16,38.3,31.7,79.4,,48.4,25.8,33.3,1,0,11,11,9.1,1,1
Kamu Grugier-Hill,10842,LB,PHI,8,2,4.1,1,0,24,61.5,63.0,25.8,52.1,67.6,30.0,18.8,3,1,117,124,5.1,6,11
Maurice Canady,10843,CB,NYJ,6,0,12.0,1,0,22,60.9,60.8,81.7,,56.8,77.7,25.0,1,3,40,43,0.0,0,3
Kavon Frazier,10846,S,DAL,3,0,3.0,0,0,9,66.6,74.9,74.2,,72.4,78.6,0.0,0,0,6,6,33.3,2,3
Elandon Roberts,10848,LB,NE,10,5,3.9,0,0,19,61.8,64.9,0.0,83.9,60.7,78.6,0.0,0,1,86,89,5.8,5,8
Will Parks,10853,S,DEN,7,2,3.7,0,0,10,55.2,52.4,85.5,58.3,47.2,38.2,38.5,5,0,97,103,4.1,4,6
Stephen Weatherly,10861,ED,MIN,10,1,1.0,2,0,18,53.3,50.1,28.1,56.2,55.8,62.5,0.0,0,3,53,54,9.4,5,6
Jalen Mills,10867,CB,PHI,5,2,5.2,1,0,24,67.2,64.5,82.0,59.1,50.8,50.4,20.0,2,2,103,109,1.9,2,6
Jayron Kearse,10878,CB,MIN,7,1,4.6,0,0,18,85.1,89.9,81.1,64.9,82.9,88.2,0.0,0,0,60,60,6.7,4,8
Clayton Fejedelem,10879,S,CIN,5,0,5.7,0,0,7,68.2,63.8,0.0,54.2,65.3,83.4,0.0,0,1,27,27,3.7,1,3
Tyler Matakevich,10880,LB,PIT,3,0,3.0,0,0,25,74.8,78.6,68.0,,63.9,73.8,0.0,0,0,4,5,25.0,1,1
Joe Walker,10885,LB,ARZ,8,4,1.4,0,0,1,47.6,46.6,80.3,47.2,53.1,49.4,13.3,2,1,117,122,6.8,8,9
Mike Hilton,10898,CB,PIT,11,2,1.3,2,0,25,72.1,70.2,45.8,64.0,61.9,61.8,7.7,1,5,143,151,6.3,9,10
Jarrod Wilson,10902,S,JAX,11,6,10.4,0,1,15,68.3,66.0,85.5,59.1,56.4,68.1,19.2,5,0,269,274,1.9,5,15
Chris Milton,10914,CB,TEN,1,0,,0,0,31,,60.0,68.1,,60.0,,,0,0,3,3,0.0,0,0
Chester Rogers,10918,WR,IND,1,0,,0,0,14,,59.9,60.0,,60.0,,,0,1,1,1,0.0,0,0
Cassanova McKinzy,10938,ED,WAS,3,0,,0,0,32,62.1,44.4,77.1,54.4,38.6,70.5,,0,0,12,14,0.0,0,0
Matthias Farley,10953,S,NYJ,1,0,,0,0,22,60.0,26.2,92.7,,60.0,,,0,0,2,2,0.0,0,0
Kyle Peko,11027,DI,BUF,4,2,1.0,0,0,4,,54.4,18.3,57.8,58.9,42.1,0.0,0,1,48,52,4.2,2,2
Sharrod Neasman,11050,S,ATL,1,0,,0,0,2,49.4,47.2,67.5,,60.0,,,0,0,3,3,0.0,0,0
Brian Poole,11052,CB,NYJ,11,4,3.7,2,0,22,80.0,79.0,85.8,51.6,70.7,62.9,19.0,4,3,174,180,4.0,7,13
Trevon Coley,11093,DI,IND,4,1,,0,0,14,56.7,52.7,73.1,56.7,67.8,26.3,0.0,0,0,7,7,0.0,0,0
Patrick Onwuasor,11100,LB,BLT,9,2,4.1,0,0,3,52.9,46.3,83.0,52.8,43.6,43.6,11.8,2,0,117,121,3.4,4,13
Michael Pierce,11101,DI,BLT,9,3,1.9,0,0,3,62.8,68.1,63.1,65.6,65.4,75.9,0.0,0,1,111,117,11.7,13,15
Reggie Gilbert,11147,ED,TEN,8,3,1.3,0,0,31,63.5,65.3,84.1,58.6,67.1,49.8,18.2,2,0,87,90,5.7,5,6
Brennan Scarlett,11169,ED,HST,10,6,4.1,2,0,13,51.8,60.6,20.9,66.1,64.0,66.0,5.3,1,3,140,145,4.3,6,12
Morgan Fox,11184,DI,LA,11,2,3.1,0,0,26,60.0,58.0,83.0,65.9,47.4,47.7,10.0,1,0,77,78,5.2,4,7
Cory Littleton,11190,LB,LA,11,14,5.0,0,0,26,85.7,78.6,60.8,77.7,59.1,90.7,0.0,0,1,299,307,5.4,16,29
James Burgess,11202,LB,NYJ,5,5,0.6,0,0,22,51.2,48.8,34.0,65.8,49.2,40.4,26.3,5,2,105,110,7.6,8,9
Jonathan Jones,11217,CB,NE,11,3,13.7,1,1,19,82.7,84.2,45.9,57.4,87.9,90.8,0.0,0,1,102,106,2.0,2,6
Ken Crawley,11224,CB,MIA,4,0,0.0,2,0,17,53.3,55.7,0.0,,77.8,28.8,0.0,0,3,60,64,1.7,1,1
Mitchell Loewen,11232,DI,NO,1,0,,0,0,20,63.1,47.1,0.0,56.2,53.3,68.7,,0,1,4,4,0.0,0,0
Andrew Adams,11240,S,TB,7,1,11.0,1,0,30,58.2,56.7,32.1,57.5,57.7,65.3,20.0,3,2,107,112,2.8,3,11
Romeo Okwara,11250,ED,DET,9,5,2.9,0,1,11,71.0,70.8,87.0,63.4,67.9,45.2,17.6,3,0,132,133,4.5,6,9
Doug Middleton,11262,S,MIA,1,0,,0,0,17,62.8,53.2,71.2,,60.0,23.8,100.0,1,0,1,1,0.0,0,0
Brandin Bryant,11280,DI,CLV,1,0,2.0,0,0,8,,67.9,76.3,53.8,72.9,67.6,0.0,0,0,7,7,14.3,1,1
Steve Longa,11285,LB,DET,1,0,,0,0,11,,60.0,60.0,,60.0,,,0,0,1,1,0.0,0,0
Kevin Peterson,11302,CB,ARZ,7,0,,2,0,1,63.9,61.3,82.7,52.4,42.2,53.5,100.0,2,2,52,53,0.0,0,0
Rolan Milligan,11303,CB,IND,2,0,1.0,0,0,14,70.4,66.7,78.6,50.7,58.8,47.3,0.0,0,0,14,14,14.3,2,2
Pete Robertson,11317,ED,ARZ,2,0,,0,0,1,60.8,57.6,71.4,55.4,59.9,,,0,0,2,2,0.0,0,0
Antwaun Woods,11332,DI,DAL,8,5,3.4,0,0,9,58.8,56.0,15.2,48.5,68.2,28.5,17.6,3,3,120,125,5.8,7,9
Roy Robertson-Harris,11341,DI,CHI,11,1,2.3,0,0,6,60.0,71.7,85.1,66.2,68.2,34.9,20.0,4,0,139,143,7.9,11,15
Antonio Hamilton,11353,CB,NYG,2,0,6.0,1,0,21,31.9,36.9,76.0,,66.1,37.0,0.0,0,1,15,16,0.0,0,1
Tony McRae,11358,CB,CIN,8,1,0.7,0,0,7,46.3,47.6,81.2,62.6,51.8,37.3,20.0,1,0,70,71,4.3,3,3
Branden Jackson,11394,ED,SEA,10,1,2.3,0,0,29,62.9,52.7,42.7,48.1,64.1,76.4,0.0,0,2,100,109,8.0,8,8
Javien Elliott,11418,CB,CAR,8,2,2.2,0,0,5,66.4,66.3,83.4,76.2,48.8,62.3,22.2,2,0,62,64,6.5,4,5
Myles Garrett,11756,ED,CLV,10,4,3.1,2,0,8,35.2,86.5,18.9,91.6,63.0,67.7,5.0,1,7,200,211,5.5,11,15
Solomon Thomas,11758,ED,SF,11,3,1.8,0,0,28,70.9,59.6,19.9,66.1,53.7,56.6,8.3,1,4,103,107,5.8,6,8
Jamal Adams,11761,S,NYJ,11,8,5.7,0,0,22,88.4,89.9,0.0,91.5,79.3,87.5,3.3,1,6,264,273,5.3,14,21
Marshon Lattimore,11766,CB,NO,9,0,4.6,1,0,20,70.2,69.5,87.0,60.0,56.9,74.2,16.7,1,2,165,168,1.8,3,5
Haason Reddick,11768,LB,ARZ,11,11,3.3,0,0,1,29.5,37.9,85.6,74.0,51.6,39.5,22.0,9,1,174,183,8.0,14,21
Derek Barnett,11769,ED,PHI,11,1,3.3,0,0,24,58.5,55.1,22.3,58.5,61.2,55.2,6.7,1,6,178,186,5.1,9,13
Malik Hooker,11770,S,IND,8,4,11.5,0,0,14,79.1,81.7,87.9,,74.4,55.9,11.8,2,0,150,159,3.3,5,11
Marlon Humphrey,11771,CB,BLT,11,3,3.3,2,0,3,78.5,73.7,29.7,48.4,59.5,51.3,21.4,3,7,207,214,2.4,5,8
Jonathan Allen,11772,DI,WAS,10,9,3.8,0,0,32,66.5,53.8,68.8,60.3,48.0,63.9,5.9,2,2,217,226,6.9,15,23
Adoree' Jackson,11773,CB,TEN,10,1,1.0,0,0,31,76.0,77.1,86.3,51.1,76.4,64.5,14.3,1,2,163,172,2.5,4,5
Jarrad Davis,11776,LB,DET,9,7,3.3,0,2,11,31.1,43.3,0.0,76.2,61.2,56.5,2.6,1,4,216,218,9.3,20,30
Charles Harris,11777,ED,MIA,11,4,2.5,0,0,17,76.3,62.0,70.4,61.7,56.2,64.0,6.7,1,1,168,175,3.0,5,10
Gareon Conley,11779,CB,HST,10,4,8.5,0,0,13,65.7,62.6,55.1,,48.9,75.4,27.3,3,3,218,227,0.5,1,4
Jabrill Peppers,11780,S,NYG,11,7,5.7,1,1,21,66.7,64.3,57.1,83.9,54.2,54.4,17.3,9,3,296,306,6.4,19,36
Takkarist McKinley,11781,ED,ATL,11,4,2.6,0,0,2,51.9,65.3,87.3,63.9,62.7,39.8,13.0,3,0,190,198,6.3,12,16
Tre'Davious White,11782,CB,BUF,11,4,2.5,0,0,4,77.4,77.1,86.5,71.4,64.4,61.0,12.5,2,4,235,248,2.6,6,10
Taco Charlton,11783,ED,MIA,8,5,3.1,0,0,17,56.7,51.8,68.4,57.3,48.4,71.4,7.1,1,1,124,130,4.0,5,8
T.J. Watt,11785,ED,PIT,11,5,1.7,0,1,25,75.2,91.0,56.5,91.8,67.5,29.7,25.9,7,3,232,243,5.6,13,15
Kevin King,11788,CB,GB,11,2,4.6,2,1,12,55.3,55.6,51.4,83.4,55.1,38.6,35.7,5,3,204,209,2.0,4,7
Budda Baker,11791,S,ARZ,11,15,6.1,0,0,1,65.2,70.9,60.5,66.4,79.6,80.5,7.3,4,1,276,285,8.3,23,36
Marcus Maye,11794,S,NYJ,11,2,9.8,0,0,22,78.9,79.5,87.2,53.5,75.2,61.1,15.4,4,0,260,269,1.5,4,20
Marcus Williams,11797,S,NO,11,1,8.9,0,1,20,89.7,90.3,88.9,68.5,82.9,67.0,7.1,1,1,217,221,2.3,5,12
Sidney Jones,11798,CB,PHI,6,1,4.5,0,0,24,57.2,56.0,81.5,55.8,49.8,59.9,0.0,0,2,64,66,1.6,1,2
Quincy Wilson,11801,CB,IND,5,0,4.0,0,0,14,47.1,45.0,79.9,58.1,35.0,82.0,0.0,0,3,11,11,9.1,1,2
Tyus Bowser,11802,ED,BLT,10,1,3.8,0,0,3,57.7,65.0,57.8,67.2,60.9,80.2,0.0,0,1,47,49,6.4,3,4
Ryan Anderson,11804,ED,WAS,11,3,2.5,1,0,32,61.3,57.0,6.4,64.7,58.6,83.6,0.0,0,4,143,147,7.0,10,14
DeMarcus Walker,11806,DI,DEN,8,5,2.4,0,0,10,62.9,67.0,81.7,60.2,65.8,47.1,16.7,3,0,79,82,7.6,6,10
Raekwon McMillan,11809,LB,MIA,10,10,3.9,0,0,17,42.7,65.7,46.0,62.2,78.9,61.2,7.8,4,1,215,225,11.6,25,37
Dalvin Tomlinson,11810,DI,NYG,11,11,1.1,0,0,21,60.0,77.1,87.3,61.0,77.5,44.9,9.4,3,0,204,209,8.3,17,18
Zach Cunningham,11812,LB,HST,11,14,3.0,0,0,13,57.1,68.0,55.3,60.7,80.9,60.4,9.1,6,1,224,233,13.4,30,46
Tanoh Kpassagnon,11814,ED,KC,11,1,3.8,0,0,16,55.3,56.1,89.1,54.4,57.5,42.3,17.6,3,0,148,153,4.7,7,13
Chidobe Awuzie,11815,CB,DAL,11,4,8.4,1,0,9,63.6,66.0,31.2,56.2,81.1,63.1,10.0,2,5,244,256,2.9,7,14
Larry Ogunjobi,11820,DI,CLV,10,5,1.8,2,0,8,65.4,53.6,14.6,60.7,56.0,59.8,4.2,1,6,201,213,7.0,14,18
Ahkello Witherspoon,11821,CB,SF,5,1,5.0,0,0,28,78.9,75.7,16.0,,61.5,46.4,25.0,1,1,76,78,1.3,1,2
Dawuane Smoot,11823,ED,JAX,11,3,2.4,0,0,15,57.8,43.5,85.7,49.9,41.5,47.6,9.1,1,0,80,82,5.0,4,7
Jordan Willis,11828,ED,NYJ,5,0,1.0,0,0,22,39.6,73.4,82.7,85.4,54.8,48.2,33.3,1,0,27,28,7.4,2,2
Chris Wormley,11829,DI,BLT,11,8,1.3,0,0,3,60.0,67.8,84.6,54.1,74.0,63.4,0.0,0,0,117,120,5.1,6,7
Duke Riley,11830,LB,PHI,4,0,0.0,0,0,24,47.6,64.0,67.5,60.0,74.2,73.3,0.0,0,0,9,9,11.1,1,1
Alex Anzalone,11831,LB,NO,2,0,3.0,0,0,20,49.0,49.1,77.5,68.8,51.7,80.2,0.0,0,0,5,7,20.0,1,1
Daeshon Hall,11832,ED,PHI,2,0,0.5,0,0,24,60.0,69.3,77.1,75.0,55.9,73.0,0.0,0,0,8,8,25.0,2,2
Tim Williams,11833,ED,GB,3,0,2.0,0,0,12,61.5,55.6,16.6,68.4,38.8,73.9,0.0,0,1,12,13,16.7,2,2
Tarell Basham,11835,ED,NYJ,11,2,1.4,0,0,22,52.7,65.8,86.4,63.7,66.8,33.7,14.3,2,0,124,128,7.3,9,10
Fabian Moreau,11836,CB,WAS,9,4,9.7,0,0,32,54.4,50.8,84.7,,35.2,47.0,31.3,5,4,189,199,0.5,1,7
Shaquill Griffin,11845,CB,SEA,11,2,3.6,0,0,29,80.8,79.4,88.0,57.6,64.5,55.0,29.4,5,1,225,236,3.1,7,10
Jourdan Lewis,11846,CB,DAL,9,1,5.3,1,0,9,74.5,75.3,83.8,60.2,72.3,78.4,0.0,0,1,81,84,2.5,2,4
John Johnson III,11847,S,LA,6,11,4.8,0,0,26,56.9,53.5,80.2,65.9,47.1,46.6,24.2,8,1,153,157,4.6,7,14
Montravius Adams,11848,DI,GB,9,4,3.5,0,0,12,60.0,43.9,82.4,55.5,39.4,73.7,0.0,0,0,63,66,6.3,4,6
Delano Hill,11849,S,SEA,4,1,4.0,0,0,29,68.7,59.5,80.5,69.4,29.8,51.9,33.3,1,0,41,43,2.4,1,1
Cameron Sutton,11850,CB,PIT,8,0,,0,0,25,77.9,77.5,80.1,60.0,66.3,64.4,,0,1,27,28,0.0,0,0
Rasul Douglas,11854,CB,PHI,11,3,3.7,2,0,24,52.9,55.6,85.3,60.0,65.9,59.4,14.3,2,5,143,152,4.2,6,9
Trey Hendrickson,11858,ED,NO,8,0,0.7,1,0,20,44.0,53.0,14.8,64.9,51.6,31.5,40.0,2,4,58,59,5.2,3,3
Vince Biegel,11863,ED,MIA,11,13,4.6,0,0,17,73.9,65.3,67.3,64.4,57.2,49.3,11.8,4,1,152,161,5.3,8,17
Jaleel Johnson,11864,DI,MIN,11,4,3.2,0,0,18,59.0,58.8,85.5,54.7,60.3,75.1,6.3,1,0,98,100,8.2,8,11
Tedric Thompson,11866,S,SEA,6,2,7.0,0,0,29,48.3,46.6,84.5,,46.5,62.0,33.3,2,1,113,121,0.0,0,2
Eddie Jackson,11867,S,CHI,11,2,5.4,0,0,6,61.8,63.8,33.1,68.8,69.8,48.9,12.0,3,2,268,276,3.4,9,20
Rayshawn Jenkins,11868,S,LAC,11,6,12.7,0,0,27,79.3,71.5,47.2,61.2,49.0,45.5,26.7,8,1,269,281,1.9,5,16
Carl Lawson,11871,ED,CIN,7,2,3.5,0,0,7,62.1,60.7,62.2,61.1,58.4,46.2,25.0,2,1,87,91,1.1,1,4
Tarik Cohen,11874,HB,CHI,1,0,,0,0,6,,60.0,60.0,,60.0,,,0,0,1,1,0.0,0,0
Ben Gedeon,11875,LB,MIN,8,5,2.7,0,0,18,40.0,60.1,76.5,56.6,75.9,83.5,0.0,0,0,59,61,6.8,4,7
Montae Nicholson,11878,S,WAS,9,4,12.9,0,0,32,53.5,56.9,49.5,53.1,69.1,66.4,5.3,1,3,239,248,1.3,3,14
Jalen Reeves-Maybin,11879,LB,DET,6,0,2.7,0,0,11,51.1,52.6,80.9,77.3,51.2,79.2,0.0,0,0,30,30,6.7,2,3
Samson Ebukam,11880,ED,LA,11,10,1.1,1,0,26,41.7,69.9,53.0,66.7,78.6,48.3,6.7,2,2,186,192,9.1,17,18
Deatrich Wise Jr.,11886,ED,NE,9,1,3.5,1,0,19,61.7,64.8,0.0,86.9,55.9,48.1,15.4,2,4,54,55,9.3,5,10
Ryan Glasgow,11893,DI,CIN,5,5,2.3,0,0,7,56.8,58.1,81.4,60.1,58.9,53.4,10.0,1,0,79,81,3.8,3,4
Carlos Watkins,11897,DI,HST,7,2,1.7,0,0,13,61.1,53.3,82.4,56.7,49.6,29.2,20.0,2,0,58,58,10.3,6,6
Grover Stewart,11899,DI,IND,11,7,2.6,0,0,14,54.8,65.2,68.5,58.3,70.8,75.7,0.0,0,1,164,172,6.1,10,14
Damontae Kazee,11904,CB,ATL,11,5,7.1,0,0,2,49.9,53.0,85.3,61.2,65.1,55.8,11.8,2,1,167,175,2.4,4,10
Desmond King II,11906,CB,LAC,11,2,3.0,2,0,27,69.9,70.2,0.0,87.1,74.9,88.2,0.0,0,4,148,154,1.4,2,4
Jayon Brown,11910,LB,TEN,9,7,4.3,0,0,31,80.8,79.0,85.3,63.0,67.4,75.2,3.1,1,0,152,163,7.9,12,24
Nate Hairston,11913,CB,NYJ,5,0,6.2,0,0,22,49.1,53.9,85.3,,73.1,40.5,37.5,3,3,100,104,2.0,2,5
Anthony Walker,11916,LB,IND,11,17,1.3,0,0,14,65.5,56.1,83.8,59.7,44.0,40.0,25.5,12,0,209,218,8.1,17,18
Matt Milano,11918,LB,BUF,10,9,3.3,0,0,4,71.7,62.1,56.7,70.9,44.9,57.0,14.6,6,2,207,219,8.7,18,26
Jamal Agnew,11920,CB,DET,2,0,27.0,0,0,11,52.0,54.4,74.2,,65.3,52.1,0.0,0,0,7,7,0.0,0,1
Avery Moss,11922,ED,MIA,7,7,2.9,0,0,17,43.0,51.1,85.4,50.0,56.6,58.4,11.1,2,1,141,148,5.0,7,9
Marquel Lee,11923,LB,OAK,3,1,,0,0,23,44.7,29.2,69.8,59.1,32.9,71.4,0.0,0,0,12,12,0.0,0,0
Davon Godchaux,11934,DI,MIA,11,11,3.3,0,0,17,50.2,61.1,86.6,54.4,63.8,39.7,10.2,5,0,256,267,7.4,19,33
Caleb Brantley,11939,DI,WAS,1,0,,0,0,32,,25.8,72.0,54.2,27.9,,,0,0,4,4,0.0,0,0
Nathan Gerry,11940,LB,PHI,11,5,2.7,0,0,24,63.4,61.1,82.8,59.9,56.9,42.4,18.8,6,0,179,188,10.1,18,21
Chuck Clark,11941,S,BLT,10,4,4.6,0,0,3,82.5,73.4,83.9,49.1,59.8,73.2,13.6,3,1,148,151,2.7,4,15
Tanzel Smart,11944,DI,LA,9,2,5.0,0,0,26,,46.3,4.3,52.6,55.8,72.0,0.0,0,2,50,51,6.0,3,4
Xavier Woods,11946,S,DAL,10,9,12.5,0,0,9,80.2,75.2,21.4,,61.9,51.5,14.3,4,2,225,237,0.9,2,15
Jordan Evans,11947,LB,CIN,7,0,,0,0,7,60.4,51.7,78.7,58.8,45.1,70.5,,0,0,25,25,0.0,0,0
Vincent Taylor,11949,DI,BUF,1,0,2.0,0,0,4,62.7,83.5,72.2,57.4,70.5,69.0,0.0,0,0,5,5,20.0,1,1
Al-Quadin Muhammad,11951,ED,IND,11,2,2.9,0,1,14,67.2,64.9,89.2,58.0,59.6,29.9,23.1,3,0,130,134,5.4,7,8
D.J. Jones,11953,DI,SF,9,0,3.2,0,0,28,60.0,67.2,56.8,62.8,67.5,61.8,0.0,0,1,113,117,8.0,9,14
Brandon Wilson,11962,S,CIN,8,3,5.8,0,1,7,50.9,39.5,77.8,52.1,29.3,47.1,25.0,3,0,52,55,3.8,2,6
Rudy Ford,11963,S,PHI,1,1,9.0,0,0,24,62.9,67.4,72.4,,62.1,78.2,0.0,0,0,3,3,33.3,1,1
Ifeadi Odenigbo,11975,ED,MIN,11,0,0.7,0,0,18,60.8,72.9,84.0,69.1,65.5,40.2,0.0,0,0,33,33,9.1,3,3
Isaac Rochell,11980,ED,LAC,11,6,3.0,0,0,27,60.0,53.3,58.4,48.6,65.2,29.6,18.2,2,1,70,73,1.4,1,3
Adrian Colbert,11983,S,MIA,1,0,,0,0,17,63.0,64.1,69.9,,60.0,75.2,,0,0,4,4,0.0,0,0
Joey Ivie,11984,DI,KC,5,2,,0,0,16,44.6,36.1,80.0,53.8,42.4,69.0,0.0,0,0,25,26,0.0,0,0
Elijah Lee,11987,LB,SF,3,2,3.5,0,0,28,76.3,74.3,73.9,,63.7,46.4,20.0,1,0,24,24,4.2,1,2
Treyvon Hester,11999,DI,WAS,8,4,0.0,0,0,32,,76.2,79.7,78.7,65.8,72.3,0.0,0,0,52,55,1.9,1,1
Ryan Lewis,12017,CB,MIA,6,0,1.0,0,0,17,37.1,43.7,82.2,,75.6,71.3,0.0,0,2,89,96,2.2,2,2
Michael Davis,12040,S,LAC,9,0,2.3,0,0,27,54.4,54.9,86.1,58.6,54.5,29.6,27.3,3,4,201,209,3.5,7,8
Bryan Cox Jr.,12092,ED,CLV,2,0,3.0,0,0,8,64.3,63.3,0.0,68.9,47.8,74.3,0.0,0,1,11,11,0.0,0,1
Josh Tupou,12093,DI,CIN,11,10,1.4,0,1,7,55.2,76.0,85.7,55.4,78.8,63.9,3.6,1,0,203,208,6.9,14,17
Isaiah Irving,12171,ED,CHI,8,1,4.2,0,0,6,45.6,58.9,18.5,62.8,68.6,61.7,14.3,1,1,36,37,5.6,2,5
Adam Butler,12214,DI,NE,11,0,1.2,0,0,19,52.9,56.3,84.4,61.8,51.0,64.5,0.0,0,1,70,73,12.9,9,9
Devaroe Lawrence,12222,DI,CLV,11,2,1.2,0,0,8,61.6,41.6,10.0,54.3,44.7,53.9,12.5,1,3,80,86,3.8,3,5
Arthur Maulet,12224,CB,NYJ,5,1,2.5,0,0,22,71.7,72.9,82.3,60.0,71.6,61.5,0.0,0,0,52,54,3.8,2,4
Fadol Brown,12246,DI,GB,3,0,,0,0,12,,66.2,74.4,61.3,64.2,,,0,0,9,9,0.0,0,0
Jamal Perry,12259,CB,MIA,10,3,14.6,1,0,17,44.3,48.7,85.3,57.7,72.6,60.2,9.1,1,4,125,131,0.0,0,7
Zach Pascal,12303,WR,IND,1,0,-15.0,1,0,14,,60.7,60.0,,60.0,70.6,0.0,0,1,1,1,100.0,1,1
Joe Jones,12321,LB,DEN,2,0,,0,0,10,,56.5,69.3,,58.3,,,0,0,5,5,0.0,0,0
Sione Takitaki,12666,LB,CLV,3,1,2.7,0,0,8,45.7,68.5,83.1,60.7,85.9,65.2,0.0,0,0,12,13,25.0,3,3
Ken Webster,12955,CB,MIA,6,2,11.0,0,0,17,55.7,59.4,81.2,,70.3,82.6,0.0,0,0,60,62,3.3,2,3
Sam Beal,13822,CB,NYG,2,0,3.0,0,0,21,61.2,63.8,75.3,,66.6,75.5,0.0,0,0,17,18,5.9,1,1
Alexander Johnson,15267,LB,DEN,7,14,3.6,0,0,10,86.1,91.2,39.3,71.9,90.9,80.1,5.0,2,1,147,149,10.2,15,24
Sam Eguavoen,15301,LB,MIA,10,10,3.8,0,0,17,53.5,42.9,88.0,49.6,41.0,36.2,15.6,5,0,183,191,6.0,11,17
Jonathan Ledbetter,18645,ED,MIA,1,0,0.7,0,0,17,,74.8,78.7,68.7,69.8,71.8,0.0,0,0,37,38,8.1,3,3
Dee Virgin,21515,CB,DET,1,0,,0,0,11,,51.5,89.4,,60.0,,,0,0,1,1,0.0,0,0
Kemoko Turay,21702,ED,IND,3,1,2.0,0,0,14,60.3,91.3,29.2,91.0,72.1,74.8,0.0,0,1,9,9,22.2,2,2
Dylan Cole,24304,LB,HST,10,1,2.7,0,0,13,49.6,49.7,79.0,71.4,46.6,29.1,42.9,3,1,29,31,10.3,3,3
Nathan Shepherd,24614,DI,NYJ,4,0,-1.3,0,0,22,63.3,66.7,79.3,60.8,61.3,26.4,50.0,3,0,27,30,11.1,3,3
Raven Greene,24750,S,GB,2,1,,0,0,12,60.6,62.2,73.9,62.1,62.9,80.0,0.0,0,0,11,13,0.0,0,0
Foyesade Oluokun,24904,LB,ATL,10,5,4.7,0,0,2,73.0,73.7,10.8,69.6,68.8,72.0,8.3,1,1,84,87,3.6,3,6
Deionte Thompson,25444,S,ARZ,8,0,7.8,0,0,1,52.1,49.5,11.1,65.3,53.1,51.7,16.7,1,2,54,58,3.7,2,5
Levi Wallace,25445,CB,BUF,11,3,7.5,0,0,4,61.3,61.7,87.1,54.0,60.0,57.8,15.4,2,0,210,220,1.0,2,8
Dane Cruikshank,25546,S,TEN,2,0,5.0,0,0,31,60.4,64.6,99.9,60.0,60.0,70.6,0.0,0,0,5,5,0.0,0,1
Sean Murphy-Bunting,25891,CB,TB,9,1,4.8,0,0,30,59.8,58.6,85.1,56.4,50.2,59.7,22.2,2,2,117,120,1.7,2,6
Clelin Ferrell,25955,ED,OAK,10,7,4.6,0,0,23,57.5,53.3,17.8,58.8,58.6,30.5,25.0,7,6,197,207,5.1,10,14
Dexter Lawrence,25991,DI,NYG,11,8,2.5,1,1,21,68.1,81.6,72.7,61.2,87.9,77.5,0.0,0,1,196,201,7.1,14,16
KhaDarel Hodge,26104,WR,CLV,1,0,3.0,0,0,8,,60.0,60.0,,60.0,70.9,0.0,0,0,1,1,100.0,1,1
Isaiah Mack,26229,DI,TEN,11,0,4.8,0,0,31,,63.9,44.0,68.4,59.6,72.4,0.0,0,0,61,65,3.3,2,4
Tae Davis,26296,LB,CLV,3,1,1.0,0,0,8,29.6,27.9,76.6,53.9,37.0,76.9,0.0,0,1,26,27,3.8,1,1
Maxx Crosby,26316,ED,OAK,11,6,0.9,0,1,23,67.1,69.3,30.6,67.9,66.2,29.0,25.9,7,5,164,177,6.7,11,14
Craig James,26360,CB,PHI,5,0,3.5,0,0,24,41.0,45.6,76.3,60.0,64.9,49.1,0.0,0,1,25,26,4.0,1,2
Ben Banogu,26554,ED,IND,10,1,1.2,0,0,14,60.4,47.0,58.3,54.7,43.5,60.9,0.0,0,1,68,69,4.4,3,5
C.J. Moore,26617,S,DET,6,0,,0,0,11,65.0,65.2,79.8,59.1,57.5,75.2,,0,0,16,16,0.0,0,0
Jordan Wilkins,26618,HB,IND,1,0,,0,0,14,,59.9,60.0,,60.0,,,0,0,1,1,0.0,0,0
D.J. Reed Jr.,26940,CB,SF,6,1,,0,0,28,73.0,68.7,77.8,59.1,48.0,25.7,0.0,0,0,23,24,0.0,0,0
Siran Neal,27130,CB,BUF,5,1,5.8,0,0,4,63.0,63.5,79.9,50.9,66.3,62.6,10.0,1,0,47,47,8.5,4,8
Montez Sweat,27271,ED,WAS,11,5,2.8,1,0,32,70.4,61.0,32.4,53.8,69.2,67.1,7.7,2,4,210,222,6.2,13,19
Devin Bush,27375,LB,PIT,11,16,4.9,1,0,25,67.5,62.1,0.0,64.9,59.9,71.0,2.0,1,4,255,266,6.3,16,32
David Long Jr.,27377,CB,LA,3,0,11.0,0,0,26,69.9,70.9,74.8,,64.3,76.7,0.0,0,0,6,6,16.7,1,1
Nick Bawden,27413,FB,DET,1,0,,0,0,11,,61.6,60.1,,60.0,,,0,0,1,1,0.0,0,0
Gerald Willis III,27584,DI,MIA,1,0,3.0,0,0,17,,43.5,71.8,55.5,49.8,67.3,0.0,0,0,3,3,33.3,1,1
Armon Watts,27844,DI,MIN,2,0,2.0,0,0,18,,60.6,76.1,63.1,58.0,71.0,0.0,0,0,13,13,30.8,4,4
Dre'Mont Jones,28075,DI,DEN,9,1,3.3,0,0,10,58.3,68.8,82.3,66.5,63.6,30.0,16.7,1,0,34,35,8.8,3,4
Jerome Baker,28091,LB,MIA,11,12,4.2,1,0,17,58.6,44.3,63.2,56.0,34.8,79.2,8.2,4,1,318,334,6.9,22,33
Bilal Nichols,28451,DI,CHI,8,5,2.4,0,0,6,63.1,52.8,83.9,49.3,54.9,75.7,0.0,0,0,135,140,7.4,10,13
Jimmy Moreland,28704,CB,WAS,10,0,3.8,0,0,32,62.1,55.6,28.8,55.2,36.2,63.2,28.6,2,4,116,123,2.6,3,5
Jermaine Carter,28838,LB,CAR,6,1,2.8,0,0,5,62.0,39.7,77.0,62.9,28.3,56.9,25.0,2,0,52,52,7.7,4,5
DeShon Elliott,28854,S,BLT,4,2,,0,0,3,62.8,69.7,74.6,74.3,66.6,79.4,0.0,0,0,11,12,0.0,0,0
Joejuan Williams,29113,CB,NE,3,0,,0,0,19,71.5,71.3,76.2,,63.0,72.5,,0,0,15,16,0.0,0,0
David Long,29367,LB,TEN,4,1,2.0,0,1,31,42.3,51.8,75.1,54.9,69.6,50.0,0.0,0,0,18,18,11.1,2,2
Germaine Pratt,29407,LB,CIN,10,3,5.7,1,0,7,31.9,37.0,78.5,47.2,53.2,66.0,16.7,4,1,107,112,9.3,10,17
Chris Board,29456,LB,BLT,4,2,1.5,0,0,3,42.5,30.8,77.0,50.2,38.3,79.1,0.0,0,0,27,27,7.4,2,2
Ahmad Gooden,29951,ED,DEN,1,1,,0,0,10,,62.3,72.5,58.0,62.2,70.5,0.0,0,0,9,9,0.0,0,0
Andrew Van Ginkel,30267,ED,MIA,1,0,9.0,0,0,17,60.0,61.1,70.9,60.0,60.1,70.5,0.0,0,0,5,5,0.0,0,1
T.J. Edwards,30737,LB,PHI,7,4,2.7,0,0,24,69.2,91.6,77.7,,91.5,84.3,0.0,0,0,54,56,9.3,5,6
P.J. Hall,31211,DI,OAK,11,5,1.9,0,0,23,62.4,71.9,86.3,61.1,71.5,50.1,9.1,2,0,168,175,7.1,12,15
George Odum,31342,S,IND,7,0,8.0,1,0,14,65.2,68.0,83.8,74.8,65.2,63.9,33.3,1,1,32,34,0.0,0,2
Khalen Saunders,31534,DI,KC,7,5,2.7,0,0,16,56.2,46.4,84.9,55.4,44.0,75.0,0.0,0,0,116,118,6.9,8,10
Abdullah Anderson,32708,DI,CHI,3,1,2.0,0,0,6,60.0,58.3,78.8,63.4,52.1,71.6,0.0,0,0,32,33,6.3,2,2
DeAndre Baker,33356,CB,NYG,11,0,6.0,1,0,21,35.4,37.7,28.8,,55.9,60.1,20.0,3,7,279,286,2.5,7,12
Shakial Taylor,33464,CB,IND,2,0,,1,0,14,63.8,59.3,77.5,54.5,37.6,61.4,100.0,1,1,7,7,0.0,0,0
Nasir Adderley,33880,S,LAC,1,0,,0,0,27,46.4,42.6,71.5,,60.0,,,0,0,2,2,0.0,0,0
Mike Hughes,34057,CB,MIN,9,1,7.5,2,0,18,50.6,52.4,83.2,58.7,62.3,42.1,25.0,1,2,86,88,0.0,0,2
Kendall Sheffield,34105,CB,ATL,9,0,8.6,1,0,2,53.1,51.0,83.3,47.7,44.4,48.1,22.2,2,3,150,157,0.7,1,7
Kris Boyd,34222,CB,MIN,3,0,,0,0,18,47.2,45.1,76.4,60.0,47.5,45.4,100.0,1,1,7,7,0.0,0,0
Darnell Savage,34247,S,GB,9,3,8.3,1,0,12,67.6,63.1,85.4,50.7,50.5,41.7,25.9,7,1,210,216,1.9,4,17
Johnathan Abram,34646,S,OAK,1,1,27.0,0,0,23,46.2,38.7,0.0,68.2,54.6,45.3,0.0,0,2,18,19,0.0,0,1
Jamel Dean,34918,CB,TB,5,0,6.5,1,0,30,73.9,73.4,85.6,,60.0,67.8,0.0,0,2,31,31,0.0,0,2
Blake Cashman,35413,LB,NYJ,7,4,2.3,0,0,22,58.3,49.1,54.5,58.4,42.4,67.0,5.0,1,2,165,171,6.7,11,15
Kameron Kelly,35978,S,PIT,4,0,4.3,0,0,25,34.2,37.1,81.4,56.8,68.5,41.5,0.0,0,0,44,45,6.8,3,4
Austin Bryant,36248,ED,DET,1,0,,0,0,11,,48.7,76.1,48.4,60.0,,,0,0,2,2,0.0,0,0
Kyle Phillips,36340,ED,NYJ,10,5,0.1,0,0,22,67.1,65.8,54.2,49.2,80.2,68.4,7.1,2,2,158,163,10.1,16,21
Ryan Bee,36551,DI,WAS,1,0,,0,0,32,,62.3,68.0,58.7,60.0,,,0,0,1,1,0.0,0,0
Albert Huggins,36862,DI,PHI,4,1,5.0,0,0,24,60.0,70.9,77.0,65.1,67.1,70.0,0.0,0,0,15,17,6.7,1,1
Miles Brown,37161,DI,ARZ,4,0,-1.0,0,0,1,,50.7,77.3,56.9,50.2,68.7,0.0,0,0,16,19,6.3,1,2
Shy Tuttle,37279,DI,NO,11,2,1.0,0,0,20,55.2,68.3,84.1,63.4,69.3,55.9,0.0,0,0,92,95,7.6,7,7
Darryl Johnson,37479,ED,BUF,9,1,4.0,0,0,4,64.5,58.3,50.4,66.3,47.6,33.4,50.0,2,1,72,73,1.4,1,1
Davontae Harris,37492,CB,DEN,7,1,8.3,0,0,10,54.2,52.5,85.1,60.0,44.7,45.4,37.5,3,2,166,168,1.2,2,4
Troy Reeder,38268,LB,LA,8,7,4.0,0,0,26,32.9,35.4,0.0,53.9,50.9,36.5,15.4,4,1,101,103,9.9,10,15
Trey Quinn,38276,WR,WAS,1,0,,0,0,32,,60.0,62.9,,60.0,,,0,1,1,1,0.0,0,0
Bryan Mone,38461,DI,SEA,3,1,3.0,0,0,29,,49.3,81.2,60.8,44.6,68.9,0.0,0,0,30,32,3.3,1,1
Cortez Broughton,38524,DI,LAC,2,0,2.8,0,0,27,,64.9,76.5,64.0,61.6,70.9,0.0,0,0,11,12,27.3,3,5
Matthew Adams,38526,LB,IND,7,0,9.3,0,0,14,37.9,42.1,77.2,52.9,57.5,32.5,25.0,1,0,48,50,2.1,1,3
Folorunso Fatukasi,38558,DI,NYJ,9,4,-0.9,0,0,22,59.5,86.4,83.3,60.5,90.2,75.4,0.0,0,0,128,133,7.0,9,9
Maurice Hurst,38563,DI,OAK,11,4,3.1,0,0,23,59.3,71.8,66.0,79.5,54.5,61.6,0.0,0,3,101,108,4.0,4,7
Eric Wilson,38587,LB,MIN,6,5,4.8,0,0,18,67.6,78.5,79.8,85.3,77.3,80.8,0.0,0,0,73,73,8.2,6,12
Preston Williams,38855,WR,MIA,1,0,,0,0,17,,60.0,60.0,,60.0,,,0,3,1,1,0.0,0,0
Joe Giles-Harris,39382,ED,JAX,1,0,,0,0,15,,60.8,68.7,,60.0,,,0,0,3,3,0.0,0,0
Breon Borders,39398,CB,JAX,3,1,26.0,0,0,15,56.8,57.2,76.0,70.9,53.9,64.2,0.0,0,0,31,32,3.2,1,2
Trayvon Mullen,41968,CB,OAK,8,0,4.0,0,0,23,63.1,66.7,83.7,,78.2,54.1,0.0,0,4,137,143,2.9,4,8
Ed Oliver,42200,DI,BUF,11,6,2.4,0,0,4,56.2,63.2,47.7,66.6,61.4,66.1,0.0,0,2,122,131,5.7,7,9
Nick Bosa,42741,ED,SF,11,6,2.6,1,0,28,68.0,89.7,65.8,89.3,71.5,60.0,8.0,2,2,163,170,8.0,13,17
J.C. Jackson,42781,CB,NE,11,0,22.0,1,0,19,57.8,58.5,84.9,52.1,60.5,66.5,40.0,2,6,111,112,0.9,1,3
Rashan Gary,42905,ED,GB,10,3,3.0,0,0,12,41.4,56.5,49.0,56.8,66.8,46.9,18.2,2,1,68,69,4.4,3,6
Charvarius Ward,43034,CB,KC,11,4,11.9,0,0,16,71.8,73.6,60.9,55.3,78.8,74.2,4.0,1,4,256,269,2.0,5,20
Devin White,43089,LB,TB,8,9,8.0,0,2,30,36.5,43.1,84.6,57.2,57.3,40.1,11.8,4,1,169,174,5.9,10,21
Mack Wilson,43190,LB,CLV,10,6,3.6,0,0,8,38.0,41.7,32.4,67.1,48.6,62.4,16.0,4,2,214,226,4.7,10,15
Greedy Williams,43254,CB,CLV,7,1,10.3,1,0,8,62.0,62.8,4.5,,76.4,79.1,0.0,0,5,124,131,4.0,5,8
Jeffery Simmons,43742,DI,TEN,5,1,2.5,0,0,31,,74.9,20.1,64.2,81.3,60.6,7.7,1,1,73,77,11.0,8,11
Byron Murphy Jr.,44027,CB,ARZ,11,0,8.0,1,0,1,53.1,50.3,87.5,59.1,32.5,35.6,41.7,5,3,267,278,0.7,2,7
Quinnen Williams,44216,DI,NYJ,9,7,1.4,0,0,22,60.6,66.8,85.5,57.1,69.7,76.2,0.0,0,0,122,125,6.6,8,10
Kyzir White,44485,LB,LAC,11,4,5.2,0,0,27,65.3,59.1,83.2,55.2,52.9,68.8,5.6,1,0,158,163,3.8,6,13
Trysten Hill,44519,DI,DAL,4,0,2.0,0,0,9,60.0,57.4,80.5,57.3,56.7,66.8,50.0,1,0,37,39,0.0,0,1
Brian Burns,44522,ED,CAR,11,1,2.3,1,0,5,67.3,63.3,23.2,67.0,59.3,46.0,12.5,1,4,120,123,2.5,3,6
Tuzar Skipper,44583,ED,PIT,5,1,,0,0,25,61.5,68.2,79.2,52.8,79.5,72.0,0.0,0,0,14,14,0.0,0,0
Joe Jackson,44615,ED,DAL,4,0,2.3,0,0,9,60.2,70.2,83.0,64.7,66.8,73.5,0.0,0,0,21,22,9.5,2,3
Leon Jacobs,44980,LB,JAX,9,1,4.2,0,0,15,68.0,67.3,79.9,59.9,63.5,67.2,0.0,0,0,98,98,6.1,6,11
Emeke Egbule,45378,ED,LAC,4,0,4.0,0,0,27,61.2,55.0,74.3,50.0,60.0,72.0,0.0,0,0,9,9,11.1,1,1
Dontrell Hilliard,45691,HB,CLV,1,0,,0,0,8,,60.0,60.0,,60.0,,,0,0,1,1,0.0,0,0
D'Ernest Johnson,45734,HB,CLV,1,0,,0,0,8,,60.0,60.0,,60.0,,,0,0,1,1,0.0,0,0
Mark Walton,45996,HB,MIA,1,0,,0,0,17,,60.0,60.4,,60.0,,,0,0,1,1,0.0,0,0
Durham Smythe,47257,TE,MIA,1,0,,0,0,17,,60.0,60.0,,60.0,,,0,1,1,1,0.0,0,0
Isaiah Johnson,48233,CB,OAK,1,0,,0,0,23,67.6,53.9,71.3,,52.6,,,0,0,4,4,0.0,0,0
Carroll Phillips,48353,ED,WAS,1,0,,0,0,32,61.3,52.3,75.5,60.7,48.0,24.9,100.0,1,0,6,6,0.0,0,0
Jaylon Ferguson,48362,ED,BLT,9,0,3.1,0,0,3,87.7,58.7,84.5,50.7,60.5,57.4,11.8,2,0,109,113,10.1,11,15
Da'Shawn Hand,48386,DI,DET,2,1,2.0,0,0,11,,55.9,15.5,60.5,59.1,28.0,20.0,1,1,26,26,11.5,3,3
Jalyn Holmes,48400,DI,MIN,5,1,,0,0,18,,42.6,76.6,51.8,45.0,67.3,0.0,0,0,14,14,0.0,0,0
Anthony Nelson,48405,ED,TB,8,1,2.7,0,1,30,47.4,68.9,84.3,53.7,88.8,74.2,0.0,0,0,51,51,5.9,3,3
Sam Hubbard,48457,ED,CIN,11,9,2.5,0,1,7,46.9,68.4,68.8,65.9,72.6,46.7,12.0,6,2,295,301,9.5,28,35
Tyquan Lewis,48475,ED,IND,2,2,,0,0,14,60.1,58.0,80.7,51.2,71.5,71.2,0.0,0,0,12,12,0.0,0,0
Justin Hollins,48498,LB,DEN,8,1,4.4,0,0,10,45.7,50.0,80.7,49.8,63.6,61.7,14.3,1,0,32,34,12.5,4,5
Carl Granderson,48500,ED,NO,1,0,,1,0,20,34.3,30.5,0.0,51.2,60.0,72.8,,0,1,3,3,0.0,0,0
Chase Winovich,48523,ED,NE,10,0,4.0,0,0,19,90.4,73.0,82.8,68.0,54.3,68.2,20.0,1,0,31,34,6.5,2,4
Bradley Chubb,48526,ED,DEN,4,1,3.3,0,0,10,65.3,59.4,27.1,67.3,54.6,38.1,20.0,4,2,108,113,10.2,11,15
Oshane Ximines,48538,ED,NYG,11,5,2.3,1,0,21,59.9,64.4,49.9,63.7,64.9,72.5,0.0,0,2,148,153,4.7,7,10
Dorance Armstrong,48557,ED,DAL,10,1,3.2,1,0,9,62.3,58.0,58.7,56.2,60.5,29.5,14.3,1,2,66,66,6.1,4,5
Chad Thomas,48565,ED,CLV,11,2,2.3,1,0,8,84.8,54.5,44.2,53.1,41.9,68.6,10.0,1,2,81,84,4.9,4,7
Malik Reed,48567,ED,DEN,11,1,1.6,0,0,10,73.6,70.1,67.3,60.8,71.3,65.2,0.0,0,1,153,157,4.6,7,9
Trent Harris,48575,ED,MIA,8,1,4.4,0,0,17,45.1,45.4,82.0,47.1,52.9,67.7,10.0,1,0,66,70,7.6,5,8
Harold Landry III,48600,ED,TEN,11,6,2.6,0,0,31,64.7,73.6,76.5,66.6,74.0,57.5,10.7,3,1,215,227,7.0,15,19
Tyler Lancaster,48604,DI,GB,11,6,2.5,1,1,12,,63.4,60.3,54.6,67.1,75.1,0.0,0,1,151,154,6.0,9,11
Dontavius Russell,48638,DI,JAX,3,0,8.0,0,0,15,60.0,36.0,77.6,53.4,41.4,26.3,33.3,1,0,29,29,0.0,0,2
Jullian Taylor,48684,DI,SF,5,0,1.0,0,0,28,61.2,71.1,79.5,69.2,62.4,72.0,0.0,0,0,35,38,11.4,4,5
Harrison Phillips,48690,DI,BUF,3,1,1.0,0,0,4,60.3,83.2,79.2,78.4,71.8,29.9,33.3,1,0,28,29,3.6,1,1
Daron Payne,48698,DI,WAS,10,8,2.6,0,0,32,48.6,70.6,86.5,55.7,77.1,67.1,5.4,2,0,229,242,8.3,19,27
Greg Gaines,48706,DI,LA,5,2,2.5,0,0,26,60.0,76.4,82.8,69.3,71.4,71.7,0.0,0,0,63,64,4.8,3,4
Kingsley Keke,48718,DI,GB,6,3,4.3,0,0,12,60.0,63.7,78.9,52.0,69.8,71.9,0.0,0,0,27,27,3.7,1,3
Rasheem Green,48731,ED,SEA,11,1,2.7,0,0,29,66.3,59.9,88.3,61.0,49.2,34.3,22.2,2,0,104,113,3.8,4,6
Taven Bryan,48753,DI,JAX,11,3,2.8,1,0,15,65.4,72.5,18.1,63.0,77.1,41.3,17.6,3,3,130,133,6.2,8,11
Bruce Hector,48759,DI,PHI,1,0,,0,0,24,,65.6,75.5,71.8,54.7,,,0,0,10,11,0.0,0,0
L.J. Collier,48822,ED,SEA,7,1,2.5,0,0,29,,45.1,81.9,44.9,52.3,27.9,40.0,2,0,36,39,5.6,2,2
Michael Dogbe,48850,DI,ARZ,3,0,1.0,0,0,1,,53.5,0.0,54.8,66.8,68.4,0.0,0,1,13,13,15.4,2,2
Eli Ankou,48856,DI,CLV,4,0,,0,0,8,,55.3,79.0,53.9,57.9,,,0,0,20,21,0.0,0,0
Patrick Ricard,48862,DI,BLT,6,1,3.3,0,0,3,59.2,69.9,81.2,62.9,71.7,73.5,0.0,0,0,27,27,11.1,3,4
RJ McIntosh,48873,DI,NYG,9,4,5.3,0,0,21,60.0,67.6,81.0,67.4,62.9,74.5,0.0,0,0,60,61,1.7,1,6
Daniel Ekuale,48874,DI,CLV,7,0,4.7,0,0,8,50.1,50.4,82.0,56.1,52.4,29.5,0.0,0,0,49,51,4.1,2,3
Poona Ford,48875,DI,SEA,10,6,1.2,0,0,29,66.6,69.1,87.5,54.3,72.0,41.1,12.5,3,0,143,149,9.8,14,15
Hercules Mata'afa,48931,DI,MIN,4,0,,1,0,18,62.2,42.1,0.0,53.0,45.2,66.8,,0,2,8,8,0.0,0,0
Daylon Mack,48933,DI,BLT,1,0,,0,0,3,,50.8,72.2,57.5,54.1,,,0,0,6,6,0.0,0,0
Taylor Stallworth,48935,DI,NO,1,0,0.0,0,0,20,,55.7,75.9,52.7,60.7,67.6,0.0,0,0,6,6,16.7,1,1
Justin Jones,48940,DI,LAC,7,9,2.4,0,1,27,58.0,63.9,39.3,59.6,69.1,66.3,0.0,0,2,114,122,11.4,13,14
Renell Wren,48953,DI,CIN,9,1,2.8,0,0,7,56.9,53.2,81.0,60.6,53.0,72.4,0.0,0,0,76,79,2.6,2,4
Vita Vea,48956,DI,TB,11,10,1.9,1,0,30,70.6,83.7,45.1,77.8,79.1,53.6,0.0,0,3,160,166,7.5,12,16
Tim Settle,48966,DI,WAS,10,1,2.7,0,1,32,61.5,71.2,83.3,70.2,63.7,57.2,11.1,1,0,103,110,6.8,7,7
Kevin Strong Jr.,48981,DI,DET,8,0,2.0,0,0,11,,54.8,47.6,59.7,54.3,71.5,0.0,0,1,70,70,4.3,3,4
Nick Scott,49012,S,LA,1,0,,0,0,26,,60.0,62.9,,60.0,,,0,0,1,1,0.0,0,0
Justin Reid,49048,S,HST,10,3,8.0,0,0,13,67.3,67.1,86.5,63.4,60.5,58.7,19.0,4,0,183,192,3.8,7,14
Tre Flowers,49059,CB,SEA,10,2,10.1,1,0,29,47.2,49.4,59.9,79.3,59.2,49.6,25.0,4,7,205,215,2.0,4,10
Jake Gervase,49103,S,LA,1,0,,0,0,26,,60.0,61.7,,60.0,,,0,0,1,1,0.0,0,0
Jalen Thompson,49116,S,ARZ,7,4,17.2,0,0,1,61.6,61.3,80.2,63.4,56.5,73.5,10.0,1,1,123,125,0.0,0,5
Trey Marshall,49154,S,DEN,1,0,,0,0,10,49.0,46.0,76.2,,60.0,78.2,,0,0,3,3,0.0,0,0
Jessie Bates III,49162,S,CIN,11,8,11.0,0,0,7,53.3,54.9,84.9,45.4,58.9,54.6,14.3,7,0,340,349,2.4,8,34
Tarvarius Moore,49178,S,SF,6,2,7.3,0,0,28,55.4,58.6,82.5,56.9,69.6,52.4,0.0,0,0,72,74,2.8,2,6
Jordan Whitehead,49196,S,TB,11,3,3.1,0,0,30,40.1,46.0,84.1,73.2,53.1,53.0,16.1,5,1,226,232,6.2,14,23
Ronnie Harrison,49206,S,JAX,11,11,8.1,0,0,15,65.1,62.6,57.1,70.8,52.8,67.4,19.4,6,3,228,233,2.6,6,14
Marvell Tell III,49217,CB,IND,7,1,4.0,1,0,14,76.2,74.9,11.3,59.1,70.6,86.7,0.0,0,2,48,51,2.1,1,1
Tony Brown,49255,CB,GB,2,0,6.0,0,0,12,54.1,62.3,77.5,58.5,84.4,81.8,0.0,0,0,17,17,11.8,2,5
Troy Apke,49260,S,WAS,5,1,7.6,0,0,32,73.3,71.6,79.6,,56.1,41.9,14.3,1,0,99,105,2.0,2,5
Andrew Wingard,49268,S,JAX,7,2,5.0,0,0,15,38.6,38.6,75.9,55.0,55.4,28.7,16.7,1,1,41,41,2.4,1,3
Jamal Carter,49282,S,ATL,3,1,5.0,0,0,2,61.2,47.8,72.1,,29.4,43.2,33.3,1,0,21,21,0.0,0,1
Rashad Fenton,49329,CB,KC,6,1,,0,0,16,71.5,70.4,80.0,60.9,56.6,82.7,0.0,0,1,17,19,0.0,0,0
Carlton Davis,49335,CB,TB,9,0,2.8,2,0,30,69.5,66.4,18.6,,55.2,66.9,20.0,1,10,175,180,1.7,3,4
Chris Jones,49339,CB,ARZ,4,0,11.0,0,0,1,71.1,62.5,80.6,,28.1,30.8,66.7,2,0,32,35,0.0,0,1
Kevin Toliver II,49348,CB,CHI,1,0,,0,0,6,60.0,60.9,66.8,,60.0,,,0,0,1,1,0.0,0,0
Chandon Sullivan,49349,CB,GB,7,1,10.0,0,0,12,73.9,74.8,79.3,67.2,60.1,66.3,25.0,1,0,54,55,1.9,1,2
Jaire Alexander,49350,CB,GB,11,3,7.7,1,0,12,76.0,70.2,57.1,,42.1,39.6,33.3,3,1,263,270,0.4,1,3
Ugo Amadi,49352,CB,SEA,1,0,,0,0,29,61.5,61.8,73.7,,60.0,73.9,,0,0,1,1,0.0,0,0
Greg Stroman,49354,CB,WAS,1,0,,0,0,32,60.0,62.4,63.7,,60.0,,,0,0,1,1,0.0,0,0
Isaac Yiadom,49355,CB,DEN,5,1,,0,0,10,43.0,44.7,81.5,57.3,56.0,53.3,50.0,1,2,67,69,0.0,0,0
Torry McTyer,49357,CB,CIN,2,0,-2.0,0,0,7,50.3,58.2,71.9,,68.9,74.4,0.0,0,0,3,3,33.3,1,1
Chris Lammons,49368,CB,MIA,9,1,7.5,0,0,17,40.8,46.4,80.7,50.9,77.2,56.4,0.0,0,0,47,48,4.3,2,2
Chauncey Gardner-Johnson,49371,S,NO,8,1,3.3,0,0,20,66.2,68.2,37.8,74.4,69.2,56.2,0.0,0,4,63,64,6.3,4,6
Donte Jackson,49377,CB,CAR,8,2,6.5,0,0,5,67.2,66.7,85.6,,58.8,40.3,25.0,4,4,189,194,2.1,4,10
M.J. Stewart,49397,CB,TB,7,0,1.0,1,0,30,61.7,61.9,82.9,60.4,57.6,57.6,0.0,0,2,49,49,4.1,2,2
Ka'Dar Hollman,49446,CB,GB,1,0,,0,0,12,76.6,79.5,67.1,,60.0,,,0,0,1,1,0.0,0,0
Keion Crossen,49454,CB,HST,5,0,,0,0,13,41.0,42.7,79.4,57.6,58.2,32.5,100.0,1,1,27,28,0.0,0,0
Iman Lewis-Marshall,49485,CB,BLT,1,0,,0,0,3,,60.0,61.7,,60.0,,,0,0,1,1,0.0,0,0
Darius Phillips,49507,CB,CIN,1,0,,0,0,7,87.2,88.9,74.0,73.1,60.9,70.2,,0,0,4,4,0.0,0,0
Taron Johnson,49511,CB,BUF,7,0,7.1,0,0,4,61.7,58.9,82.0,86.9,32.1,29.9,41.7,5,1,66,72,3.0,2,7
Denzel Ward,49558,CB,CLV,7,0,4.2,1,0,8,72.0,71.6,85.4,67.3,60.9,42.2,16.7,1,6,136,144,1.5,2,5
Rock Ya-Sin,49564,CB,IND,10,1,2.7,1,0,14,55.3,58.1,86.2,78.5,65.3,83.5,11.1,1,7,174,181,2.9,5,7
Duke Shelley,49569,CB,CHI,2,0,,0,0,6,62.7,63.3,68.1,,60.0,,,0,0,1,2,0.0,0,0
Matt Dickerson,49601,DI,TEN,4,0,3.0,0,0,31,59.8,53.4,77.5,58.8,53.2,66.8,0.0,0,0,16,16,6.3,1,1
Zach Allen,49605,DI,ARZ,4,3,0.3,0,0,1,60.3,51.5,42.1,50.4,59.1,73.0,0.0,0,1,59,63,6.8,4,4
Andrew Brown,49636,ED,CIN,8,3,3.9,1,0,7,62.2,59.3,9.0,63.5,62.7,48.6,15.4,2,3,79,81,3.8,3,8
Justin Phillips,49677,LB,OAK,1,0,4.0,0,0,23,40.8,45.5,72.4,60.0,65.5,77.1,0.0,0,0,8,8,12.5,1,1
Darius Leonard,49684,LB,IND,8,11,4.8,0,1,14,56.7,68.2,46.6,77.1,76.7,80.3,2.9,1,2,167,176,5.4,9,23
Genard Avery,49699,ED,PHI,2,0,2.0,0,0,24,61.5,76.8,76.7,64.9,73.6,75.9,0.0,0,0,4,4,25.0,1,1
Shaun Dion Hamilton,49706,LB,WAS,10,4,2.9,0,0,32,76.0,68.0,79.7,51.8,58.0,75.1,4.5,1,0,124,130,7.3,9,17
Josiah Tauaefa,49714,LB,NYG,1,0,7.0,0,0,21,61.8,47.9,72.5,,45.2,79.0,0.0,0,0,14,14,14.3,2,3
Cole Holcomb,49753,LB,WAS,11,14,3.3,1,2,32,35.0,57.2,84.7,55.9,80.4,62.6,5.8,3,1,227,238,10.6,24,35
Quincy Williams,49779,LB,JAX,7,6,2.7,0,0,15,31.6,34.2,80.9,48.9,48.8,27.9,17.2,5,0,137,138,6.6,9,18
Azeez Al-Shaair,49792,LB,SF,5,2,0.0,0,0,28,29.4,34.7,75.3,67.1,59.4,30.9,0.0,0,0,22,23,4.5,1,1
Natrez Patrick,49805,ED,LA,2,0,3.0,0,0,26,60.0,67.4,75.0,59.0,67.3,72.0,0.0,0,0,6,6,16.7,1,2
Zaire Franklin,49834,LB,IND,1,0,,0,0,14,,61.4,60.1,,60.0,,,0,0,1,1,0.0,0,0
James Crawford,49836,ED,MIA,2,0,,0,0,17,61.1,62.8,93.8,55.6,61.5,70.5,,0,0,12,12,0.0,0,0
Ryan Connelly,49840,LB,NYG,4,1,1.7,0,0,21,74.6,57.1,82.0,67.3,34.8,63.7,14.3,2,0,84,86,9.5,8,11
B.J. Hill,49894,DI,NYG,11,9,2.1,0,0,21,61.7,77.9,68.0,60.1,81.6,66.3,4.2,1,1,161,167,7.5,12,14
John Atkins,49918,DI,DET,7,5,3.5,0,0,11,60.0,59.7,82.1,54.4,63.1,29.5,8.3,1,0,102,104,2.0,2,6
Sebastian Joseph-Day,49935,DI,LA,11,3,2.2,0,0,26,60.0,62.4,50.1,68.5,59.5,76.6,0.0,0,3,201,208,7.5,15,20
Jerry Tillery,49949,DI,LAC,11,4,3.8,0,0,27,58.4,36.8,4.5,50.2,44.5,58.9,0.0,0,4,115,116,2.6,3,6
Derrick Nnadi,49970,DI,KC,11,8,2.5,1,0,16,56.4,62.8,71.7,53.9,67.6,69.8,3.1,1,1,213,223,7.0,15,23
Christian Miller,50078,ED,CAR,6,1,-1.0,0,0,5,61.5,51.6,81.7,56.2,47.5,74.0,0.0,0,0,30,30,3.3,1,1
Uchenna Nwosu,50084,ED,LAC,11,8,4.4,1,0,27,79.8,69.6,60.4,58.7,70.3,40.6,16.0,4,1,107,113,7.5,8,13
Peter Kalambayi,50089,LB,HST,2,0,,0,0,13,67.4,56.1,70.6,,43.0,77.8,,0,0,6,6,0.0,0,0
Harvey Langi,50118,ED,NYJ,9,3,0.8,0,0,22,44.0,58.6,80.0,58.2,70.6,50.5,0.0,0,0,42,44,9.5,4,4
Josh Sweat,50120,ED,PHI,11,1,1.1,0,0,24,49.2,66.8,86.6,66.2,61.8,78.1,0.0,0,0,56,61,12.5,7,7
Lorenzo Carter,50126,ED,NYG,10,6,1.9,0,0,21,80.9,68.3,61.6,59.0,68.6,47.5,15.4,4,2,215,224,5.1,11,16
Ogbonnia Okoronkwo,50130,ED,LA,4,0,5.0,0,0,26,44.6,69.9,80.9,71.4,62.5,74.4,0.0,0,0,14,15,0.0,0,1
Jacob Tuioti-Mariner,50141,ED,ATL,2,0,4.0,0,0,2,63.7,63.2,82.3,48.4,71.1,73.6,0.0,0,0,27,28,7.4,2,3
Jacob Martin,50152,ED,HST,8,2,,0,0,13,34.7,54.6,83.9,58.2,66.3,29.4,0.0,0,0,16,16,0.0,0,0
Olasunkanmi Adeniyi,50154,ED,PIT,8,1,1.0,0,0,25,60.0,63.5,78.5,57.1,66.1,72.4,0.0,0,1,22,24,4.5,1,1
Arden Key,50201,ED,OAK,7,0,3.0,3,0,23,64.0,55.1,0.0,62.0,63.0,34.2,0.0,0,4,22,24,4.5,1,1
Oren Burks,50203,LB,GB,5,1,5.7,0,0,12,60.0,60.5,72.1,60.0,60.6,77.8,0.0,0,0,17,17,11.8,2,3
Rashaan Evans,50213,LB,TEN,11,11,2.7,0,0,31,42.9,54.2,41.8,50.3,76.8,61.1,10.4,5,2,228,240,9.6,22,32
Sharif Finch,50221,ED,TEN,5,2,1.9,0,0,31,74.1,63.5,84.5,59.5,58.4,78.2,0.0,0,0,71,75,5.6,4,7
Josh Allen,50235,ED,JAX,11,7,4.8,0,0,15,48.3,64.5,89.3,66.3,57.8,43.3,11.1,2,1,150,153,3.3,5,9
Marquis Haynes,50244,ED,CAR,9,0,2.6,0,0,5,74.0,59.8,57.1,59.4,55.6,58.1,0.0,0,1,61,62,3.3,2,5
Porter Gustin,50290,ED,CLV,1,0,,0,0,8,,63.3,78.2,62.3,59.5,69.2,,0,0,7,7,0.0,0,0
Marcus Davenport,50291,ED,NO,11,9,3.6,1,0,20,62.2,78.5,56.2,70.7,81.2,54.6,15.0,3,2,132,134,5.3,7,8
Christian Wilkins,50293,DI,MIA,11,15,2.6,0,0,17,58.6,62.3,41.5,57.4,66.9,73.1,2.4,1,3,252,263,7.5,19,26
Xavier Crawford,50326,CB,MIA,1,0,,0,0,17,48.1,48.3,70.0,,60.0,,,0,0,1,1,0.0,0,0
Cornell Armstrong,50351,CB,HST,1,0,3.0,0,0,13,33.8,37.6,75.3,,69.5,47.5,0.0,0,0,8,8,12.5,1,1
Nate Meadors,50353,CB,MIN,1,0,,0,0,18,45.0,45.4,73.0,60.0,60.0,75.4,,0,0,1,1,0.0,0,0
Nik Needham,50356,CB,MIA,7,2,11.0,3,1,17,68.2,68.0,1.4,65.4,73.4,69.0,12.5,1,7,146,154,0.7,1,5
Cole Luke,50361,CB,CAR,1,0,,0,0,5,52.9,40.8,71.4,,39.8,29.6,100.0,1,0,5,5,0.0,0,0
Anthony Averett,50365,CB,BLT,8,1,5.0,1,0,3,42.6,44.8,83.0,56.0,62.6,53.8,0.0,0,2,44,46,0.0,0,1
Tre Herndon,50380,CB,JAX,10,2,7.9,2,0,15,46.2,49.4,20.4,,71.7,53.2,12.5,2,7,220,223,1.4,3,12
Isaiah Oliver,50393,CB,ATL,11,1,4.9,2,0,2,57.5,60.5,57.7,60.0,71.2,63.4,16.7,2,6,239,251,2.1,5,9
Jeremy Reaves,50406,S,WAS,4,2,3.3,0,0,32,66.4,69.7,0.0,60.0,76.6,81.8,0.0,0,1,16,17,12.5,2,3
Holton Hill,50414,CB,MIN,1,0,,0,0,18,81.8,81.0,72.4,,60.0,,,0,0,3,3,0.0,0,0
Josh Jackson,50417,S,GB,4,1,,0,0,12,48.3,49.0,76.4,54.1,64.4,42.3,0.0,0,0,12,12,0.0,0,0
Juan Thornhill,50426,S,KC,11,9,10.9,0,0,16,68.7,63.5,57.2,59.6,49.3,42.1,21.9,7,1,263,275,0.8,2,16
Emmanuel Moseley,50430,CB,SF,11,2,2.5,0,0,28,76.4,76.0,85.4,,66.8,57.3,20.0,2,1,178,186,2.2,4,6
Blessuan Austin,50434,CB,NYJ,3,3,4.0,0,0,22,86.4,87.5,81.9,58.8,82.0,65.4,0.0,0,0,47,49,2.1,1,1
Sheldrick Redwine,50458,S,CLV,3,0,1.0,0,0,8,57.2,65.1,75.2,78.2,73.3,47.8,0.0,0,0,14,14,7.1,1,1
Grant Haley,50473,CB,NYG,9,3,1.3,0,0,21,49.1,54.2,83.4,68.2,66.8,85.7,6.3,1,0,150,157,8.0,12,12
Amani Oruwariye,50533,CB,DET,1,0,,0,0,11,89.1,85.0,77.2,,48.5,64.8,100.0,1,0,13,13,0.0,0,0
Mike Ford,50535,CB,DET,8,0,11.0,1,0,11,55.8,55.6,0.0,,69.9,63.7,0.0,0,3,37,37,0.0,0,2
Avonte Maddox,50543,CB,PHI,7,1,9.6,0,0,24,49.4,49.5,83.2,54.7,51.6,58.8,14.3,1,2,68,75,0.0,0,5
Brandon Facyson,50564,CB,LAC,6,2,5.6,0,0,27,53.6,57.6,81.4,,68.2,64.7,12.5,1,0,75,80,1.3,1,5
Byron Cowart,50588,DI,NE,4,1,3.0,0,0,19,,66.2,77.1,54.8,70.2,69.1,0.0,0,0,20,20,5.0,1,1
Charles Omenihu,50612,DI,HST,9,1,6.0,2,0,13,71.6,65.9,32.1,64.1,65.3,54.2,25.0,1,2,40,40,2.5,1,2
Austin Calitro,50640,LB,JAX,2,1,,0,0,15,47.4,41.5,74.6,63.0,43.7,29.9,66.7,2,0,14,15,0.0,0,0
Shaquem Griffin,50657,ED,SEA,1,0,,0,0,29,65.3,70.1,77.8,65.9,60.0,74.9,,0,0,1,2,0.0,0,0
Hardy Nickerson,50712,LB,CIN,2,2,5.0,0,0,7,63.2,75.2,69.8,,73.4,78.4,0.0,0,0,11,11,9.1,1,2
Josey Jewell,50720,LB,DEN,7,5,5.3,0,0,10,46.1,66.5,6.5,76.1,86.7,79.3,0.0,0,1,88,92,8.0,7,13
Cody Barton,50727,ED,SEA,1,0,,0,0,29,65.1,55.8,70.4,,60.0,73.2,,0,0,1,1,0.0,0,0
Cameron Smith,50739,LB,MIN,1,0,6.0,0,0,18,,49.8,67.8,,54.8,73.2,0.0,0,0,3,3,0.0,0,1
Jack Cichy,50787,LB,TB,1,0,0.0,0,0,30,,82.9,61.7,,64.1,73.3,0.0,0,0,1,1,100.0,1,1
Roquan Smith,50892,LB,CHI,10,14,4.0,0,0,6,57.9,56.2,82.9,45.5,57.4,81.4,3.9,2,1,237,243,9.3,22,35
Andre Smith,50897,LB,CAR,1,0,,0,0,5,,60.0,64.1,,60.0,,,0,0,1,1,0.0,0,0
Tremaine Edmunds,50905,LB,BUF,11,8,3.4,0,0,4,67.0,69.6,86.5,64.4,67.1,64.4,6.3,3,1,241,255,10.0,24,37
Robert Spillane,50918,LB,PIT,1,0,,0,0,25,60.0,61.7,67.5,,60.0,,,0,0,1,1,0.0,0,0
Leighton Vander Esch,50950,LB,DAL,9,8,4.1,0,0,9,65.5,58.4,82.4,78.0,43.1,44.8,20.5,9,0,184,192,9.2,17,27
Bobby Okereke,50954,LB,IND,11,6,2.8,0,0,14,82.9,76.0,79.9,49.3,62.3,62.9,12.0,3,0,139,145,5.8,8,16
Travin Howard,50959,LB,LA,3,0,,0,0,26,78.8,81.0,68.6,,62.3,74.9,,0,0,5,5,0.0,0,0
Ja'Whaun Bentley,50966,LB,NE,10,6,2.9,0,0,19,76.6,71.1,81.0,72.4,52.4,78.4,5.9,1,1,78,80,10.3,8,10
Frankie Luvu,51028,ED,NYJ,4,0,,0,0,22,48.5,48.3,79.5,65.6,38.4,45.1,100.0,1,0,16,17,0.0,0,0
Kenny Young,51029,LB,LA,4,1,-0.8,0,1,26,42.9,53.8,77.6,59.7,67.4,82.1,0.0,0,0,40,42,12.5,5,5
Jahlani Tavai,51055,LB,DET,11,8,3.2,0,1,11,74.5,67.1,87.0,52.0,60.8,47.7,14.7,5,0,192,195,6.8,13,21
Julian Love,51081,S,NYG,1,0,13.0,0,0,21,76.8,80.4,75.2,,66.0,79.4,0.0,0,0,15,15,0.0,0,1
Ben Niemann,51099,LB,KC,10,5,6.4,0,0,16,69.2,60.1,81.9,54.9,45.7,71.0,6.7,1,0,85,87,2.4,2,9
A.J. Moore,51146,S,HST,1,0,,0,0,13,94.8,99.9,99.9,,60.0,71.0,,0,0,4,4,0.0,0,0
Taylor Rapp,51172,S,LA,10,3,5.2,0,0,26,68.8,68.7,82.4,64.1,63.5,83.1,2.7,1,1,174,178,9.2,16,33
Joshua Kalu,51203,CB,TEN,2,0,,0,0,31,56.4,57.3,88.1,60.0,61.1,75.4,,0,0,8,8,0.0,0,0
Minkah Fitzpatrick,51206,S,PIT,11,8,9.9,2,2,25,78.1,81.5,29.7,69.4,87.3,59.1,8.0,2,3,277,289,1.4,4,15
Steven Parker,51220,S,MIA,8,3,7.7,0,0,17,57.2,58.6,19.0,56.6,68.3,48.0,18.2,2,1,117,123,0.9,1,6
Fred Warner,51222,LB,SF,11,5,4.9,0,0,28,75.4,61.9,54.9,79.4,38.3,49.6,20.5,9,1,231,241,6.1,14,30
Rashaan Gaulden,51241,S,CAR,1,0,,0,0,5,67.2,49.6,73.6,,32.4,26.8,100.0,1,0,11,11,0.0,0,0
Armani Watts,51264,S,KC,2,0,,0,0,16,65.5,76.2,71.5,60.0,60.0,83.8,,0,0,3,3,0.0,0,0
Tracy Walker,51266,S,DET,8,4,4.8,1,0,11,81.2,75.0,46.3,84.4,50.9,69.4,16.1,5,3,175,176,4.6,8,22
Drue Tranquill,51276,LB,LAC,6,8,5.6,0,0,27,56.6,57.6,81.1,60.4,59.0,55.0,15.0,3,0,72,75,5.6,4,9
Mike Edwards,51282,S,TB,10,1,7.8,0,0,30,54.5,56.3,83.9,57.8,63.0,45.3,30.0,3,0,110,113,2.7,3,6
Khari Willis,51304,S,IND,10,5,5.8,0,0,14,71.2,71.3,85.0,60.7,64.5,62.5,14.8,4,1,134,136,6.0,8,18
Sean Chandler,51315,S,NYG,5,1,,1,0,21,28.0,34.2,71.4,70.1,70.5,43.0,0.0,0,1,7,7,0.0,0,0
Terrell Edmunds,51334,S,PIT,11,9,5.6,0,0,25,61.2,65.0,84.2,68.5,68.9,67.3,9.7,3,2,274,286,3.3,9,19
Will Harris,51336,S,DET,9,2,13.0,1,0,11,54.5,52.0,7.2,67.3,53.4,50.9,22.2,2,3,150,152,1.3,2,5
Amani Hooker,51378,S,TEN,9,0,,0,0,31,62.9,64.1,86.9,55.8,65.0,39.6,,0,0,19,21,0.0,0,0
Marcus Epps,51391,S,PHI,3,0,15.0,0,0,24,63.9,67.0,74.9,,60.3,80.7,0.0,0,0,5,5,0.0,0,1
Roderic Teamer,51405,S,LAC,7,2,7.3,0,0,27,49.8,54.0,43.2,69.0,63.4,47.3,14.3,2,1,162,171,3.7,6,10
Marcell Harris,51408,S,SF,2,1,,0,0,28,44.3,40.9,72.3,59.6,53.8,74.7,0.0,0,0,12,12,0.0,0,0
J.T. Gray,51495,S,NO,1,0,,0,0,20,63.8,65.1,68.8,,60.0,77.3,,0,0,1,1,0.0,0,0
Dre Greenlaw,51503,LB,SF,11,6,5.7,0,0,28,76.3,71.9,40.1,60.1,63.7,77.3,0.0,0,1,143,150,2.1,3,16
Duke Dawson Jr.,51576,CB,DEN,7,2,23.0,1,0,10,56.2,60.9,81.8,46.4,81.7,55.4,12.5,1,5,105,107,2.9,3,5
Simeon Thomas,51583,CB,WAS,6,0,,0,0,32,49.6,51.8,76.4,,62.5,73.7,,0,0,14,15,0.0,0,0
Donald Payne,51589,LB,JAX,1,0,2.5,0,0,15,,65.1,69.5,,63.0,75.0,0.0,0,0,7,7,28.6,2,2
Kenny Moore II,51596,CB,IND,10,5,2.8,0,0,14,72.5,76.0,86.8,48.7,87.1,67.9,0.0,0,0,204,213,7.8,16,21
Nicholas Morrow,51674,LB,OAK,11,8,3.6,2,0,23,46.9,47.9,26.0,51.1,57.6,49.4,10.3,4,4,191,204,8.4,16,27
Anthony Firkser,51837,TE,TEN,1,0,,0,0,31,,60.0,60.0,,60.0,,,0,1,1,1,0.0,0,0
Lonnie Johnson Jr.,55615,CB,HST,8,2,7.2,2,0,13,30.9,35.5,43.8,73.0,65.9,39.4,20.0,2,6,125,130,1.6,2,6
Darious Williams,55724,CB,LA,2,0,,1,0,26,52.2,48.4,76.7,,40.4,29.6,100.0,1,1,17,18,0.0,0,0
Keisean Nixon,56167,CB,OAK,1,0,,0,0,23,28.7,28.6,72.9,58.5,60.0,75.2,,0,0,1,1,0.0,0,0
Marquise Blair,56263,S,SEA,4,5,3.0,0,0,29,77.3,77.1,81.8,60.0,60.2,53.6,14.3,1,0,71,73,0.0,0,1
Isaiah Buggs,56503,DI,PIT,5,0,7.0,0,0,25,,51.7,77.4,72.4,33.7,67.3,0.0,0,0,14,17,0.0,0,1
Anthony Rush,56895,DI,PHI,4,2,-0.5,0,0,24,60.0,60.1,79.1,51.4,62.9,41.5,20.0,1,0,35,37,5.7,2,2
Zach Sieler,66917,DI,BLT,4,0,3.0,0,0,3,60.0,71.8,77.0,55.1,73.3,33.1,0.0,0,0,23,24,4.3,1,2
Tavierre Thomas,66931,CB,CLV,1,0,,0,0,8,60.0,61.3,66.2,,60.0,,,0,0,1,1,0.0,0,0
Corey Ballentine,83833,CB,NYG,4,0,,0,0,21,29.3,33.6,80.4,67.0,70.3,73.7,,0,0,58,61,0.0,0,0
John Cominsky,88313,ED,ATL,6,1,2.7,0,0,2,60.7,79.9,81.9,63.8,78.9,74.2,0.0,0,0,33,34,6.1,2,3
Ashton Dulin,91479,WR,IND,1,0,,0,0,14,,59.9,60.4,,60.0,,,0,0,1,1,0.0,0,0
E.J. Speed,94351,LB,IND,3,2,4.5,0,0,14,77.5,69.4,70.9,57.5,58.8,62.2,20.0,1,0,21,21,4.8,1,2
Jonathan Harris,94361,DI,DEN,2,2,5.0,0,0,10,,41.7,0.0,61.3,49.6,26.9,25.0,1,1,16,17,0.0,0,1
Stephen Carlson,94365,TE,CLV,1,0,,0,0,8,,60.0,60.4,,60.0,,,0,0,1,1,0.0,0,0
